id;color_code;color_description;created_at;updated_at;deleted_at
140;143;AZUL SANTIAGO;26:56.2;26:56.2;NULL
158;161;BEIGE MARRON;26:56.5;26:56.5;NULL
177;180;BLANCO MEIGE;26:56.6;26:56.6;NULL
3397;3506;AMARILLO ORO VERDE;32:12.5;32:12.5;NULL
3852;3994;AZUL NIKA;33:46.8;33:46.8;NULL
6122;6374;MARRON BOM;13:05.4;13:05.4;NULL
6303;6563;NAVY;13:07.2;13:07.2;NULL
6363;6623;NEGRO PERLA VERDE;13:08.1;13:08.1;NULL
6478;6746;OBSIDIAN;13:58.4;13:58.4;NULL
7088;7378;ROJO TIRCA;15:21.9;15:21.9;NULL
7623;7927;VERDE BOITUVA;16:04.6;16:04.6;NULL
7832;8141;CAMUFLADO;16:06.0;16:06.0;NULL
8312;8621;BLUE;17:12.7;17:12.7;NULL
8503;8815;NEGRO JAVA;18:17.8;18:17.8;NULL
9518;9840;AZUL NIZA;23:25.5;23:25.5;NULL
270;276;PENNINE;26:57.2;26:57.2;NULL
10091;10418;DORADO METALIZADO;24:15.7;24:15.7;NULL
10193;10520;GRIS TUNIZ;24:16.6;24:16.6;NULL
10522;10852;BLANCO INFINITO;26:09.5;26:09.5;NULL
11299;11777;CARBON;26:55.1;26:55.1;NULL
2500;2581;ROJO EBANO;30:51.2;30:51.2;NULL
11927;12421;ROJO FUCSIA NEGRO;28:02.8;28:02.8;NULL
4136;4288;AZUL ZIGMA;37:14.3;37:14.3;NULL
12424;13180;BURGUNDY;28:53.6;28:53.6;NULL
44;46;VERDE OTOÑAL;26:55.6;26:55.6;NULL
45;47;AZUL PACIFICO;26:55.6;26:55.6;NULL
46;48;PERLA;26:55.6;26:55.6;NULL
47;49;PLATEADO;26:55.6;26:55.6;NULL
48;50;AZUL ADRIATICO;26:55.7;26:55.7;NULL
49;51;AZUL AGUA;26:55.7;26:55.7;NULL
50;52;NEGRO CUARZO;26:55.7;26:55.7;NULL
13895;14657;AZUL VIVO;32:33.1;32:33.1;NULL
52;54;VERDE AMAZONIA;26:55.7;26:55.7;NULL
53;55;BEIGE SAHARA;26:55.7;26:55.7;NULL
54;56;VERDE CIPRES;26:55.7;26:55.7;NULL
55;57;VERDE SECO;26:55.7;26:55.7;NULL
16738;17535;BOSTONGRUEN;55:40.5;55:40.5;NULL
16844;17641;PLATEADO ALBA;55:41.2;55:41.2;NULL
17125;17922;ROYAL BLUE;57:17.4;57:17.4;NULL
56;58;VERDE GRISOSO;26:55.7;26:55.7;NULL
57;59;TABACO;26:55.7;26:55.7;NULL
58;60;TERRACOTA;26:55.7;26:55.7;NULL
59;61;ROJO TERRANOVA;26:55.7;26:55.7;NULL
60;62;BELL FLOWER;26:55.7;26:55.7;NULL
61;63;VERDE AMERICA;26:55.7;26:55.7;NULL
62;65;VINO TINTO;26:55.7;26:55.7;NULL
63;66;AZUL ZAFIRO;26:55.7;26:55.7;NULL
64;67;ROSADO;26:55.7;26:55.7;NULL
65;68;CENIZA GRAFITO;26:55.7;26:55.7;NULL
66;69;CEREZA;26:55.7;26:55.7;NULL
67;70;CINZA EJECUTIVO;26:55.7;26:55.7;NULL
68;71;COBRE;26:55.7;26:55.7;NULL
69;72;LADRILLO;26:55.7;26:55.7;NULL
70;73;MARRON;26:55.7;26:55.7;NULL
71;74;SILICE TORNADO;26:55.8;26:55.8;NULL
72;75;STRATO PLATA;26:55.8;26:55.8;NULL
73;76;ZAPOTE;26:55.8;26:55.8;NULL
74;77;BLANCO DE SEVRES;26:55.8;26:55.8;NULL
75;78;TURQUESA OSCURO;26:55.8;26:55.8;NULL
76;79;TREL GREEN;26:55.8;26:55.8;NULL
77;80;ARENA;26:55.8;26:55.8;NULL
78;81;NIAGARA;26:55.8;26:55.8;NULL
79;82;AZUL ALBORADA;26:55.8;26:55.8;NULL
80;83;AGUA CRISTAL;26:55.8;26:55.8;NULL
81;84;ROBLE;26:55.8;26:55.8;NULL
82;85;GRIS PLOMO;26:55.8;26:55.8;NULL
83;86;ALUMINIO;26:55.8;26:55.8;NULL
84;87;PLATA;26:55.8;26:55.8;NULL
85;88;PLATA AHUMADO;26:55.8;26:55.8;NULL
86;89;PLATA NIQUEL;26:55.8;26:55.8;NULL
87;90;SANDALO WOOD;26:55.8;26:55.8;NULL
88;91;CORAL;26:55.8;26:55.8;NULL
89;92;SANDALO;26:55.8;26:55.8;NULL
90;93;SAMOABLAU;26:55.8;26:55.8;NULL
91;94;LILA;26:55.8;26:55.8;NULL
92;95;MARRON ACERO;26:55.9;26:55.9;NULL
93;96;OCRE;26:55.9;26:55.9;NULL
94;97;VERDE ZETO;26:55.9;26:55.9;NULL
95;98;VIOLETA;26:55.9;26:55.9;NULL
96;99;AZUL ATLANTICO;26:55.9;26:55.9;NULL
97;100;AZUL ATLANTIS;26:55.9;26:55.9;NULL
98;101;AZUL AVIACION;26:55.9;26:55.9;NULL
99;102;AZUL BAHIA;26:55.9;26:55.9;NULL
100;103;AZUL BEIGE;26:55.9;26:55.9;NULL
101;104;AZUL BRILLANTE;26:55.9;26:55.9;NULL
102;105;AZUL BRUMA;26:55.9;26:55.9;NULL
103;106;AZUL CANCUN;26:55.9;26:55.9;NULL
104;107;AZUL CELESTE;26:55.9;26:55.9;NULL
105;108;AZUL COBALTO;26:55.9;26:55.9;NULL
106;109;AZUL CORREAL;26:55.9;26:55.9;NULL
107;110;AZUL COSMICO;26:55.9;26:55.9;NULL
108;111;AZUL DANES;26:56.0;26:56.0;NULL
109;112;AZUL DANUBIO;26:56.0;26:56.0;NULL
110;113;AZUL ELECTRICO;26:56.0;26:56.0;NULL
111;114;AZUL FANTASIA;26:56.0;26:56.0;NULL
112;115;AZUL FRESCO;26:56.0;26:56.0;NULL
113;116;AZUL GENESIS;26:56.0;26:56.0;NULL
114;117;AZUL GRAVA;26:56.0;26:56.0;NULL
115;118;AZUL IBIZA;26:56.0;26:56.0;NULL
116;119;AZUL INDIGO;26:56.0;26:56.0;NULL
117;120;AZUL INFINITO;26:56.0;26:56.0;NULL
118;121;AZUL LAGO;26:56.0;26:56.0;NULL
119;122;AZUL LAGUNA;26:56.0;26:56.0;NULL
120;123;AZUL MARINO;26:56.0;26:56.0;NULL
121;124;AZUL MEDITERRANEO;26:56.0;26:56.0;NULL
122;125;AZUL METAL;26:56.0;26:56.0;NULL
123;126;AZUL MICA;26:56.0;26:56.0;NULL
124;127;AZUL MONACO;26:56.0;26:56.0;NULL
125;128;AZUL MONTEVIDEO;26:56.0;26:56.0;NULL
126;129;AZUL MOONLIGTH;26:56.1;26:56.1;NULL
127;130;AZUL NAUTICO;26:56.1;26:56.1;NULL
128;131;AZUL NAVAL;26:56.1;26:56.1;NULL
129;132;AZUL NAVY;26:56.1;26:56.1;NULL
130;133;AZUL NEVADO;26:56.1;26:56.1;NULL
131;134;AZUL NIEBLA;26:56.1;26:56.1;NULL
132;135;AZUL NOCTURNO;26:56.1;26:56.1;NULL
133;136;AZUL OXFORD;26:56.1;26:56.1;NULL
134;137;AZUL PERLA;26:56.1;26:56.1;NULL
135;138;AZUL PERLECENTE;26:56.1;26:56.1;NULL
136;139;AZUL PETROLEO;26:56.2;26:56.2;NULL
192;195;BRILLANTROT;26:56.7;26:56.7;NULL
193;196;BRONCE APOLO;26:56.7;26:56.7;NULL
194;197;CANELA;26:56.7;26:56.7;NULL
195;198;CAOBA REAL;26:56.7;26:56.7;NULL
196;199;CAPE BLUE;26:56.7;26:56.7;NULL
197;200;CARDO;26:56.7;26:56.7;NULL
198;201;CARRIGADA;26:56.7;26:56.7;NULL
199;202;CASHMERE;26:56.7;26:56.7;NULL
200;203;CELESTE;26:56.7;26:56.7;NULL
201;204;CEREZA ROJA;26:56.8;26:56.8;NULL
202;205;CHAMPANA CHAMPAÑA;26:56.8;26:56.8;NULL
203;206;CHERRYRED;26:56.8;26:56.8;NULL
204;207;CILICE TORNADO;26:56.8;26:56.8;NULL
205;208;CINZA GRAFITO;26:56.8;26:56.8;NULL
206;209;COBRE METALIZADO;26:56.8;26:56.8;NULL
207;210;COHET;26:56.8;26:56.8;NULL
208;211;CURUBA;26:56.8;26:56.8;NULL
209;212;DORADO METALICO;26:56.8;26:56.8;NULL
210;213;DUSTY;26:56.8;26:56.8;NULL
211;214;EPSON GREEN MIC;26:56.8;26:56.8;NULL
212;215;ESTRATO PERLA;26:56.8;26:56.8;NULL
213;216;FRAMBUESA;26:56.8;26:56.8;NULL
214;217;GAMUZA;26:56.8;26:56.8;NULL
215;218;GLACIER SILVER;26:56.8;26:56.8;NULL
216;221;GRAY;26:56.8;26:56.8;NULL
217;222;GRIS ALBORADA;26:56.8;26:56.8;NULL
218;223;GRIS AMTISTA;26:56.9;26:56.9;NULL
219;224;GRIS ANDINO;26:56.9;26:56.9;NULL
220;225;GRIS ARENA;26:56.9;26:56.9;NULL
221;226;GRIS ASTRAL;26:56.9;26:56.9;NULL
222;227;GRIS AZULOSO;26:56.9;26:56.9;NULL
223;228;GRIS BASALTE;26:56.9;26:56.9;NULL
224;229;GRIS CENTELLA;26:56.9;26:56.9;NULL
225;230;GRIS CLASICO;26:56.9;26:56.9;NULL
226;231;GRIS CUARZO;26:56.9;26:56.9;NULL
227;232;GRIS GRAFITO;26:56.9;26:56.9;NULL
228;233;GRIS HUMO;26:56.9;26:56.9;NULL
229;234;GRIS ICEBERG;26:56.9;26:56.9;NULL
230;235;GRIS LILA;26:56.9;26:56.9;NULL
231;236;GRIS ORION;26:56.9;26:56.9;NULL
232;237;GRIS MEDIO;26:56.9;26:56.9;NULL
233;238;GRIS NEPTUNO;26:56.9;26:56.9;NULL
234;239;GRIS NOBLE;26:56.9;26:56.9;NULL
235;240;GRIS OSCURO;26:56.9;26:56.9;NULL
236;241;GRIS PASION;26:56.9;26:56.9;NULL
237;242;GRIS PERLADO;26:56.9;26:56.9;NULL
238;243;GRIS PIEDRA;26:56.9;26:56.9;NULL
239;244;GRIS PLATA;26:56.9;26:56.9;NULL
240;245;GRIS RATON;26:56.9;26:56.9;NULL
241;246;GRIS SANDALO;26:56.9;26:56.9;NULL
242;247;GRIS STEEL;26:57.0;26:57.0;NULL
243;248;GRIS THURSTON;26:57.0;26:57.0;NULL
244;249;GRIS TIERRA;26:57.0;26:57.0;NULL
245;250;GRIS TRUENO;26:57.0;26:57.0;NULL
246;251;GRIS TUNGSTENO;26:57.0;26:57.0;NULL
137;140;AZUL POLICROMADO;26:56.2;26:56.2;NULL
138;141;AZUL ROYAL;26:56.2;26:56.2;NULL
139;142;AZUL SAJON;26:56.2;26:56.2;NULL
141;144;AZUL SIDNEY;26:56.2;26:56.2;NULL
142;145;AZUL TORMENTA;26:56.2;26:56.2;NULL
143;146;AZUL TURQUEZA;26:56.2;26:56.2;NULL
144;147;AZUL VERDOSO;26:56.2;26:56.2;NULL
145;148;AZUL VIOLETA;26:56.3;26:56.3;NULL
146;149;AZUL WINDSOR;26:56.3;26:56.3;NULL
147;150;BEIGE ALABASTRO;26:56.3;26:56.3;NULL
148;151;BEIGE CARRARA;26:56.3;26:56.3;NULL
149;152;BEIGE CHAMPAGNA;26:56.3;26:56.3;NULL
150;153;BEIGE CINZA;26:56.3;26:56.3;NULL
151;154;BEIGE CLARO;26:56.3;26:56.3;NULL
152;155;BEIGE DUNA;26:56.3;26:56.3;NULL
153;156;BEIGE FRASER;26:56.3;26:56.3;NULL
154;157;BEIGE HUESO;26:56.4;26:56.4;NULL
155;158;BEIGE IMPALA;26:56.4;26:56.4;NULL
156;159;BEIGE JIZAN;26:56.5;26:56.5;NULL
157;160;BEIGE MARFIL;26:56.5;26:56.5;NULL
159;162;BEIGE MYFAIR;26:56.5;26:56.5;NULL
160;163;BEIGE PHENICIEN;26:56.5;26:56.5;NULL
161;164;BLANCO ALPINO;26:56.5;26:56.5;NULL
162;165;BLANCO ANTARTIDA;26:56.5;26:56.5;NULL
163;166;BLANCO APERLADO;26:56.5;26:56.5;NULL
164;167;BLANCO ARCO;26:56.5;26:56.5;NULL
165;168;BLANCO ARTICO;26:56.5;26:56.5;NULL
166;169;BLANCO BANQUISEN;26:56.6;26:56.6;NULL
167;170;BLANCO BANQUIST;26:56.6;26:56.6;NULL
168;171;BLANCO BRILLANTE;26:56.6;26:56.6;NULL
169;172;BLANCO CALMA;26:56.6;26:56.6;NULL
170;173;BLANCO CASABLANCA;26:56.6;26:56.6;NULL
171;174;BLANCO CHAWTON;26:56.6;26:56.6;NULL
172;175;BLANCO CRISTAL;26:56.6;26:56.6;NULL
173;176;BLANCO ESCOTIA;26:56.6;26:56.6;NULL
174;177;BLANCO FARRI;26:56.6;26:56.6;NULL
175;178;BLANCO GALAXIA;26:56.6;26:56.6;NULL
176;179;BLANCO LOTUS;26:56.6;26:56.6;NULL
178;181;BLANCO NARANJA;26:56.6;26:56.6;NULL
179;182;BLANCO NEPAL;26:56.7;26:56.7;NULL
180;183;BLANCO NEVADO;26:56.7;26:56.7;NULL
181;184;BLANCO NIEVE;26:56.7;26:56.7;NULL
182;185;BLANCO NOBLE;26:56.7;26:56.7;NULL
183;186;BLANCO PAPIZO;26:56.7;26:56.7;NULL
184;187;BLANCO PERLA;26:56.7;26:56.7;NULL
185;188;BLANCO POLAR;26:56.7;26:56.7;NULL
186;189;BLANCO SAL;26:56.7;26:56.7;NULL
187;190;BLANCO SOFIA;26:56.7;26:56.7;NULL
188;191;BLUISH RED;26:56.7;26:56.7;NULL
189;192;BRAUM CASTILLA;26:56.7;26:56.7;NULL
190;193;BRAUM METALIZADO;26:56.7;26:56.7;NULL
191;194;3RAUM DE TANA;26:56.7;26:56.7;NULL
247;252;GRIS XERUS;26:57.0;26:57.0;NULL
248;254;LOBELIA;26:57.0;26:57.0;NULL
249;255;MARFIL HINDU ROJO;26:57.0;26:57.0;NULL
250;256;MARFIL LADRILLO;26:57.0;26:57.0;NULL
251;257;MAGENTA;26:57.0;26:57.0;NULL
252;258;MAGENTA MICA;26:57.0;26:57.0;NULL
253;259;MARFIL LILA;26:57.0;26:57.0;NULL
254;260;MARFIL MARRON;26:57.0;26:57.0;NULL
255;261;MED POLYNESIAN;26:57.0;26:57.0;NULL
256;262;MORADO;26:57.0;26:57.0;NULL
257;263;NARANJA OTOÑAL;26:57.1;26:57.1;NULL
258;264;NEGRO AZULADO;26:57.1;26:57.1;NULL
259;265;NEGRO BEIGE;26:57.1;26:57.1;NULL
260;266;NEGRO ECLIPSE;26:57.1;26:57.1;NULL
261;267;NEGRO FORESTAL;26:57.1;26:57.1;NULL
262;268;NEGRO PERLADO;26:57.1;26:57.1;NULL
263;269;NEGRO UNIVERSAL;26:57.1;26:57.1;NULL
264;270;OLIVA MARFIL;26:57.1;26:57.1;NULL
265;271;ORO SIERRA;26:57.2;26:57.2;NULL
266;272;ORO SINU;26:57.2;26:57.2;NULL
267;273;PALE OAK;26:57.2;26:57.2;NULL
268;274;PALO DE ROSA;26:57.2;26:57.2;NULL
269;275;PARDO LAGUNA;26:57.2;26:57.2;NULL
271;277;PLATA AZULOSO;26:57.2;26:57.2;NULL
272;278;PLATA BREZO;26:57.2;26:57.2;NULL
273;279;PLATA DIAMANTE;26:57.2;26:57.2;NULL
274;280;PLATA HAMILTON;26:57.2;26:57.2;NULL
275;281;PLATA LUNAR;26:57.2;26:57.2;NULL
276;282;PLATA MERCURIO;26:57.2;26:57.2;NULL
277;283;PLATA METALIZAD;26:57.2;26:57.2;NULL
278;284;PLATA NACARADO;26:57.2;26:57.2;NULL
279;285;PLATA PERLADO;26:57.2;26:57.2;NULL
280;286;PLATA POLAR;26:57.2;26:57.2;NULL
281;287;PLATA SATELITE;26:57.2;26:57.2;NULL
282;288;PLATA SIERRA;26:57.2;26:57.2;NULL
283;289;PLATA TITANIO;26:57.3;26:57.3;NULL
284;290;PLATA TORNASOL;26:57.3;26:57.3;NULL
285;291;PLATA TRIGO;26:57.3;26:57.3;NULL
286;292;PLATA VOGUE;26:57.3;26:57.3;NULL
287;293;PLATEADO SOLARI;26:57.3;26:57.3;NULL
288;294;PLOMO;26:57.3;26:57.3;NULL
289;295;PRESTIGE SILVER;26:57.3;26:57.3;NULL
290;296;RASBERRY;26:57.3;26:57.3;NULL
291;297;ROJO ALAMBRE;26:57.3;26:57.3;NULL
292;298;ROJO ALPINE;26:57.3;26:57.3;NULL
293;299;ROJO AMAPOLA;26:57.3;26:57.3;NULL
294;300;ROJO AMBAR;26:57.3;26:57.3;NULL
295;301;ROJO ANDALUZ;26:57.3;26:57.3;NULL
296;302;ROJO ATARDECER;26:57.3;26:57.3;NULL
297;303;ROJO BORDEAUX;26:57.3;26:57.3;NULL
298;304;ROJO BRILLANTE;26:57.3;26:57.3;NULL
299;305;ROJO BURDO;26:57.3;26:57.3;NULL
300;306;ROJO CANDIL;26:57.3;26:57.3;NULL
301;307;ROJO CARDENAL;26:57.4;26:57.4;NULL
302;308;ROJO CARMIN;26:57.4;26:57.4;NULL
303;309;ROJO CEREZA;26:57.4;26:57.4;NULL
304;310;ROJO CLARO;26:57.4;26:57.4;NULL
305;311;ROJO CORDOBA;26:57.4;26:57.4;NULL
306;312;ROJO DINAMO;26:57.4;26:57.4;NULL
307;313;ROJO DUPONT;26:57.4;26:57.4;NULL
308;314;ROJO ELECTRICO;26:57.4;26:57.4;NULL
309;315;ROJO FERIA;26:57.4;26:57.4;NULL
310;316;ROJO FERRARI;26:57.4;26:57.4;NULL
311;317;ROJO FORMULA;26:57.4;26:57.4;NULL
312;318;ROJO FURIA;26:57.4;26:57.4;NULL
313;319;ROJO GALIPAN;26:57.5;26:57.5;NULL
314;320;ROJO GORNET MIC;26:57.5;26:57.5;NULL
315;321;ROJO GRANATE;26:57.5;26:57.5;NULL
316;322;ROJO INDIGO;26:57.5;26:57.5;NULL
317;323;ROJO IMPERIAL;26:57.5;26:57.5;NULL
318;324;ROJO INZA;26:57.5;26:57.5;NULL
319;325;ROJO INCANDESCENTE;26:57.5;26:57.5;NULL
320;326;ROJO MAPLE;26:57.5;26:57.5;NULL
321;327;ROJO MARLBORO;26:57.5;26:57.5;NULL
322;328;ROJO MARS;26:57.5;26:57.5;NULL
323;329;ROJO MERCURIO;26:57.5;26:57.5;NULL
324;330;ROJO METALICO;26:57.5;26:57.5;NULL
325;331;ROJO MICA;26:57.5;26:57.5;NULL
326;332;ROJO MILANO;26:57.5;26:57.5;NULL
327;333;ROJO MONTANA;26:57.5;26:57.5;NULL
328;334;ROJO MONTECARLO;26:57.5;26:57.5;NULL
329;335;ROJO OPORTO;26:57.5;26:57.5;NULL
330;336;ROJO ORIENTAL;26:57.5;26:57.5;NULL
331;337;ROJO PALMA;26:57.5;26:57.5;NULL
332;338;ROJO PAMIR;26:57.5;26:57.5;NULL
333;339;ROJO PASION;26:57.5;26:57.5;NULL
334;340;ROJO PERLADO;26:57.6;26:57.6;NULL
335;341;ROJO PERLECENTE;26:57.6;26:57.6;NULL
336;342;ROJO PONZO;26:57.6;26:57.6;NULL
337;343;ROJO POPY;26:57.6;26:57.6;NULL
338;344;ROJO PURPURA;26:57.6;26:57.6;NULL
339;345;ROJO ROANNE;26:57.6;26:57.6;NULL
340;346;ROJO RUBI;26:57.6;26:57.6;NULL
341;347;ROJO RUBINO;26:57.6;26:57.6;NULL
342;348;ROJO SAHARA;26:57.6;26:57.6;NULL
343;349;ROJO SCARLATA;26:57.6;26:57.6;NULL
344;350;ROJO SEVILLA;26:57.6;26:57.6;NULL
345;351;ROJO SPORT;26:57.6;26:57.6;NULL
346;352;ROJO TIZIANO;26:57.6;26:57.6;NULL
347;353;ROJO TOMATE;26:57.6;26:57.6;NULL
348;354;ROJO TORINO;26:57.6;26:57.6;NULL
349;355;ROJO TORNADO;26:57.6;26:57.6;NULL
350;356;ROJO VERSALLES;26:57.6;26:57.6;NULL
351;357;ROJO VINO;26:57.7;26:57.7;NULL
352;358;ROJO VIVO;26:57.7;26:57.7;NULL
353;359;ROUGE FURIA;26:57.7;26:57.7;NULL
354;360;ROUGE GRIOTTE;26:57.7;26:57.7;NULL
355;361;SCARLET RED;26:57.7;26:57.7;NULL
356;362;SILVER;26:57.7;26:57.7;NULL
357;363;SILVER CLARO;26:57.7;26:57.7;NULL
358;364;SORRENTO METALI;26:57.7;26:57.7;NULL
359;365;UVA;26:57.7;26:57.7;NULL
360;366;UVA METALICO;26:57.7;26:57.7;NULL
361;367;VERDE ANDINO;26:57.7;26:57.7;NULL
362;368;VERDE ARRECIFE;26:57.7;26:57.7;NULL
363;369;VERDE ASTORIA;26:57.7;26:57.7;NULL
364;370;VERDE AVENTURA;26:57.7;26:57.7;NULL
365;371;VERDE CACTUS;26:57.7;26:57.7;NULL
366;372;VERDE CRISTAL;26:57.7;26:57.7;NULL
367;373;VERDE ESCANDINAVO;26:57.8;26:57.8;NULL
368;374;VERDE ESMERALDA;26:57.8;26:57.8;NULL
369;375;VERDE ESTELAR;26:57.8;26:57.8;NULL
370;376;VERDE FLORESTA;26:57.8;26:57.8;NULL
371;377;VERDE GALAXIA;26:57.8;26:57.8;NULL
372;378;VERDE INGLES;26:57.8;26:57.8;NULL
373;379;VERDE ISLA;26:57.8;26:57.8;NULL
374;380;VERDE JARDIN;26:57.8;26:57.8;NULL
375;381;VERDE JAVA;26:57.8;26:57.8;NULL
376;382;VERDE KIELDER;26:57.8;26:57.8;NULL
377;383;VERDE LIQUEN;26:57.8;26:57.8;NULL
378;384;VERDE MALAGA;26:57.8;26:57.8;NULL
379;385;VERDE MALAQUITA;26:57.8;26:57.8;NULL
380;386;VERDE MANZANA;26:57.9;26:57.9;NULL
381;387;VERDE MAR;26:57.9;26:57.9;NULL
382;388;VERDE MARFIL;26:57.9;26:57.9;NULL
383;389;VERDE MAYERLING;26:57.9;26:57.9;NULL
384;390;VERDE METALIZAS;26:57.9;26:57.9;NULL
385;391;VERDE MICA;26:57.9;26:57.9;NULL
386;392;VERDE MONTANA;26:57.9;26:57.9;NULL
387;393;VERDE MOSEL;26:57.9;26:57.9;NULL
388;394;VERDE MUSGO;26:57.9;26:57.9;NULL
389;395;VERDE NAUSICA;26:57.9;26:57.9;NULL
390;396;VERDE OLIVA;26:57.9;26:57.9;NULL
391;397;VERDE OPALO;26:57.9;26:57.9;NULL
392;398;VERDE OSCURO;26:57.9;26:57.9;NULL
393;399;VERDE PERLADO;26:57.9;26:57.9;NULL
394;400;VERDE PETROLEO;26:58.0;26:58.0;NULL
395;401;VERDE PRIMAVERA;26:58.0;26:58.0;NULL
396;402;VERDE SELVA;26:58.0;26:58.0;NULL
397;403;VERDE SHETLAND;26:58.0;26:58.0;NULL
398;404;VERDE SORRENTO;26:58.0;26:58.0;NULL
399;405;VERDE TARANTO;26:58.0;26:58.0;NULL
400;406;VERDE TORNASOL;26:58.0;26:58.0;NULL
401;407;VERDE TROPICO;26:58.0;26:58.0;NULL
402;408;PLATA PERLADO METALICO;26:58.0;26:58.0;NULL
403;409;VERDE VIRMANIA;26:58.0;26:58.0;NULL
404;410;VERDE WATTEAU;26:58.0;26:58.0;NULL
405;411;VINO PERLECENTE;26:58.0;26:58.0;NULL
406;412;BRONCE;26:58.1;26:58.1;NULL
407;413;ROJO FIESTA;26:58.1;26:58.1;NULL
408;414;GRIS GRANITO;26:58.1;26:58.1;NULL
409;415;NARANJA;26:58.1;26:58.1;NULL
410;416;BLANCO METALICO;26:58.1;26:58.1;NULL
411;417;VERDE MEDIO;26:58.1;26:58.1;NULL
412;418;GRIS CONSTELACION METALIZADO;26:58.1;26:58.1;NULL
413;419;AZUL VOLTIO;26:58.2;26:58.2;NULL
414;420;BLANCO ROSS;26:58.2;26:58.2;NULL
415;421;AZUL LISBOA;26:58.2;26:58.2;NULL
416;422;PLATA ARIANNE;26:58.2;26:58.2;NULL
417;423;AZUL NIAGARA;26:58.2;26:58.2;NULL
418;424;GRIS NOBRE;26:58.2;26:58.2;NULL
419;425;ROJO DESTELLO;26:58.2;26:58.2;NULL
420;426;BLANCO MALHER;26:58.2;26:58.2;NULL
421;427;PLATA ICE;26:58.2;26:58.2;NULL
422;428;GRIS ROCA;26:58.2;26:58.2;NULL
423;429;GRIS TITAN;26:58.2;26:58.2;NULL
424;430;GRIS PLUTON;26:58.2;26:58.2;NULL
425;431;GRIS TINTA;26:58.3;26:58.3;NULL
426;432;AZUL TINTA;26:58.3;26:58.3;NULL
427;433;AZUL SUPERIOR;26:58.3;26:58.3;NULL
428;434;PLATEADO GALAXIA METALIZADO;26:58.3;26:58.3;NULL
429;435;GRIS CUMBERLAND;26:58.3;26:58.3;NULL
430;436;ROJO CAMBERRA;26:58.3;26:58.3;NULL
431;437;ROJO Y;26:58.3;26:58.3;NULL
432;438;CAFE CAMUFLADO;26:58.3;26:58.3;NULL
433;439;GRIS METALICO;26:58.3;26:58.3;NULL
434;440;AZUL RIVIERA;26:58.3;26:58.3;NULL
435;441;PLATA SORRENTO;26:58.3;26:58.3;NULL
436;442;AZUL METALIZADO;26:58.3;26:58.3;NULL
437;444;BEIGE OSCURO;26:58.3;26:58.3;NULL
438;445;AZUL AMATISTA;26:58.4;26:58.4;NULL
439;446;STRATO PERLA;26:58.4;26:58.4;NULL
440;447;ROJO SUPER;26:58.4;26:58.4;NULL
441;448;NEGRO DIAMANTE;26:58.4;26:58.4;NULL
442;449;AZUL CELEDON;26:58.4;26:58.4;NULL
443;450;ROJO HIP;26:58.4;26:58.4;NULL
444;451;CHAMPAÑA;26:58.4;26:58.4;NULL
445;452;GRIS PLATINO;26:58.4;26:58.4;NULL
446;453;BEIGE TUCSON;26:58.4;26:58.4;NULL
447;454;AZUL BURITI;26:58.4;26:58.4;NULL
448;455;PLATA IBIUNA;26:58.4;26:58.4;NULL
449;456;VERDE;26:58.4;26:58.4;NULL
450;457;PLATA Y;26:58.4;26:58.4;NULL
451;458;VERDE REGATA;26:58.5;26:58.5;NULL
452;459;AZUL BLAZE;26:58.5;26:58.5;NULL
453;460;VERDE MARQUES;26:58.5;26:58.5;NULL
454;461;AGUAMARINA;26:58.5;26:58.5;NULL
455;462;GRIS CENIZA;26:58.5;26:58.5;NULL
456;463;TIERRA REAL;26:58.5;26:58.5;NULL
457;464;PLATA BRILLANTE;26:58.5;26:58.5;NULL
458;465;ALMENDRA;26:58.5;26:58.5;NULL
459;466;NUEZ;26:58.5;26:58.5;NULL
460;467;BLANCO VERDE;26:58.5;26:58.5;NULL
461;468;GRAFITO SPARKLING;26:58.6;26:58.6;NULL
462;469;SEVERRING BLUE;26:58.6;26:58.6;NULL
463;470;PURPURA METAL.;26:58.6;26:58.6;NULL
464;472;AGUAMARINA BLANCO;26:58.6;26:58.6;NULL
465;473;AGUAMARINA HABANO;26:58.6;26:58.6;NULL
466;474;ALASKA;26:58.6;26:58.6;NULL
467;475;ALUMINIO GRANO MEDIO;26:58.6;26:58.6;NULL
468;476;AMARILLO BLANCO AZUL GRIS ROJO VERDE;26:58.7;26:58.7;NULL
469;477;ARENA DORADA;26:58.7;26:58.7;NULL
470;478;ARENA MIST;26:58.7;26:58.7;NULL
471;479;ARENA PLAYA;26:58.7;26:58.7;NULL
472;480;ARENA ROCK;26:58.7;26:58.7;NULL
473;481;ASCOT VERDE;26:58.7;26:58.7;NULL
474;482;ASTRO SILVER;26:58.7;26:58.7;NULL
475;483;AZURIT AZUL;26:58.7;26:58.7;NULL
476;484;BASE AZUL MEDIO METAL.;26:58.7;26:58.7;NULL
477;485;BASE PLATA METALIZADO;26:58.7;26:58.7;NULL
478;486;BASE VERDE CLARO;26:58.7;26:58.7;NULL
479;487;BLANCO AMARILLO VERDE NARANJA;26:58.7;26:58.7;NULL
480;488;BLANCO SEVRES FRANJAS AZUL ROJO VERDE;26:58.7;26:58.7;NULL
481;489;BLANCO VERDE AMARILNARAN;26:58.7;26:58.7;NULL
482;490;BLANCO NARANJA ZAPOTE;26:58.7;26:58.7;NULL
483;491;BERMELLON;26:58.8;26:58.8;NULL
484;492;BEIGE DORADO BLANCO;26:58.8;26:58.8;NULL
485;493;BEIGE GRIS;26:58.8;26:58.8;NULL
486;494;BEIGE GRIS MEDIO MICA;26:58.8;26:58.8;NULL
487;495;BLANCO FRANJA VERDE AZUL NARANJA;26:58.8;26:58.8;NULL
488;496;BLANCO PLATA COOL;26:58.8;26:58.8;NULL
489;497;BLANCO ALABASTO;26:58.8;26:58.8;NULL
490;498;BLANCO ALABASTRO;26:58.8;26:58.8;NULL
491;499;BLANCO ALASKA;26:58.8;26:58.8;NULL
492;500;BLANCO AMARILLO AZUL Y ROJO;26:58.8;26:58.8;NULL
493;501;BLANCO AMARILLO NARANJA;26:58.8;26:58.8;NULL
494;502;BLANCO AMARILLO ROJO Y AZUL;26:58.8;26:58.8;NULL
495;503;BLANCO AMARILLO VERDE Y ROJO;26:58.8;26:58.8;NULL
496;504;BLANCO AMARILLO AZUL;26:58.8;26:58.8;NULL
497;505;BLANCO AMARILLO Y FRANJA AZUL;26:58.9;26:58.9;NULL
498;506;BLANCO AMARILLO GRIS;26:58.9;26:58.9;NULL
499;507;BLANCO AMARILLO MANDARINA;26:58.9;26:58.9;NULL
500;508;BLANCO AMARILLO NEGRO;26:58.9;26:58.9;NULL
501;509;BLANCO AMARILLO ROJO;27:54.0;27:54.0;NULL
502;510;BLANCO AMARILLO VERDE;27:54.0;27:54.0;NULL
503;511;BLANCO ANDINO;27:54.0;27:54.0;NULL
504;513;BLANCO ARAYA;27:54.0;27:54.0;NULL
505;514;BLANCO ARCO BICAPA;27:54.0;27:54.0;NULL
506;515;BLANCO ARTICO AZUL DANES;27:54.0;27:54.0;NULL
507;516;BLANCO ARTICO FRANJA AZUL;27:54.0;27:54.0;NULL
508;517;BLANCO ARTICO VERDE AGUA;27:54.0;27:54.0;NULL
509;518;BLANCO ARTICO VERDE SELVA;27:54.1;27:54.1;NULL
510;519;BLANCO ARTICO AZUL OCEANO;27:54.1;27:54.1;NULL
511;520;BLANCO ARTICO ROJO SEVILLA;27:54.1;27:54.1;NULL
512;521;BLANCO ARTICO VERDE MANZANA;27:54.1;27:54.1;NULL
513;522;BLANCO AURORA;27:54.1;27:54.1;NULL
514;523;BLANCO AZUL GRIS;27:54.1;27:54.1;NULL
515;524;BLANCO AZUL NEGRO AMARILLO ROJO;27:54.1;27:54.1;NULL
516;525;BLANCO AZUL PERLADO;27:54.1;27:54.1;NULL
517;526;BLANCO AZUL ROJO VERDE;27:54.1;27:54.1;NULL
518;527;BLANCO AZUL ROSADO VERDE;27:54.1;27:54.1;NULL
519;528;BLANCO AZUL VERDE FUCSIA;27:54.1;27:54.1;NULL
520;529;BLANCO AZUL CAFE;27:54.1;27:54.1;NULL
521;530;BLANCO AZUL NARANJA;27:54.2;27:54.2;NULL
522;531;BLANCO AZUL ROJO;27:54.2;27:54.2;NULL
523;532;BLANCO AZUL ROJO BERMELLON;27:54.2;27:54.2;NULL
524;533;BLANCO AZUL TOMATE;27:54.2;27:54.2;NULL
525;534;BLANCO AZUL VERDE;27:54.2;27:54.2;NULL
526;535;BLANCO AZUL ZAPOTE;27:54.2;27:54.2;NULL
527;536;BLANCO BANQUISA;27:54.2;27:54.2;NULL
528;537;BLANCO BANQUISA METALIZADO;27:54.2;27:54.2;NULL
529;538;BLANCO BANQUISE;27:54.2;27:54.2;NULL
530;539;BLANCO BANQUISE PASTEL;27:54.2;27:54.2;NULL
531;541;BLANCO BEIGE;27:54.2;27:54.2;NULL
532;542;BLANCO BEIGE METALIZADO;27:54.2;27:54.2;NULL
533;543;BLANCO BERMELLON;27:54.2;27:54.2;NULL
534;544;BLANCO BERMELLON AZUL;27:54.2;27:54.2;NULL
535;545;BLANCO BICAPA;27:54.2;27:54.2;NULL
536;546;BLANCO BLANQUISE;27:54.2;27:54.2;NULL
537;547;BLANCO BRANCHIS;27:54.2;27:54.2;NULL
538;549;BLANCO CAFE FR AMARILLA VERDE;27:54.2;27:54.2;NULL
539;550;BLANCO CAFE AMARILLO;27:54.3;27:54.3;NULL
540;551;BLANCO CALIMA;27:54.3;27:54.3;NULL
541;552;BLANCO CAMPANELLA;27:54.3;27:54.3;NULL
542;554;BLANCO CELTA;27:54.3;27:54.3;NULL
543;555;BLANCO CLARO;27:54.3;27:54.3;NULL
544;556;BLANCO CLASICO;27:54.3;27:54.3;NULL
545;557;BLANCO CON ALUMINIO;27:54.3;27:54.3;NULL
546;558;BLANCO CON GAMAS VERDE DORADO;27:54.3;27:54.3;NULL
547;559;BLANCO COOL;27:54.3;27:54.3;NULL
548;561;BLANCO CREMA;27:54.3;27:54.3;NULL
549;562;BLANCO CREMA FR ZAPOTE AMARILL;27:54.3;27:54.3;NULL
550;563;BLANCO CREMA NARANJA Y VERDE;27:54.3;27:54.3;NULL
551;564;BLANCO CREMA FRANJA AZUL;27:54.4;27:54.4;NULL
552;565;BLANCO CREMA ROJO;27:54.4;27:54.4;NULL
553;566;BLANCO CREMA VERDE;27:54.4;27:54.4;NULL
554;567;BLANCO CRISTAL BRILLANTE;27:54.4;27:54.4;NULL
3586;3725;AZUL ACRE;33:44.6;33:44.6;NULL
555;568;BLANCO CRISTAL FRANJA NEGRA;27:54.4;27:54.4;NULL
556;569;BLANCO DIAMANTE;27:54.4;27:54.4;NULL
557;570;BLANCO DORADO;27:54.4;27:54.4;NULL
558;571;BLANCO ENGINE;27:54.4;27:54.4;NULL
559;572;BLANCO ESCARCHA;27:54.4;27:54.4;NULL
560;573;BLANCO FAIRY;27:54.4;27:54.4;NULL
561;574;BLANCO FEVRES;27:54.4;27:54.4;NULL
562;575;BLANCO FRANJA NAR VERDEAMARILLO;27:54.4;27:54.4;NULL
563;576;BLANCO FRANJA ROJA AZUL AMARILLA;27:54.4;27:54.4;NULL
564;577;BLANCO FRANJA VERDE Y ROJO;27:54.5;27:54.5;NULL
565;578;BLANCO FRANJA AMARILLO NEGRO VERDE;27:54.5;27:54.5;NULL
566;579;BLANCO FRANJA AZUL VERDE;27:54.5;27:54.5;NULL
567;580;BLANCO PERLADO METALIZADO;27:54.5;27:54.5;NULL
568;581;BLANCO FRANJA AMARILLA Y VERDE;27:54.5;27:54.5;NULL
569;582;BLANCO FRANJA AMARILLO;27:54.5;27:54.5;NULL
570;583;BLANCO FRANJA AMARILLO VERDE ROJO;27:54.5;27:54.5;NULL
571;584;BLANCO FRANJA AZUL VERDE Y ROJA;27:54.5;27:54.5;NULL
572;585;BLANCO FRANJA AZUL NARANJA;27:54.5;27:54.5;NULL
573;586;BLANCO FRANJA AZUL NEGRO;27:54.5;27:54.5;NULL
574;587;BLANCO FRANJA AZUL ROJO;27:54.5;27:54.5;NULL
575;588;BLANCO FRANJA MARRON ROJO NARANJA;27:54.5;27:54.5;NULL
576;589;BLANCO FRANJA NARANJA VERDE AMARILLO;27:54.5;27:54.5;NULL
577;590;BLANCO FRANJA NARANJA AZULES;27:54.5;27:54.5;NULL
578;591;BLANCO FRANJA NEGRA;27:54.5;27:54.5;NULL
579;592;BLANCO FRANJA NEGRA AMARILLA;27:54.5;27:54.5;NULL
580;593;BLANCO FRANJA NEGRO ROJO AMARILLO;27:54.5;27:54.5;NULL
581;594;BLANCO FRANJA ROJA AMARILLA NEGRA;27:54.5;27:54.5;NULL
582;595;BLANCO FRANJA ROJA NARANJA;27:54.5;27:54.5;NULL
583;596;BLANCO FRANJA ROJA NARANJA NEGRO;27:54.5;27:54.5;NULL
584;597;BLANCO FRANJA ROJO;27:54.5;27:54.5;NULL
585;598;BLANCO FRANJA ROJO AMARILLO VERDE;27:54.5;27:54.5;NULL
586;599;BLANCO FRANJA ROJO NEGRO;27:54.6;27:54.6;NULL
587;600;BLANCO FRANJA VERDE;27:54.6;27:54.6;NULL
588;601;BLANCO FRANJA VERDE AMARILLO ANARANJADO;27:54.6;27:54.6;NULL
17993;18790;PPC;59:20.0;59:20.0;NULL
589;602;BLANCO FRANJA VERDE NARANJA;27:54.6;27:54.6;NULL
590;603;BLANCO FRANJA VERDE NEGRO AMARILLO;27:54.6;27:54.6;NULL
591;604;BLANCO FRANJA VERDE ROJO AZUL;27:54.6;27:54.6;NULL
592;605;BLANCO FRANJA VERDE AMARILLO;27:54.6;27:54.6;NULL
593;606;BLANCO FRANJA VERDE CAFE;27:54.6;27:54.6;NULL
594;607;BLANCO FRANJA VERDE NEGRO;27:54.6;27:54.6;NULL
595;608;BLANCO FRANJA ZAPOTE;27:54.6;27:54.6;NULL
596;609;BLANCO FRANJA ZAPOTE VERDE AZUL;27:54.6;27:54.6;NULL
597;610;BLANCO FRANJA VERDE ROJO AZUL METALIZADO;27:54.6;27:54.6;NULL
598;611;BLANCO FRANJA AMARILLO ROJAS AZUL;27:54.6;27:54.6;NULL
599;612;BLANCO FRANJA AZUL ROJO VERDE;27:54.7;27:54.7;NULL
600;613;BLANCO FRANJA ROJAS VERDES;27:54.7;27:54.7;NULL
601;614;BLANCO FRANJA ROJO AMARILLO VERDE METALIZADO;27:54.7;27:54.7;NULL
602;615;BLANCO FRANJA VERDE AMARILLO NARANJA;27:54.7;27:54.7;NULL
603;616;BLANCO FRANJA VERDE AMARILLO NEGRO;27:54.7;27:54.7;NULL
604;617;BLANCO FRANJA VERDE DORADO;27:54.7;27:54.7;NULL
605;618;BLANCO FRANJA VERDES;27:54.7;27:54.7;NULL
606;619;BLANCO FORMULA;27:54.7;27:54.7;NULL
607;620;BLANCO FRANJA AMARILLA VERDE ROJA;27:54.7;27:54.7;NULL
608;621;BLANCO FRANJA VERDE ROJA;27:54.7;27:54.7;NULL
609;622;BLANCO FRANJA AMARILLA VERDE NARANJA;27:54.7;27:54.7;NULL
610;623;BLANCO GAMAS VERDE Y DORADO;27:54.7;27:54.7;NULL
611;624;BLANCO GANDY;27:54.7;27:54.7;NULL
612;625;BLANCO GEADA;27:54.7;27:54.7;NULL
613;626;BLANCO GLACIAL;27:54.7;27:54.7;NULL
614;627;BLANCO GRANITO;27:54.7;27:54.7;NULL
615;628;BLANCO GRIS;27:54.7;27:54.7;NULL
616;629;BLANCO GRIS AZUL VERDE;27:54.7;27:54.7;NULL
617;630;BLANCO GRIS VERDE;27:54.8;27:54.8;NULL
618;631;BLANCO HIELO;27:54.8;27:54.8;NULL
619;632;BLANCO HUESO;27:54.8;27:54.8;NULL
620;633;BLANCO LOGO AZUL VERDE Y GRIS;27:54.8;27:54.8;NULL
621;634;BLANCO LOTUS AZUL;27:54.8;27:54.8;NULL
622;635;BLANCO MAHLER;27:54.8;27:54.8;NULL
623;636;BLANCO MANZANA;27:54.8;27:54.8;NULL
624;637;BLANCO MARFIL;27:54.8;27:54.8;NULL
625;638;BLANCO MARFIL VERDE;27:54.8;27:54.8;NULL
626;639;BLANCO MARFIL VERDE ESMERALDA;27:54.8;27:54.8;NULL
627;640;BLANCO MARFIL VERDE TURQUESA;27:54.8;27:54.8;NULL
628;641;BLANCO MARFIL GRIS;27:54.8;27:54.8;NULL
629;642;BLANCO MARFIL NEGRO;27:54.8;27:54.8;NULL
630;643;BLANCO MARRON ZAPOTE;27:54.8;27:54.8;NULL
631;645;BLANCO NARANJA VERDE AMARILLO;27:54.8;27:54.8;NULL
632;646;BLANCO NARANJA NEGRO ROJO METALIZADO;27:54.9;27:54.9;NULL
633;647;BLANCO NARANJA AZUL VERDE;27:54.9;27:54.9;NULL
634;648;BLANCO NARANJA VERDE TURQUESA;27:54.9;27:54.9;NULL
635;649;BLANCO NARANJA AZUL;27:54.9;27:54.9;NULL
636;650;BLANCO NARANJA FRANJA VERDE;27:54.9;27:54.9;NULL
637;651;BLANCO NARANJA NEGRO;27:54.9;27:54.9;NULL
638;652;BLANCO NARANJA VERDE;27:54.9;27:54.9;NULL
639;653;BLANCO NEGRO GRIS;27:54.9;27:54.9;NULL
640;654;BLANCO NEGRO HABANO;27:54.9;27:54.9;NULL
641;655;BLANCO NEGRO NIQUEL;27:54.9;27:54.9;NULL
642;656;BLANCO NEGRO ROJO;27:54.9;27:54.9;NULL
643;657;BLANCO NEGRO VERDE;27:54.9;27:54.9;NULL
644;658;BLANCO NEVADO BICAPA;27:54.9;27:54.9;NULL
645;659;BLANCO NIEVE AZUL ROJA;27:54.9;27:54.9;NULL
646;660;BLANCO NIEVE METALICO;27:54.9;27:54.9;NULL
647;661;BLANCO NORUEGO;27:54.9;27:54.9;NULL
648;662;BLANCO OLIVA;27:54.9;27:54.9;NULL
649;663;BLANCO ORION;27:55.0;27:55.0;NULL
650;664;BLANCO OXFORD;27:55.0;27:55.0;NULL
651;665;BLANCO PAPIRO;27:55.0;27:55.0;NULL
652;666;BLANCO PERLA METALIZADO;27:55.0;27:55.0;NULL
653;667;BLANCO PERLADO;27:55.0;27:55.0;NULL
654;668;BLANCO PERLADO DORADO;27:55.0;27:55.0;NULL
655;669;BLANCO PIEDRA;27:55.0;27:55.0;NULL
656;670;BLANCO PLANO;27:55.0;27:55.0;NULL
657;671;BLANCO PLATA;27:55.0;27:55.0;NULL
658;672;BLANCO POLAR ROJO SEV.;27:55.0;27:55.0;NULL
659;673;BLANCO PORCELANA;27:55.0;27:55.0;NULL
660;674;BLANCO PREMIUN;27:55.0;27:55.0;NULL
661;675;BLANCO PURO;27:55.0;27:55.0;NULL
662;676;BLANCO ROJO AMARILLO VERDE;27:55.0;27:55.0;NULL
663;677;BLANCO ROJO AZUL FRANJA AMARILLA;27:55.0;27:55.0;NULL
664;678;BLANCO ROJO AZUL AMARILLO;27:55.0;27:55.0;NULL
665;679;BLANCO ROJO AZUL VERDE;27:55.0;27:55.0;NULL
666;680;BLANCO ROJO FRANJA AMARILLO;27:55.0;27:55.0;NULL
667;681;BLANCO ROJO MARRON GRIS Y NEGRO;27:55.1;27:55.1;NULL
668;682;BLANCO ROJO METALIZADO;27:55.1;27:55.1;NULL
669;683;BLANCO ROJO NARANAJA NEGRO DORADO;27:55.1;27:55.1;NULL
670;684;BLANCO ROJO NEGRO GRIS;27:55.1;27:55.1;NULL
671;685;BLANCO ROJO VERDE AMARILLO;27:55.1;27:55.1;NULL
672;686;BLANCO ROJO VERDE AZUL;27:55.1;27:55.1;NULL
673;687;BLANCO ROJO VERDE NEGRO;27:55.1;27:55.1;NULL
674;688;BLANCO ROJO AMARILLO;27:55.2;27:55.2;NULL
675;689;BLANCO ROJO AZUL;27:55.2;27:55.2;NULL
676;690;BLANCO ROJO CREMA;27:55.2;27:55.2;NULL
677;691;BLANCO ROJO NEGRO;27:55.2;27:55.2;NULL
678;692;BLANCO ROJO VERDE;27:55.2;27:55.2;NULL
679;693;BLANCO SCOTIA;27:55.2;27:55.2;NULL
680;694;BLANCO SEVRES;27:55.2;27:55.2;NULL
681;695;BLANCO SIBERIA;27:55.2;27:55.2;NULL
682;696;BLANCO SILKY;27:55.2;27:55.2;NULL
683;697;BLANCO SOLIDO;27:55.3;27:55.3;NULL
684;698;BLANCO SOLIDO GRIS NEBLINA;27:55.3;27:55.3;NULL
685;699;BLANCO SOPHIA PLATA LA GUARDIA;27:55.4;27:55.4;NULL
686;700;BLANCO TAFFETA;27:55.4;27:55.4;NULL
687;701;BLANCO TITANIO;27:55.4;27:55.4;NULL
688;702;BLANCO TRIGO;27:55.4;27:55.4;NULL
689;703;BLANCO VERDE ACEITUNA;27:55.4;27:55.4;NULL
690;704;BLANCO VERDE AMARILLO AZUL;27:55.4;27:55.4;NULL
691;705;BLANCO VERDE AMARILLO NARANJA;27:55.4;27:55.4;NULL
692;706;BLANCO VERDE AMARILLO ROJO;27:55.4;27:55.4;NULL
693;707;BLANCO VERDE AZUL;27:55.4;27:55.4;NULL
694;708;BLANCO VERDE AZUL ROJO;27:55.4;27:55.4;NULL
695;709;BLANCO VERDE FRANJA AZUL ROJA;27:55.5;27:55.5;NULL
696;710;BLANCO VERDE FRANJA NARANJA;27:55.5;27:55.5;NULL
697;711;BLANCO VERDE NARANJA AZUL;27:55.5;27:55.5;NULL
698;712;BLANCO VERDE NARANJA ROJO;27:55.5;27:55.5;NULL
699;713;BLANCO VERDE ROJO;27:55.5;27:55.5;NULL
700;714;BLANCO VERDE ROJO AZUL;27:55.5;27:55.5;NULL
701;715;BLANCO VERDE ROJO NEGRO;27:55.5;27:55.5;NULL
702;716;BLANCO VERDE AMARILLO;27:55.5;27:55.5;NULL
703;717;BLANCO VERDE AZUL METALIZADO;27:55.5;27:55.5;NULL
704;718;BLANCO VERDE GRIS;27:55.6;27:55.6;NULL
705;719;BLANCO VERDE HABANO;27:55.6;27:55.6;NULL
706;720;BLANCO VERDE NARANJA;27:55.6;27:55.6;NULL
707;721;BLANCO VERDE VINOTINTO;27:55.6;27:55.6;NULL
708;722;BLANCO VERDE ZAPOTE;27:55.6;27:55.6;NULL
709;723;BLANCO VERDE ZAPOTE PLATEADO;27:55.6;27:55.6;NULL
710;724;BLANCO VINOTINTO;27:55.6;27:55.6;NULL
711;725;BLANCO VINOTINTO GRIS;27:55.7;27:55.7;NULL
712;726;BLANCO VIOLETA;27:55.7;27:55.7;NULL
713;727;BLANCO ZANAHORIA;27:55.7;27:55.7;NULL
714;728;BLANCO AMARILLO;27:55.7;27:55.7;NULL
715;729;BEIGE AZUL;27:55.7;27:55.7;NULL
716;730;BLANCO AZUL TURQUESA;27:55.7;27:55.7;NULL
717;731;BLANCO BEIGE METALICO;27:55.7;27:55.7;NULL
718;732;BLANCO CAFE;27:55.7;27:55.7;NULL
719;733;BLANCO CORAL;27:55.7;27:55.7;NULL
720;734;BLANCO CREMA METALIZADO;27:55.7;27:55.7;NULL
721;736;BLANCO DURAZNO;27:55.7;27:55.7;NULL
722;737;BLANCO FRANJA AZUL MARFIL ROJA;27:55.7;27:55.7;NULL
723;738;BLANCO FRANJA NEGRO;27:55.8;27:55.8;NULL
724;739;BLANCO FRANJA AZUL;27:55.8;27:55.8;NULL
725;740;BLANCO FUCSIA;27:55.8;27:55.8;NULL
726;741;BLANCO GRIS METALICO;27:55.8;27:55.8;NULL
727;742;BLANCO GRIS METALIZADO;27:55.8;27:55.8;NULL
728;743;BLANCO GRIS PLATINO;27:55.8;27:55.8;NULL
729;744;BLANCO HABANO;27:55.8;27:55.8;NULL
730;745;BLANCO LILA;27:55.8;27:55.8;NULL
731;746;BLANCO MARFIL METALIZADO;27:55.8;27:55.8;NULL
732;747;BLANCO MARRON;27:55.8;27:55.8;NULL
733;748;BLANCO MORADO;27:55.8;27:55.8;NULL
734;749;BLANCO NARANJA ZAPOTE BLANCO;27:55.8;27:55.8;NULL
735;750;BLANCO NEGRO;27:55.8;27:55.8;NULL
736;751;BLANCO NIQUEL;27:55.8;27:55.8;NULL
737;752;BLANCO PLATEADO METALICO;27:55.8;27:55.8;NULL
738;753;BLANCO PURPURA;27:55.8;27:55.8;NULL
739;754;BLANCO ROJO;27:55.8;27:55.8;NULL
740;755;BLANCO ROJO CANABAL;27:55.8;27:55.8;NULL
741;756;BLANCO ROSADO;27:55.8;27:55.8;NULL
742;757;BLANCO VERDE PERLECENTE;27:55.8;27:55.8;NULL
743;758;BLANCO VERDE GRIS PERLECENTE;27:55.8;27:55.8;NULL
744;759;BLANCO VERDE ESMERALDA;27:55.8;27:55.8;NULL
745;760;BLANCO VERDE FRANJA NARANJA METALIZADO;27:55.9;27:55.9;NULL
746;761;BLANCO VERDE METALIZADO;27:55.9;27:55.9;NULL
747;762;BLANCO VERDE TURQUESA;27:55.9;27:55.9;NULL
748;763;BLANCO VINILO NEGRO;27:55.9;27:55.9;NULL
749;764;BLANCO VINOTINTO METALIZADO;27:55.9;27:55.9;NULL
750;765;BLANCO VIOLETA METALIZADO;27:55.9;27:55.9;NULL
751;766;BLANCO ZAPOTE;27:55.9;27:55.9;NULL
752;767;BLANCO VERDE AMARILLO NARANJA BLANCO;27:55.9;27:55.9;NULL
753;768;BLANCO ZEUS;27:55.9;27:55.9;NULL
754;769;BLANCO PLATA METALICO;27:55.9;27:55.9;NULL
755;770;BRONCE MARFIL CAFE;27:55.9;27:55.9;NULL
756;771;BRONCE BLANCO;27:55.9;27:55.9;NULL
757;772;BRONCE MARFIL;27:55.9;27:55.9;NULL
758;773;BRUND DE TANA;27:55.9;27:55.9;NULL
759;774;BURDEO;27:55.9;27:55.9;NULL
760;775;CAOBA;27:55.9;27:55.9;NULL
761;776;CAOBA HABANO;27:55.9;27:55.9;NULL
762;777;CARDO PLATEADO;27:55.9;27:55.9;NULL
763;778;CARMELITA;27:55.9;27:55.9;NULL
764;779;CARNAUBA;27:55.9;27:55.9;NULL
765;780;CELESTE METALIZADO;27:55.9;27:55.9;NULL
766;781;CENIZA EJECUTIVO;27:56.0;27:56.0;NULL
767;782;CEREZO OTOÑAL METALIZADO;27:56.0;27:56.0;NULL
768;783;CHAMPAGNE CLARO;27:56.0;27:56.0;NULL
769;784;CHAMPAGNE POLY;27:56.0;27:56.0;NULL
770;785;CHAMPAÑA METALICO;27:56.0;27:56.0;NULL
771;786;CHAMPAÑA CLARO;27:56.0;27:56.0;NULL
772;787;CHAMPAÑA DORADO;27:56.0;27:56.0;NULL
773;788;CHAMPAÑA METALIZADO;27:56.0;27:56.0;NULL
774;789;CHAMPAÑA METALIZADO BLANCO;27:56.0;27:56.0;NULL
775;790;CHAMPAÑA MICA;27:56.0;27:56.0;NULL
776;791;CHAMPAÑA PERLADO;27:56.0;27:56.0;NULL
777;792;CHAMPAÑA BLANCO;27:56.0;27:56.0;NULL
778;793;CHAMPAÑA CAFE;27:56.0;27:56.0;NULL
779;794;CHAMPAÑA GRIS;27:56.0;27:56.0;NULL
780;795;CHAMPAÑA GRIS PLOMO;27:56.0;27:56.0;NULL
781;796;CHAMPAÑA NARANJA;27:56.0;27:56.0;NULL
782;797;CHAMPAÑA NEGRO;27:56.0;27:56.0;NULL
783;798;CITRONELLA;27:56.1;27:56.1;NULL
784;799;CLEAN SILVER;27:56.1;27:56.1;NULL
785;800;COBRIZO;27:56.1;27:56.1;NULL
786;801;CORAL MARFIL;27:56.1;27:56.1;NULL
787;802;CORAL NEGRO;27:56.1;27:56.1;NULL
788;803;CROMADA NEGRA;27:56.1;27:56.1;NULL
789;804;CROMO;27:56.1;27:56.1;NULL
790;805;CROMO PLATEADO;27:56.1;27:56.1;NULL
791;806;CROMO VINOTINTO;27:56.1;27:56.1;NULL
792;807;CURUBA MANDARINA NEGRO;27:56.1;27:56.1;NULL
793;808;CURUBA CREMA;27:56.1;27:56.1;NULL
794;809;DIAMANTE HIELO;27:56.1;27:56.1;NULL
795;810;DURAZNO MARFIL;27:56.2;27:56.2;NULL
796;811;ESCARLATA;27:56.2;27:56.2;NULL
797;812;ESMERAL GREEN;27:56.2;27:56.2;NULL
798;813;ESMERALDA;27:56.2;27:56.2;NULL
799;814;ESMERALDA ROJO FERRARI;27:56.2;27:56.2;NULL
800;815;ESMERALDA ROJO FORMULA;27:56.2;27:56.2;NULL
801;816;ESTAÑO SATINADO;27:56.2;27:56.2;NULL
802;817;ESTRACTO DORADO;27:56.2;27:56.2;NULL
803;818;FIRNBLANCO;27:56.2;27:56.2;NULL
804;819;FJORD GRAW;27:56.2;27:56.2;NULL
805;820;FRESA;27:56.2;27:56.2;NULL
806;821;FUCSIA;27:56.2;27:56.2;NULL
807;822;GRAFITO;27:56.2;27:56.2;NULL
808;823;GRAFITO METALIZADO;27:56.2;27:56.2;NULL
809;824;GRAFITO CHAMPAÑA;27:56.2;27:56.2;NULL
810;825;GRAFITO NEGRO;27:56.2;27:56.2;NULL
811;826;GRANATE;27:56.2;27:56.2;NULL
812;827;GRANATE MALVA;27:56.2;27:56.2;NULL
813;828;GRANITO GRANITO;27:56.2;27:56.2;NULL
814;834;LAVANDA;27:56.3;27:56.3;NULL
815;835;LAVANDA MICA;27:56.3;27:56.3;NULL
816;836;LILA BLANCO;27:56.3;27:56.3;NULL
817;837;LIRIO AZUL;27:56.3;27:56.3;NULL
818;838;MADERA CENIZA;27:56.3;27:56.3;NULL
819;839;MADERA OSCURO;27:56.3;27:56.3;NULL
820;840;MADERA SANDALO;27:56.3;27:56.3;NULL
821;841;MAGNESIO;27:56.3;27:56.3;NULL
822;842;MERCURIO PLATA;27:56.3;27:56.3;NULL
823;843;METALICO MARRON OSCURO;27:56.3;27:56.3;NULL
824;844;MOJAVE MIST;27:56.3;27:56.3;NULL
825;845;MORA OSCURO;27:56.3;27:56.3;NULL
826;846;NAPLES GOLD;27:56.3;27:56.3;NULL
827;847;NIAGARA TURQUEZA;27:56.3;27:56.3;NULL
828;848;NIAGARA MARFIL;27:56.4;27:56.4;NULL
829;849;NIQUEL;27:56.4;27:56.4;NULL
830;850;NOBLE WHITE;27:56.4;27:56.4;NULL
831;851;OCRE DAMASCO;27:56.4;27:56.4;NULL
832;852;OCRE MOSTAZA;27:56.4;27:56.4;NULL
833;853;OCRE OSCURO;27:56.4;27:56.4;NULL
834;854;OCRE NEGRO;27:56.4;27:56.4;NULL
835;855;OLIVA;27:56.4;27:56.4;NULL
836;856;OLIVA SELVA;27:56.4;27:56.4;NULL
837;857;OLIVA BEIGE;27:56.5;27:56.5;NULL
838;858;OLIVA Y MARFIL;27:56.5;27:56.5;NULL
839;859;OPAL METALIZADO;27:56.5;27:56.5;NULL
840;860;ORANGE GOLD;27:56.5;27:56.5;NULL
841;861;PARDO DORADO;27:56.5;27:56.5;NULL
842;862;PASTEL BLANCO;27:56.5;27:56.5;NULL
843;863;PASTEL BLANCO BANQUISE;27:56.5;27:56.5;NULL
844;864;PASTEL NEGRO ONIX;27:56.5;27:56.5;NULL
845;865;PLATA CRYOLITE;27:56.5;27:56.5;NULL
846;866;PLATA STARLIGHT;27:56.5;27:56.5;NULL
847;867;PLATA / PLATA QUEENS;27:56.5;27:56.5;NULL
848;869;PLATA AHUMADO METALIZADO;27:56.5;27:56.5;NULL
849;870;PLATA ALUMINICA;27:56.5;27:56.5;NULL
850;871;PLATA ARABE;27:56.6;27:56.6;NULL
851;872;PLATA ARENA;27:56.6;27:56.6;NULL
852;873;PLATA ARIAL;27:56.6;27:56.6;NULL
853;874;PLATA ASTRO;27:56.6;27:56.6;NULL
854;875;PLATA ASTRO METALIZADA;27:56.6;27:56.6;NULL
855;876;PLATA AUTENTICO;27:56.6;27:56.6;NULL
856;877;PLATA AZULADO;27:56.6;27:56.6;NULL
857;878;PLATA AZULOSO METALICO;27:56.6;27:56.6;NULL
858;879;PLATA BLANCO;27:56.6;27:56.6;NULL
859;880;PLATA CASHEMERE;27:56.6;27:56.6;NULL
860;881;PLATA CASIMIR;27:56.6;27:56.6;NULL
861;882;PLATA CENIZA;27:56.6;27:56.6;NULL
862;883;PLATA CLARO;27:56.6;27:56.6;NULL
863;884;PLATA COOL;27:56.6;27:56.6;NULL
864;885;PLATA COOL GRIS;27:56.6;27:56.6;NULL
865;886;PLATA CRISTAL;27:56.6;27:56.6;NULL
866;887;PLATA DESTELLANTE;27:56.6;27:56.6;NULL
867;888;PLATA ELEGANTE;27:56.7;27:56.7;NULL
868;889;PLATA ESCUNA;27:56.7;27:56.7;NULL
869;890;PLATA EXTRACTO;27:56.7;27:56.7;NULL
870;891;PLATA FINA;27:56.7;27:56.7;NULL
871;892;PLATA FRESCO;27:56.7;27:56.7;NULL
872;893;PLATA FRESCO GRIS OSCURO;27:56.7;27:56.7;NULL
873;894;PLATA GALACTICO;27:56.7;27:56.7;NULL
874;895;PLATA GRANITO;27:56.7;27:56.7;NULL
875;896;PLATA GRIS OSCURO;27:56.7;27:56.7;NULL
876;897;PLATA GRIS AZUL MARINO;27:56.7;27:56.7;NULL
877;898;PLATA GRISACEO;27:56.7;27:56.7;NULL
878;899;PLATA IMPERIAL;27:56.7;27:56.7;NULL
879;900;PLATA INDIGO;27:56.7;27:56.7;NULL
880;901;PLATA INTENSO;27:56.7;27:56.7;NULL
881;902;PLATA LA GUARDIA;27:56.7;27:56.7;NULL
882;903;PLATA LIGHT;27:56.7;27:56.7;NULL
883;904;PLATA LIMPIA;27:56.7;27:56.7;NULL
884;905;PLATA MERCURIO METALIZADO;27:56.7;27:56.7;NULL
885;906;PLATA METAL;27:56.7;27:56.7;NULL
886;908;PLATA METEORO;27:56.7;27:56.7;NULL
887;909;PLATA MICA;27:56.8;27:56.8;NULL
888;910;PLATA NACAR;27:56.8;27:56.8;NULL
889;911;PLATA NEUTRAL;27:56.8;27:56.8;NULL
890;912;PLATA NIQUEL GRIS PLOMO METALIZADO;27:56.8;27:56.8;NULL
891;913;PLATA NIQUEL GRIS PLOMO;27:56.8;27:56.8;NULL
892;914;PLATA NUBE;27:56.8;27:56.8;NULL
893;915;PLATA NUEVO;27:56.8;27:56.8;NULL
894;916;PLATA OCASO;27:56.8;27:56.8;NULL
895;917;PLATA ORQUIDEA;27:56.8;27:56.8;NULL
896;918;PLATA PASTEL;27:56.8;27:56.8;NULL
897;919;PLATA PERLADO METALIZADO;27:56.8;27:56.8;NULL
898;920;PLATA PERLECENTE;27:56.8;27:56.8;NULL
899;921;PLATA PLATA QUEENS;27:56.8;27:56.8;NULL
900;922;PLATA REFLEJO;27:56.8;27:56.8;NULL
901;923;PLATA REFLEX;27:56.8;27:56.8;NULL
902;924;PLATA REGENT;27:56.8;27:56.8;NULL
903;925;PLATA SANDSTONE;27:56.8;27:56.8;NULL
904;926;PLATA SATIN;27:56.8;27:56.8;NULL
905;927;PLATA SATINADO;27:56.8;27:56.8;NULL
906;928;PLATA SEBRING;27:56.8;27:56.8;NULL
907;929;PLATA SHORELINE;27:56.9;27:56.9;NULL
908;930;PLATA SIERRA METALIZADO;27:56.9;27:56.9;NULL
909;931;PLATA STARLIGHT METALICO;27:56.9;27:56.9;NULL
910;932;PLATA SYMPHONIC;27:56.9;27:56.9;NULL
911;933;PLATA TECNO;27:56.9;27:56.9;NULL
912;934;PLATA TITAN;27:56.9;27:56.9;NULL
913;935;PLATA TITANIUM;27:56.9;27:56.9;NULL
914;936;PLATA TOPAZ;27:56.9;27:56.9;NULL
915;937;PLATA VEGA;27:56.9;27:56.9;NULL
916;938;PLATA VIEJA;27:56.9;27:56.9;NULL
917;939;PLATA VINOTINTO;27:56.9;27:56.9;NULL
918;940;PLATA WARM;27:56.9;27:56.9;NULL
919;941;PLATA ROJO VINO;27:56.9;27:56.9;NULL
920;942;PLATA/AZUL;27:56.9;27:56.9;NULL
921;943;PLATA/GRIS;27:56.9;27:56.9;NULL
922;944;PLATINIUM;27:56.9;27:56.9;NULL
923;945;PLOMO PERLADO;27:56.9;27:56.9;NULL
924;946;PURPURA;27:56.9;27:56.9;NULL
925;947;PURPURA METALIZADO;27:56.9;27:56.9;NULL
926;948;RIO TOMATO MICA;27:57.0;27:57.0;NULL
927;949;ROSA AMABLE;27:57.0;27:57.0;NULL
928;950;ROSA AMABLE MICA;27:57.0;27:57.0;NULL
929;951;ROYAL WINE;27:57.0;27:57.0;NULL
930;952;RUBINO;27:57.0;27:57.0;NULL
931;953;RUBINO METALIZADO;27:57.0;27:57.0;NULL
932;954;SALMON BLANCO NIQUEL;27:57.0;27:57.0;NULL
933;955;SILVER LINNING;27:57.0;27:57.0;NULL
934;956;SOLAR PLATA;27:57.0;27:57.0;NULL
935;957;STEEL GRAY;27:57.0;27:57.0;NULL
936;958;SUPER BLANCO;27:57.0;27:57.0;NULL
937;959;SUPER PLATA;27:57.0;27:57.0;NULL
938;960;SUPER ROJO;27:57.0;27:57.0;NULL
939;961;TANGERINE;27:57.0;27:57.0;NULL
940;962;TEAL GREEN;27:57.0;27:57.0;NULL
941;963;TECHNO SILVER;27:57.0;27:57.0;NULL
942;964;TITANIUM;27:57.0;27:57.0;NULL
943;965;TOMATO MICA;27:57.1;27:57.1;NULL
944;966;TOPACIO;27:57.1;27:57.1;NULL
945;967;TUGSTENO METALIZADO;27:57.1;27:57.1;NULL
946;968;TURQUESA DEL CARIBE;27:57.1;27:57.1;NULL
947;969;TURQUESA METALICO;27:57.1;27:57.1;NULL
948;970;TURQUESA MICA;27:57.1;27:57.1;NULL
949;971;ULTRA PLATA;27:57.1;27:57.1;NULL
950;972;UVA DORADO;27:57.1;27:57.1;NULL
951;973;UVA METALIZADO;27:57.1;27:57.1;NULL
952;974;UVA OSCURO METALIZADO;27:57.1;27:57.1;NULL
953;975;UVA NEGRO;27:57.1;27:57.1;NULL
954;976;VINO;27:57.1;27:57.1;NULL
955;977;VINO BEIGE;27:57.2;27:57.2;NULL
956;978;VINO GRIS;27:57.2;27:57.2;NULL
957;979;VINO METALIZADO;27:57.2;27:57.2;NULL
958;980;VINO PERLECENTE METALIZADO;27:57.2;27:57.2;NULL
959;981;VINO PLOMO;27:57.2;27:57.2;NULL
960;982;VINO TINTO DORADO;27:57.2;27:57.2;NULL
961;983;VINO TINTO PLATEADO;27:57.2;27:57.2;NULL
962;984;VIOLETA BLANCO;27:57.2;27:57.2;NULL
963;985;VIOLETA CAMALEON;27:57.2;27:57.2;NULL
964;986;VIOLETA ESPECIAL;27:57.2;27:57.2;NULL
965;987;VIOLETA INGO;27:57.2;27:57.2;NULL
966;988;VIOLETA METALIZADO;27:57.2;27:57.2;NULL
967;989;VIOLETA PALIDO;27:57.2;27:57.2;NULL
968;990;VIOLETA PERSA;27:57.2;27:57.2;NULL
969;991;VIOLETA ROSSETTI;27:57.2;27:57.2;NULL
970;992;VIOLETA AMARILLO;27:57.2;27:57.2;NULL
971;993;VIOLETA CROMO;27:57.2;27:57.2;NULL
972;994;WINDSOR UVA;27:57.2;27:57.2;NULL
973;995;ZANAHORIA;27:57.2;27:57.2;NULL
974;996;ZANAHORIA BLANCO;27:57.2;27:57.2;NULL
975;997;MANDARINA;27:57.2;27:57.2;NULL
976;1000;AGUAMARINA MARFIL;27:57.2;27:57.2;NULL
977;1001;ALTAI SILVER;27:57.2;27:57.2;NULL
978;1002;ALUMINIO SATINADO MEDIO;27:57.2;27:57.2;NULL
979;1003;AMARILLO AGUILA;27:57.3;27:57.3;NULL
980;1004;AMARILLO AMARILLO NEGRO;27:57.3;27:57.3;NULL
981;1005;AMARILLO ANARANJADO;27:57.3;27:57.3;NULL
982;1006;AMARILLO ARCE;27:57.3;27:57.3;NULL
983;1007;AMARILLO AZUL;27:57.3;27:57.3;NULL
984;1008;AMARILLO AZUL BLANCO;27:57.3;27:57.3;NULL
985;1009;AMARILLO AZUL CREMA;27:57.3;27:57.3;NULL
986;1010;AMARILLO AZUL GRIS;27:57.3;27:57.3;NULL
987;1011;AMARILLO AZUL MARFIL;27:57.3;27:57.3;NULL
988;1012;AMARILLO AZUL ROJO;27:57.3;27:57.3;NULL
989;1013;AMARILLO AZUL TURQUI;27:57.3;27:57.3;NULL
990;1014;AMARILLO BAMBOO;27:57.3;27:57.3;NULL
991;1015;AMARILLO BLANCO;27:57.3;27:57.3;NULL
992;1016;AMARILLO BLANCO AZUL;27:57.3;27:57.3;NULL
993;1017;AMARILLO BLANCO CREMA;27:57.3;27:57.3;NULL
994;1018;AMARILLO BLANCO GRIS;27:57.3;27:57.3;NULL
995;1019;AMARILLO BLANCO NEGRO;27:57.3;27:57.3;NULL
996;1020;AMARILLO BLANCO ROJO;27:57.3;27:57.3;NULL
997;1021;AMARILLO BLANCO VERDE;27:57.3;27:57.3;NULL
998;1022;AMARILLO BORDES NEGRO;27:57.3;27:57.3;NULL
999;1023;AMARILLO CAFE;28:54.8;28:54.8;NULL
1000;1024;AMARILLO CHAMPAÑA;28:54.8;28:54.8;NULL
1001;1025;AMARILLO CLARO;28:54.8;28:54.8;NULL
1002;1026;AMARILLO CLARO AMARILLO;28:54.8;28:54.8;NULL
1003;1027;AMARILLO COLONIAL;28:54.8;28:54.8;NULL
1004;1028;AMARILLO CREMA;28:54.8;28:54.8;NULL
1005;1030;AMARILLO CREMA AZUL;28:54.8;28:54.8;NULL
1006;1031;AMARILLO CREMA MARFIL;28:54.8;28:54.8;NULL
1007;1032;AMARILLO CREMA ROJO;28:54.8;28:54.8;NULL
1008;1033;AMARILLO CREMA VERDE;28:54.8;28:54.8;NULL
1009;1034;AMARILLO CROMADO;28:54.8;28:54.8;NULL
1010;1035;AMARILLO CROMO;28:54.8;28:54.8;NULL
1011;1037;AMARILLO DESIERTO;28:54.8;28:54.8;NULL
1012;1038;AMARILLO DESTELLO;28:54.9;28:54.9;NULL
1013;1039;AMARILLO DORADO NIQUEL;28:54.9;28:54.9;NULL
1014;1040;AMARILLO ELECAR;28:54.9;28:54.9;NULL
1015;1041;AMARILLO ELECTRICO;28:54.9;28:54.9;NULL
1016;1042;AMARILLO ENELVEN;28:54.9;28:54.9;NULL
1017;1043;AMARILLO EXPLOIT;28:54.9;28:54.9;NULL
1018;1044;AMARILLO FORMULA;28:54.9;28:54.9;NULL
1019;1045;AMARILLO FUCSIA;28:54.9;28:54.9;NULL
1020;1046;AMARILLO GRIS;28:54.9;28:54.9;NULL
1021;1047;AMARILLO GRIS ROJO;28:54.9;28:54.9;NULL
1022;1048;AMARILLO HABANO;28:54.9;28:54.9;NULL
1023;1049;AMARILLO INDICA;28:54.9;28:54.9;NULL
1024;1050;AMARILLO JAMAICA;28:54.9;28:54.9;NULL
1025;1051;AMARILLO LILA VERDE;28:54.9;28:54.9;NULL
1026;1052;AMARILLO LIMA;28:54.9;28:54.9;NULL
1027;1053;AMARILLO LIMON;28:54.9;28:54.9;NULL
1028;1054;AMARILLO LUNA;28:54.9;28:54.9;NULL
1029;1056;AMARILLO MARFIL;28:54.9;28:54.9;NULL
1030;1057;AMARILLO MARRON;28:54.9;28:54.9;NULL
1031;1058;AMARILLO MATIZ;28:54.9;28:54.9;NULL
1032;1059;AMARILLO MEXICANO;28:54.9;28:54.9;NULL
1033;1060;AMARILLO MOJAVE;28:54.9;28:54.9;NULL
1034;1061;AMARILLO MORADO;28:54.9;28:54.9;NULL
1035;1062;AMARILLO MOSTAZA;28:54.9;28:54.9;NULL
1036;1063;AMARILLO NARANJA;28:54.9;28:54.9;NULL
1037;1064;AMARILLO NARANJA AZUL;28:55.0;28:55.0;NULL
1038;1065;AMARILLO NARANJA NEGRO;28:55.0;28:55.0;NULL
1039;1066;AMARILLO NEGRO;28:55.0;28:55.0;NULL
1040;1067;AMARILLO NEGRO BLANCO;28:55.0;28:55.0;NULL
1041;1068;AMARILLO NEGRO MORADO;28:55.0;28:55.0;NULL
1042;1070;AMARILLO NIQUEL;28:55.0;28:55.0;NULL
1043;1071;AMARILLO OCRE;28:55.0;28:55.0;NULL
1044;1072;AMARILLO OLIVA;28:55.0;28:55.0;NULL
1045;1073;AMARILLO ORO;28:55.0;28:55.0;NULL
1046;1074;AMARILLO ORO BLANCO;28:55.0;28:55.0;NULL
1047;1075;AMARILLO OXON;28:55.0;28:55.0;NULL
1048;1076;AMARILLO PATICO;28:55.0;28:55.0;NULL
1049;1077;AMARILLO PERSEP;28:55.0;28:55.0;NULL
1050;1078;AMARILLO PLATA;28:55.0;28:55.0;NULL
1051;1079;AMARILLO PLATEADO ROJO;28:55.0;28:55.0;NULL
1052;1080;AMARILLO POKER;28:55.0;28:55.0;NULL
1053;1081;AMARILLO RAVENA;28:55.1;28:55.1;NULL
1054;1082;AMARILLO RAYAS NEGRO;28:55.1;28:55.1;NULL
1055;1083;AMARILLO ROJO;28:55.1;28:55.1;NULL
1056;1084;AMARILLO ROJO AZUL;28:55.1;28:55.1;NULL
1057;1085;AMARILLO ROJO BLANCO;28:55.1;28:55.1;NULL
1058;1086;AMARILLO ROJO CREMA;28:55.1;28:55.1;NULL
1059;1087;AMARILLO ROJO GRIS;28:55.1;28:55.1;NULL
1060;1088;AMARILLO ROJO MARFIL;28:55.2;28:55.2;NULL
1061;1089;AMARILLO ROJO MARRON;28:55.2;28:55.2;NULL
1062;1090;AMARILLO ROJO MORADO;28:55.2;28:55.2;NULL
1063;1091;AMARILLO ROJO NARANJA;28:55.2;28:55.2;NULL
1064;1092;AMARILLO ROJO NEGRO;28:55.2;28:55.2;NULL
1065;1093;AMARILLO ROJO VERDE;28:55.2;28:55.2;NULL
1066;1094;AMARILLO ROJO VINOTINTO;28:55.2;28:55.2;NULL
1067;1095;AMARILLO SAFARI;28:55.2;28:55.2;NULL
1068;1096;AMARILLO SAHARA;28:55.2;28:55.2;NULL
1069;1097;AMARILLO SAPOTE MARFIL;28:55.2;28:55.2;NULL
1070;1098;AMARILLO SOLAR;28:55.2;28:55.2;NULL
1071;1099;AMARILLO SPORT;28:55.2;28:55.2;NULL
1072;1100;AMARILLO TAXI;28:55.3;28:55.3;NULL
1073;1101;AMARILLO TAXI SOLIDO;28:55.3;28:55.3;NULL
1074;1102;AMARILLO TORNASOL;28:55.3;28:55.3;NULL
1075;1103;AMARILLO TRANSITO;28:55.3;28:55.3;NULL
1076;1104;AMARILLO VERDE;28:55.3;28:55.3;NULL
1077;1105;AMARILLO VERDE AZUL;28:55.3;28:55.3;NULL
1078;1106;AMARILLO VERDE BLANCO;28:55.3;28:55.3;NULL
1079;1107;AMARILLO VERDE CREMA;28:55.3;28:55.3;NULL
1080;1108;AMARILLO VERDE LILA;28:55.3;28:55.3;NULL
1081;1109;AMARILLO VERDE NARANJA;28:55.4;28:55.4;NULL
1082;1110;AMARILLO VERDE NEGRO;28:55.4;28:55.4;NULL
1083;1111;AMARILLO VERDE ROJO;28:55.4;28:55.4;NULL
1084;1112;AMARILLO VINOTINTO ROJO;28:55.4;28:55.4;NULL
1085;1113;AMARILLO VIOLETA;28:55.4;28:55.4;NULL
1086;1114;AMARILLO ZAPOTE AZUL;28:55.4;28:55.4;NULL
1087;1115;AMARILLO ZAPOTE CAFE;28:55.4;28:55.4;NULL
1088;1116;AMARILLO ZAPOTE MARFIL;28:55.4;28:55.4;NULL
1090;1118;AZUL 2 TONOS BLANCO;28:55.4;28:55.4;NULL
1091;1119;AZUL 2 TONOS MARFIL;28:55.5;28:55.5;NULL
1092;1120;AZUL 2 TONOS;28:55.5;28:55.5;NULL
1093;1121;AZUL ABSOL;28:55.5;28:55.5;NULL
1094;1122;AZUL ABSOLUTO;28:55.5;28:55.5;NULL
1095;1123;AZUL ACERADO;28:55.5;28:55.5;NULL
1096;1124;AZUL ACERO;28:55.5;28:55.5;NULL
1097;1125;AZUL ACUEDUCTO;28:55.5;28:55.5;NULL
1098;1126;AZUL AGUAMARINA;28:55.5;28:55.5;NULL
1099;1127;AZUL AGUAMARINA VERDE;28:55.5;28:55.5;NULL
1100;1128;AZUL ALASKA;28:55.5;28:55.5;NULL
1101;1129;AZUL ALHUCEMA;28:55.5;28:55.5;NULL
1102;1130;AZUL ALICANTE;28:55.5;28:55.5;NULL
1103;1131;AZUL ALIVE;28:55.5;28:55.5;NULL
1104;1132;AZUL ALLEGRO;28:55.5;28:55.5;NULL
1105;1133;AZUL ALUMINIUM;28:55.5;28:55.5;NULL
1106;1134;AZUL AMARILLO;28:55.5;28:55.5;NULL
1107;1135;AZUL AMARILLO BLANCO;28:55.6;28:55.6;NULL
1108;1136;AZUL AMARILLO CREMA;28:55.6;28:55.6;NULL
1109;1137;AZUL AMARILLO NARANJA;28:55.6;28:55.6;NULL
1110;1138;AZUL AMARILLO ROJO;28:55.6;28:55.6;NULL
1111;1139;AZUL AMARILLO VERDE;28:55.6;28:55.6;NULL
1112;1140;AZUL AMATISTA GRIS;28:55.6;28:55.6;NULL
1113;1141;AZUL AMAZONAS;28:55.6;28:55.6;NULL
1114;1142;AZUL ANARANJADO GRIS;28:55.6;28:55.6;NULL
1115;1143;AZUL ANTARES;28:55.7;28:55.7;NULL
1116;1144;AZUL ANTRACITA;28:55.7;28:55.7;NULL
1117;1145;AZUL AQUA;28:55.7;28:55.7;NULL
1118;1146;AZUL AQUA TINT;28:55.7;28:55.7;NULL
1119;1147;AZUL ARRECIFE;28:55.7;28:55.7;NULL
1120;1148;AZUL ARRIBO;28:55.7;28:55.7;NULL
1121;1149;AZUL ARTICO;28:55.7;28:55.7;NULL
1122;1150;AZUL ASPEN;28:55.7;28:55.7;NULL
1123;1151;AZUL ASTHENES;28:55.7;28:55.7;NULL
1124;1152;AZUL ASTRAL;28:55.7;28:55.7;NULL
1125;1154;AZUL ATLANTICO BLANCO;28:55.7;28:55.7;NULL
1126;1155;AZUL ATLANTA;28:55.7;28:55.7;NULL
1127;1156;AZUL ATOLON;28:55.7;28:55.7;NULL
1128;1157;AZUL AURORA;28:55.7;28:55.7;NULL
1129;1158;AZUL AUSTRAL;28:55.8;28:55.8;NULL
1130;1159;AZUL AZAFATE MOSTAZA;28:55.8;28:55.8;NULL
1131;1160;AZUL AZAFRAN;28:55.8;28:55.8;NULL
1132;1161;AZUL BAHAMAS;28:55.8;28:55.8;NULL
1133;1162;AZUL BALTICO;28:55.8;28:55.8;NULL
1134;1163;AZUL BAVARO;28:55.8;28:55.8;NULL
1135;1164;AZUL BEIGE FRASER;28:55.8;28:55.8;NULL
1136;1165;AZUL BIZCAIA;28:55.8;28:55.8;NULL
1137;1166;AZUL BLANCO;28:55.8;28:55.8;NULL
1138;1167;AZUL BLANCO AMARILLO;28:55.8;28:55.8;NULL
1139;1168;AZUL BLANCO ARCO;28:55.8;28:55.8;NULL
1140;1169;AZUL BLANCO BERMELLON;28:55.8;28:55.8;NULL
1141;1170;AZUL BLANCO CON FRANJAS;28:55.8;28:55.8;NULL
1142;1171;AZUL BLANCO MARFIL;28:55.8;28:55.8;NULL
1143;1172;AZUL BLANCO NARANJA;28:55.8;28:55.8;NULL
1144;1173;AZUL BLANCO NEGRO;28:55.8;28:55.8;NULL
1145;1174;AZUL BLANCO ROJO;28:55.8;28:55.8;NULL
1146;1175;AZUL BLANCO VERDE;28:55.8;28:55.8;NULL
1147;1176;AZUL BOTERO;28:55.8;28:55.8;NULL
1148;1177;AZUL BRISA;28:55.8;28:55.8;NULL
1149;1178;AZUL BRONCE;28:55.9;28:55.9;NULL
1150;1179;AZUL BRUMA BLANCO;28:55.9;28:55.9;NULL
1151;1180;AZUL BRUMA GRIS;28:55.9;28:55.9;NULL
1152;1181;AZUL BRUMA MARFIL;28:55.9;28:55.9;NULL
1153;1182;AZUL BRUMOSO;28:55.9;28:55.9;NULL
1154;1183;AZUL BUCKINGHAM;28:55.9;28:55.9;NULL
1155;1184;AZUL BUZIOS;28:55.9;28:55.9;NULL
1156;1185;AZUL CAFE;28:55.9;28:55.9;NULL
1157;1186;AZUL CANAL;28:55.9;28:55.9;NULL
1158;1187;AZUL CAPTIVA;28:55.9;28:55.9;NULL
1159;1188;AZUL CARCETA MICA;28:55.9;28:55.9;NULL
1160;1189;AZUL CASCADA;28:55.9;28:55.9;NULL
1161;1190;AZUL CATALINA;28:55.9;28:55.9;NULL
1162;1191;AZUL CELEDON MICA;28:55.9;28:55.9;NULL
1163;1192;AZUL CEPHEUS;28:55.9;28:55.9;NULL
1164;1193;AZUL CERCETA;28:55.9;28:55.9;NULL
1165;1194;AZUL CERCETA MICA;28:55.9;28:55.9;NULL
1166;1195;AZUL CHAMPAÑA;28:55.9;28:55.9;NULL
1167;1196;AZUL CHAYAN;28:55.9;28:55.9;NULL
1168;1197;AZUL CIELO AZUL 2 TONOS;28:56.0;28:56.0;NULL
1169;1198;AZUL CLARO AZUL OSCURO;28:56.0;28:56.0;NULL
1170;1199;AZUL CLARO BLANCO;28:56.0;28:56.0;NULL
1171;1200;AZUL CLARO DE LUNA;28:56.0;28:56.0;NULL
1172;1201;AZUL CLARO GRIS;28:56.0;28:56.0;NULL
1173;1202;AZUL CLARO HABANO;28:56.0;28:56.0;NULL
1174;1203;AZUL CLARO MARFIL;28:56.0;28:56.0;NULL
1175;1204;AZUL CLARO MARRON;28:56.0;28:56.0;NULL
1176;1205;AZUL CLARO OSCURO;28:56.0;28:56.0;NULL
1177;1206;AZUL CLARO ROJO;28:56.0;28:56.0;NULL
1178;1207;AZUL CLASICO;28:56.0;28:56.0;NULL
1179;1208;AZUL COLONIAL;28:56.0;28:56.0;NULL
1180;1209;AZUL CONSTELACION;28:56.0;28:56.0;NULL
1181;1210;AZUL CORCEGA;28:56.0;28:56.0;NULL
1182;1211;AZUL CREMA;28:56.1;28:56.1;NULL
1183;1212;AZUL CREMA METALIZADO;28:56.1;28:56.1;NULL
1184;1213;AZUL CREMA AMARILLO;28:56.1;28:56.1;NULL
1185;1214;AZUL CREMA NARANJA;28:56.1;28:56.1;NULL
1186;1215;AZUL CREMA PLATEADO;28:56.1;28:56.1;NULL
1187;1216;AZUL CREMA ROJO;28:56.1;28:56.1;NULL
1188;1217;AZUL CREPUSCULO;28:56.1;28:56.1;NULL
1189;1218;AZUL CRISTAL;28:56.1;28:56.1;NULL
1190;1219;AZUL CROMADO;28:56.1;28:56.1;NULL
1191;1220;AZUL CROMADO MARFIL;28:56.1;28:56.1;NULL
1192;1221;AZUL CROMO;28:56.2;28:56.2;NULL
1193;1222;AZUL CROMO METALIZADO;28:56.2;28:56.2;NULL
1194;1223;AZUL CROMO PLATEADO;28:56.2;28:56.2;NULL
1195;1224;AZUL CURUBA;28:56.2;28:56.2;NULL
1196;1225;AZUL CYCLONE;28:56.2;28:56.2;NULL
1197;1226;AZUL CYPRUS;28:56.2;28:56.2;NULL
1198;1227;AZUL DANES AZUL SUECIA;28:56.2;28:56.2;NULL
1199;1228;AZUL DANES BEIGE;28:56.2;28:56.2;NULL
1200;1229;AZUL DANES BICAPA;28:56.2;28:56.2;NULL
1201;1230;AZUL DANES BLANCO ARTICO;28:56.2;28:56.2;NULL
1202;1231;AZUL DANES BLANCO POLAR;28:56.2;28:56.2;NULL
1203;1232;AZUL DANES PLATA;28:56.2;28:56.2;NULL
1204;1233;AZUL DANES PLATA CENIZA;28:56.2;28:56.2;NULL
1205;1234;AZUL DANUBIO BLANCO;28:56.2;28:56.2;NULL
1206;1235;AZUL DARSENA;28:56.3;28:56.3;NULL
1207;1236;AZUL DE ALASKA;28:56.3;28:56.3;NULL
1208;1237;AZUL DE CHINA;28:56.3;28:56.3;NULL
1209;1238;AZUL DE CHINA ÁLICO;28:56.3;28:56.3;NULL
1210;1239;AZUL DENIM;28:56.3;28:56.3;NULL
1211;1240;AZUL DESTELLO;28:56.3;28:56.3;NULL
1212;1241;AZUL DIAMANTE;28:56.3;28:56.3;NULL
1213;1242;AZUL DORADO;28:56.3;28:56.3;NULL
1214;1243;AZUL DRAVA;28:56.3;28:56.3;NULL
1215;1244;AZUL EGEE;28:56.3;28:56.3;NULL
1216;1245;AZUL EGEU;28:56.3;28:56.3;NULL
1217;1246;AZUL ELECTRICO MICA;28:56.3;28:56.3;NULL
1218;1247;AZUL ELECTRICO OSCURO;28:56.3;28:56.3;NULL
1219;1248;AZUL ELITE;28:56.3;28:56.3;NULL
1220;1249;AZUL ESMERALDA;28:56.3;28:56.3;NULL
1221;1250;AZUL ESPECIAL;28:56.3;28:56.3;NULL
1222;1251;AZUL ETERNO;28:56.3;28:56.3;NULL
1223;1252;AZUL EUROPA;28:56.4;28:56.4;NULL
1224;1253;AZUL EUROPEO;28:56.5;28:56.5;NULL
1225;1254;AZUL EXTREME;28:56.5;28:56.5;NULL
1226;1255;AZUL FAC;28:56.5;28:56.5;NULL
1227;1256;AZUL FIDJI;28:56.5;28:56.5;NULL
1228;1257;AZUL FIRMAMENTO;28:56.5;28:56.5;NULL
1229;1258;AZUL FLOP;28:56.5;28:56.5;NULL
1230;1259;AZUL FRANCIA;28:56.5;28:56.5;NULL
1231;1260;AZUL FROST;28:56.5;28:56.5;NULL
1232;1261;AZUL GALAXIA;28:56.5;28:56.5;NULL
1233;1262;AZUL GALES;28:56.6;28:56.6;NULL
1234;1263;AZUL GAVIOTA;28:56.6;28:56.6;NULL
1235;1264;AZUL GAVIOTA GRIS NEBLINA;28:56.6;28:56.6;NULL
1236;1265;AZUL GEMA;28:56.6;28:56.6;NULL
1237;1267;AZUL GEMINIS;28:56.6;28:56.6;NULL
1238;1268;AZUL GLACIAL;28:56.6;28:56.6;NULL
1239;1269;AZUL GOLFO;28:56.6;28:56.6;NULL
1240;1270;AZUL GRAFITO;28:56.6;28:56.6;NULL
1241;1271;AZUL GRAN PAVOIS;28:56.6;28:56.6;NULL
1242;1272;AZUL GRIS;28:56.6;28:56.6;NULL
1243;1273;AZUL GRIS BLANCO;28:56.6;28:56.6;NULL
1244;1274;AZUL GRIS CROMO;28:56.6;28:56.6;NULL
1245;1275;AZUL GRIS MARFIL;28:56.6;28:56.6;NULL
1246;1276;AZUL GRIS OSCURO;28:56.6;28:56.6;NULL
1247;1277;AZUL GRIS PERLA;28:56.6;28:56.6;NULL
1248;1278;AZUL GRIS PLATA;28:56.7;28:56.7;NULL
1249;1279;AZUL GRIS PLATEADO;28:56.7;28:56.7;NULL
1250;1280;AZUL GRIS ROJO;28:56.7;28:56.7;NULL
1251;1281;AZUL GRISACEO;28:56.7;28:56.7;NULL
1252;1282;AZUL GRISOSO;28:56.7;28:56.7;NULL
1253;1283;AZUL GRISOSO PERLA;28:56.7;28:56.7;NULL
1254;1284;AZUL HABANO;28:56.7;28:56.7;NULL
1255;1285;AZUL HABANO ZAPOTE;28:56.7;28:56.7;NULL
1256;1286;AZUL HARVARD;28:56.7;28:56.7;NULL
1257;1287;AZUL HERALDIC;28:56.7;28:56.7;NULL
1258;1288;AZUL HERARDI;28:56.7;28:56.7;NULL
1259;1289;AZUL HIELO;28:56.7;28:56.7;NULL
1260;1290;AZUL ICARAI;28:56.7;28:56.7;NULL
1261;1291;AZUL ICEBERG;28:56.7;28:56.7;NULL
1262;1292;AZUL ICECELLE;28:56.7;28:56.7;NULL
1263;1293;AZUL ILHEUS;28:56.7;28:56.7;NULL
1264;1294;AZUL IMPERIAL BLANCO;28:56.7;28:56.7;NULL
1265;1295;AZUL IMPERIO;28:56.7;28:56.7;NULL
1266;1296;AZUL IMPERIO MICA;28:56.8;28:56.8;NULL
1267;1297;AZUL INDIGO GRIS OSCURO;28:56.8;28:56.8;NULL
1268;1298;AZUL INTENSO;28:56.8;28:56.8;NULL
1269;1299;AZUL IRIS;28:56.8;28:56.8;NULL
1270;1300;AZUL ITAJAI TAHITI;28:56.8;28:56.8;NULL
1271;1301;AZUL JAZZ;28:56.8;28:56.8;NULL
1272;1302;AZUL JEAN;28:56.8;28:56.8;NULL
1273;1303;AZUL JUPITER;28:56.8;28:56.8;NULL
1274;1304;AZUL KASHMIR;28:56.8;28:56.8;NULL
1275;1305;AZUL LASER;28:56.8;28:56.8;NULL
1276;1306;AZUL LAZULI;28:56.8;28:56.8;NULL
1277;1307;AZUL LAZURITA;28:56.8;28:56.8;NULL
1278;1308;AZUL LILA;28:56.8;28:56.8;NULL
1279;1309;AZUL LIMON;28:56.8;28:56.8;NULL
1280;1310;AZUL LINA;28:56.8;28:56.8;NULL
1281;1311;AZUL LION;28:56.8;28:56.8;NULL
1282;1312;AZUL LOBELIA;28:56.8;28:56.8;NULL
1283;1313;AZUL LUCIA;28:56.8;28:56.8;NULL
1284;1314;AZUL LUZ DE LUNA;28:56.8;28:56.8;NULL
1285;1315;AZUL MADERA;28:56.8;28:56.8;NULL
1286;1316;AZUL MALVA;28:56.9;28:56.9;NULL
1287;1317;AZUL MANDARIN;28:56.9;28:56.9;NULL
1288;1318;AZUL MANITOBA;28:56.9;28:56.9;NULL
1289;1319;AZUL MAR;28:56.9;28:56.9;NULL
1290;1320;AZUL MARFIL;28:56.9;28:56.9;NULL
1291;1322;AZUL MARFIL AMARILLO;28:56.9;28:56.9;NULL
1292;1323;AZUL MARFIL NEGRO;28:56.9;28:56.9;NULL
1293;1324;AZUL MARFIL ROJO;28:56.9;28:56.9;NULL
1294;1325;AZUL MARIANA;28:56.9;28:56.9;NULL
1295;1327;AZUL MARINO BLANCO;28:56.9;28:56.9;NULL
1296;1328;AZUL MARINO GRIS;28:56.9;28:56.9;NULL
1297;1329;AZUL MARINO GRIS PLOMO;28:56.9;28:56.9;NULL
1298;1330;AZUL MARINO NEGRO;28:56.9;28:56.9;NULL
1299;1331;AZUL MARITIMO;28:56.9;28:56.9;NULL
1300;1332;AZUL MARRON AMARILLO;28:56.9;28:56.9;NULL
1301;1333;AZUL MAURITIUS;28:56.9;28:56.9;NULL
1302;1334;AZUL MEDIANO;28:56.9;28:56.9;NULL
1303;1335;AZUL MEDIANOCHE;28:57.0;28:57.0;NULL
1304;1336;AZUL MEDIO;28:57.0;28:57.0;NULL
1305;1337;AZUL MEDIO MICA;28:57.0;28:57.0;NULL
1306;1338;AZUL METHYL;28:57.0;28:57.0;NULL
1307;1339;AZUL METRO;28:57.0;28:57.0;NULL
1308;1340;AZUL MICA GRIS;28:57.0;28:57.0;NULL
1309;1341;AZUL MICA PLATA;28:57.0;28:57.0;NULL
1310;1342;AZUL MILENIO;28:57.0;28:57.0;NULL
1311;1343;AZUL MISTICO;28:57.0;28:57.0;NULL
1312;1344;AZUL MONTEBELLO;28:57.0;28:57.0;NULL
1313;1345;AZUL MOONLIGTH PLATA;28:57.0;28:57.0;NULL
1314;1346;AZUL MORADO AMARILLO;28:57.0;28:57.0;NULL
1315;1347;AZUL MOSTAZA;28:57.0;28:57.0;NULL
1316;1348;AZUL MYSTIC;28:57.0;28:57.0;NULL
1317;1349;AZUL NARANJA;28:57.1;28:57.1;NULL
1318;1350;AZUL NARANJA BLANCO;28:57.1;28:57.1;NULL
1319;1351;AZUL NARANJA CREMA;28:57.1;28:57.1;NULL
1320;1352;AZUL NARANJA GRIS;28:57.1;28:57.1;NULL
1321;1353;AZUL NARANJA PLATEADO;28:57.1;28:57.1;NULL
1322;1354;AZUL NARES;28:57.1;28:57.1;NULL
1323;1355;AZUL NASA;28:57.1;28:57.1;NULL
1324;1356;AZUL NAVAJO;28:57.1;28:57.1;NULL
1325;1357;AZUL NAVAJO BLANCO;28:57.1;28:57.1;NULL
1326;1358;AZUL NAVONA;28:57.1;28:57.1;NULL
1327;1359;AZUL NEBLINA;28:57.1;28:57.1;NULL
1328;1360;AZUL NEGRO;28:57.2;28:57.2;NULL
1329;1361;AZUL NEGRO PLATEADO;28:57.2;28:57.2;NULL
1330;1362;AZUL NEGRUSCO;28:57.2;28:57.2;NULL
1331;1363;AZUL NEON;28:57.2;28:57.2;NULL
1332;1364;AZUL NEW;28:57.2;28:57.2;NULL
1333;1365;AZUL NIPHEA;28:57.2;28:57.2;NULL
1334;1366;AZUL NIQUEL;28:57.2;28:57.2;NULL
1335;1368;AZUL NOCHE;28:57.2;28:57.2;NULL
1336;1369;AZUL NOCTURNO BLANCO;28:57.2;28:57.2;NULL
1337;1370;AZUL NORDICO;28:57.2;28:57.2;NULL
1338;1371;AZUL NORMANDI;28:57.2;28:57.2;NULL
1339;1372;AZUL OCEAN;28:57.3;28:57.3;NULL
1340;1373;AZUL OCEANO;28:57.3;28:57.3;NULL
1341;1374;AZUL OCEANO INTENSO;28:57.3;28:57.3;NULL
1342;1375;AZUL ODISEA;28:57.3;28:57.3;NULL
1343;1376;AZUL ONIX;28:57.3;28:57.3;NULL
1344;1377;AZUL ONIX MICA;28:57.3;28:57.3;NULL
1345;1378;AZUL ORIENTAL;28:57.3;28:57.3;NULL
1346;1379;AZUL ORINOCO;28:57.3;28:57.3;NULL
1347;1380;AZUL OSCURO AZUL CLARO;28:57.3;28:57.3;NULL
1348;1381;AZUL OSCURO BEIGE;28:57.3;28:57.3;NULL
1349;1382;AZUL OSCURO BLANCO;28:57.3;28:57.3;NULL
1350;1383;AZUL OSCURO CLARO;28:57.3;28:57.3;NULL
1351;1384;AZUL OSCURO MARFIL;28:57.3;28:57.3;NULL
1352;1385;AZUL OSCURO MICA;28:57.3;28:57.3;NULL
1353;1386;AZUL OSCURO PLATEADO BLANCO;28:57.3;28:57.3;NULL
1354;1387;AZUL OSCURO ROJO;28:57.3;28:57.3;NULL
1355;1388;AZUL OSCURO VERDE CLARO;28:57.3;28:57.3;NULL
1356;1389;AZUL OSCURO ZAFIRO;28:57.3;28:57.3;NULL
1357;1390;AZUL OSSY;28:57.3;28:57.3;NULL
1358;1391;AZUL OTOMAN;28:57.3;28:57.3;NULL
1359;1392;AZUL PACIFICO STRATO PERLA;28:57.4;28:57.4;NULL
1360;1393;AZUL PANTONE;28:57.4;28:57.4;NULL
1361;1394;AZUL PARIA;28:57.4;28:57.4;NULL
1362;1395;AZUL PASTEL;28:57.4;28:57.4;NULL
1363;1396;AZUL PATRIOTA;28:57.4;28:57.4;NULL
1364;1397;AZUL PERFECTO;28:57.4;28:57.4;NULL
1365;1399;AZUL PERSEUS;28:57.4;28:57.4;NULL
1366;1400;AZUL PETROL;28:57.4;28:57.4;NULL
1367;1401;AZUL PLANO;28:57.4;28:57.4;NULL
1368;1403;AZUL PLATA;28:57.4;28:57.4;NULL
1369;1404;AZUL PLATA QUEENS;28:57.4;28:57.4;NULL
1370;1406;AZUL PLATEADO;28:57.4;28:57.4;NULL
1371;1407;AZUL PLATEADO BLANCO;28:57.4;28:57.4;NULL
1372;1408;AZUL PLATEADO NARANJA;28:57.4;28:57.4;NULL
1373;1409;AZUL PLATEADO ROJO;28:57.4;28:57.4;NULL
1374;1410;AZUL PLAYUELA;28:57.4;28:57.4;NULL
1375;1411;AZUL PLOMO;28:57.4;28:57.4;NULL
1376;1412;AZUL PLOMO BLANCO;28:57.4;28:57.4;NULL
1377;1413;AZUL PLOMO MARFIL;28:57.5;28:57.5;NULL
1378;1414;AZUL PODEROSO;28:57.5;28:57.5;NULL
1379;1415;AZUL POLAR;28:57.5;28:57.5;NULL
1380;1416;AZUL POSEIDON;28:57.5;28:57.5;NULL
1381;1417;AZUL POSEIDON MICA;28:57.5;28:57.5;NULL
1382;1418;AZUL POSTOBON;28:57.5;28:57.5;NULL
1383;1419;AZUL PRISMA;28:57.5;28:57.5;NULL
1384;1420;AZUL PROFUNDO;28:57.5;28:57.5;NULL
1385;1421;AZUL PROTON;28:57.5;28:57.5;NULL
1386;1422;AZUL PROTON PERLA;28:57.5;28:57.5;NULL
1387;1423;AZUL PURPURA;28:57.5;28:57.5;NULL
1388;1424;AZUL RACE;28:57.5;28:57.5;NULL
1389;1425;AZUL RACER;28:57.5;28:57.5;NULL
1390;1426;AZUL REAL;28:57.5;28:57.5;NULL
1391;1427;AZUL RECIFE;28:57.5;28:57.5;NULL
1392;1428;AZUL REGATTA METALIZADO;28:57.5;28:57.5;NULL
1393;1429;AZUL REY;28:57.5;28:57.5;NULL
1394;1430;AZUL ROJIZO;28:57.6;28:57.6;NULL
1395;1431;AZUL ROJO;28:57.6;28:57.6;NULL
1396;1432;AZUL ROJO AMARILLO;28:57.6;28:57.6;NULL
1397;1433;AZUL ROJO BLANCO;28:57.6;28:57.6;NULL
1398;1434;AZUL ROJO CREMA;28:57.6;28:57.6;NULL
1399;1435;AZUL ROJO GRIS;28:57.6;28:57.6;NULL
1400;1436;AZUL ROJO NARANJA;28:57.6;28:57.6;NULL
1401;1437;AZUL ROJO VERDE;28:57.6;28:57.6;NULL
1402;1438;AZUL ROJO VERDE BLANCO;28:57.6;28:57.6;NULL
1403;1439;AZUL ROJO VINOTINTO;28:57.6;28:57.6;NULL
1404;1440;AZUL ROYAL METALIZADO;28:57.6;28:57.6;NULL
1405;1441;AZUL SABER;28:57.6;28:57.6;NULL
1406;1442;AZUL SAJONIA;28:57.6;28:57.6;NULL
1407;1443;AZUL SANTORIN;28:57.6;28:57.6;NULL
1408;1444;AZUL SICODELICAS;28:57.6;28:57.6;NULL
1409;1445;AZUL SIDERAL;28:57.7;28:57.7;NULL
1410;1446;AZUL SIEMENS;28:57.7;28:57.7;NULL
1411;1447;AZUL SIRIUS;28:57.7;28:57.7;NULL
1412;1448;AZUL SOLAR;28:57.7;28:57.7;NULL
1413;1449;AZUL SOMBRA;28:57.7;28:57.7;NULL
1414;1450;AZUL SONICO;28:57.7;28:57.7;NULL
1415;1451;AZUL SPORT;28:57.7;28:57.7;NULL
1416;1452;AZUL STAMBUL;28:57.7;28:57.7;NULL
1417;1453;AZUL SUPER MARINE;28:57.7;28:57.7;NULL
1418;1454;AZUL SUPERSONIC;28:57.7;28:57.7;NULL
1419;1455;AZUL TAHITI;28:57.7;28:57.7;NULL
1420;1456;AZUL TAHITI GRIS;28:57.7;28:57.7;NULL
1421;1457;AZUL TANZANITA;28:57.7;28:57.7;NULL
1422;1458;AZUL TATTOO;28:57.7;28:57.7;NULL
1423;1459;AZUL TAUREK;28:57.7;28:57.7;NULL
1424;1460;AZUL TEAL;28:57.7;28:57.7;NULL
1425;1461;AZUL TEMPESTAD;28:57.8;28:57.8;NULL
1426;1462;AZUL TIANJIN;28:57.8;28:57.8;NULL
1427;1463;AZUL TIN;28:57.8;28:57.8;NULL
1428;1464;AZUL TINTA METALIZADO;28:57.8;28:57.8;NULL
1429;1465;AZUL TITANIO;28:57.8;28:57.8;NULL
1430;1466;AZUL TIVOLI;28:57.8;28:57.8;NULL
1431;1467;AZUL TIZANITA;28:57.8;28:57.8;NULL
1432;1468;AZUL TOPACIO;28:57.8;28:57.8;NULL
1433;1469;AZUL TORNADO;28:57.8;28:57.8;NULL
1434;1470;AZUL TORRENTE;28:57.8;28:57.8;NULL
1435;1471;AZUL TOSSABALU;28:57.8;28:57.8;NULL
1436;1473;AZUL TURQUEZA BLANCO;28:57.8;28:57.8;NULL
1437;1474;AZUL TURQUEZA GRIS;28:57.9;28:57.9;NULL
1438;1475;AZUL TURQUEZA NIAGARA;28:57.9;28:57.9;NULL
1439;1476;AZUL TURQUI;28:57.9;28:57.9;NULL
1440;1477;AZUL ULTRA;28:57.9;28:57.9;NULL
1441;1478;AZUL ULTRAMARILLONO;28:57.9;28:57.9;NULL
1442;1479;AZUL UNIVERSAL;28:57.9;28:57.9;NULL
1443;1480;AZUL UNIVERSO;28:57.9;28:57.9;NULL
1444;1481;AZUL UNIVERSO NEGRO;28:57.9;28:57.9;NULL
1445;1482;AZUL VANESA;28:57.9;28:57.9;NULL
1446;1483;AZUL VELVET;28:57.9;28:57.9;NULL
1447;1485;AZUL VENDAVAL;28:57.9;28:57.9;NULL
1448;1486;AZUL VENEZOLANO;28:57.9;28:57.9;NULL
1449;1487;AZUL VERDE;28:57.9;28:57.9;NULL
1450;1488;AZUL VERDE BLANCO;28:58.0;28:58.0;NULL
1451;1489;AZUL VERDE BRITANICO;28:58.0;28:58.0;NULL
1452;1490;AZUL VERDE GRIS;28:58.0;28:58.0;NULL
1453;1491;AZUL VINOTINTO NARANJA;28:58.0;28:58.0;NULL
1454;1492;AZUL VINOTINTO ROJO;28:58.0;28:58.0;NULL
1455;1493;AZUL YATE;28:58.0;28:58.0;NULL
1456;1494;AZUL VIOLETA INGO;28:58.0;28:58.0;NULL
1457;1495;AZUL VIOLETA INGO METALIZADO;28:58.0;28:58.0;NULL
1458;1496;AZUL WEST;28:58.1;28:58.1;NULL
1459;1497;AZUL ZAFIRO WSP;28:58.1;28:58.1;NULL
1460;1498;AZUL ZAPOTE;28:58.1;28:58.1;NULL
1461;1499;AZUL ZIRCON;28:58.1;28:58.1;NULL
1462;1500;BEIGE ADICORA;28:58.1;28:58.1;NULL
1463;1501;BEIGE ALABASTRO BLANCO;28:58.1;28:58.1;NULL
1464;1502;BEIGE ALABASTRO MARFIL;28:58.1;28:58.1;NULL
1465;1503;BEIGE ALMENDRA;28:58.1;28:58.1;NULL
1466;1504;BEIGE AMANDA;28:58.2;28:58.2;NULL
1467;1505;BEIGE ANGORA;28:58.2;28:58.2;NULL
1468;1506;BEIGE ARENA;28:58.2;28:58.2;NULL
1469;1507;BEIGE ARENA GRIS OSCURO;28:58.2;28:58.2;NULL
1470;1508;BEIGE ARRECIFE;28:58.2;28:58.2;NULL
1471;1509;BEIGE ARTIO;28:58.2;28:58.2;NULL
1472;1510;BEIGE AUSTRALIA;28:58.2;28:58.2;NULL
1473;1511;BEIGE AZUL ROJO;28:58.2;28:58.2;NULL
1474;1512;BEIGE BLANCO;28:58.2;28:58.2;NULL
1475;1513;BEIGE BRUSELA;28:58.3;28:58.3;NULL
1476;1514;BEIGE CAFÉ;28:58.3;28:58.3;NULL
1477;1516;BEIGE CAMARILLOGUE;28:58.3;28:58.3;NULL
1478;1517;BEIGE CAMEL;28:58.3;28:58.3;NULL
1479;1518;BEIGE CAMUFLADO;28:58.3;28:58.3;NULL
1480;1519;BEIGE CAPPUCHINO;28:58.3;28:58.3;NULL
1481;1520;BEIGE CARAMELO;28:58.3;28:58.3;NULL
1482;1521;BEIGE CARRARA BLANCO;28:58.3;28:58.3;NULL
1483;1522;BEIGE CARRARA VERDE ROJO;28:58.3;28:58.3;NULL
1484;1523;BEIGE CASHMERE;28:58.3;28:58.3;NULL
1485;1524;BEIGE CENDRE;28:58.3;28:58.3;NULL
1486;1525;BEIGE CHAMPAGNE;28:58.3;28:58.3;NULL
1487;1526;BEIGE CLARO BLANCO;28:58.3;28:58.3;NULL
1488;1528;BEIGE COCHE;28:58.3;28:58.3;NULL
1489;1529;BEIGE CREMA;28:58.3;28:58.3;NULL
1490;1530;BEIGE CUBAGUA;28:58.4;28:58.4;NULL
1491;1531;BEIGE DORADO;28:58.4;28:58.4;NULL
1492;1532;BEIGE ECUATORIL;28:58.4;28:58.4;NULL
1493;1533;BEIGE EGIPTO;28:58.4;28:58.4;NULL
1494;1534;BEIGE ELEGANTE;28:58.4;28:58.4;NULL
1495;1535;BEIGE ESPARTA;28:58.4;28:58.4;NULL
1496;1536;BEIGE ESTEPA;28:58.4;28:58.4;NULL
1497;1537;BEIGE FRAILE;31:43.8;31:43.8;NULL
1498;1538;BEIGE FRAILEJON;31:43.8;31:43.8;NULL
1499;1539;BEIGE GRIS OSCURO;31:43.8;31:43.8;NULL
1500;1540;BEIGE GRISACEO;31:43.8;31:43.8;NULL
1501;1541;BEIGE HAZEL;31:43.8;31:43.8;NULL
1502;1542;BEIGE HOUBLON;31:43.8;31:43.8;NULL
1503;1543;BEIGE IPANEMA;31:43.8;31:43.8;NULL
1504;1544;BEIGE ITAPEMA;31:43.8;31:43.8;NULL
1505;1545;BEIGE IVORY;31:43.8;31:43.8;NULL
1506;1546;BEIGE JUPITER;31:43.8;31:43.8;NULL
1507;1547;BEIGE LIMESTONE;31:43.8;31:43.8;NULL
1508;1548;BEIGE LINO;31:43.8;31:43.8;NULL
1509;1549;BEIGE MARFIL METALIZADO;31:43.8;31:43.8;NULL
1510;1550;BEIGE MARMOL;31:43.8;31:43.8;NULL
1511;1551;BEIGE MARROQUI;31:43.8;31:43.8;NULL
1512;1552;BEIGE MARRUECOS;31:43.8;31:43.8;NULL
1513;1553;BEIGE MELANGE;31:43.8;31:43.8;NULL
1514;1554;BEIGE MUSGO;31:43.8;31:43.8;NULL
1515;1555;BEIGE NEGRO;31:43.8;31:43.8;NULL
1516;1556;BEIGE NEVADA;31:43.9;31:43.9;NULL
1517;1557;BEIGE NEVADO;31:43.9;31:43.9;NULL
1518;1558;BEIGE OASIS;31:43.9;31:43.9;NULL
1519;1559;BEIGE OLIMPICO;31:43.9;31:43.9;NULL
1520;1560;BEIGE OPAL;31:43.9;31:43.9;NULL
1521;1561;BEIGE ORO;31:43.9;31:43.9;NULL
1522;1562;BEIGE OSAKA;31:43.9;31:43.9;NULL
1523;1563;BEIGE PERLA;31:43.9;31:43.9;NULL
1524;1564;BEIGE PIMIENTA;31:43.9;31:43.9;NULL
1525;1565;BEIGE PLATINUM;31:43.9;31:43.9;NULL
1526;1566;BEIGE REX;31:43.9;31:43.9;NULL
1527;1567;BEIGE RIVIERA;31:43.9;31:43.9;NULL
1528;1568;BEIGE ROJO;31:43.9;31:43.9;NULL
1529;1569;BEIGE ROMANCE;31:43.9;31:43.9;NULL
1530;1570;BEIGE ROMANO;31:43.9;31:43.9;NULL
1531;1571;BEIGE SABLE;31:43.9;31:43.9;NULL
1532;1572;BEIGE SATIN;31:43.9;31:43.9;NULL
1533;1573;BEIGE SAVANNAH;31:44.0;31:44.0;NULL
1534;1574;BEIGE SEGURCOL;31:44.0;31:44.0;NULL
1535;1575;BEIGE STRATO;31:44.0;31:44.0;NULL
1536;1576;BEIGE TAIGA;31:44.0;31:44.0;NULL
1537;1577;BEIGE TIERRA REAL;31:44.0;31:44.0;NULL
1538;1578;BEIGE TORMENTA;31:44.0;31:44.0;NULL
1539;1579;BEIGE TRIGO;31:44.0;31:44.0;NULL
1540;1580;BEIGE TRIPOLI;31:44.0;31:44.0;NULL
1541;1581;BEIGE TULUM;31:44.0;31:44.0;NULL
1542;1582;BEIGE URANO;31:44.0;31:44.0;NULL
1543;1583;BEIGE URANO METALIZADO;31:44.0;31:44.0;NULL
1544;1584;BEIGE VERDE GRAFITO;31:44.0;31:44.0;NULL
1545;1585;BEIGE VERDE MICA;31:44.1;31:44.1;NULL
1546;1586;BLANCO METALIZADO PERLECENTE;31:44.1;31:44.1;NULL
1547;1587;BLANCO ALPIN;31:44.1;31:44.1;NULL
1548;1589;BLANCO ALUMINIO;31:44.1;31:44.1;NULL
1549;1590;BLANCO ARTICA;31:44.1;31:44.1;NULL
1550;1591;BLANCO ARTICO AZUL;31:44.1;31:44.1;NULL
1551;1592;BLANCO AZUL;31:44.1;31:44.1;NULL
1552;1593;BLANCO AZUL AMARILLO;31:44.1;31:44.1;NULL
1553;1594;BLANCO AZUL MARFIL;31:44.1;31:44.1;NULL
1554;1595;BLANCO AZUL NEGRO;31:44.2;31:44.2;NULL
1555;1596;BLANCO AZUL ROSADO;31:44.2;31:44.2;NULL
1556;1597;BLANCO BIANCHISA;31:44.2;31:44.2;NULL
1557;1598;BLANCO BICA;31:44.2;31:44.2;NULL
1558;1599;BLANCO BIMBO;31:44.2;31:44.2;NULL
1559;1600;BLANCO CHAMPAÑA;31:44.2;31:44.2;NULL
1560;1601;BLANCO CIELO;31:44.2;31:44.2;NULL
1561;1602;BLANCO CREMA AZUL;31:44.2;31:44.2;NULL
1562;1603;BLANCO CREMA NARANJA;31:44.2;31:44.2;NULL
1563;1604;BLANCO CREMA ZAPOTE;31:44.2;31:44.2;NULL
1564;1605;BLANCO CRISTAL NEGRO;31:44.2;31:44.2;NULL
1565;1606;BLANCO CRISTALINO;31:44.3;31:44.3;NULL
1566;1607;BLANCO CRUZ ROJO;31:44.3;31:44.3;NULL
1567;1608;BLANCO CRYSTAL BRILLANTE;31:44.3;31:44.3;NULL
1568;1609;BLANCO DE SEVRES AZUL ROJO;31:44.3;31:44.3;NULL
1569;1610;BLANCO DIVERSOS COLORES;31:44.3;31:44.3;NULL
1570;1612;BLANCO EVEREST;31:44.3;31:44.3;NULL
1571;1613;BLANCO GRIS AZUL;31:44.3;31:44.3;NULL
1572;1614;BLANCO GRIS OSCURO;31:44.3;31:44.3;NULL
1573;1615;BLANCO GRIS PLOMO;31:44.3;31:44.3;NULL
1574;1616;BLANCO GRIS ROJO;31:44.4;31:44.4;NULL
1575;1617;BLANCO MAHLER VERDE;31:44.4;31:44.4;NULL
1576;1618;BLANCO MARRON ROJO;31:44.4;31:44.4;NULL
1577;1619;BLANCO MICA;31:44.4;31:44.4;NULL
1578;1620;BLANCO NEGRO AMARILLO;31:44.4;31:44.4;NULL
1579;1621;BLANCO NEGRO MICA;31:44.4;31:44.4;NULL
1580;1622;BLANCO NIEVE AZUL;31:44.4;31:44.4;NULL
1581;1623;BLANCO PLATA CLARO;31:44.4;31:44.4;NULL
1582;1624;BLANCO PLATEADO;31:44.4;31:44.4;NULL
1583;1625;BLANCO ROJO FUEGO;31:44.4;31:44.4;NULL
1584;1626;BLANCO ROJO MARRON;31:44.4;31:44.4;NULL
1585;1627;BLANCO ROJO NARANJA;31:44.4;31:44.4;NULL
1586;1628;BLANCO SEVRES AZUL ROJO;31:44.4;31:44.4;NULL
1587;1629;BLANCO SOFIA PLATA COOL;31:44.4;31:44.4;NULL
1588;1630;BLANCO SOLIDO NEGRO AMARILLO;31:44.5;31:44.5;NULL
1589;1631;BLANCO VAINILLA;31:44.5;31:44.5;NULL
1590;1632;BLANCO VERDE METAL;31:44.5;31:44.5;NULL
1591;1633;BLANCO VERDE CAFE;31:44.5;31:44.5;NULL
1592;1634;BLANCO VERDE DORADO;31:44.5;31:44.5;NULL
1593;1635;BLANCO VERDE NEGRO;31:44.5;31:44.5;NULL
1594;1636;BLANCO VERDE OSCURO;31:44.5;31:44.5;NULL
1595;1637;BLANCO VIA LACTEA;31:44.5;31:44.5;NULL
1596;1638;BLANCO VIA LACTEA PLATA CIELO;31:44.5;31:44.5;NULL
1597;1639;BLANCO ZAPOTE VERDE;31:44.5;31:44.5;NULL
1598;1640;BRILLANTROT METALIZADO;31:44.5;31:44.5;NULL
1599;1641;BRONCE AMBAR;31:44.5;31:44.5;NULL
1600;1642;BRONCE BLANCO METALIZADO;31:44.5;31:44.5;NULL
1601;1643;BRONCE MARFIL METALIZADO;31:44.5;31:44.5;NULL
1602;1645;BRONCE MICA;31:44.5;31:44.5;NULL
1603;1646;BROWN;31:44.5;31:44.5;NULL
1604;1647;CAFE AMARILLO;31:44.5;31:44.5;NULL
1605;1648;CAFE AMARILLO NARANJA;31:44.6;31:44.6;NULL
1606;1649;CAFE AZUL;31:44.6;31:44.6;NULL
1607;1650;CAFE AZUL VERDE;31:44.6;31:44.6;NULL
1608;1651;CAFE BLANCO;31:44.6;31:44.6;NULL
1609;1652;CAFE BLANCO AMARILLO;31:44.6;31:44.6;NULL
1610;1653;CAFE BLANCO CARMELITA;31:44.6;31:44.6;NULL
1611;1654;CAFE BLANCO HABANO;31:44.6;31:44.6;NULL
1612;1655;CAFE BRILLANTE NEGRO;31:44.6;31:44.6;NULL
1613;1656;CAFE CAMUFLADO DEL DESIERTO;31:44.6;31:44.6;NULL
1614;1657;CAFE CASTILLA;31:44.6;31:44.6;NULL
1615;1658;CAFE CLARO;31:44.6;31:44.6;NULL
1616;1659;CAFE CLARO MARRON;31:44.6;31:44.6;NULL
1617;1660;CAFE CREMA;31:44.6;31:44.6;NULL
1618;1662;CAFE CURUBA;31:44.6;31:44.6;NULL
1619;1663;CAFE DORADO;31:44.6;31:44.6;NULL
1620;1664;CAFÉ;31:44.6;31:44.6;NULL
1621;1665;CAFE GRIS;31:44.6;31:44.6;NULL
1622;1666;CAFE HABANO;31:44.7;31:44.7;NULL
1623;1667;CAFE HABANO CLARO;31:44.7;31:44.7;NULL
1624;1668;CAFE LOCURA;31:44.7;31:44.7;NULL
1625;1669;CAFE MADURO;31:44.7;31:44.7;NULL
1626;1670;CAFE MADURO BLANCO;31:44.7;31:44.7;NULL
1627;1671;CAFE MARFIL;31:44.7;31:44.7;NULL
1628;1673;CAFE MOKA;31:44.7;31:44.7;NULL
1629;1674;CAFE MOSTAZA;31:44.7;31:44.7;NULL
1630;1675;CAFE MOSTAZA BLANCO;31:44.7;31:44.7;NULL
1631;1676;CAFE NARANJA;31:44.7;31:44.7;NULL
1632;1677;CAFE NARANJA ROJO;31:44.7;31:44.7;NULL
1633;1678;CAFE NEGRO;31:44.7;31:44.7;NULL
1634;1679;CAFE NEGRO CAMUFLADO;31:44.7;31:44.7;NULL
1635;1680;CAFE OCRE;31:44.7;31:44.7;NULL
1636;1681;CAFE ORO;31:44.7;31:44.7;NULL
1637;1682;CAFE OSCURO;31:44.7;31:44.7;NULL
1638;1683;CAFE OSCURO MICA;31:44.8;31:44.8;NULL
1639;1684;CAFE PERLA;31:44.8;31:44.8;NULL
1640;1686;CAFE PERLA TABACO SECO;31:44.8;31:44.8;NULL
1641;1687;CAFE PLATEADO;31:44.8;31:44.8;NULL
1642;1689;CAFE ROJO;31:44.8;31:44.8;NULL
1643;1690;CAFE ROSADO;31:44.8;31:44.8;NULL
1644;1691;CAFE TERRACOTA;31:44.8;31:44.8;NULL
1645;1692;CAMEL;31:44.8;31:44.8;NULL
1646;1693;CAMEL METALIZADO;31:44.8;31:44.8;NULL
1647;1694;CAMUFLADO DESIERTO;31:44.8;31:44.8;NULL
1648;1695;CARAMELO;31:44.8;31:44.8;NULL
1649;1696;CARMELITO BLANCO;31:44.8;31:44.8;NULL
1650;1697;CARNAUBA NEGRO;31:44.8;31:44.8;NULL
1651;1698;CEREZA CREMA;31:44.8;31:44.8;NULL
1652;1699;CEREZA MARFIL;31:44.8;31:44.8;NULL
1653;1700;CEREZA NEGRO;31:44.9;31:44.9;NULL
1654;1701;CEREZO OTOÑAL;31:44.9;31:44.9;NULL
1655;1702;CHAMPAÑA PLATEADO;31:44.9;31:44.9;NULL
1656;1703;CIELO;31:44.9;31:44.9;NULL
1657;1704;COBRE ENCENDIDO;31:44.9;31:44.9;NULL
1658;1705;COBRE OSCURO TRANS;31:44.9;31:44.9;NULL
1659;1706;CREMA AMARILLO;31:44.9;31:44.9;NULL
1660;1707;CREMA AZUL;31:44.9;31:44.9;NULL
1661;1708;CREMA AZUL ROJO;31:44.9;31:44.9;NULL
1662;1709;CREMA BEIGE PLANA;31:44.9;31:44.9;NULL
1663;1710;CREMA BLANCO;31:44.9;31:44.9;NULL
1664;1711;CREMA BLANCO ROJO;31:44.9;31:44.9;NULL
1665;1712;CREMA CAFE;31:44.9;31:44.9;NULL
1666;1713;CREMA CAFE DORADO;31:44.9;31:44.9;NULL
1667;1714;CREMA CARMELITO;31:44.9;31:44.9;NULL
1668;1715;CREMA GRIS VERDE;31:44.9;31:44.9;NULL
1669;1716;CREMA MADERA NATURAL;31:44.9;31:44.9;NULL
1670;1717;CREMA MARFIL;31:45.0;31:45.0;NULL
1671;1718;CREMA MARRON;31:45.0;31:45.0;NULL
1672;1719;CREMA MOSTAZA;31:45.0;31:45.0;NULL
1673;1720;CREMA NARANJA AMARILLO;31:45.0;31:45.0;NULL
1674;1721;CREMA NARANJA AZUL;31:45.0;31:45.0;NULL
1675;1722;CREMA NARANJA VERDE;31:45.0;31:45.0;NULL
1676;1723;CREMA NEGRO;31:45.0;31:45.0;NULL
1677;1724;CREMA ROJO;31:45.0;31:45.0;NULL
1678;1725;CREMA ROJO AMARILLO;31:45.0;31:45.0;NULL
1679;1726;CREMA ROJO AZUL;31:45.0;31:45.0;NULL
1680;1727;CREMA ROJO GRIS;31:45.0;31:45.0;NULL
1681;1728;CREMA ROJO NEGRO;31:45.0;31:45.0;NULL
1682;1729;CREMA ROJO VERDE;31:45.0;31:45.0;NULL
1683;1730;CREMA ROJO ZAPOTE;31:45.0;31:45.0;NULL
1684;1731;CREMA UVA;31:45.0;31:45.0;NULL
1685;1732;CREMA VERDE;31:45.1;31:45.1;NULL
1686;1733;CREMA VERDE AZUL;31:45.1;31:45.1;NULL
1687;1734;CREMA VERDE PLATEADO;31:45.1;31:45.1;NULL
1688;1735;CREMA VERDE ROJO;31:45.2;31:45.2;NULL
1689;1736;CREMA VERDE TURQUEZA;31:45.2;31:45.2;NULL
1690;1737;CREMA VINOTINTO;31:45.2;31:45.2;NULL
1691;1738;CREMA ZAPOTE;31:45.2;31:45.2;NULL
1692;1739;CREMA ZAPOTE AZUL;31:45.2;31:45.2;NULL
1693;1740;DARK GRAYLIC;31:45.2;31:45.2;NULL
1694;1741;DORADO ARENA;31:45.2;31:45.2;NULL
1695;1742;DORADO ASTRAL;31:45.3;31:45.3;NULL
1696;1743;DORADO AZTECA;31:45.3;31:45.3;NULL
1697;1744;DORADO BAHIA;31:45.3;31:45.3;NULL
1698;1745;DORADO BLANCO;31:45.3;31:45.3;NULL
1699;1746;DORADO BRONCE;31:45.3;31:45.3;NULL
1700;1748;DORADO CENIZA;31:45.3;31:45.3;NULL
1701;1749;DORADO CHAMPAÑA;31:45.3;31:45.3;NULL
1702;1750;DORADO CROMO;31:45.4;31:45.4;NULL
1703;1751;DORADO GRIS;31:45.4;31:45.4;NULL
1704;1752;DORADO GRIS PLOMO;31:45.4;31:45.4;NULL
1705;1753;DORADO HAMBURGO;31:45.4;31:45.4;NULL
1706;1754;DORADO IMPERIAL;31:45.4;31:45.4;NULL
1707;1755;DORADO INTENSO;31:45.4;31:45.4;NULL
1708;1756;DORADO LEYENDA;31:45.4;31:45.4;NULL
1709;1757;DORADO MATE;31:45.5;31:45.5;NULL
1710;1758;DORADO MICA;31:45.5;31:45.5;NULL
1711;1759;DORADO MINAS;31:45.5;31:45.5;NULL
1712;1760;DORADO NEBLINA;31:45.5;31:45.5;NULL
1713;1761;DORADO NEGRO;31:45.5;31:45.5;NULL
1714;1762;DORADO NEGRO NIQUEL;31:45.5;31:45.5;NULL
1715;1763;DORADO NEGRO ROJO;31:45.5;31:45.5;NULL
1716;1764;DORADO NEGRO VINOTINTO;31:45.5;31:45.5;NULL
1717;1765;DORADO NIQUEL;31:45.6;31:45.6;NULL
1718;1766;DORADO PLAYA;31:45.6;31:45.6;NULL
1719;1767;DORADO RIVIERA;31:45.6;31:45.6;NULL
1720;1768;DORADO VERDE;31:45.6;31:45.6;NULL
1721;1769;DORADO VERDE BLANCO;31:45.6;31:45.6;NULL
1722;1770;DORADO VINILO NEGRO;31:45.6;31:45.6;NULL
1723;1771;DORADO VIOLETA;31:45.6;31:45.6;NULL
1724;1772;EBANO RADIANTE;31:45.6;31:45.6;NULL
1725;1773;ESTRATO AZUL;31:45.7;31:45.7;NULL
1726;1774;FEM PLATEADO;31:45.7;31:45.7;NULL
1727;1775;FIRBLANCO;31:45.7;31:45.7;NULL
1728;1776;GANACHE;31:45.7;31:45.7;NULL
1729;1777;GARNET MOUVE;31:45.7;31:45.7;NULL
1730;1778;GOLD;31:45.7;31:45.7;NULL
1731;1779;GOLD LEGANCE;31:45.7;31:45.7;NULL
1732;1780;GOLDEN YELLOW;31:45.7;31:45.7;NULL
1733;1781;GRAFITO ANTARTICO;31:45.7;31:45.7;NULL
1734;1782;GRIS ARENA METALIZADO;31:45.7;31:45.7;NULL
1735;1783;GRIS A COLORES;31:45.7;31:45.7;NULL
1736;1784;GRIS ABISMO;31:45.7;31:45.7;NULL
1737;1785;GRIS ACERO;31:45.8;31:45.8;NULL
1738;1786;GRIS ACERO PLATEADO;31:45.8;31:45.8;NULL
1739;1787;GRIS AGATHE;31:45.8;31:45.8;NULL
1740;1788;GRIS AJEDREZ;31:45.8;31:45.8;NULL
1741;1789;GRIS ALTRACITA;31:45.8;31:45.8;NULL
1742;1790;GRIS ALUMINIO;31:45.8;31:45.8;NULL
1743;1791;GRIS ALUMINIUM;31:45.8;31:45.8;NULL
1744;1792;GRIS AMARILLO;31:45.8;31:45.8;NULL
1745;1793;GRIS AMARILLO BLANCO;31:45.8;31:45.8;NULL
1746;1794;GRIS AMARILLO ROJO;31:45.8;31:45.8;NULL
1747;1795;GRIS ANTRACITA;31:45.8;31:45.8;NULL
1748;1796;GRIS ARGELIA;31:45.8;31:45.8;NULL
1749;1797;GRIS ARGENT;31:45.8;31:45.8;NULL
1750;1798;GRIS ARGOS;31:45.9;31:45.9;NULL
1751;1799;GRIS ARTICO;31:45.9;31:45.9;NULL
1752;1800;GRIS AURORA;31:45.9;31:45.9;NULL
1753;1801;GRIS AURORA PLATA TRIGO;31:45.9;31:45.9;NULL
1755;1803;GRIS AZUL METALIZADO;31:45.9;31:45.9;NULL
1756;1804;GRIS AZUL AMARILLO;31:45.9;31:45.9;NULL
1757;1805;GRIS AZUL BLANCO;31:45.9;31:45.9;NULL
1758;1806;GRIS AZUL ROJO;31:45.9;31:45.9;NULL
1759;1807;GRIS AZUL VERDE;31:45.9;31:45.9;NULL
1760;1808;GRIS AZULOSO OSCURO;31:45.9;31:45.9;NULL
1761;1809;GRIS BAHIA;31:45.9;31:45.9;NULL
1762;1810;GRIS BALMORAL;31:45.9;31:45.9;NULL
1763;1811;GRIS BEIGE;31:45.9;31:45.9;NULL
1764;1812;GRIS BLANCO;31:45.9;31:45.9;NULL
1765;1813;GRIS BLANCO AZUL;31:45.9;31:45.9;NULL
1766;1814;GRIS BLANCO MARFIL;31:46.0;31:46.0;NULL
1767;1815;GRIS BLANCO NEGRO;31:46.0;31:46.0;NULL
1768;1816;GRIS BLANCO ROJO;31:46.0;31:46.0;NULL
1769;1817;GRIS BLUET;31:46.0;31:46.0;NULL
1770;1818;GRIS BOREAL;31:46.0;31:46.0;NULL
1771;1819;GRIS BRETAÑA;31:46.0;31:46.0;NULL
1772;1820;GRIS BRUMA;31:46.0;31:46.0;NULL
1773;1821;GRIS BUQUE;31:46.0;31:46.0;NULL
1774;1822;GRIS CAFE;31:46.0;31:46.0;NULL
1775;1823;GRIS CAMBURI;31:46.0;31:46.0;NULL
1776;1824;GRIS CARBON;31:46.0;31:46.0;NULL
1777;1825;GRIS CARBONO;31:46.0;31:46.0;NULL
1778;1826;GRIS CARBONO 662;31:46.0;31:46.0;NULL
1779;1827;GRIS CARIBU;31:46.0;31:46.0;NULL
1780;1828;GRIS CARONI;31:46.0;31:46.0;NULL
1781;1829;GRIS CASSIOPEE;31:46.0;31:46.0;NULL
1782;1830;GRIS CELESTE;31:46.0;31:46.0;NULL
1783;1831;GRIS CENDRE;31:46.0;31:46.0;NULL
1784;1832;GRIS CENIZO;31:46.0;31:46.0;NULL
1785;1833;GRIS CHAMPAÑA;31:46.0;31:46.0;NULL
1786;1834;GRIS CIELO;31:46.0;31:46.0;NULL
1787;1835;GRIS CLARO;31:46.1;31:46.1;NULL
1788;1836;GRIS COLIMA;31:46.1;31:46.1;NULL
1789;1837;GRIS CONSTELACION;31:46.1;31:46.1;NULL
1790;1839;GRIS CONSTELACION NEBLINA;31:46.1;31:46.1;NULL
1791;1840;GRIS CORDE;31:46.1;31:46.1;NULL
1792;1841;GRIS CORSE;31:46.1;31:46.1;NULL
1793;1842;GRIS COSMO;31:46.1;31:46.1;NULL
1794;1844;GRIS COSTEÑA;31:46.1;31:46.1;NULL
1795;1845;GRIS CREMA;31:46.1;31:46.1;NULL
1796;1847;GRIS CREMA AZUL;31:46.2;31:46.2;NULL
1797;1848;GRIS CREMA ROJO;31:46.2;31:46.2;NULL
1798;1849;GRIS CREMA VERDE;31:46.2;31:46.2;NULL
1799;1850;GRIS CRISTAL;31:46.2;31:46.2;NULL
1800;1851;GRIS CROMADO;31:46.2;31:46.2;NULL
1801;1852;GRIS CROMO;31:46.2;31:46.2;NULL
1802;1854;GRIS CUBANITA;31:46.2;31:46.2;NULL
1803;1856;GRIS CYBER;31:46.2;31:46.2;NULL
1804;1857;GRIS DELFIN;31:46.2;31:46.2;NULL
1805;1858;GRIS DIAMANTE;31:46.2;31:46.2;NULL
1806;1859;GRIS DIPLOMATICO;31:46.3;31:46.3;NULL
1807;1860;GRIS DORADO;31:46.3;31:46.3;NULL
1808;1862;GRIS ECLIPSE;31:46.3;31:46.3;NULL
1809;1863;GRIS ENCUNA;31:46.3;31:46.3;NULL
1810;1864;GRIS EORO;31:46.3;31:46.3;NULL
1811;1865;GRIS ESCOCIA;31:46.3;31:46.3;NULL
1812;1866;GRIS ESCUNA;31:46.3;31:46.3;NULL
1813;1867;GRIS ESPUMANTE;31:46.4;31:46.4;NULL
1814;1868;GRIS ESTRATO;31:46.4;31:46.4;NULL
1815;1869;GRIS ESTRATO PERLA;31:46.4;31:46.4;NULL
1816;1870;GRIS ESTRELLA;31:46.4;31:46.4;NULL
1817;1871;GRIS FANTASMA;31:46.4;31:46.4;NULL
1818;1872;GRIS FERMETAL METALIZADO;31:46.4;31:46.4;NULL
1819;1873;GRIS FLANDRES;31:46.4;31:46.4;NULL
1820;1874;GRIS FUCSIA;31:46.4;31:46.4;NULL
1821;1875;GRIS FUERTE;31:46.5;31:46.5;NULL
1822;1876;GRIS FUMINA TER;31:46.5;31:46.5;NULL
1823;1877;GRIS GALAXIA;31:46.5;31:46.5;NULL
1824;1878;GRIS GOLFO;31:46.5;31:46.5;NULL
1825;1879;GRIS GRIS OSCURO;31:46.5;31:46.5;NULL
1826;1880;GRIS HABANO;31:46.5;31:46.5;NULL
1827;1881;GRIS HABANO AZUL;31:46.5;31:46.5;NULL
1828;1882;GRIS HOLOGRAME;31:46.5;31:46.5;NULL
1829;1883;GRIS HOLOGRAME METALIZADO;31:46.5;31:46.5;NULL
1830;1884;GRIS HORIZONTE;31:46.5;31:46.5;NULL
1831;1885;GRIS ICELAND;31:46.5;31:46.5;NULL
1832;1886;GRIS INDIGO;31:46.5;31:46.5;NULL
1833;1887;GRIS INDONESIA;31:46.5;31:46.5;NULL
1834;1888;GRIS IRIS;31:46.5;31:46.5;NULL
1835;1889;GRIS ISLANDIA;31:46.6;31:46.6;NULL
1836;1890;GRIS JADE;31:46.6;31:46.6;NULL
1837;1891;GRIS JADE VERDE AMERICANO;31:46.6;31:46.6;NULL
1838;1892;GRIS LAGUNA;31:46.6;31:46.6;NULL
1839;1893;GRIS LAJA;31:46.6;31:46.6;NULL
1840;1894;GRIS LEGATO;31:46.6;31:46.6;NULL
1841;1895;GRIS LONDON;31:46.6;31:46.6;NULL
1842;1896;GRIS MAGNESIO;31:46.6;31:46.6;NULL
1843;1897;GRIS MANITOBA;31:46.6;31:46.6;NULL
1844;1898;GRIS MARFIL;31:46.6;31:46.6;NULL
1845;1900;GRIS MARFIL ROJO;31:46.6;31:46.6;NULL
1846;1901;GRIS MARMOL;31:46.6;31:46.6;NULL
1847;1902;GRIS MARRON;31:46.6;31:46.6;NULL
1848;1903;GRIS MEDIA NOCHE;31:46.6;31:46.6;NULL
1849;1904;GRIS MEDIANOCHE MICA;31:46.6;31:46.6;NULL
1850;1905;GRIS MERCURIO;31:46.6;31:46.6;NULL
1851;1906;GRIS METEORO;31:46.6;31:46.6;NULL
1852;1908;GRIS METROPOLITANO;31:46.6;31:46.6;NULL
1853;1909;GRIS MICA;31:46.6;31:46.6;NULL
1854;1910;GRIS MINA;31:46.7;31:46.7;NULL
1855;1911;GRIS MINERAL;31:46.7;31:46.7;NULL
1856;1912;GRIS MORADO;31:46.7;31:46.7;NULL
1857;1913;GRIS NARANJA;31:46.7;31:46.7;NULL
1858;1914;GRIS NARANJA VERDE;31:46.7;31:46.7;NULL
1859;1915;GRIS NEBLINA;31:46.7;31:46.7;NULL
1860;1916;GRIS NEBLINA MICA PLATA CLARO;31:46.7;31:46.7;NULL
1861;1917;GRIS NEGRO;31:46.7;31:46.7;NULL
1862;1918;GRIS NEGRO AZUL;31:46.7;31:46.7;NULL
1863;1919;GRIS NEGRO BLANCO;31:46.7;31:46.7;NULL
1864;1920;GRIS NEGRO GRIS OSCURO;31:46.7;31:46.7;NULL
1865;1921;GRIS NEGRO MARFIL;31:46.7;31:46.7;NULL
1866;1922;GRIS NEGRO MORADO;31:46.8;31:46.8;NULL
1867;1923;GRIS NEGRO ROJO;31:46.8;31:46.8;NULL
1868;1924;GRIS NEGRO VERDE;31:46.8;31:46.8;NULL
1869;1925;GRIS NEVADO;31:46.8;31:46.8;NULL
1870;1926;GRIS NIEBLA;31:46.8;31:46.8;NULL
1871;1927;GRIS NIEBLA NEGRO CUARZO;31:46.8;31:46.8;NULL
1872;1928;GRIS NIMBUS;31:46.8;31:46.8;NULL
1873;1930;GRIS NIQUEL;31:46.8;31:46.8;NULL
1874;1931;GRIS NIQUEL BLANCO;31:46.8;31:46.8;NULL
1875;1932;GRIS NOCHE;31:46.8;31:46.8;NULL
1876;1933;GRIS NUBE;31:46.8;31:46.8;NULL
1877;1934;GRIS NYMPHEA;31:46.8;31:46.8;NULL
1878;1935;GRIS OCASO;31:46.8;31:46.8;NULL
1879;1936;GRIS OLIVA;31:46.8;31:46.8;NULL
1880;1937;GRIS OPAL;31:46.8;31:46.8;NULL
1881;1938;GRIS OPALO;31:46.8;31:46.8;NULL
1882;1939;GRIS ORAGEAU;31:46.8;31:46.8;NULL
1883;1940;GRIS ORO;31:46.8;31:46.8;NULL
1884;1941;GRIS OSCURO CORAL;31:46.9;31:46.9;NULL
1885;1942;GRIS OSCURO DENIM;31:46.9;31:46.9;NULL
1886;1943;GRIS OSCURO MICA;31:46.9;31:46.9;NULL
1887;1944;GRIS OSCURO MICA CLARO;31:46.9;31:46.9;NULL
1888;1945;GRIS OSCURO NEGRO;31:46.9;31:46.9;NULL
1889;1946;GRIS OSCURO PLATA ARENA;31:46.9;31:46.9;NULL
1890;1947;GRIS OXFORD;31:46.9;31:46.9;NULL
1891;1948;GRIS PALIDO;31:46.9;31:46.9;NULL
1892;1949;GRIS PALMERA;31:46.9;31:46.9;NULL
1893;1950;GRIS PARDO;31:46.9;31:46.9;NULL
1894;1951;GRIS PASTEL;31:46.9;31:46.9;NULL
1895;1952;GRIS PERLA;31:46.9;31:46.9;NULL
1896;1953;GRIS PERLA BLANCO;31:46.9;31:46.9;NULL
1897;1954;GRIS PERLA ROJO;31:46.9;31:46.9;NULL
1898;1955;GRIS PERLA VERDE;31:46.9;31:46.9;NULL
1899;1956;GRIS PERLITA;31:46.9;31:46.9;NULL
1900;1957;GRIS PHANTON;31:46.9;31:46.9;NULL
1901;1958;GRIS PIEDRA OSCURO;31:47.0;31:47.0;NULL
1902;1959;GRIS PIEDRA PLATA;31:47.0;31:47.0;NULL
1903;1960;GRIS PIZARRA;31:47.0;31:47.0;NULL
1904;1961;GRIS PLATA ROJO NEGRO;31:47.0;31:47.0;NULL
1905;1963;GRIS PLATA CROMO;31:47.0;31:47.0;NULL
1906;1964;GRIS PLATA ESTRELLA;31:47.0;31:47.0;NULL
1907;1965;GRIS PLATA NIQUELADO;31:47.0;31:47.0;NULL
1908;1966;GRIS PLATA SATIN;31:47.0;31:47.0;NULL
1909;1967;GRIS PLATA TORNASOL;31:47.0;31:47.0;NULL
1910;1968;GRIS PLATA VERDE;31:47.0;31:47.0;NULL
1911;1969;GRIS PLATEADO;31:47.0;31:47.0;NULL
1912;1970;GRIS PLATEADO ASTRAL;31:47.0;31:47.0;NULL
1913;1971;GRIS PLATEADO AZUL;31:47.0;31:47.0;NULL
1914;1972;GRIS PLATEADO BLANCO AZUL;31:47.0;31:47.0;NULL
1915;1973;GRIS PLATEADO ROJO;31:47.0;31:47.0;NULL
1916;1974;GRIS PLATEADO VERDE;31:47.0;31:47.0;NULL
1917;1975;GRIS PLATINA;31:47.1;31:47.1;NULL
1918;1976;GRIS PLATINADO;31:47.1;31:47.1;NULL
1919;1977;GRIS PLATINO BLANCO;31:47.1;31:47.1;NULL
1920;1978;GRIS PLATINUM;31:47.1;31:47.1;NULL
1921;1979;GRIS PLOMO AZUL;31:47.1;31:47.1;NULL
1922;1980;GRIS PLOMO BLANCO;31:47.1;31:47.1;NULL
1923;1981;GRIS PLOMO NEGRO;31:47.1;31:47.1;NULL
1924;1982;GRIS PROCYON;31:47.1;31:47.1;NULL
1925;1983;GRIS QUARTZ;31:47.1;31:47.1;NULL
1926;1984;GRIS QUARZO;31:47.1;31:47.1;NULL
1927;1985;GRIS ROJIZO CLARO;31:47.1;31:47.1;NULL
1928;1986;GRIS ROJO;31:47.2;31:47.2;NULL
1929;1987;GRIS ROJO AMARILLO;31:47.2;31:47.2;NULL
1930;1988;GRIS ROJO AZUL;31:47.2;31:47.2;NULL
1931;1989;GRIS ROJO CREMA;31:47.2;31:47.2;NULL
1932;1990;GRIS ROJO NARANJA;31:47.2;31:47.2;NULL
1933;1991;GRIS ROJO NEGRO;31:47.2;31:47.2;NULL
1934;1992;GRIS ROJO PLATEADO;31:47.2;31:47.2;NULL
1935;1993;GRIS ROJO VERDE;31:47.2;31:47.2;NULL
1936;1994;GRIS ROJO ZAPOTE;31:47.2;31:47.2;NULL
1937;1995;GRIS SATIN;31:47.2;31:47.2;NULL
1938;1996;GRIS SATINADO;31:47.2;31:47.2;NULL
1939;1997;GRIS SCANDIUM;31:47.2;31:47.2;NULL
1940;1998;GRIS SEBRING;31:47.2;31:47.2;NULL
1941;1999;GRIS SEDOBRE;31:47.3;31:47.3;NULL
1942;2000;GRIS SELENITA;31:47.3;31:47.3;NULL
1943;2001;GRIS SERUX;31:47.3;31:47.3;NULL
1944;2002;GRIS SIDERAL;31:47.3;31:47.3;NULL
1945;2003;GRIS SIDERAL GRIS NEBLINA;31:47.3;31:47.3;NULL
1946;2004;GRIS SIDNEY;31:47.3;31:47.3;NULL
1947;2005;GRIS SIDOBRE;31:47.3;31:47.3;NULL
1948;2006;GRIS SILICE;31:47.3;31:47.3;NULL
1949;2007;GRIS SOMBRA OSCURA;31:47.3;31:47.3;NULL
1950;2008;GRIS STRATO PLATA;31:47.3;31:47.3;NULL
1951;2009;GRIS TARANIS;31:47.3;31:47.3;NULL
1952;2010;GRIS TENORITA;31:47.3;31:47.3;NULL
1953;2011;GRIS TITANIO;31:47.3;31:47.3;NULL
1954;2012;GRIS TORMENTA;31:47.3;31:47.3;NULL
1955;2013;GRIS TORNADO;31:47.3;31:47.3;NULL
1956;2014;GRIS TRAFALCAR;31:47.3;31:47.3;NULL
1957;2015;GRIS TREND;31:47.3;31:47.3;NULL
1958;2016;GRIS TRINIDAD;31:47.3;31:47.3;NULL
1959;2017;GRIS ULTRACITA;31:47.3;31:47.3;NULL
1960;2018;GRIS UMBRAL;31:47.3;31:47.3;NULL
1961;2019;GRIS URANO;31:47.3;31:47.3;NULL
1962;2020;GRIS URBAN;31:47.3;31:47.3;NULL
1963;2021;GRIS URBANO;31:47.3;31:47.3;NULL
1964;2022;GRIS VERDE;31:47.3;31:47.3;NULL
1965;2023;GRIS VERDE NARANJA;31:47.3;31:47.3;NULL
1966;2024;GRIS VERDE ROJO;31:47.4;31:47.4;NULL
1967;2025;GRIS VERDOSO;31:47.4;31:47.4;NULL
1968;2026;GRIS VINOTINTO;31:47.4;31:47.4;NULL
1969;2027;GRIS VIÑEDO;31:47.4;31:47.4;NULL
1970;2028;GRIS VIRGO;31:47.4;31:47.4;NULL
1971;2029;GRYLYNE;31:47.4;31:47.4;NULL
1972;2030;GUAYABA;31:47.4;31:47.4;NULL
1973;2031;GUAYABA MARFIL;31:47.4;31:47.4;NULL
1974;2032;HABANO;31:47.4;31:47.4;NULL
1975;2033;HABANO METALIZADO;31:47.4;31:47.4;NULL
1976;2034;HABANO AMARILLO;31:47.4;31:47.4;NULL
1977;2035;HABANO AZUL;31:47.4;31:47.4;NULL
1978;2036;HABANO AZUL GRIS;31:47.4;31:47.4;NULL
1979;2037;HABANO AZUL ROJO;31:47.4;31:47.4;NULL
1980;2038;HABANO BAMBU;31:47.4;31:47.4;NULL
1981;2039;HABANO BLANCO;31:47.4;31:47.4;NULL
1982;2040;HABANO BLANCO HUESO;31:47.4;31:47.4;NULL
1983;2041;HABANO BLANCO NEGRO;31:47.4;31:47.4;NULL
1984;2042;HABANO CAFE;31:47.4;31:47.4;NULL
1985;2043;HABANO CAFE BLANCO;31:47.4;31:47.4;NULL
1986;2044;HABANO CARRARA;31:47.4;31:47.4;NULL
1987;2045;HABANO CREMA;31:47.4;31:47.4;NULL
1988;2046;HABANO CREMA NEGRO;31:47.4;31:47.4;NULL
1989;2047;HABANO DORADO;31:47.5;31:47.5;NULL
1990;2048;HABANO DORADO METALIZADO;31:47.5;31:47.5;NULL
1991;2049;HABANO GRIS;31:47.5;31:47.5;NULL
1992;2050;HABANO MARFIL;31:47.5;31:47.5;NULL
1993;2052;HABANO MARFIL AZUL;31:47.5;31:47.5;NULL
1994;2053;HABANO MARRON;32:44.0;32:44.0;NULL
1995;2055;HABANO MARRON VERDE;32:44.0;32:44.0;NULL
1996;2056;HABANO MOSTAZA;32:44.0;32:44.0;NULL
1997;2057;HABANO NARANJA;32:44.0;32:44.0;NULL
1998;2058;HABANO NEGRO;32:44.1;32:44.1;NULL
1999;2059;HABANO PERLA;32:44.1;32:44.1;NULL
2000;2060;HABANO ROJO;32:44.1;32:44.1;NULL
2001;2061;HABANO ROJO GRIS;32:44.1;32:44.1;NULL
2002;2062;HABANO ROJO TRES;32:44.1;32:44.1;NULL
2003;2063;HABANO TOLUN;32:44.1;32:44.1;NULL
2004;2064;HABANO VERDE;32:44.1;32:44.1;NULL
2005;2065;HABANO VERDE MARRON;32:44.1;32:44.1;NULL
2006;2066;HABANO VERDE NARANJA;32:44.1;32:44.1;NULL
2007;2067;HIPH RED;32:44.1;32:44.1;NULL
2008;2068;HL HIPHOP RED;32:44.1;32:44.1;NULL
2009;2069;HOJASECA;32:44.2;32:44.2;NULL
2010;2070;HUMO;32:44.2;32:44.2;NULL
2011;2071;LADRILLO BLANCO;32:44.2;32:44.2;NULL
2012;2072;LADRILLO COSTADOS MARFIL;32:44.2;32:44.2;NULL
2013;2073;LADRILLO HABANO;32:44.2;32:44.2;NULL
2014;2074;LADRILLO MARFIL;32:44.2;32:44.2;NULL
2015;2075;LADRILLO MARFIL NEGRO;32:44.2;32:44.2;NULL
2016;2076;LADRILLO NEGRO;32:44.2;32:44.2;NULL
2017;2077;LILA GRIS;32:44.2;32:44.2;NULL
2018;2078;MANDARINA CURUBA;32:44.2;32:44.2;NULL
2019;2079;MANDARINA NEGRO;32:44.3;32:44.3;NULL
2020;2080;MARFIL AGUAMARINA ROJO;32:44.3;32:44.3;NULL
2021;2081;MARFIL AMARILLO;32:44.3;32:44.3;NULL
2022;2082;MARFIL AMARILLO CREMA;32:44.3;32:44.3;NULL
2023;2083;MARFIL AMARILLO NEGRO;32:44.3;32:44.3;NULL
2024;2084;MARFIL AZUL;32:44.3;32:44.3;NULL
2025;2085;MARFIL AZUL CREMA;32:44.4;32:44.4;NULL
2026;2086;MARFIL AZUL NARANJA;32:44.4;32:44.4;NULL
2027;2087;MARFIL AZUL NEGRO;32:44.4;32:44.4;NULL
2028;2088;MARFIL BLANCO;32:44.4;32:44.4;NULL
2029;2089;MARFIL BLANCO NEGRO;32:44.4;32:44.4;NULL
2030;2090;MARFIL CAFE;32:44.4;32:44.4;NULL
2031;2091;MARFIL CLARO;32:44.4;32:44.4;NULL
2032;2092;MARFIL CORAL;32:44.4;32:44.4;NULL
2033;2093;MARFIL DORADO;32:44.4;32:44.4;NULL
2034;2094;MARFIL GRIS;32:44.5;32:44.5;NULL
2035;2095;MARFIL GRIS ROJO;32:44.5;32:44.5;NULL
2036;2096;MARFIL HINDU;32:44.5;32:44.5;NULL
2037;2097;MARFIL HINDU CAFE;32:44.5;32:44.5;NULL
2038;2098;MARFIL HINDU DORADO;32:44.5;32:44.5;NULL
2039;2100;MARFIL MOSTAZA;32:44.5;32:44.5;NULL
2040;2101;MARFIL NARANJA;32:44.5;32:44.5;NULL
2041;2102;MARFIL NARANJA AZUL;32:44.5;32:44.5;NULL
2042;2103;MARFIL NEGRO;32:44.5;32:44.5;NULL
2043;2104;MARFIL NEGRO LADRILLO;32:44.5;32:44.5;NULL
2044;2105;MARFIL NEGRO NARANJA;32:44.5;32:44.5;NULL
2045;2106;MARFIL OLIVA;32:44.5;32:44.5;NULL
2046;2107;MARFIL POLICROMADO;32:44.5;32:44.5;NULL
2047;2108;MARFIL RELUCIENTE;32:44.5;32:44.5;NULL
2048;2109;MARFIL ROJO;32:44.5;32:44.5;NULL
2049;2110;MARFIL ROJO AZUL;32:44.6;32:44.6;NULL
2050;2111;MARFIL ROJO NARANJA;32:44.6;32:44.6;NULL
2051;2113;MARFIL ROSADO;32:44.6;32:44.6;NULL
2052;2114;MARFIL TERRACOTA;32:44.6;32:44.6;NULL
2053;2115;MARFIL TURQUEZA;32:44.6;32:44.6;NULL
2054;2116;MARFIL VERDE;32:44.6;32:44.6;NULL
2055;2117;MARFIL VERDE NARANJA;32:44.6;32:44.6;NULL
2056;2118;MARFIL VERDE ROJO;32:44.6;32:44.6;NULL
2057;2120;MARFIL VERDE TURQUEZA;32:44.6;32:44.6;NULL
2058;2121;MARFIL VINILO NEGRO;32:44.6;32:44.6;NULL
2059;2122;MARFIL ZAPOTE;32:44.6;32:44.6;NULL
2060;2123;MARRON ACERO OSCURO;32:44.6;32:44.6;NULL
2061;2124;MARRON AVELLANA;32:44.6;32:44.6;NULL
2062;2125;MARRON BEIGE;32:44.6;32:44.6;NULL
2063;2126;MARRON BEIGE PERLA;32:44.6;32:44.6;NULL
2064;2127;MARRON BLANCO;32:44.6;32:44.6;NULL
2065;2128;MARRON BOSQUE;32:44.6;32:44.6;NULL
2066;2129;MARRON CAFE;32:44.6;32:44.6;NULL
2067;2130;MARRON CANELA;32:44.6;32:44.6;NULL
2068;2131;MARRON CASTILLA;32:44.6;32:44.6;NULL
2069;2132;MARRON CLARO;32:44.6;32:44.6;NULL
2070;2133;MARRON CORTEZA;32:44.7;32:44.7;NULL
2071;2134;MARRON CREMA;32:44.7;32:44.7;NULL
2072;2135;MARRON COBRE;32:44.7;32:44.7;NULL
2073;2136;MARRON ESCARCHA;32:44.7;32:44.7;NULL
2074;2137;MARRON GRIS;32:44.7;32:44.7;NULL
2075;2138;MARRON GRISACEO;32:44.7;32:44.7;NULL
2076;2139;MARRON GRISACEO MICA;32:44.7;32:44.7;NULL
2077;2140;MARRON HABANO;32:44.7;32:44.7;NULL
2078;2141;MARRON INDIGO;32:44.7;32:44.7;NULL
2079;2142;MARRON MARFIL;32:44.7;32:44.7;NULL
2080;2143;MARRON NARANJA;32:44.7;32:44.7;NULL
2081;2144;MARRON NEGRO;32:44.7;32:44.7;NULL
2082;2145;MARRON NEGRO BLANCO;32:44.7;32:44.7;NULL
2083;2146;MARRON NEGRO MARFIL;32:44.7;32:44.7;NULL
2084;2147;MARRON NIQUEL;32:44.7;32:44.7;NULL
2085;2148;MARRON OSCURO;32:44.7;32:44.7;NULL
2086;2149;MARRON PARDILLO BEIGE;32:44.7;32:44.7;NULL
2087;2150;MARRON PINO;32:44.7;32:44.7;NULL
2088;2151;MARRON ROJO;32:44.7;32:44.7;NULL
2089;2152;MARRON SENDERO;32:44.7;32:44.7;NULL
2090;2153;MARRON SIENA;32:44.8;32:44.8;NULL
2091;2154;MARRON VERDE HABANO;32:44.8;32:44.8;NULL
2092;2155;METAL;32:44.8;32:44.8;NULL
2093;2156;MN MID GRAY;32:44.8;32:44.8;NULL
2094;2157;MORADO AMARILLO;32:44.8;32:44.8;NULL
2095;2158;MORADO AZUL;32:44.8;32:44.8;NULL
2096;2159;MORADO BLANCO;32:44.8;32:44.8;NULL
2097;2160;MORADO CROMO;32:44.8;32:44.8;NULL
2098;2161;MORADO GRIS;32:44.8;32:44.8;NULL
2099;2162;MORADO HABANO;32:44.8;32:44.8;NULL
2100;2163;MORADO LILA;32:44.8;32:44.8;NULL
2101;2164;MORADO NARANJA;32:44.8;32:44.8;NULL
2102;2165;MORADO NEGRO;32:44.8;32:44.8;NULL
2103;2166;MORADO NYMPHEA;32:44.8;32:44.8;NULL
2104;2167;MORADO OBISPO;32:44.8;32:44.8;NULL
2105;2168;MORADO OLIVA;32:44.8;32:44.8;NULL
2106;2169;MORADO PLATEADO;32:44.8;32:44.8;NULL
2107;2170;MORADO ROJO;32:44.8;32:44.8;NULL
2108;2171;MORADO ROSADO;32:44.8;32:44.8;NULL
2109;2172;MORADO VERDE;32:44.8;32:44.8;NULL
2110;2173;MORADO VERDE BLANCO;32:44.9;32:44.9;NULL
2111;2174;MOSTAZA BLANCO;32:44.9;32:44.9;NULL
2112;2175;MOSTAZA CREMA;32:44.9;32:44.9;NULL
2113;2176;MOSTAZA CREMA CAFE;32:44.9;32:44.9;NULL
2114;2177;MOSTAZA GRIS;32:44.9;32:44.9;NULL
2115;2178;MOSTAZA MARFIL;32:44.9;32:44.9;NULL
2116;2179;MOSTAZA MARRON;32:44.9;32:44.9;NULL
2117;2180;MOSTAZA NARANJADO AMARILLO;32:44.9;32:44.9;NULL
2118;2181;MOSTAZA NEGRO;32:44.9;32:44.9;NULL
2119;2182;MOSTAZA OCRE;32:44.9;32:44.9;NULL
2120;2183;MOSTAZA WAMBA;32:44.9;32:44.9;NULL
2121;2184;NACARADO VERDE;32:44.9;32:44.9;NULL
2122;2185;NARANJA AMARILLO ROJO;32:44.9;32:44.9;NULL
2123;2186;NARANJA AUTRAL;32:44.9;32:44.9;NULL
2124;2187;NARANJA AZUL;32:44.9;32:44.9;NULL
2125;2188;NARANJA AZUL GRIS;32:44.9;32:44.9;NULL
2126;2189;NARANJA AZUL MARFIL;32:45.0;32:45.0;NULL
2127;2190;NARANJA AZUL PLATA;32:45.0;32:45.0;NULL
2128;2191;NARANJA AZUL VERDE;32:45.0;32:45.0;NULL
2129;2192;NARANJA BLANCO;32:45.0;32:45.0;NULL
2130;2193;NARANJA BLANCO AZUL;32:45.0;32:45.0;NULL
2131;2194;NARANJA BLANCO VERDE;32:45.0;32:45.0;NULL
2132;2195;NARANJA CAFE;32:45.0;32:45.0;NULL
2133;2196;NARANJA CALIPSO;32:45.0;32:45.0;NULL
2134;2197;NARANJA CERAMICA;32:45.0;32:45.0;NULL
2135;2198;NARANJA CIBER;32:45.0;32:45.0;NULL
2136;2199;NARANJA CLARO;32:45.0;32:45.0;NULL
2137;2201;NARANJA CREMA;32:45.0;32:45.0;NULL
2138;2202;NARANJA CREMA AZUL;32:45.0;32:45.0;NULL
2139;2204;NARANJA CROMO;32:45.0;32:45.0;NULL
2140;2205;NARANJA DEFENSA CIVIL;32:45.0;32:45.0;NULL
2141;2206;NARANJA DINAMICO;32:45.1;32:45.1;NULL
2142;2207;NARANJA FLASH;32:45.1;32:45.1;NULL
2143;2208;NARANJA GRIS;32:45.1;32:45.1;NULL
2144;2209;NARANJA GRIS BLANCO;32:45.1;32:45.1;NULL
2145;2210;NARANJA GRIS NEGRO;32:45.1;32:45.1;NULL
2146;2211;NARANJA HABANO;32:45.1;32:45.1;NULL
2147;2212;NARANJA HABANO AZUL;32:45.1;32:45.1;NULL
2148;2213;NARANJA HOLANDA;32:45.1;32:45.1;NULL
2149;2214;NARANJA MALAGA;32:45.1;32:45.1;NULL
2150;2216;NARANJA MARFIL;32:45.1;32:45.1;NULL
2151;2217;NARANJA MARFIL AZUL;32:45.1;32:45.1;NULL
2152;2218;NARANJA MARFIL NEGRO;32:45.2;32:45.2;NULL
2153;2219;NARANJA MARRON;32:45.2;32:45.2;NULL
2154;2220;NARANJA MATRIZ;32:45.2;32:45.2;NULL
2155;2221;NARANJA MOSTAZA;32:45.2;32:45.2;NULL
2156;2222;NARANJA NARANJAUELO;32:45.3;32:45.3;NULL
2157;2223;NARANJA NEGRO;32:45.3;32:45.3;NULL
2158;2224;NARANJA NEGRO NIQUEL;32:45.3;32:45.3;NULL
2159;2225;NARANJA NIQUEL;32:45.3;32:45.3;NULL
2160;2226;NARANJA OLIVA;32:45.3;32:45.3;NULL
2161;2227;NARANJA ORO;32:45.4;32:45.4;NULL
2162;2228;NARANJA PLATEADO;32:45.4;32:45.4;NULL
2163;2229;NARANJA PLATEADO AZUL;32:45.4;32:45.4;NULL
2164;2230;NARANJA PRIMAVERAL;32:45.4;32:45.4;NULL
2165;2231;NARANJA ROJO;32:45.4;32:45.4;NULL
2166;2232;NARANJA TANGERI;32:45.4;32:45.4;NULL
2167;2233;NARANJA VERDE;32:45.4;32:45.4;NULL
2168;2234;NARANJA VERDE BLANCO;32:45.4;32:45.4;NULL
2169;2235;NARANJA VERDE CREMA;32:45.4;32:45.4;NULL
2170;2236;NARANJA VERDE MARFIL;32:45.5;32:45.5;NULL
2171;2237;NARANJA VICTORIA;32:45.5;32:45.5;NULL
2172;2238;NEGRA;32:45.5;32:45.5;NULL
2173;2239;NEGRA MICA;32:45.5;32:45.5;NULL
2174;2240;NEGRA PT;32:45.5;32:45.5;NULL
2175;2241;NEGRO AMARILLO;32:45.6;32:45.6;NULL
2176;2242;NEGRO AMARILLO BLANCO;32:45.6;32:45.6;NULL
2177;2243;NEGRO AMARILLO PLATA;32:45.6;32:45.6;NULL
2178;2244;NEGRO AMETHYST;32:45.6;32:45.6;NULL
2179;2245;NEGRO AZUL;32:45.6;32:45.6;NULL
2180;2246;NEGRO AZUL MORADO;32:45.6;32:45.6;NULL
2181;2247;NEGRO AZUL ROJO;32:45.6;32:45.6;NULL
2182;2248;NEGRO AZUL ROSADO;32:45.6;32:45.6;NULL
2183;2250;NEGRO BERLIN;32:45.6;32:45.6;NULL
2184;2251;NEGRO BLANCO;32:45.6;32:45.6;NULL
2185;2252;NEGRO BLANCO AMARILLO;32:45.7;32:45.7;NULL
2186;2253;NEGRO BLANCO NIQUEL;32:45.7;32:45.7;NULL
2187;2254;NEGRO BLANCO PLATEADO;32:45.7;32:45.7;NULL
2188;2255;NEGRO BRILLANTE;32:45.7;32:45.7;NULL
2189;2256;NEGRO BRILLANTE BICAPA;32:45.7;32:45.7;NULL
2190;2257;NEGRO BRONCE;32:45.7;32:45.7;NULL
2191;2259;NEGRO CAFE;32:45.8;32:45.8;NULL
2192;2260;NEGRO CEREZA;32:45.8;32:45.8;NULL
2193;2261;NEGRO CORAL;32:45.8;32:45.8;NULL
2194;2262;NEGRO COSMICO;32:45.8;32:45.8;NULL
2195;2263;NEGRO COSMO;32:45.8;32:45.8;NULL
2196;2264;NEGRO COSMOS;32:45.8;32:45.8;NULL
2197;2265;NEGRO CREMA;32:45.8;32:45.8;NULL
2198;2266;NEGRO CREMA MOSTAZA;32:45.8;32:45.8;NULL
2199;2267;NEGRO CREMA VERDE;32:45.8;32:45.8;NULL
2200;2268;NEGRO CROMO;32:45.8;32:45.8;NULL
2201;2269;NEGRO DECONDO;32:45.8;32:45.8;NULL
2202;2270;NEGRO DEEP;32:45.8;32:45.8;NULL
2203;2271;NEGRO DORADO;32:45.9;32:45.9;NULL
2204;2273;NEGRO EBANO;32:45.9;32:45.9;NULL
2205;2274;NEGRO EBONI;32:45.9;32:45.9;NULL
2206;2276;NEGRO ELEGANTE;32:45.9;32:45.9;NULL
2207;2277;NEGRO ESMERALDA;32:45.9;32:45.9;NULL
2208;2278;NEGRO ESPACIAL;32:45.9;32:45.9;NULL
2209;2279;NEGRO ESTELAR;32:45.9;32:45.9;NULL
2210;2280;NEGRO FUCSIA;32:45.9;32:45.9;NULL
2211;2281;NEGRO GRAFITO;32:45.9;32:45.9;NULL
2212;2282;NEGRO GRANADA;32:45.9;32:45.9;NULL
2213;2283;NEGRO GRIS;32:45.9;32:45.9;NULL
2214;2284;NEGRO GRIS METALIZADO;32:46.0;32:46.0;NULL
2215;2285;NEGRO GRIS MORADO;32:46.0;32:46.0;NULL
2216;2286;NEGRO GRIS OSCURO;32:46.0;32:46.0;NULL
2217;2287;NEGRO GRIS PLATA;32:46.0;32:46.0;NULL
2218;2288;NEGRO GRIS ROJO;32:46.0;32:46.0;NULL
2219;2289;NEGRO HABANO;32:46.0;32:46.0;NULL
2220;2290;NEGRO INFINITO;32:46.0;32:46.0;NULL
2221;2291;NEGRO INTENSO;32:46.0;32:46.0;NULL
2222;2292;NEGRO LAMPARA;32:46.0;32:46.0;NULL
2223;2293;NEGRO LIBIANO;32:46.0;32:46.0;NULL
2224;2294;NEGRO MAGIC;32:46.0;32:46.0;NULL
2225;2295;NEGRO MAGICO;32:46.0;32:46.0;NULL
2226;2296;NEGRO MALLORCA;32:46.0;32:46.0;NULL
2227;2297;NEGRO MAR;32:46.0;32:46.0;NULL
2228;2299;NEGRO MARFIL;32:46.0;32:46.0;NULL
2229;2300;NEGRO MARINA;32:46.0;32:46.0;NULL
2230;2301;NEGRO MATE;32:46.0;32:46.0;NULL
2231;2302;NEGRO MEDIANOCHE;32:46.1;32:46.1;NULL
2232;2303;NEGRO MICA;32:46.1;32:46.1;NULL
2233;2304;NEGRO MORADO;32:46.1;32:46.1;NULL
2234;2306;NEGRO MOSTAZA;32:46.1;32:46.1;NULL
2235;2307;NEGRO MULTICOLOR;32:46.1;32:46.1;NULL
2236;2308;NEGRO NACARADO;32:46.1;32:46.1;NULL
2237;2309;NEGRO NARANJA;32:46.1;32:46.1;NULL
2238;2310;NEGRO NARANJA DORADA;32:46.1;32:46.1;NULL
2239;2311;NEGRO NINJA;32:46.1;32:46.1;NULL
2240;2313;NEGRO NIQUEL;32:46.2;32:46.2;NULL
2241;2314;NEGRO NIQUEL BLANCO;32:46.2;32:46.2;NULL
2242;2315;NEGRO NOCHE;32:46.2;32:46.2;NULL
2243;2316;NEGRO NOCTURNO;32:46.2;32:46.2;NULL
2244;2317;NEGRO OBSIDIA;32:46.2;32:46.2;NULL
2245;2318;NEGRO OBSIDIANA;32:46.2;32:46.2;NULL
2246;2319;NEGRO OBSIDIEN;32:46.2;32:46.2;NULL
2247;2320;NEGRO OLIVA;32:46.2;32:46.2;NULL
2248;2321;NEGRO ONICE;32:46.2;32:46.2;NULL
2249;2322;NEGRO ONIX;32:46.2;32:46.2;NULL
2250;2323;NEGRO ONIX PASTEL;32:46.2;32:46.2;NULL
2251;2324;NEGRO PERLA;32:46.3;32:46.3;NULL
2252;2325;NEGRO PHANTOM PERLA;32:46.3;32:46.3;NULL
2253;2326;NEGRO PINTA;32:46.3;32:46.3;NULL
2254;2328;NEGRO PLATA;32:46.3;32:46.3;NULL
2255;2329;NEGRO PLATA TRIGO;32:46.3;32:46.3;NULL
2256;2331;NEGRO PLATEADO;32:46.3;32:46.3;NULL
2257;2332;NEGRO PLOMO;32:46.3;32:46.3;NULL
2258;2333;NEGRO POL;32:46.4;32:46.4;NULL
2259;2334;NEGRO PROFUNDO;32:46.4;32:46.4;NULL
2260;2335;NEGRO PURO;32:46.4;32:46.4;NULL
2261;2336;NEGRO PURPURA;32:46.4;32:46.4;NULL
2262;2337;NEGRO REGATIA;32:46.4;32:46.4;NULL
2263;2338;NEGRO ROJO;32:46.5;32:46.5;NULL
2264;2339;NEGRO ROJO METALIZADO;32:46.5;32:46.5;NULL
2265;2340;NEGRO ROJO BLANCO;32:46.5;32:46.5;NULL
2266;2341;NEGRO ROJO GRIS;32:46.5;32:46.5;NULL
2267;2342;NEGRO ROJO HABANA;32:46.5;32:46.5;NULL
2268;2343;NEGRO ROJO NARANJA;32:46.6;32:46.6;NULL
2269;2344;NEGRO ROJO PLATEADA;32:46.6;32:46.6;NULL
2270;2345;NEGRO ROSADO;32:46.6;32:46.6;NULL
2271;2346;NEGRO ROYAL;32:46.6;32:46.6;NULL
2272;2347;NEGRO SAPPHIRE;32:46.6;32:46.6;NULL
2273;2348;NEGRO SOLIDO;32:46.6;32:46.6;NULL
2274;2349;NEGRO SPACE;32:46.6;32:46.6;NULL
2275;2350;NEGRO TITAN;32:46.6;32:46.6;NULL
2276;2351;NEGRO TURQUESA;32:46.6;32:46.6;NULL
2277;2352;NEGRO VERDE;32:46.6;32:46.6;NULL
2278;2353;NEGRO VERDE ACEITUNA;32:46.6;32:46.6;NULL
2279;2354;NEGRO VERDE OLIVA;32:46.7;32:46.7;NULL
2280;2355;NEGRO VERDE ROJO;32:46.7;32:46.7;NULL
2281;2356;NEGRO VERDUSO;32:46.7;32:46.7;NULL
2282;2357;NEGRO VINILO AMARILLO;32:46.7;32:46.7;NULL
2283;2358;NEGRO VINOTINTO;32:46.7;32:46.7;NULL
2284;2359;NEGRO VIOLETA;32:46.7;32:46.7;NULL
2285;2360;NEGRO ZAFIRO;32:46.7;32:46.7;NULL
2286;2361;NOIR ONYX;32:46.7;32:46.7;NULL
2287;2362;NOIR VERNI;32:46.7;32:46.7;NULL
2288;2363;NUEVO PLATA MEDIO;32:46.7;32:46.7;NULL
2289;2364;OPAL LIC;32:46.7;32:46.7;NULL
2290;2365;ORO AZUCAR;32:46.7;32:46.7;NULL
2291;2366;ORO BEIGE;32:46.7;32:46.7;NULL
2292;2367;ORO BLANCO;32:46.7;32:46.7;NULL
2293;2368;ORO BRILLANTE;32:46.7;32:46.7;NULL
2294;2369;ORO CHAMPAÑA;32:46.7;32:46.7;NULL
2295;2370;ORO CREMA;32:46.7;32:46.7;NULL
2296;2371;ORO CREMA METALIZADO;32:46.7;32:46.7;NULL
2297;2372;ORO MARTE;32:46.7;32:46.7;NULL
2298;2373;ORO MEDIO;32:46.8;32:46.8;NULL
2299;2374;ORO NEGRO;32:46.8;32:46.8;NULL
2300;2375;ORO RADIANTE;32:46.8;32:46.8;NULL
2301;2376;ORO SINU CAFE;32:46.8;32:46.8;NULL
2302;2377;ORO TOLEDANO;32:46.8;32:46.8;NULL
2303;2378;ORO TOLEDANO BLANCO;32:46.8;32:46.8;NULL
2304;2379;ORO TOLEDANO CREMA;32:46.8;32:46.8;NULL
2305;2380;ORO VERDOSO;32:46.8;32:46.8;NULL
2306;2381;PASTEL ROJO ADEN;32:46.8;32:46.8;NULL
2307;2382;PERCOLOR AZUL;32:46.8;32:46.8;NULL
2308;2383;PERCOLOR NEGRO;32:46.9;32:46.9;NULL
2309;2384;PERLA DUNA;32:46.9;32:46.9;NULL
2310;2385;PERLA GRAY;32:46.9;32:46.9;NULL
2311;2386;PERLA GRIS;32:46.9;32:46.9;NULL
2312;2387;PERLA NEGRA;32:46.9;32:46.9;NULL
2313;2388;PERLADO ORO;32:46.9;32:46.9;NULL
2314;2389;PLATA ACROPOLIS;32:46.9;32:46.9;NULL
2315;2390;PLATA ACUATICA;32:46.9;32:46.9;NULL
2316;2391;PLATA ACUATICA MICA;32:46.9;32:46.9;NULL
2317;2392;PLATA AHUMADA;32:46.9;32:46.9;NULL
2318;2393;PLATA ALABASTER;32:46.9;32:46.9;NULL
2319;2394;PLATA ALBASTER;32:46.9;32:46.9;NULL
2320;2395;PLATA ASTRAL;32:46.9;32:46.9;NULL
2321;2396;PLATA ASTRO ADA;32:46.9;32:46.9;NULL
2322;2397;PLATA AZUL;32:46.9;32:46.9;NULL
2323;2398;PLATA BARI;32:46.9;32:46.9;NULL
2324;2399;PLATA BARY;32:46.9;32:46.9;NULL
2325;2400;PLATA BILLET;32:46.9;32:46.9;NULL
2326;2401;PLATA BOOM;32:46.9;32:46.9;NULL
2327;2402;PLATA BOON;32:46.9;32:46.9;NULL
2328;2403;PLATA BRUMA;32:46.9;32:46.9;NULL
2329;2404;PLATA CELESTIAL;32:47.0;32:47.0;NULL
2330;2405;PLATA CENTURY;32:47.0;32:47.0;NULL
2331;2406;PLATA CHAMPAÑA;32:47.0;32:47.0;NULL
2332;2407;PLATA CIELO;32:47.0;32:47.0;NULL
2333;2408;PLATA CONTINENTAL;32:47.0;32:47.0;NULL
2334;2409;PLATA COOL GRIS MEDIO MICA;32:47.0;32:47.0;NULL
2335;2410;PLATA CROMADO;32:47.0;32:47.0;NULL
2336;2411;PLATA DESIERTO;32:47.0;32:47.0;NULL
2337;2412;PLATA ELECTRICA;32:47.0;32:47.0;NULL
2338;2413;PLATA ELECTRICO;32:47.0;32:47.0;NULL
2339;2414;PLATA EORO;32:47.0;32:47.0;NULL
2340;2415;PLATA ESTELAR;32:47.0;32:47.0;NULL
2341;2416;PLATA ESTRELLA;32:47.0;32:47.0;NULL
2342;2417;PLATA FORCE;32:47.0;32:47.0;NULL
2343;2419;PLATA GRIS;32:47.0;32:47.0;NULL
2344;2420;PLATA HIELO;32:47.0;32:47.0;NULL
2345;2421;PLATA HIELO GRIS OSCURO;32:47.0;32:47.0;NULL
2346;2422;PLATA ICEBERG;32:47.1;32:47.1;NULL
2347;2423;PLATA INDICO;32:47.1;32:47.1;NULL
2348;2424;PLATA IRIDIO;32:47.1;32:47.1;NULL
2349;2425;PLATA LAGUNA;32:47.1;32:47.1;NULL
2350;2426;PLATA LIGERO;32:47.1;32:47.1;NULL
2351;2427;PLATA LUNA;32:47.1;32:47.1;NULL
2352;2428;PLATA MOSCU;32:47.1;32:47.1;NULL
2353;2429;PLATA NEGRO;32:47.1;32:47.1;NULL
2354;2430;PLATA NIQUEL GRIS PLOMO METALICO;32:47.1;32:47.1;NULL
2355;2431;PLATA NUEVA;32:47.1;32:47.1;NULL
2356;2432;PLATA OXIDO;32:47.1;32:47.1;NULL
2357;2433;PLATA PLATINO;32:47.1;32:47.1;NULL
2358;2434;PLATA QUEENS;32:47.2;32:47.2;NULL
2359;2435;PLATA RALLY;32:47.2;32:47.2;NULL
2360;2436;PLATA REFLES;32:47.2;32:47.2;NULL
2361;2437;PLATA REFLEZ;32:47.2;32:47.2;NULL
2362;2439;PLATA SOLAR;32:47.2;32:47.2;NULL
2363;2440;PLATA SORRENTE;32:47.2;32:47.2;NULL
2364;2441;PLATA SUPER;32:47.2;32:47.2;NULL
2365;2442;PLATA TITANIO PLATA;32:47.2;32:47.2;NULL
2366;2443;PLATA TRIGO VERDE;32:47.2;32:47.2;NULL
2367;2444;PLATA URBANO;32:47.2;32:47.2;NULL
2368;2445;PLATA VERDOSO;32:47.2;32:47.2;NULL
2369;2447;PLATEADO AMARILLO;32:47.2;32:47.2;NULL
2370;2448;PLATEADO ASTRAL;32:47.2;32:47.2;NULL
2371;2449;PLATEADO AZUL BLANCO;32:47.3;32:47.3;NULL
2372;2450;PLATEADO BEIGE;32:47.3;32:47.3;NULL
2373;2451;PLATEADO BLANCO;32:47.3;32:47.3;NULL
2374;2452;PLATEADO BRILLANTE;32:47.3;32:47.3;NULL
2375;2453;PLATEADO CAFE;32:47.3;32:47.3;NULL
2376;2454;PLATEADO COBRE;32:47.3;32:47.3;NULL
2377;2455;PLATEADO CROMO;32:47.3;32:47.3;NULL
2378;2456;PLATEADO CUBANITA;32:47.3;32:47.3;NULL
2379;2457;PLATEADO DORADO;32:47.3;32:47.3;NULL
2380;2458;PLATEADO DORADO CLARO;32:47.3;32:47.3;NULL
2381;2459;PLATEADO ESTRELLA;32:47.3;32:47.3;NULL
2382;2460;PLATEADO GALAXIA;32:47.3;32:47.3;NULL
2383;2461;PLATEADO GALAXIA GRIS NEBLINA;32:47.3;32:47.3;NULL
2384;2462;PLATEADO GRIS;32:47.3;32:47.3;NULL
2385;2463;PLATEADO GRIS NEBLINA;32:47.3;32:47.3;NULL
2386;2464;PLATEADO GRIS OSCURO;32:47.3;32:47.3;NULL
2387;2465;PLATEADO GRIS PLOMO;32:47.3;32:47.3;NULL
2388;2466;PLATEADO GRISACEO AZUL;32:47.3;32:47.3;NULL
2389;2467;PLATEADO HOLLIN;32:47.3;32:47.3;NULL
2390;2468;PLATEADO MICA;32:47.4;32:47.4;NULL
2391;2469;PLATEADO NARANJA;32:47.4;32:47.4;NULL
2392;2470;PLATEADO NEGRO;32:47.4;32:47.4;NULL
2393;2471;PLATEADO OSCURO;32:47.4;32:47.4;NULL
2394;2472;PLATEADO PLATA;32:47.4;32:47.4;NULL
2395;2473;PLATEADO ROJO;32:47.4;32:47.4;NULL
2396;2474;PLATEADO ROJO NEGRO;32:47.4;32:47.4;NULL
2397;2475;PLATEADO ROMANICO;32:47.4;32:47.4;NULL
2398;2476;PLATEADO SUAVE;32:47.4;32:47.4;NULL
2399;2477;PLATEADO VERDE;32:47.4;32:47.4;NULL
2400;2478;PLATINO;32:47.4;32:47.4;NULL
2401;2479;PLATINO BRILLANTE;32:47.4;32:47.4;NULL
2402;2480;PLATINO LIQUIDO;32:47.4;32:47.4;NULL
2403;2481;PLATINO MEDIO;32:47.4;32:47.4;NULL
2404;2482;ROJO 2 TONOS;32:47.4;32:47.4;NULL
2405;2483;ROJO 3WS;32:47.4;32:47.4;NULL
2406;2484;ROJO 4IR;32:47.4;32:47.4;NULL
2407;2485;ROJO 5 A;32:47.5;32:47.5;NULL
2408;2486;ROJO 6 DCH;32:47.5;32:47.5;NULL
2409;2487;ROJO ADE PLATE;32:47.5;32:47.5;NULL
2410;2488;ROJO ADEN;32:47.5;32:47.5;NULL
2411;2489;ROJO ADEN PASTEL;32:47.5;32:47.5;NULL
2412;2490;ROJO ALHAMBRA;32:47.5;32:47.5;NULL
2413;2491;ROJO ALMAGRO;32:47.5;32:47.5;NULL
2414;2492;ROJO ALUMINIO;32:47.5;32:47.5;NULL
2415;2493;ROJO AMARILLO;32:47.5;32:47.5;NULL
2416;2494;ROJO AMARILLO CREMA;32:47.5;32:47.5;NULL
2417;2495;ROJO AMARILLO DEGRADE;32:47.5;32:47.5;NULL
2418;2496;ROJO AMARILLO NEGRO;32:47.5;32:47.5;NULL
2419;2497;ROJO AMARILLO VERDE;32:47.5;32:47.5;NULL
2420;2498;ROJO AMBAR BLANCO;32:47.6;32:47.6;NULL
2421;2499;ROJO ANARANJADO;32:47.6;32:47.6;NULL
2422;2500;ROJO ANARANJADO NEGRO;32:47.6;32:47.6;NULL
2423;2501;ROJO ANTARES;32:47.6;32:47.6;NULL
2424;2502;ROJO ARAPITO;32:47.6;32:47.6;NULL
2425;2503;ROJO AZAFRAN;32:47.6;32:47.6;NULL
2426;2504;ROJO AZUL;32:47.6;32:47.6;NULL
2427;2505;ROJO AZUL AMARILLO;32:47.6;32:47.6;NULL
2428;2506;ROJO AZUL BLANCO;32:47.6;32:47.6;NULL
2429;2507;ROJO AZUL CREMA;32:47.6;32:47.6;NULL
2430;2508;ROJO AZUL HABANO;32:47.6;32:47.6;NULL
2431;2509;ROJO AZUL MARFIL;32:47.6;32:47.6;NULL
2432;2510;ROJO AZUL NARANJA;32:47.6;32:47.6;NULL
2433;2511;ROJO AZUL PLATEADO;32:47.6;32:47.6;NULL
2434;2512;ROJO BABYLONE;32:47.7;32:47.7;NULL
2435;2513;ROJO BARI;32:47.7;32:47.7;NULL
2436;2514;ROJO BAROLO;32:47.7;32:47.7;NULL
2437;2515;ROJO BARROCO;32:47.7;32:47.7;NULL
2438;2516;ROJO BAVARIA;32:47.7;32:47.7;NULL
2439;2517;ROJO BAYA;32:47.7;32:47.7;NULL
2440;2518;ROJO BEIGE;32:47.7;32:47.7;NULL
2441;2519;ROJO BEL;32:47.7;32:47.7;NULL
2442;2520;ROJO BERLIN;32:47.7;32:47.7;NULL
2443;2521;ROJO BERMELLON MICA;32:47.7;32:47.7;NULL
2444;2522;ROJO BLANCO;32:47.7;32:47.7;NULL
2445;2523;ROJO BLANCO AMARILLO;32:47.7;32:47.7;NULL
2446;2524;ROJO BLANCO AZUL;32:47.8;32:47.8;NULL
2447;2525;ROJO BLANCO GRIS;32:47.8;32:47.8;NULL
2448;2526;ROJO BLANCO MARFIL;32:47.8;32:47.8;NULL
2449;2527;ROJO BLANCO NEGRO;32:47.8;32:47.8;NULL
2450;2528;ROJO BLANCO VERDE;32:47.8;32:47.8;NULL
2451;2529;ROJO BONANZA;32:47.8;32:47.8;NULL
2452;2530;ROJO BORDEAUX BEIGE;32:47.8;32:47.8;NULL
2453;2531;ROJO BORDEAUX BLANCO;32:47.8;32:47.8;NULL
2454;2532;ROJO BOURDEAX;32:47.8;32:47.8;NULL
2455;2533;ROJO BRILL;32:47.8;32:47.8;NULL
2456;2534;ROJO BRILLANTE BEIGE PERLA;32:47.8;32:47.8;NULL
2457;2535;ROJO BRILLANTE GRISA;32:47.8;32:47.8;NULL
2458;2536;ROJO BURDEAUX;32:47.8;32:47.8;NULL
2459;2537;ROJO BURDEO;32:47.8;32:47.8;NULL
2460;2538;ROJO BURDEO CLARO;32:47.8;32:47.8;NULL
2461;2539;ROJO BURDEO OSCURO;32:47.8;32:47.8;NULL
2462;2540;ROJO CADMIO;32:47.8;32:47.8;NULL
2463;2541;ROJO CALIPSO;32:47.8;32:47.8;NULL
2464;2542;ROJO CANDY;32:47.8;32:47.8;NULL
2465;2543;ROJO CANELA;32:47.9;32:47.9;NULL
2466;2544;ROJO CAPACHO;32:47.9;32:47.9;NULL
2467;2545;ROJO CARDEAL;32:47.9;32:47.9;NULL
2468;2546;ROJO CARDINAL;32:47.9;32:47.9;NULL
2469;2547;ROJO CARMESI;32:47.9;32:47.9;NULL
2470;2548;ROJO CARRERA;32:47.9;32:47.9;NULL
2471;2549;ROJO CARUARU;32:47.9;32:47.9;NULL
2472;2550;ROJO CAYENA;32:47.9;32:47.9;NULL
2473;2551;ROJO CCEMERUCA;32:47.9;32:47.9;NULL
2474;2552;ROJO CEDRO;32:47.9;32:47.9;NULL
2475;2553;ROJO CEMERUCA;32:47.9;32:47.9;NULL
2476;2554;ROJO CEMERUCA BEIGE;32:47.9;32:47.9;NULL
2477;2555;ROJO CEREZA GRIS MICA;32:47.9;32:47.9;NULL
2478;2556;ROJO CERISE;32:47.9;32:47.9;NULL
2479;2557;ROJO CHINO;32:47.9;32:47.9;NULL
2480;2558;ROJO CIENA;32:47.9;32:47.9;NULL
2481;2559;ROJO CIENA BLANCO;32:47.9;32:47.9;NULL
2482;2560;ROJO COBRE;32:48.0;32:48.0;NULL
2483;2561;ROJO COBRIZO;32:48.0;32:48.0;NULL
2484;2562;ROJO COCA;32:48.0;32:48.0;NULL
2485;2563;ROJO COCA COLA;32:48.0;32:48.0;NULL
2486;2564;ROJO COLONIAL;32:48.0;32:48.0;NULL
2487;2565;ROJO CORAL;32:48.0;32:48.0;NULL
2488;2567;ROJO CORRIDA;32:48.0;32:48.0;NULL
2489;2568;ROJO COSMICO VINOTINTO;32:48.0;32:48.0;NULL
2490;2570;ROJO CREMA;32:48.0;32:48.0;NULL
2491;2571;ROJO CREMA AZUL;32:48.0;32:48.0;NULL
2492;2572;ROJO CREMA GRIS;30:51.2;30:51.2;NULL
2493;2573;ROJO CROMADO GRIS;30:51.2;30:51.2;NULL
2494;2575;ROJO CROMO;30:51.2;30:51.2;NULL
2495;2576;ROJO DAKAR;30:51.2;30:51.2;NULL
2496;2577;ROJO DINAMO BLANCO;30:51.2;30:51.2;NULL
2497;2578;ROJO DINASTIA;30:51.2;30:51.2;NULL
2498;2579;ROJO DORADO;30:51.2;30:51.2;NULL
2499;2580;ROJO DYNAMIQUE;30:51.2;30:51.2;NULL
2501;2583;ROJO ENCENDIDO;30:51.2;30:51.2;NULL
2502;2584;ROJO ESCARLATA;30:51.2;30:51.2;NULL
2503;2585;ROJO ESCARLATA MICA;30:51.2;30:51.2;NULL
2504;2586;ROJO ESCOLARES;30:51.2;30:51.2;NULL
2505;2587;ROJO ESPECIAL WINE;30:51.2;30:51.2;NULL
2506;2588;ROJO ETNICO;30:51.2;30:51.2;NULL
2507;2589;ROJO ETRUSCO;30:51.3;30:51.3;NULL
2508;2590;ROJO EVROS;30:51.3;30:51.3;NULL
2509;2591;ROJO EXTREME;30:51.3;30:51.3;NULL
2510;2592;ROJO FALAN;30:51.3;30:51.3;NULL
2511;2593;ROJO FERIA 273;30:51.3;30:51.3;NULL
2512;2594;ROJO FERRARI CLARO;30:51.4;30:51.4;NULL
2513;2595;ROJO FIESTA AZUL;30:51.4;30:51.4;NULL
2514;2596;ROJO FIESTA BLANCO;30:51.4;30:51.4;NULL
2515;2597;ROJO FLAMA;30:51.4;30:51.4;NULL
2516;2598;ROJO FLAMENCO;30:51.4;30:51.4;NULL
2517;2599;ROJO FLASH;30:51.4;30:51.4;NULL
2518;2600;ROJO FLASH BEIGE;30:51.4;30:51.4;NULL
2519;2601;ROJO FLASH BRILLANTE;30:51.4;30:51.4;NULL
2520;2602;ROJO FLUM;30:51.4;30:51.4;NULL
2521;2603;ROJO FLYER;30:51.4;30:51.4;NULL
2522;2604;ROJO FONTANA;30:51.4;30:51.4;NULL
2523;2605;ROJO FRAMBUESA;30:51.5;30:51.5;NULL
2524;2606;ROJO FUEGO BEIGE;30:51.5;30:51.5;NULL
2525;2607;ROJO FUEGO BLANCO;30:51.5;30:51.5;NULL
2526;2608;ROJO FUEGO MARFIL;30:51.5;30:51.5;NULL
2527;2609;ROJO FUEGO NEGRO;30:51.5;30:51.5;NULL
2528;2610;ROJO FURIO;30:51.5;30:51.5;NULL
2529;2611;ROJO GARANCE;30:51.5;30:51.5;NULL
2530;2612;ROJO GARNET;30:51.5;30:51.5;NULL
2531;2613;ROJO GRANADA;30:51.5;30:51.5;NULL
2532;2614;ROJO GRANATE BRILLANTE;30:51.5;30:51.5;NULL
2533;2615;ROJO GRIOTE;30:51.5;30:51.5;NULL
2534;2616;ROJO GRIS;30:51.5;30:51.5;NULL
2535;2617;ROJO GRIS NARANJA;30:51.6;30:51.6;NULL
2536;2618;ROJO GRIS NEGRO;30:51.6;30:51.6;NULL
2537;2619;ROJO GRIS NIQUEL;30:51.6;30:51.6;NULL
2538;2620;ROJO GRIS ORCURO;30:51.6;30:51.6;NULL
2539;2621;ROJO GRIS PLATA;30:51.6;30:51.6;NULL
2540;2622;ROJO GRIS PLATEADO;30:51.6;30:51.6;NULL
2541;2623;ROJO GRIS PLOMO;30:51.6;30:51.6;NULL
2542;2624;ROJO HABANERO;30:51.6;30:51.6;NULL
2543;2625;ROJO HABANO;30:51.6;30:51.6;NULL
2544;2626;ROJO HABANO GRIS;30:51.6;30:51.6;NULL
2545;2627;ROJO HI HIPHOP;30:51.6;30:51.6;NULL
2546;2628;ROJO IATA;30:51.6;30:51.6;NULL
2547;2629;ROJO IMPERIAL GRIS PLOMO;30:51.6;30:51.6;NULL
2548;2630;ROJO IMPERIO;30:51.6;30:51.6;NULL
2549;2631;ROJO INDIANA;30:51.6;30:51.6;NULL
2550;2632;ROJO INFIERNO;30:51.7;30:51.7;NULL
2551;2633;ROJO INTENSO;30:51.7;30:51.7;NULL
2552;2634;ROJO IPIRANGA;30:51.7;30:51.7;NULL
2553;2635;ROJO IRIS;30:51.7;30:51.7;NULL
2554;2636;ROJO IRIS PLATA;30:51.7;30:51.7;NULL
2555;2637;ROJO ITALIANO;30:51.7;30:51.7;NULL
2556;2638;ROJO JAPON;30:51.7;30:51.7;NULL
2557;2639;ROJO KANDINSKY;30:51.7;30:51.7;NULL
2558;2640;ROJO KUTANI;30:51.7;30:51.7;NULL
2559;2641;ROJO KUTANI PERLA;30:51.7;30:51.7;NULL
2560;2642;ROJO KUTANI PLATA LAGUARDIA;30:51.7;30:51.7;NULL
2561;2643;ROJO LADRILLO;30:51.7;30:51.7;NULL
2562;2644;ROJO LADRILLO BLANCO;30:51.7;30:51.7;NULL
2563;2645;ROJO LIMPIO;30:51.7;30:51.7;NULL
2564;2646;ROJO LLAMA;30:51.7;30:51.7;NULL
2565;2647;ROJO LUCIFER;30:51.7;30:51.7;NULL
2566;2648;ROJO LYRA;30:51.7;30:51.7;NULL
2567;2649;ROJO MACANAO;30:51.7;30:51.7;NULL
3794;3936;AZUL LIRIO;33:46.5;33:46.5;NULL
2568;2650;ROJO MACEIO;30:51.7;30:51.7;NULL
2569;2651;ROJO MANANTIAL;30:51.7;30:51.7;NULL
2570;2652;ROJO MANDARIN;30:51.7;30:51.7;NULL
2571;2653;ROJO MANDARINA AZUL;30:51.8;30:51.8;NULL
2572;2654;ROJO MARFIL;30:51.8;30:51.8;NULL
2573;2655;ROJO MARFIL METALIZADO;30:51.8;30:51.8;NULL
2574;2656;ROJO MARFIL CIDODELICA;30:51.8;30:51.8;NULL
2575;2657;ROJO MARFIL NEGRO;30:51.8;30:51.8;NULL
2576;2658;ROJO MARRON;30:51.8;30:51.8;NULL
2577;2659;ROJO MARRON METALIZADO;30:51.8;30:51.8;NULL
2578;2660;ROJO MARTE;30:51.8;30:51.8;NULL
2579;2661;ROJO MECANO;30:51.8;30:51.8;NULL
2580;2662;ROJO MEDIO;30:51.8;30:51.8;NULL
2581;2663;ROJO MERLOT;30:51.8;30:51.8;NULL
2582;2664;ROJO MICA PLATA;30:51.8;30:51.8;NULL
2583;2665;ROJO MICA RADIANTE;30:51.8;30:51.8;NULL
2584;2666;ROJO MILAN;30:51.8;30:51.8;NULL
2585;2667;ROJO MINERAL;30:51.8;30:51.8;NULL
2586;2668;ROJO MINERAL GRIS OSCURO;30:51.8;30:51.8;NULL
2587;2669;ROJO MIX;30:51.8;30:51.8;NULL
2588;2670;ROJO MONACO;30:51.8;30:51.8;NULL
2589;2671;ROJO MONZA;30:51.8;30:51.8;NULL
2590;2672;ROJO MORADO;30:51.8;30:51.8;NULL
2591;2673;ROJO MORADO VERDE;30:51.8;30:51.8;NULL
2592;2674;ROJO MOSTAZA;30:51.9;30:51.9;NULL
2593;2675;ROJO MURANO;30:51.9;30:51.9;NULL
2594;2676;ROJO NACAR;30:51.9;30:51.9;NULL
2595;2677;ROJO NARANJA;30:51.9;30:51.9;NULL
2596;2678;ROJO NARANJA GRIS;30:51.9;30:51.9;NULL
2597;2679;ROJO NEGRO;30:51.9;30:51.9;NULL
2598;2680;ROJO NEGRO BLANCO;30:51.9;30:51.9;NULL
2599;2681;ROJO NEGRO GRIS;30:51.9;30:51.9;NULL
2600;2682;ROJO NILA;30:51.9;30:51.9;NULL
2601;2684;ROJO NIQUEL;30:51.9;30:51.9;NULL
2602;2685;ROJO NOBLE;30:51.9;30:51.9;NULL
2603;2686;ROJO OLIVA;30:51.9;30:51.9;NULL
2604;2687;ROJO OPAL FUEGO;30:51.9;30:51.9;NULL
2605;2688;ROJO ORGANICO;30:51.9;30:51.9;NULL
2606;2689;ROJO ORGANIGS;30:51.9;30:51.9;NULL
2607;2690;ROJO ORIENTE;30:51.9;30:51.9;NULL
2608;2691;ROJO OSCURO;30:51.9;30:51.9;NULL
2609;2692;ROJO OSCURO GRIS OSCURO;30:51.9;30:51.9;NULL
2610;2693;ROJO OSCURO MICA;30:52.0;30:52.0;NULL
2611;2694;ROJO OSCURO MICA PLATA CLARO;30:52.0;30:52.0;NULL
2612;2695;ROJO OXIDO;30:52.0;30:52.0;NULL
2613;2696;ROJO PALMA BEIGE;30:52.0;30:52.0;NULL
2614;2697;ROJO PALO DE ROSA;30:52.0;30:52.0;NULL
2615;2698;ROJO PARDO;30:52.0;30:52.0;NULL
2616;2699;ROJO PASION STRATO PERLA;30:52.0;30:52.0;NULL
2617;2700;ROJO PERCOLOR;30:52.0;30:52.0;NULL
2618;2702;ROJO PERLA;30:52.0;30:52.0;NULL
2619;2703;ROJO PERLASA;30:52.0;30:52.0;NULL
2620;2704;ROJO PERMANENTE;30:52.0;30:52.0;NULL
2621;2705;ROJO PERSAN;30:52.0;30:52.0;NULL
2622;2706;ROJO PILSEN;30:52.0;30:52.0;NULL
2623;2707;ROJO PIMIENTA;30:52.0;30:52.0;NULL
2624;2708;ROJO PIMIENTO;30:52.0;30:52.0;NULL
2625;2709;ROJO PLANO;30:52.0;30:52.0;NULL
2626;2711;ROJO PLATA;30:52.1;30:52.1;NULL
2627;2713;ROJO PLATEADO;30:52.1;30:52.1;NULL
2628;2714;ROJO PLATEADO AZUL;30:52.1;30:52.1;NULL
2629;2715;ROJO POLICROMADO BLANCO;30:52.1;30:52.1;NULL
2630;2716;ROJO POPPY;30:52.1;30:52.1;NULL
2631;2717;ROJO PUNZO;30:52.1;30:52.1;NULL
2632;2718;ROJO PURO;30:52.1;30:52.1;NULL
2633;2719;ROJO PURPURA BLANCO;30:52.1;30:52.1;NULL
2634;2720;ROJO QUEMADO;30:52.1;30:52.1;NULL
2635;2721;ROJO RACING;30:52.1;30:52.1;NULL
2636;2722;ROJO RADIANTE;30:52.1;30:52.1;NULL
2637;2723;ROJO RALLYE;30:52.1;30:52.1;NULL
2638;2724;ROJO REMBRANDT;30:52.2;30:52.2;NULL
2639;2725;ROJO RIO;30:52.2;30:52.2;NULL
2640;2726;ROJO ROANNE BEIGE;30:52.2;30:52.2;NULL
2641;2727;ROJO ROANNE GRIS;30:52.2;30:52.2;NULL
2642;2728;ROJO ROCA;30:52.2;30:52.2;NULL
2643;2729;ROJO ROSA;30:52.2;30:52.2;NULL
2644;2730;ROJO ROSE;30:52.2;30:52.2;NULL
2645;2731;ROJO RUBI GRIS OSCURO;30:52.2;30:52.2;NULL
2646;2732;ROJO RUBI GRIS PLOMO;30:52.2;30:52.2;NULL
2647;2733;ROJO RUBY;30:52.2;30:52.2;NULL
2648;2734;ROJO RUSSET;30:52.3;30:52.3;NULL
2649;2735;ROJO SALSA;30:52.3;30:52.3;NULL
2650;2736;ROJO SALVAJE;30:52.3;30:52.3;NULL
2651;2737;ROJO SAMBA;30:52.3;30:52.3;NULL
2652;2738;ROJO SAN MARINO;30:52.3;30:52.3;NULL
2653;2739;ROJO SAPUCAI;30:52.3;30:52.3;NULL
2654;2740;ROJO SATURNO;30:52.3;30:52.3;NULL
2655;2741;ROJO SEDIAN;30:52.3;30:52.3;NULL
2656;2742;ROJO SEVILLA GRIS;30:52.3;30:52.3;NULL
2657;2743;ROJO SEVILLA GRIS PIEDRA;30:52.3;30:52.3;NULL
2658;2744;ROJO SEVILLA PLATA;30:52.3;30:52.3;NULL
2659;2745;ROJO SIENA;30:52.3;30:52.3;NULL
2660;2746;ROJO SIERRA;30:52.3;30:52.3;NULL
2661;2747;ROJO SOLIDO;30:52.3;30:52.3;NULL
2662;2748;ROJO SOLIDO PLATA TRIGO;30:52.3;30:52.3;NULL
2663;2749;ROJO SPICE;30:52.4;30:52.4;NULL
2664;2750;ROJO STANDARD;30:52.4;30:52.4;NULL
2665;2751;ROJO SUPERIOR;30:52.4;30:52.4;NULL
2666;2752;ROJO TANGO;30:52.4;30:52.4;NULL
2667;2753;ROJO TAURINO;30:52.4;30:52.4;NULL
2668;2754;ROJO TERRACOTA;30:52.4;30:52.4;NULL
2669;2755;ROJO TERRACOTA MARFIL;30:52.4;30:52.4;NULL
2670;2756;ROJO TERRENAL;30:52.4;30:52.4;NULL
2671;2757;ROJO TERRENAL MICA;30:52.4;30:52.4;NULL
2672;2758;ROJO TEXACO;30:52.4;30:52.4;NULL
2673;2759;ROJO TEXACO AMARILLO;30:52.4;30:52.4;NULL
2674;2760;ROJO TEXAS;30:52.4;30:52.4;NULL
2675;2761;ROJO TINTO;30:52.4;30:52.4;NULL
2676;2762;ROJO TOLEDANO;30:52.4;30:52.4;NULL
2677;2763;ROJO TOMATO;30:52.4;30:52.4;NULL
2678;2764;ROJO TOREADOR;30:52.4;30:52.4;NULL
2679;2765;ROJO TORNASOL;30:52.4;30:52.4;NULL
2680;2766;ROJO TOUELANNE;30:52.4;30:52.4;NULL
2681;2767;ROJO TROPICAL;30:52.4;30:52.4;NULL
2682;2768;ROJO TULIPAN;30:52.4;30:52.4;NULL
2683;2769;ROJO TURQUI ROJO;30:52.4;30:52.4;NULL
2684;2770;ROJO VAINILLA;30:52.4;30:52.4;NULL
2685;2771;ROJO VALLELUNGA;30:52.4;30:52.4;NULL
2686;2772;ROJO VENUS;30:52.5;30:52.5;NULL
2687;2773;ROJO VERDE;30:52.5;30:52.5;NULL
2688;2775;ROJO VERDE AMARILLO;30:52.5;30:52.5;NULL
2689;2776;ROJO VERDE AZUL;30:52.5;30:52.5;NULL
2690;2777;ROJO VERDE BLANCO;30:52.5;30:52.5;NULL
2691;2778;ROJO VERDE CREMA;30:52.5;30:52.5;NULL
2692;2779;ROJO VERDE GRIS;30:52.5;30:52.5;NULL
2693;2780;ROJO VERDE MARFIL;30:52.5;30:52.5;NULL
2694;2781;ROJO VERDE MORADO;30:52.5;30:52.5;NULL
2695;2782;ROJO VERONA;30:52.5;30:52.5;NULL
2696;2783;ROJO VERSALLES GRIS PLOMO;30:52.5;30:52.5;NULL
2697;2784;ROJO VICTORIA;30:52.5;30:52.5;NULL
2698;2785;ROJO VINO BEIGE;30:52.5;30:52.5;NULL
2699;2786;ROJO VINO BLANCO;30:52.5;30:52.5;NULL
2700;2787;ROJO VINO PLATA CENIZA;30:52.5;30:52.5;NULL
2701;2788;ROJO VINOTINTO;30:52.5;30:52.5;NULL
2702;2789;ROJO VINOTINTO BEIGE;30:52.5;30:52.5;NULL
2703;2790;ROJO VINOTINTO MARFIL;30:52.5;30:52.5;NULL
2704;2791;ROJO VIOLETA;30:52.5;30:52.5;NULL
2705;2793;ROJO VIVO BLANCO;30:52.6;30:52.6;NULL
2706;2794;ROJO VOLCANO;30:52.6;30:52.6;NULL
2707;2795;ROJO VULCANO;30:52.6;30:52.6;NULL
2708;2796;ROJO WINDSOR;30:52.6;30:52.6;NULL
2709;2797;ROJO XTREME;30:52.6;30:52.6;NULL
2710;2798;ROJO YARE;30:52.6;30:52.6;NULL
2711;2800;ROJO ZAFIRO;30:52.6;30:52.6;NULL
2712;2801;ROJO AZUL GRIS;30:52.6;30:52.6;NULL
2713;2802;ROSA ROJO;30:52.6;30:52.6;NULL
2714;2804;ROSADO AZUL AMARILLO;30:52.6;30:52.6;NULL
2715;2805;ROSADO BLANCO;30:52.6;30:52.6;NULL
2716;2806;ROSADO CORAL MARFIL;30:52.6;30:52.6;NULL
2717;2807;ROSADO CREMA;30:52.7;30:52.7;NULL
2718;2808;ROSADO CREMA AZUL;30:52.7;30:52.7;NULL
2719;2809;ROSADO FUCSIA;30:52.7;30:52.7;NULL
2720;2810;ROSADO HABANO;30:52.7;30:52.7;NULL
2721;2811;ROSADO MARFIL;30:52.7;30:52.7;NULL
2722;2812;ROUGE PAVOT;30:52.7;30:52.7;NULL
2724;2814;SILVER PERLECTE;30:52.7;30:52.7;NULL
2725;2815;SIN COLOR EXTERIOR;30:52.7;30:52.7;NULL
2726;2816;STEEL SILVER;30:52.7;30:52.7;NULL
2727;2817;SUPER BLANCO 2;30:52.7;30:52.7;NULL
2728;2818;TABACO SECO;30:52.7;30:52.7;NULL
2729;2819;TERRACOTA BLANCO;30:52.7;30:52.7;NULL
2730;2820;TERRACOTA BLANCO CAFE;30:52.7;30:52.7;NULL
2731;2821;TERRACOTA HABANO;30:52.7;30:52.7;NULL
2732;2822;TERRACOTA MARFIL;30:52.7;30:52.7;NULL
2733;2823;TERRACOTA NEGRO MARFIL;30:52.7;30:52.7;NULL
2734;2824;TOPAZ GOLD;30:52.7;30:52.7;NULL
2735;2825;TUGSTENO;30:52.7;30:52.7;NULL
2736;2826;TURQUESA;30:52.8;30:52.8;NULL
2737;2827;TURQUEZA BLANCO;30:52.8;30:52.8;NULL
2738;2828;TURQUEZA MARFIL;30:52.8;30:52.8;NULL
2739;2829;TURQUEZA VERDE MARFIL;30:52.8;30:52.8;NULL
2740;2830;UVA OSCURO;30:52.8;30:52.8;NULL
2741;2831;VERDE;30:52.8;30:52.8;NULL
2742;2832;VERDE 2 TONOS;30:52.8;30:52.8;NULL
2743;2833;VERDE 2 TONOS AMARILLO;30:52.8;30:52.8;NULL
2744;2834;VERDE 2 TONOS BLANCO;30:52.8;30:52.8;NULL
2745;2835;VERDE 2 TONOS CREMA;30:52.8;30:52.8;NULL
2746;2836;VERDE 2 TONOS ROJO;30:52.8;30:52.8;NULL
2747;2837;VERDE ABISAL;30:52.8;30:52.8;NULL
2748;2838;VERDE ABSINTHE;30:52.8;30:52.8;NULL
2749;2839;VERDE ABSINTHE NACAR;30:52.8;30:52.8;NULL
2750;2840;VERDE ABYSE;30:52.8;30:52.8;NULL
2751;2841;VERDE ACEITUNA BLANCO;30:52.8;30:52.8;NULL
2752;2842;VERDE ADHARA;30:52.9;30:52.9;NULL
2753;2843;VERDE AGUA;30:52.9;30:52.9;NULL
2754;2844;VERDE AGUAMARINA;30:52.9;30:52.9;NULL
2755;2845;VERDE ALAMO PLATA CENIZA;30:52.9;30:52.9;NULL
2756;2846;VERDE ALAMOANA;30:52.9;30:52.9;NULL
2757;2847;VERDE AMALFI;30:52.9;30:52.9;NULL
2758;2848;VERDE AMARILLO;30:52.9;30:52.9;NULL
2759;2849;VERDE AMARILLO AZUL;30:52.9;30:52.9;NULL
2760;2850;VERDE AMARILLO BLANCO;30:52.9;30:52.9;NULL
2761;2851;VERDE AMARILLO CREMA;30:52.9;30:52.9;NULL
2762;2852;VERDE AMARILLO ROJO;30:52.9;30:52.9;NULL
2763;2853;VERDE AMARILLO VERDE;30:52.9;30:52.9;NULL
2764;2855;VERDE AMAZONA;30:52.9;30:52.9;NULL
2765;2856;VERDE AMERICA GRIS JADE;30:52.9;30:52.9;NULL
2766;2857;VERDE ANDINO BLANCO;30:52.9;30:52.9;NULL
2767;2858;VERDE APACHE;30:52.9;30:52.9;NULL
2768;2859;VERDE ARAGUAIA;30:52.9;30:52.9;NULL
2769;2860;VERDE ARARIPE;30:52.9;30:52.9;NULL
2770;2861;VERDE ARRECIFE BLANCO;30:52.9;30:52.9;NULL
2771;2862;VERDE ASPEN;30:53.0;30:53.0;NULL
2772;2863;VERDE ATOL;30:53.0;30:53.0;NULL
2773;2864;VERDE AUTOPISTA;30:53.0;30:53.0;NULL
2774;2865;VERDE AVILA;30:53.0;30:53.0;NULL
2775;2866;VERDE AVISAL;30:53.0;30:53.0;NULL
2776;2867;VERDE AZTECA;30:53.0;30:53.0;NULL
2777;2868;VERDE AZUL;30:53.0;30:53.0;NULL
2778;2869;VERDE AZUL AMARILLO;30:53.0;30:53.0;NULL
2779;2870;VERDE AZUL BLANCO;30:53.0;30:53.0;NULL
2780;2871;VERDE AZUL BRITANICO;30:53.0;30:53.0;NULL
2781;2872;VERDE AZUL CREMA;30:53.0;30:53.0;NULL
2782;2873;VERDE AZUL HABANO;30:53.0;30:53.0;NULL
2783;2874;VERDE AZUL NARANJA;30:53.0;30:53.0;NULL
2784;2875;VERDE AZUL ROJO;30:53.1;30:53.1;NULL
2785;2876;VERDE AZULADO;30:53.1;30:53.1;NULL
2786;2877;VERDE BEIGE;30:53.1;30:53.1;NULL
2787;2878;VERDE BLANCO;30:53.1;30:53.1;NULL
2788;2879;VERDE BLANCO AMARILLO;30:53.1;30:53.1;NULL
2789;2880;VERDE BLANCO AZUL;30:53.1;30:53.1;NULL
2790;2881;VERDE BLANCO CREMA;30:53.2;30:53.2;NULL
2791;2882;VERDE BLANCO GRIS;30:53.2;30:53.2;NULL
2792;2883;VERDE BLANCO GUAYABA;30:53.2;30:53.2;NULL
2793;2884;VERDE BLANCO MARFIL;30:53.2;30:53.2;NULL
2794;2885;VERDE BLANCO NARANJA;30:53.2;30:53.2;NULL
2795;2886;VERDE BLANCO NEGRO;30:53.2;30:53.2;NULL
2796;2887;VERDE BLANCO PLATEADO;30:53.2;30:53.2;NULL
2797;2888;VERDE BLANCO ROJO;30:53.2;30:53.2;NULL
2798;2889;VERDE BLANCO TURQUEZA;30:53.2;30:53.2;NULL
2799;2890;VERDE BLANCO ZAPOTE;30:53.2;30:53.2;NULL
2800;2891;VERDE BOREAL;30:53.3;30:53.3;NULL
2801;2892;VERDE BOSQUE;30:53.3;30:53.3;NULL
2802;2893;VERDE BOSTON;30:53.3;30:53.3;NULL
2803;2894;VERDE BOTELLA;30:53.3;30:53.3;NULL
2804;2895;VERDE BURDEO;30:53.3;30:53.3;NULL
2805;2896;VERDE CABO;30:53.3;30:53.3;NULL
2806;2897;VERDE CAFE;30:53.3;30:53.3;NULL
2807;2898;VERDE CAFE BLANCO;30:53.4;30:53.4;NULL
2808;2899;VERDE CAKI;30:53.4;30:53.4;NULL
2809;2900;VERDE CAMPO;30:53.4;30:53.4;NULL
2810;2901;VERDE CAMUFLADO;30:53.4;30:53.4;NULL
2811;2902;VERDE CAÑA;30:53.4;30:53.4;NULL
2812;2903;VERDE CAÑAVERAL;30:53.4;30:53.4;NULL
2813;2904;VERDE CAPRI;30:53.5;30:53.5;NULL
2814;2905;VERDE CARIBE;30:53.5;30:53.5;NULL
2815;2906;VERDE CASTEL HANOS;30:53.5;30:53.5;NULL
2816;2907;VERDE CASTELLANO;30:53.5;30:53.5;NULL
2817;2908;VERDE CASTHELANOS;30:53.5;30:53.5;NULL
2818;2909;VERDE CAURA;30:53.7;30:53.7;NULL
2819;2910;VERDE CEDRO;30:53.7;30:53.7;NULL
2820;2911;VERDE CENGAS;30:53.7;30:53.7;NULL
2821;2913;VERDE CHAMPAÑA;30:53.7;30:53.7;NULL
2822;2914;VERDE CIBER;30:53.7;30:53.7;NULL
2823;2916;VERDE CLARO;30:53.8;30:53.8;NULL
2824;2917;VERDE CLARO BRILLANTE;30:53.8;30:53.8;NULL
2825;2918;VERDE CLARO GRIS;30:53.8;30:53.8;NULL
2826;2919;VERDE CLARO MARFIL;30:53.8;30:53.8;NULL
2827;2920;VERDE CLARO OSCURO;30:53.8;30:53.8;NULL
2828;2921;VERDE CLARO VERDE;30:53.8;30:53.8;NULL
2829;2922;VERDE CLARO VERDE ROJO;30:53.8;30:53.8;NULL
2830;2923;VERDE CLASICO;30:53.8;30:53.8;NULL
2831;2924;VERDE CLOVER;30:53.8;30:53.8;NULL
2832;2925;VERDE CORDILLERA;30:53.8;30:53.8;NULL
2833;2926;VERDE COU;30:53.9;30:53.9;NULL
2834;2927;VERDE CREMA;30:53.9;30:53.9;NULL
2835;2929;VERDE CREMA AMARILLO;30:53.9;30:53.9;NULL
2836;2930;VERDE CREMA AZUL;30:53.9;30:53.9;NULL
2837;2931;VERDE CREMA MARFIL;30:53.9;30:53.9;NULL
2838;2932;VERDE CREMA ROJO;30:53.9;30:53.9;NULL
2839;2933;VERDE CRISOPALO;30:53.9;30:53.9;NULL
2840;2934;VERDE CRISTAL GRIS NIEBLA;30:53.9;30:53.9;NULL
2841;2935;VERDE CROMADO;30:53.9;30:53.9;NULL
2842;2936;VERDE CROMO;30:53.9;30:53.9;NULL
2843;2938;VERDE CYPRESS;30:53.9;30:53.9;NULL
2844;2939;VERDE DE MAYO;30:53.9;30:53.9;NULL
2845;2940;VERDE DESTELLO;30:53.9;30:53.9;NULL
2846;2942;VERDE DORADO;30:53.9;30:53.9;NULL
2847;2943;VERDE EMERAUDE;30:53.9;30:53.9;NULL
2848;2944;VERDE EMERAUDE PLATA LA GUAR;30:53.9;30:53.9;NULL
2849;2945;VERDE EPICEA;30:53.9;30:53.9;NULL
2850;2946;VERDE ESMERALDA BLANCO;30:53.9;30:53.9;NULL
2851;2947;VERDE ESMERALDA OSCURO;30:53.9;30:53.9;NULL
2852;2948;VERDE ESTEPA;30:53.9;30:53.9;NULL
2853;2949;VERDE EUCALIPTO;30:53.9;30:53.9;NULL
2854;2950;VERDE FABRE;30:54.0;30:54.0;NULL
2855;2951;VERDE FIDJI;30:54.0;30:54.0;NULL
2856;2952;VERDE FLUORESCENT;30:54.0;30:54.0;NULL
2857;2953;VERDE FORD HOLLY GREEN;30:54.0;30:54.0;NULL
2858;2954;VERDE FORESTAL;30:54.0;30:54.0;NULL
2859;2955;VERDE FORESTER;30:54.0;30:54.0;NULL
2860;2956;VERDE GLACIAR;30:54.0;30:54.0;NULL
2861;2957;VERDE GOWI;30:54.0;30:54.0;NULL
2862;2958;VERDE GRAFITO;30:54.0;30:54.0;NULL
2863;2959;VERDE GRAFITO BEIGE;30:54.0;30:54.0;NULL
2864;2960;VERDE GRIS;30:54.0;30:54.0;NULL
2865;2961;VERDE GRIS BLANCO;30:54.0;30:54.0;NULL
2866;2962;VERDE GRIS MICA;30:54.0;30:54.0;NULL
2867;2963;VERDE GRIS NARANJA;30:54.0;30:54.0;NULL
2868;2964;VERDE GRIS NEBLINA;30:54.0;30:54.0;NULL
2869;2965;VERDE GRIS OSCURO;30:54.1;30:54.1;NULL
2870;2966;VERDE GRISACEO BEIGE;30:54.1;30:54.1;NULL
2871;2967;VERDE GROPHIUS;30:54.1;30:54.1;NULL
2872;2968;VERDE HABANO;30:54.1;30:54.1;NULL
2873;2969;VERDE HABANO MARRON;30:54.1;30:54.1;NULL
2874;2970;VERDE HABANO ROJO;30:54.1;30:54.1;NULL
2875;2971;VERDE HACIENDA;30:54.1;30:54.1;NULL
2876;2972;VERDE HANOVER;30:54.1;30:54.1;NULL
2877;2973;VERDE HELECHO;30:54.2;30:54.2;NULL
2878;2974;VERDE HIERBA;30:54.2;30:54.2;NULL
2879;2975;VERDE HOJA;30:54.2;30:54.2;NULL
2880;2976;VERDE HOJASECA;30:54.2;30:54.2;NULL
2881;2977;VERDE IMPERIAL;30:54.2;30:54.2;NULL
2882;2978;VERDE INFINITO;30:54.2;30:54.2;NULL
2883;2979;VERDE INGLES BLANCO;30:54.2;30:54.2;NULL
2884;2980;VERDE INGLES GRIS;30:54.2;30:54.2;NULL
2885;2981;VERDE INTENSIVE;30:54.2;30:54.2;NULL
2886;2982;VERDE INTENSO MICA;30:54.3;30:54.3;NULL
2887;2983;VERDE ISLA CAIMAN;30:54.3;30:54.3;NULL
2888;2984;VERDE JADE PLATEADO;30:54.3;30:54.3;NULL
2889;2985;VERDE JAGUAR;30:54.3;30:54.3;NULL
2890;2986;VERDE JEED;30:54.3;30:54.3;NULL
2891;2987;VERDE JEEP;30:54.3;30:54.3;NULL
2892;2988;VERDE JOYA;30:54.3;30:54.3;NULL
2893;2989;VERDE JUNGLA;30:54.3;30:54.3;NULL
2894;2990;VERDE JURAI;30:54.3;30:54.3;NULL
2895;2991;VERDE KAKI;30:54.4;30:54.4;NULL
2896;2992;VERDE LAGUNA;30:54.4;30:54.4;NULL
2897;2993;VERDE LAUSANNE;30:54.4;30:54.4;NULL
2898;2994;VERDE LEO;30:54.4;30:54.4;NULL
2899;2995;VERDE LEONA;30:54.4;30:54.4;NULL
2900;2996;VERDE LICHEN;30:54.4;30:54.4;NULL
2901;2997;VERDE LIGHT;30:54.4;30:54.4;NULL
2902;2998;VERDE LIMA;30:54.4;30:54.4;NULL
2903;2999;VERDE LIMA MICA;30:54.4;30:54.4;NULL
2904;3000;VERDE LIMON;30:54.4;30:54.4;NULL
2905;3001;VERDE LIMON CROMO;30:54.4;30:54.4;NULL
2906;3002;VERDE LIQUEN HABANO;30:54.4;30:54.4;NULL
2907;3003;VERDE LOIRE;30:54.4;30:54.4;NULL
2908;3004;VERDE LUNA;30:54.5;30:54.5;NULL
2909;3006;VERDE MANGLAR;30:54.5;30:54.5;NULL
2910;3007;VERDE MARAJO;30:54.5;30:54.5;NULL
2911;3009;VERDE MARFIL AMARILLO;30:54.5;30:54.5;NULL
2912;3010;VERDE MARFIL AZUL;30:54.5;30:54.5;NULL
2913;3011;VERDE MARFIL BLANCO;30:54.5;30:54.5;NULL
2914;3012;VERDE MARFIL ROJO;30:54.5;30:54.5;NULL
2915;3013;VERDE MARINA;30:54.5;30:54.5;NULL
2916;3014;VERDE MARINO;30:54.5;30:54.5;NULL
2917;3015;VERDE MARINO GRIS ARENA;30:54.5;30:54.5;NULL
2918;3016;VERDE MARMOL;30:54.5;30:54.5;NULL
2919;3017;VERDE MARMOL BLANCO;30:54.5;30:54.5;NULL
2920;3018;VERDE MARRON HABANO;30:54.5;30:54.5;NULL
2921;3019;VERDE MAYA;30:54.5;30:54.5;NULL
2922;3020;VERDE MEDIO GRIS NEBLINA;30:54.5;30:54.5;NULL
2923;3021;VERDE MEDIO MICA;30:54.5;30:54.5;NULL
2924;3022;VERDE MEDITERRANEO;30:54.5;30:54.5;NULL
2925;3023;VERDE MICA BEIGE;30:54.5;30:54.5;NULL
2926;3024;VERDE MICA BLANCO;30:54.5;30:54.5;NULL
2927;3025;VERDE MICA PLATA;30:54.5;30:54.5;NULL
2928;3026;VERDE MILANO;30:54.5;30:54.5;NULL
2929;3027;VERDE MILITAR;30:54.5;30:54.5;NULL
2930;3028;VERDE MINORCA;30:54.6;30:54.6;NULL
2931;3029;VERDE MISTRAL;30:54.6;30:54.6;NULL
2932;3030;VERDE MODERNO;30:54.6;30:54.6;NULL
2933;3031;VERDE MONACO;30:54.6;30:54.6;NULL
2934;3032;VERDE MONTAÑA;30:54.6;30:54.6;NULL
2935;3033;VERDE MONTERREY;30:54.6;30:54.6;NULL
2936;3034;VERDE MOREA;30:54.6;30:54.6;NULL
2937;3035;VERDE MORICHE;30:54.6;30:54.6;NULL
2938;3036;VERDE MOSTAZA;30:54.6;30:54.6;NULL
2939;3038;VERDE MOSTAZA MARFIL;30:54.6;30:54.6;NULL
2940;3039;VERDE MUNICH;30:54.6;30:54.6;NULL
2941;3040;VERDE MUSGO BLANCO;30:54.6;30:54.6;NULL
2942;3041;VERDE NARANJA;30:54.6;30:54.6;NULL
2943;3042;VERDE NARANJA MARFIL;30:54.6;30:54.6;NULL
2944;3043;VERDE NATURAL;30:54.6;30:54.6;NULL
2945;3044;VERDE NEGRO;30:54.6;30:54.6;NULL
2946;3045;VERDE NEGRO AZUL;30:54.6;30:54.6;NULL
2947;3046;VERDE NEGRO GRIS;30:54.6;30:54.6;NULL
2948;3047;VERDE NEGRO NARANJA;30:54.6;30:54.6;NULL
2949;3048;VERDE NEGRO NIQUEL;30:54.7;30:54.7;NULL
2950;3049;VERDE NEVADA;30:54.7;30:54.7;NULL
2951;3050;VERDE NIQUEL;30:54.7;30:54.7;NULL
2952;3051;VERDE NORDICO;30:54.7;30:54.7;NULL
2953;3052;VERDE NORMANDI;30:54.7;30:54.7;NULL
2954;3053;VERDE OAKLAND;30:54.7;30:54.7;NULL
2955;3054;VERDE OASIS;30:54.7;30:54.7;NULL
2956;3055;VERDE OLIVA BEIGE;30:54.7;30:54.7;NULL
2957;3056;VERDE OLIVA BLANCO;30:54.7;30:54.7;NULL
2958;3057;VERDE OLIVA GRIS;30:54.7;30:54.7;NULL
2959;3058;VERDE OLIVA OSCURO;30:54.7;30:54.7;NULL
2960;3059;VERDE OLIVA PLATA;30:54.7;30:54.7;NULL
2961;3060;VERDE OLIVO;30:54.7;30:54.7;NULL
2962;3061;VERDE ORION;30:54.7;30:54.7;NULL
2963;3062;VERDE ORVALHO;30:54.7;30:54.7;NULL
2964;3063;VERDE OSCURO BEIGE;30:54.7;30:54.7;NULL
2965;3064;VERDE OSCURO BLANCO;30:54.7;30:54.7;NULL
2966;3065;VERDE OSCURO GRIS;30:54.7;30:54.7;NULL
2967;3066;VERDE OSCURO GRIS OSCURO;30:54.7;30:54.7;NULL
2968;3067;VERDE OSCURO GRIS PLATA;30:54.7;30:54.7;NULL
2969;3068;VERDE OSCURO MARFIL;30:54.8;30:54.8;NULL
2970;3069;VERDE OSCURO MICA;30:54.8;30:54.8;NULL
2971;3070;VERDE OSCURO PLATA CL;30:54.8;30:54.8;NULL
2972;3071;VERDE OSCURO PLATEADA;30:54.8;30:54.8;NULL
2973;3072;VERDE OSCURO VERDE CLARO;30:54.8;30:54.8;NULL
2974;3073;VERDE OSCURO CLARO ROJO;30:54.8;30:54.8;NULL
2975;3074;VERDE OURANOS;30:54.8;30:54.8;NULL
2976;3075;VERDE PACIFICO;30:54.8;30:54.8;NULL
2977;3076;VERDE PANTANAL;30:54.8;30:54.8;NULL
2978;3077;VERDE PARAISO;30:54.8;30:54.8;NULL
2979;3078;VERDE PEACOCK;30:54.8;30:54.8;NULL
2980;3079;VERDE PELECENTE;30:54.8;30:54.8;NULL
2981;3080;VERDE PERLA;30:54.8;30:54.8;NULL
2982;3081;VERDE PERLECENT;30:54.8;30:54.8;NULL
2983;3082;VERDE PILSEN;30:54.8;30:54.8;NULL
2984;3083;VERDE PINO;30:54.8;30:54.8;NULL
2985;3084;VERDE PLATA;30:54.9;30:54.9;NULL
2986;3085;VERDE PLATA METALIZADO;30:54.9;30:54.9;NULL
2987;3086;VERDE PLATA MICA;30:54.9;30:54.9;NULL
2988;3087;VERDE PLATA TRIGO;32:04.8;32:04.8;NULL
2989;3088;VERDE PLATEADO;32:09.3;32:09.3;NULL
2990;3089;VERDE PLATEADO AZUL;32:09.3;32:09.3;NULL
2991;3090;VERDE POLINAL BLANCO;32:09.3;32:09.3;NULL
2992;3091;VERDE POLINESIO;32:09.3;32:09.3;NULL
2993;3092;VERDE POSEIDON;32:09.3;32:09.3;NULL
2994;3093;VERDE PRADERA;32:09.3;32:09.3;NULL
2995;3094;VERDE PRADO;32:09.3;32:09.3;NULL
2996;3095;VERDE ROBLE;32:09.3;32:09.3;NULL
2997;3096;VERDE ROJO;32:09.3;32:09.3;NULL
2998;3097;VERDE ROJO AMARILLO;32:09.3;32:09.3;NULL
2999;3098;VERDE ROJO AZUL;32:09.3;32:09.3;NULL
3000;3099;VERDE ROJO BLANCO;32:09.3;32:09.3;NULL
3001;3100;VERDE ROJO CREMA;32:09.3;32:09.3;NULL
3002;3101;VERDE ROJO GRIS;32:09.3;32:09.3;NULL
3003;3102;VERDE ROJO LEONA;32:09.3;32:09.3;NULL
3004;3103;VERDE ROJO MARFIL;32:09.3;32:09.3;NULL
3005;3104;VERDE ROJO MARRON;32:09.3;32:09.3;NULL
3006;3105;VERDE ROJO NARANJA;32:09.3;32:09.3;NULL
3007;3106;VERDE SABANA;32:09.4;32:09.4;NULL
3008;3107;VERDE SABANA MICA;32:09.4;32:09.4;NULL
3009;3108;VERDE SAFARI;32:09.4;32:09.4;NULL
3010;3109;VERDE SAGE;32:09.4;32:09.4;NULL
3011;3110;VERDE SAUCE;32:09.4;32:09.4;NULL
3012;3111;VERDE SAVAGE;32:09.4;32:09.4;NULL
3013;3112;VERDE SELVA BLANCO;32:09.4;32:09.4;NULL
3014;3113;VERDE SELVA HABANO;32:09.4;32:09.4;NULL
3015;3114;VERDE SELVA MICA;32:09.4;32:09.4;NULL
3016;3115;VERDE SELVA MICA PLATA CLARO;32:09.4;32:09.4;NULL
3017;3116;VERDE SENA;32:09.4;32:09.4;NULL
3018;3117;VERDE SEPHIA;32:09.4;32:09.4;NULL
3019;3118;VERDE SEQUIA;32:09.4;32:09.4;NULL
3020;3119;VERDE SETO;32:09.4;32:09.4;NULL
3021;3121;VERDE SHERWOOD;32:09.4;32:09.4;NULL
3022;3123;VERDE SIE;32:09.4;32:09.4;NULL
3023;3124;VERDE SIRIUS;32:09.4;32:09.4;NULL
3024;3125;VERDE SOLIDO;32:09.4;32:09.4;NULL
3025;3126;VERDE TATIS;32:09.4;32:09.4;NULL
3026;3127;VERDE TEAL;32:09.4;32:09.4;NULL
3027;3128;VERDE TENTACION;32:09.5;32:09.5;NULL
3028;3129;VERDE TIEF;32:09.5;32:09.5;NULL
3029;3130;VERDE TILLEUL;32:09.5;32:09.5;NULL
3030;3131;VERDE TIMBER;32:09.5;32:09.5;NULL
3031;3132;VERDE TITANIO;32:09.5;32:09.5;NULL
3032;3133;VERDE TORNASOL BLANCO;32:09.5;32:09.5;NULL
3033;3134;VERDE TUNDRA;32:09.5;32:09.5;NULL
3034;3135;VERDE TUNDRA MICA;32:09.5;32:09.5;NULL
3035;3136;VERDE TURMALIN;32:09.5;32:09.5;NULL
3036;3137;VERDE TURQUEZA BLANCO;32:09.5;32:09.5;NULL
3037;3138;VERDE TURQUEZA BLANCO MARFIL;32:09.5;32:09.5;NULL
3038;3139;VERDE TURQUEZA MARFIL;32:09.5;32:09.5;NULL
3039;3140;VERDE VEGA;32:09.5;32:09.5;NULL
3040;3141;VERDE VENECIA BLANCO POLAR;32:09.5;32:09.5;NULL
3041;3142;VERDE VERANO;32:09.5;32:09.5;NULL
3042;3143;VERDE VERMONT;32:09.5;32:09.5;NULL
3043;3144;VERDE VICTORIA;32:09.6;32:09.6;NULL
3044;3145;VERDE VINILO;32:09.6;32:09.6;NULL
3045;3146;VERDE VINOTINTO;32:09.6;32:09.6;NULL
3046;3147;VERDE VINOTINTO BLANCO;32:09.6;32:09.6;NULL
3047;3148;VERDE VIVAZ;32:09.6;32:09.6;NULL
3048;3149;VERDE YERBA;32:09.6;32:09.6;NULL
3049;3150;VERDE YUCCA;32:09.6;32:09.6;NULL
3050;3151;VERDE ZAPOTE;32:09.6;32:09.6;NULL
3051;3152;VERDE ZAPOTE AMARILLO;32:09.6;32:09.6;NULL
3052;3153;VINOTINTO AMARILLO;32:09.6;32:09.6;NULL
3053;3154;VINOTINTO BEIGE;32:09.6;32:09.6;NULL
3054;3155;VINOTINTO BLANCO;32:09.6;32:09.6;NULL
3055;3156;VINOTINTO BLANCO VERDE;32:09.6;32:09.6;NULL
3056;3157;VINOTINTO CAFE;32:09.6;32:09.6;NULL
3057;3158;VINOTINTO CREMA;32:09.6;32:09.6;NULL
3058;3159;VINOTINTO CROMADO BLANDO;32:09.6;32:09.6;NULL
3059;3160;VINOTINTO GRIS;32:09.6;32:09.6;NULL
3060;3161;VINOTINTO HABANO;32:09.6;32:09.6;NULL
3061;3162;VINOTINTO MARFIL;32:09.7;32:09.7;NULL
3062;3164;VINOTINTO MARRON;32:09.7;32:09.7;NULL
3063;3165;VINOTINTO MICA;32:09.7;32:09.7;NULL
3064;3166;VINOTINTO NEGRO;32:09.7;32:09.7;NULL
3065;3167;VINOTINTO NIQUEL;32:09.7;32:09.7;NULL
3066;3168;VINOTINTO PLATA;32:09.7;32:09.7;NULL
3067;3169;VINOTINTO ROJO;32:09.7;32:09.7;NULL
3068;3170;VINOTINTO ROYAL WINE;32:09.7;32:09.7;NULL
3069;3171;VINOTINTO VERDE AMARILLO;32:09.7;32:09.7;NULL
3070;3172;VIOLETA MICA;32:09.7;32:09.7;NULL
3071;3173;VIOLETA PIZARRA;32:09.7;32:09.7;NULL
3072;3174;YELLOW CAB;32:09.7;32:09.7;NULL
3073;3175;ZAFIRO OSCURO;32:09.7;32:09.7;NULL
3074;3176;ZAPOTE AMARILLO;32:09.7;32:09.7;NULL
3075;3177;ZAPOTE AZUL;32:09.7;32:09.7;NULL
3076;3178;ZAPOTE AZUL AMARILLO;32:09.7;32:09.7;NULL
3077;3179;ZAPOTE BLANCO;32:09.7;32:09.7;NULL
3078;3180;ZAPOTE BLANCO NEGRO;32:09.8;32:09.8;NULL
3079;3181;ZAPOTE CAFE;32:09.8;32:09.8;NULL
3080;3182;ZAPOTE CREMA;32:09.8;32:09.8;NULL
3081;3183;ZAPOTE CREMA AZUL;32:09.8;32:09.8;NULL
3082;3184;ZAPOTE GRIS;32:09.8;32:09.8;NULL
3083;3185;ZAPOTE HABANO;32:09.8;32:09.8;NULL
3084;3186;ZAPOTE MARFIL;32:09.8;32:09.8;NULL
3085;3187;ZAPOTE NARANJA;32:09.8;32:09.8;NULL
3086;3188;ZAPOTE NEGRO;32:09.8;32:09.8;NULL
3087;3189;ZAPOTE NEGRO BLANCO;32:09.8;32:09.8;NULL
3088;3190;ZAPOTE PERLA;32:09.8;32:09.8;NULL
3089;3191;ZAPOTE ROJO;32:09.8;32:09.8;NULL
3090;3192;ZAPOTE VERDE;32:09.8;32:09.8;NULL
3091;3193;ZAPOTE VERDE AZUL;32:09.8;32:09.8;NULL
3092;3194;ZAPOTE VERDE ROJO;32:09.8;32:09.8;NULL
3093;3195;ABANO CLARO;32:09.8;32:09.8;NULL
3094;3196;ABANO BLANCO;32:09.8;32:09.8;NULL
3095;3197;ACEITUNA MARFIL;32:09.8;32:09.8;NULL
3096;3198;ACEITUNA NEGRO;32:09.8;32:09.8;NULL
3097;3199;ACERO METALIZADO;32:09.9;32:09.9;NULL
3098;3200;ACRE;32:09.9;32:09.9;NULL
3099;3201;ACRE DAMASCO;32:09.9;32:09.9;NULL
3100;3202;AGUA CRISTAL METALIZADO;32:09.9;32:09.9;NULL
3101;3203;AGUA CRISTAL BEIGE;32:09.9;32:09.9;NULL
3102;3204;AGUA LIMPIDO;32:09.9;32:09.9;NULL
3103;3205;AZAFRAN;32:09.9;32:09.9;NULL
3104;3206;BASE ROJO METALIZADO;32:09.9;32:09.9;NULL
3105;3207;BASE VERDE CLARO METALIZADO;32:09.9;32:09.9;NULL
3106;3208;BASE AZUL OSCURO METALIZADO;32:09.9;32:09.9;NULL
3107;3209;BASE ROJO;32:09.9;32:09.9;NULL
3108;3210;BORNITA METALIZADO;32:09.9;32:09.9;NULL
3109;3211;CAMPANELLA;32:09.9;32:09.9;NULL
3110;3212;CANTERA METALIZADO;32:09.9;32:09.9;NULL
3111;3213;CHOCOLATE;32:09.9;32:09.9;NULL
3112;3214;GREYISH BROWN METALICO;32:09.9;32:09.9;NULL
3113;3215;KAKY NATURAL;32:10.0;32:10.0;NULL
3114;3216;KHAKI METALIZADO;32:10.0;32:10.0;NULL
3115;3217;KINVER SANDS BLCO HUESO;32:10.0;32:10.0;NULL
3116;3218;LIGTHING RED;32:10.0;32:10.0;NULL
3117;3219;LINGHT AGUA;32:10.0;32:10.0;NULL
3118;3220;LUNA BIEGE;32:10.0;32:10.0;NULL
3119;3221;MALVA METALIZADO;32:10.0;32:10.0;NULL
3120;3222;MELANGE METALIC;32:10.0;32:10.0;NULL
3121;3223;MICA GREEN;32:10.0;32:10.0;NULL
3122;3224;MOON ROSE PERLADO;32:10.0;32:10.0;NULL
3123;3225;MOSS BEIGE;32:10.0;32:10.0;NULL
3124;3226;NEVADA;32:10.0;32:10.0;NULL
3125;3227;NEWPORT BLUE PEARL;32:10.0;32:10.0;NULL
3126;3228;QUARTZSILVER METALLIC;32:10.0;32:10.0;NULL
3127;3229;QUARTZ SILVER METALLIC;32:10.0;32:10.0;NULL
3128;3230;RUBI;32:10.0;32:10.0;NULL
3129;3231;SATIN WHITE PEARL;32:10.0;32:10.0;NULL
3130;3232;SELVA OLIVA FRAISER BEIGE;32:10.0;32:10.0;NULL
3131;3233;SHORELINE;32:10.1;32:10.1;NULL
3132;3234;SILICE;32:10.1;32:10.1;NULL
3133;3235;SILICE DORADO;32:10.1;32:10.1;NULL
3134;3236;SILVERSTONE;32:10.1;32:10.1;NULL
3135;3237;STRATO PERLA AMARILLO VERDE ROJO;32:10.1;32:10.1;NULL
3136;3238;STRATO PERLA ROJO AMAARILLO VERDE;32:10.1;32:10.1;NULL
3137;3239;STRATO;32:10.1;32:10.1;NULL
3138;3240;STRATO BLANCO;32:10.1;32:10.1;NULL
3139;3241;THUNDER GRAY;32:10.1;32:10.1;NULL
3140;3242;THUNDER GRAY GRIS;32:10.2;32:10.2;NULL
3141;3243;TITAN SILVER;32:10.2;32:10.2;NULL
3142;3244;TITANIC METALIZADO/YELLOW;32:10.2;32:10.2;NULL
3143;3245;TITANIO METALIC BLANCO;32:10.2;32:10.2;NULL
3144;3246;TITANIO PLATEADO;32:10.2;32:10.2;NULL
3145;3247;VICTORIA PERLAD;32:10.2;32:10.2;NULL
3146;3248;VINILO CAFE CLARO;32:10.2;32:10.2;NULL
3147;3249;VOGUE SILVER;32:10.2;32:10.2;NULL
3148;3250;WHITESUN FUSION;32:10.2;32:10.2;NULL
3149;3251;WITHE GOLD;32:10.2;32:10.2;NULL
3150;3252;AZUL JARBAR;32:10.2;32:10.2;NULL
3151;3253;CITRUS AMARILLO METALIZADO;32:10.2;32:10.2;NULL
3152;3254;ACEITUNA;32:10.2;32:10.2;NULL
3153;3256;ACEITUNA AZUL BLANCO NEGRO;32:10.2;32:10.2;NULL
3154;3257;ACEITUNA ICARAI;32:10.2;32:10.2;NULL
3155;3258;ACEITUNA CREMA CLARO;32:10.2;32:10.2;NULL
3156;3259;ACERO AZUL METALIZADO;32:10.2;32:10.2;NULL
3157;3260;ACERO AZUL;32:10.2;32:10.2;NULL
3158;3261;ACUARELA;32:10.2;32:10.2;NULL
3159;3263;AEGEAN BLUE;32:10.2;32:10.2;NULL
3160;3264;AGATA METALIZADO;32:10.2;32:10.2;NULL
3161;3265;AGUA;32:10.2;32:10.2;NULL
3162;3266;ALPIN WEISS BLANCO;32:10.2;32:10.2;NULL
3163;3267;ALPINE BLANCO;32:10.3;32:10.3;NULL
3164;3268;ALPINE SAVARIN WHITE;32:10.3;32:10.3;NULL
3165;3269;ALPINE WITHE;32:10.3;32:10.3;NULL
3166;3270;ALUMINIO CROMADO;32:10.3;32:10.3;NULL
3167;3271;ALUMINIO EXTRAGUESO;32:10.3;32:10.3;NULL
3168;3272;ALUMINIO GRANO FINO;32:10.3;32:10.3;NULL
3169;3273;ALUMINIO GRANO GRUESO;32:10.3;32:10.3;NULL
3170;3274;ALUMINIO GRUESO;32:10.3;32:10.3;NULL
3171;3275;ALUMINIO MARFIL;32:10.3;32:10.3;NULL
3172;3276;ALUMINIO MARRON;32:10.3;32:10.3;NULL
3173;3277;ALUMINIO NARANJA;32:10.3;32:10.3;NULL
3174;3278;ALUMINIO PERLA;32:10.4;32:10.4;NULL
3175;3279;ALUMINIO PERLADO;32:10.4;32:10.4;NULL
3176;3280;ALUMINIO VERDE;32:10.4;32:10.4;NULL
3177;3281;ALUMINIO AZUL BLANCO ROJO;32:10.4;32:10.4;NULL
3178;3282;ALUMINIO AMARILLO;32:10.4;32:10.4;NULL
3179;3283;ALUMINIO AZUL OSCURO;32:10.4;32:10.4;NULL
3180;3284;ALUMINIO AZUL NARANJA VERDE;32:10.4;32:10.4;NULL
3181;3285;ALUMINIO BLANCO;32:10.4;32:10.4;NULL
3182;3286;ALUMINIO BLANCO ROJO;32:10.4;32:10.4;NULL
3183;3287;ALUMINIO GRIS;32:10.5;32:10.5;NULL
3184;3288;ALUMINIO GRIS OSCURO MET;32:10.5;32:10.5;NULL
3185;3289;ALUMINIO MARFIL ROJO;32:10.5;32:10.5;NULL
3186;3290;ALUMINIO NEGRO;32:10.5;32:10.5;NULL
3187;3291;ALUMINIO ROJO;32:10.5;32:10.5;NULL
3188;3292;ALUMINIO ROJO AMBAR;32:10.5;32:10.5;NULL
3189;3293;ALUMINIO ROJO CLASICO;32:10.5;32:10.5;NULL
3190;3294;ALUMINIO ROJO MONTECARLO;32:10.5;32:10.5;NULL
3191;3296;AMARILLO BLANCO DORADO NEGRO ROJO;32:10.5;32:10.5;NULL
3192;3297;AMARILLO BLANCO DORADO NEGRO ROJO AZUL;32:10.5;32:10.5;NULL
3193;3298;AMARILLO SOL BLANCO ALUMINIO GRAFITO OSCURO;32:10.5;32:10.5;NULL
3194;3299;AMARILLO AZUL PLATA METALIZADOROJO METALIZADO;32:10.5;32:10.5;NULL
3195;3300;AMARILLO LIMON AZUL PLATA GRIS METALIZADO;32:10.5;32:10.5;NULL
3196;3301;AMARILLO SOL BLANCO ALUMINIO METALIZADO GRAFITO OSCURO;32:10.5;32:10.5;NULL
3197;3302;AMARANTO;32:10.5;32:10.5;NULL
3198;3303;AMARANTO PERLA VINOTINTO;32:10.5;32:10.5;NULL
3199;3304;AMARILLO BLANCO NARANJA NEGRO ROJO VERDE.;32:10.5;32:10.5;NULL
3200;3305;AMARILLO BLANCO DORADO NEGRO ROJO GRIS;32:10.5;32:10.5;NULL
3201;3306;AMARILLO CARMELITO NARANJA NEGRO ROJO;32:10.5;32:10.5;NULL
3202;3307;AMARILLO GRIS MAR ROJO VERDE;32:10.5;32:10.5;NULL
3203;3308;AMARILLO AZUL CLARO METALIZADO PLATA METALIZADO ROJO;32:10.6;32:10.6;NULL
3204;3309;AMARILLO BLANCO NARANJA NEGRO ROJO VERDE;32:10.6;32:10.6;NULL
3205;3310;AMARILLO HELIODOR;32:10.6;32:10.6;NULL
3206;3311;AMARILLO BLANCO AZUL GRIS ROJO;32:10.6;32:10.6;NULL
3207;3312;AMARILLO CREMA NEGRO;32:10.6;32:10.6;NULL
3208;3313;AMARILLO ANODIS;32:10.6;32:10.6;NULL
3209;3314;AMARILLO ARENA NEGRO;32:10.6;32:10.6;NULL
3210;3315;AMARILLO ATARDECER;32:10.6;32:10.6;NULL
3211;3316;AMARILLO AZUL ROJO BLANCO;32:10.6;32:10.6;NULL
3212;3317;AMARILLO AZUL VERDE BLANCO;32:10.6;32:10.6;NULL
3213;3318;AMARILLO CAMUFLADO;32:10.6;32:10.6;NULL
3214;3319;AMARILLO CANARIO;32:10.6;32:10.6;NULL
3215;3320;AMARILLO CANARIO PLANO;32:10.6;32:10.6;NULL
3216;3321;AMARILLO CHAMPAÑA ROJO;32:10.6;32:10.6;NULL
3217;3322;AMARILLO CHAMPAÑA CAFE;32:10.6;32:10.6;NULL
3218;3323;AMARILLO CHAMPAÑA BLANCO;32:10.6;32:10.6;NULL
3219;3324;AMARILLO CHAMPAÑA MARFIL;32:10.6;32:10.6;NULL
3220;3325;AMARILLO CITRONELLA;32:10.7;32:10.7;NULL
3221;3326;AMARILLO CLARO BLANCO;32:10.7;32:10.7;NULL
3222;3327;AMARILLO COBRE;32:10.7;32:10.7;NULL
3223;3328;AMARILLO CREMA ROJO VERDE;32:10.7;32:10.7;NULL
3224;3329;AMARILLO CREMA LILA;32:10.7;32:10.7;NULL
3225;3330;AMARILLO DORADO;32:10.7;32:10.7;NULL
3226;3331;AMARILLO DORADO BAHIA;32:10.7;32:10.7;NULL
3227;3332;AMARILLO DORADO PLATA;32:10.7;32:10.7;NULL
3228;3333;AMARILLO GENET;32:10.7;32:10.7;NULL
3229;3334;AMARILLO GIRASOL;32:10.7;32:10.7;NULL
3230;3335;AMARILLO GOLF;32:10.7;32:10.7;NULL
3231;3336;AMARILLO HELIODORO;32:10.7;32:10.7;NULL
3232;3337;AMARILLO LADRILLO;32:10.7;32:10.7;NULL
3233;3338;AMARILLO LADRILLO MARFIL;32:10.7;32:10.7;NULL
3234;3339;AMARILLO LIMON BLANCO;32:10.7;32:10.7;NULL
3235;3340;AMARILLO LIMON NEGRO;32:10.7;32:10.7;NULL
3236;3341;AMARILLO MALGRAT CREMA;32:10.8;32:10.8;NULL
3237;3342;AMARILLO MANDARINA;32:10.8;32:10.8;NULL
3238;3343;AMARILLO MARFIL ROJO AZUL;32:10.8;32:10.8;NULL
3239;3344;AMARILLO MARFIL AZUL;32:10.8;32:10.8;NULL
3240;3345;AMARILLO MARFIL BLANCO;32:10.8;32:10.8;NULL
3241;3346;AMARILLO MARFIL GRIS;32:10.8;32:10.8;NULL
3242;3347;AMARILLO MARFIL MADERA;32:10.8;32:10.8;NULL
3243;3348;AMARILLO MARFIL NEGRO;32:10.8;32:10.8;NULL
3244;3349;AMARILLO MARFIL VERDE OLIVA;32:10.8;32:10.8;NULL
3245;3350;AMARILLO MATE;32:10.8;32:10.8;NULL
3246;3351;AMARILLO MAYA;32:10.8;32:10.8;NULL
3247;3352;AMARILLO MEDIANO LUMITON;32:10.8;32:10.8;NULL
3248;3353;AMARILLO MILANO;32:10.8;32:10.8;NULL
3249;3354;AMARILLO MOSTAZA BLANCO;32:10.8;32:10.8;NULL
3250;3355;AMARILLO MOSTAZA MARFIL;32:10.8;32:10.8;NULL
3251;3356;AMARILLO NACIENTE;32:10.8;32:10.8;NULL
3252;3357;AMARILLO NARANJA BLANCO;32:10.8;32:10.8;NULL
3253;3358;AMARILLO NARANJA CREMA;32:10.9;32:10.9;NULL
3254;3359;AMARILLO NARANJA ROJO;32:10.9;32:10.9;NULL
3255;3360;AMARILLO NARANJA PERLADO;32:10.9;32:10.9;NULL
3256;3361;AMARILLO NEON;32:10.9;32:10.9;NULL
3257;3362;AMARILLO OCRE BLANCO ORO ROJO;32:10.9;32:10.9;NULL
3258;3363;AMARILLO OCRE MARFIL;32:10.9;32:10.9;NULL
3259;3364;AMARILLO ORO MARFIL;32:10.9;32:10.9;NULL
3260;3365;AMARILLO OSCURO;32:10.9;32:10.9;NULL
3261;3366;AMARILLO OSCURO Y MARFIL;32:10.9;32:10.9;NULL
3262;3367;AMARILLO OXIDO;32:10.9;32:10.9;NULL
3263;3368;AMARILLO PALIDO;32:10.9;32:10.9;NULL
3264;3369;AMARILLO PASTEL;32:10.9;32:10.9;NULL
3265;3370;AMARILLO PLATEADO GRIS;32:10.9;32:10.9;NULL
3266;3371;AMARILLO PLATEADO METALIZADO;32:10.9;32:10.9;NULL
3267;3372;AMARILLO PLATEADO ROJO VERDE J;32:10.9;32:10.9;NULL
3268;3373;AMARILLO POLA;32:11.0;32:11.0;NULL
3269;3374;AMARILLO POLIESTER;32:11.0;32:11.0;NULL
3270;3375;AMARILLO PRIMAVERA;32:11.0;32:11.0;NULL
3271;3376;AMARILLO QUEMADO;32:11.0;32:11.0;NULL
3272;3378;AMARILLO QUEMADO ARENA;32:11.0;32:11.0;NULL
3273;3379;AMARILLO QUEMADO BLANCO;32:11.0;32:11.0;NULL
3274;3380;AMARILLO RIALTO;32:11.0;32:11.0;NULL
3275;3381;AMARILLO ROJO VERDE BLANCO;32:11.0;32:11.0;NULL
3276;3382;AMARILLO ROJO VERDE BLANCO SALMON;32:11.0;32:11.0;NULL
3277;3383;AMARILLO SAFARI BLANCO;32:11.0;32:11.0;NULL
3278;3384;AMARILLO SAHARA CAFE;32:11.0;32:11.0;NULL
3279;3385;AMARILLO SAHARA BLANCO;32:11.0;32:11.0;NULL
3280;3386;AMARILLO SAHARA BLANCO MARFIL;32:11.0;32:11.0;NULL
3281;3387;AMARILLO SAHARA MARFIL;32:11.0;32:11.0;NULL
3282;3388;AMARILLO SHEER;32:11.0;32:11.0;NULL
3283;3389;AMARILLO SIKA;32:11.0;32:11.0;NULL
3284;3390;AMARILLO SILVESTRE;32:11.0;32:11.0;NULL
3285;3391;AMARILLO SUNFLORER;32:11.1;32:11.1;NULL
3286;3392;AMARILLO SUNFLOWER METALIZADO;32:11.1;32:11.1;NULL
3287;3393;AMARILLO TOSTADO BLANCO;32:11.1;32:11.1;NULL
3288;3394;AMARILLO TRANSITO BLANCO;32:11.1;32:11.1;NULL
3289;3395;AMARILLO TRANSITO AZUL;32:11.1;32:11.1;NULL
3290;3396;AMARILLO TRANSITO GRIS PLATA;32:11.1;32:11.1;NULL
3291;3397;AMARILLO TRANSITO BLANCO NEGRO;32:11.1;32:11.1;NULL
3292;3398;AMARILLO TRANSITO GRIS;32:11.1;32:11.1;NULL
3293;3399;AMARILLO TRANSITO ROJO;32:11.1;32:11.1;NULL
3294;3400;AMARILLO TRANSITO VERDE;32:11.2;32:11.2;NULL
3295;3401;AMARILLO VOGA CON CAFE;32:11.2;32:11.2;NULL
3296;3402;AMARILLO VOLGA;32:11.2;32:11.2;NULL
3297;3403;AMARILLO VOLGA CAFE;32:11.2;32:11.2;NULL
3298;3404;AMARILLO NEGRO SALMON;32:11.2;32:11.2;NULL
3299;3405;AMARILLO ZAFARI;32:11.2;32:11.2;NULL
3300;3406;AMARILLO ZAPOTE;32:11.2;32:11.2;NULL
3301;3407;AMARILLO ZAPOTE BLANCO;32:11.2;32:11.2;NULL
3302;3408;AMARILLO AMARILLO VINO TINTO;32:11.2;32:11.2;NULL
3303;3409;AMARILLO ANARANJADO AZUL NEGRO;32:11.2;32:11.2;NULL
3304;3410;AMARILLO AZUL ESMERALDA NEGRO;32:11.3;32:11.3;NULL
3305;3411;AMARILLO AZUL PETROLEO AMARILLO;32:11.3;32:11.3;NULL
3306;3412;AMARILLO AZUL PETROLEO AMARILLO NEGRO NEGRO;32:11.3;32:11.3;NULL
3307;3413;AMARILLO AZUL AMARILLO NEGRO NEGRO;32:11.3;32:11.3;NULL
3308;3414;AMARILLO AZUL NEGRO;32:11.3;32:11.3;NULL
3309;3415;AMARILLO AZUL PLATA;32:11.3;32:11.3;NULL
3310;3416;AMARILLO BEIGE;32:11.3;32:11.3;NULL
3311;3417;AMARILLO BEIGE CHAMPAN AMARILLO NEGRO NEGRO;32:11.3;32:11.3;NULL
3312;3418;AMARILLO BEIGE AMARILLO;32:11.3;32:11.3;NULL
3313;3419;AMARILLO BEIGE NEGRO;32:11.4;32:11.4;NULL
3314;3420;AMARILLO BLANCO ARCO BICAPA;32:11.4;32:11.4;NULL
3315;3421;AMARILLO BLANCO GALAXIA;32:11.4;32:11.4;NULL
3316;3422;AMARILLO BLANCO HUESO;32:11.4;32:11.4;NULL
3317;3423;AMARILLO BLANCO ROJO ANARANJADO VERDE;32:11.4;32:11.4;NULL
3318;3424;AMARILLO BLANCO ROJO VERDE;32:11.4;32:11.4;NULL
3319;3425;AMARILLO BLANCO VERDE AMARILLO;32:11.4;32:11.4;NULL
3320;3426;AMARILLO BLANCO VERDE ROJO;32:11.5;32:11.5;NULL
3321;3427;AMARILLO CAFÉ BLANCO;32:11.5;32:11.5;NULL
3322;3428;AMARILLO GRIS NEGRO;32:11.5;32:11.5;NULL
3323;3429;AMARILLO GRIS NEGRO METALIZADO;32:11.5;32:11.5;NULL
3324;3430;AMARILLO NEGRO ROJO;32:11.5;32:11.5;NULL
3325;3431;AMARILLO NEGRO VERDE;32:11.5;32:11.5;NULL
3326;3432;AMARILLO ROJO OSCURO OCRE;32:11.5;32:11.5;NULL
3327;3433;AMARILLO ROJO MARRON NARANJA;32:11.5;32:11.5;NULL
3328;3434;AMARILLO VINO TINTO AMARILLO;32:11.5;32:11.5;NULL
3329;3435;AMARILLO VINO TINTO METALIZADO;32:11.6;32:11.6;NULL
3330;3436;AMARILLO VINO TINTO MARRON;32:11.6;32:11.6;NULL
3331;3437;AMARILLO VINO TINTO BLANCO;32:11.6;32:11.6;NULL
3332;3438;AMARILLO AZUL ROJO GRIS;32:11.6;32:11.6;NULL
3333;3439;AMARILLO AZUL BLANCO CAFE;32:11.6;32:11.6;NULL
3334;3440;AMARILLO AZUL BLANCO DORADO ROJO;32:11.6;32:11.6;NULL
3335;3441;AMARILLO AZUL BLANCO MORADO NARANJA ROJO;32:11.6;32:11.6;NULL
3336;3442;AMARILLO AZUL BLANCO NARANJA;32:11.6;32:11.6;NULL
3337;3443;AMARILLO AZUL BLANCO NARANJA ROJO VERDE;32:11.6;32:11.6;NULL
3338;3444;AMARILLO AZUL BLANCO NEGRO;32:11.7;32:11.7;NULL
3339;3445;AMARILLO AZUL BLANCO NEGRO ROJO;32:11.7;32:11.7;NULL
3340;3446;AMARILLO AZUL BLANCO NEGRO ROJO SALMON VERDE;32:11.7;32:11.7;NULL
3341;3447;AMARILLO AZUL BLANCO NEGRO ROJO VERDE;32:11.7;32:11.7;NULL
3342;3448;AMARILLO AZUL BLANCO NEGRO VERDE;32:11.7;32:11.7;NULL
3343;3449;AMARILLO AZUL BLANCO ROJO;32:11.7;32:11.7;NULL
3344;3450;AMARILLO AZUL BLANCO ROJO VERDE;32:11.7;32:11.7;NULL
3345;3451;AMARILLO AZUL MARFIL ROJO ZANAHORIA;32:11.8;32:11.8;NULL
3346;3452;AMARILLO AZUL MORADO VERDE;32:11.8;32:11.8;NULL
3347;3453;AMARILLO AZUL NEGRO ROJO;32:11.8;32:11.8;NULL
3348;3454;AMARILLO AZUL NEGRO ROJO VERDE;32:11.8;32:11.8;NULL
3349;3455;AMARILLO AZUL PLATEADO;32:11.8;32:11.8;NULL
3350;3456;AMARILLO AZUL ROJO GRIS BLANCO;32:11.8;32:11.8;NULL
3351;3457;AMARILLO AZUL ROJO VERDE;32:11.8;32:11.8;NULL
3352;3458;AMARILLO AZUL ROJO ZANAHORIA;32:11.9;32:11.9;NULL
3353;3459;AMARILLO AZUL VERDE;32:11.9;32:11.9;NULL
3354;3460;AMARILLO AZUL ZANAHORIA;32:11.9;32:11.9;NULL
3355;3461;AMARILLO BEIGE NARANJA VERDE;32:11.9;32:11.9;NULL
3356;3462;AMARILLO BEIGE NEGRO SALMON;32:12.0;32:12.0;NULL
3357;3463;AMARILLO BEIGE VERDE;32:12.1;32:12.1;NULL
3358;3464;AMARILLO BLANCO CAFE VERDE;32:12.1;32:12.1;NULL
3359;3465;AMARILLO BLANCO CREMA ROJO VERDE;32:12.1;32:12.1;NULL
3360;3466;AMARILLO BLANCO DORADO NEGRO ROJO VERDE;32:12.1;32:12.1;NULL
3361;3467;AMARILLO BLANCO DORADO ROJO VERDE;32:12.1;32:12.1;NULL
3362;3468;AMARILLO BLANCO MARRON VERDE;32:12.1;32:12.1;NULL
3363;3469;AMARILLO BLANCO MORADO NARANJA ROJO VERDE;32:12.1;32:12.1;NULL
3364;3470;AMARILLO BLANCO MORADO ROJO VERDE;32:12.1;32:12.1;NULL
3365;3471;AMARILLO BLANCO NARANJA;32:12.1;32:12.1;NULL
3366;3472;AMARILLO BLANCO NARANJA VERDE;32:12.1;32:12.1;NULL
3367;3473;AMARILLO BLANCO NEGRO ROJO;32:12.2;32:12.2;NULL
3368;3474;AMARILLO BLANCO NEGRO ROJO VERDE;32:12.2;32:12.2;NULL
3369;3475;AMARILLO BLANCO NEGRO VERDE;32:12.2;32:12.2;NULL
3370;3476;AMARILLO BLANCO ROJO AZUL;32:12.2;32:12.2;NULL
3371;3477;AMARILLO BLANCO ROJO VERDE METALIZADO;32:12.2;32:12.2;NULL
3372;3479;AMARILLO BLANCO VERDE VINO;32:12.2;32:12.2;NULL
3373;3480;AMARILLO BLANCO ZAPOTE;32:12.2;32:12.2;NULL
3374;3481;AMARILLO BRONCE NEGRO ORO;32:12.2;32:12.2;NULL
3375;3482;AMARILLO CAFE GRIS ORO VERDE;32:12.2;32:12.2;NULL
3376;3483;AMARILLO CAFE GRIS VERDE;32:12.2;32:12.2;NULL
3377;3484;AMARILLO CREMA NARANJA ROJO VERDE;32:12.3;32:12.3;NULL
3378;3485;AMARILLO CREMA SALMON;32:12.3;32:12.3;NULL
3379;3486;AMARILLO DORADO NEGRO;32:12.3;32:12.3;NULL
3380;3488;AMARILLO DORADO ROJO;32:12.3;32:12.3;NULL
3381;3489;AMARILLO GRIS ROJO VERDE;32:12.3;32:12.3;NULL
3382;3490;AMARILLO MARFIL HABANO;32:12.3;32:12.3;NULL
3383;3492;AMARILLO MARFIL ROJO VERDE;32:12.3;32:12.3;NULL
3384;3493;AMARILLO MARFIL VERDE;32:12.4;32:12.4;NULL
3385;3494;AMARILLO MORADO NEGRO;32:12.4;32:12.4;NULL
3386;3495;AMARILLO MORADO ROJO VERDE;32:12.4;32:12.4;NULL
3387;3496;AMARILLO MOSTAZA NEGRO;32:12.4;32:12.4;NULL
3388;3497;AMARILLO NARANJA ROJO CREMA;32:12.4;32:12.4;NULL
3389;3498;AMARILLO NARANJA VERDE;32:12.4;32:12.4;NULL
3390;3499;AMARILLO NEGRO OCRE VERDE;32:12.4;32:12.4;NULL
3391;3500;AMARILLO NEGRO ORO VERDE;32:12.4;32:12.4;NULL
3392;3501;AMARILLO NEGRO PLATA;32:12.4;32:12.4;NULL
3393;3502;AMARILLO NEGRO PLATEADO ROJO VERDE;32:12.4;32:12.4;NULL
3394;3503;AMARILLO NEGRO AZUL;32:12.4;32:12.4;NULL
3395;3504;AMARILLO NEGRO ROJO VERDE;32:12.4;32:12.4;NULL
3396;3505;AMARILLO NEGRO ZANAHORIA;32:12.4;32:12.4;NULL
3398;3508;AMARILLO ROJO BLANCO AZUL NEGRO;32:12.5;32:12.5;NULL
3399;3509;AMARILLO TIERRA;32:12.5;32:12.5;NULL
3400;3510;AMARILLO VERDE ROJO AZUL;32:12.5;32:12.5;NULL
3401;3511;AMARILLO VINOTINTO;32:12.5;32:12.5;NULL
3402;3514;AMARILLO ANARANJADO CAFE NEGRO;32:12.5;32:12.5;NULL
3403;3515;AMARILLO AZUL BEIGE ROJO VERDE;32:12.5;32:12.5;NULL
3404;3516;AMARILLO AZUL BLANCO GRIS ROJO;32:12.5;32:12.5;NULL
3405;3517;AMARILLO AZUL BLANCO MARRON VERDE;32:12.5;32:12.5;NULL
3406;3518;AMARILLO AZUL BLANCO NIQUEL;32:12.5;32:12.5;NULL
3407;3520;AMARILLO AZUL BLANCO ROJO VERDE METALIZADO;32:12.5;32:12.5;NULL
3408;3521;AMARILLO AZUL BLANCO VERDE;32:12.5;32:12.5;NULL
3409;3522;AMARILLO AZUL CREMA ROJO;32:12.6;32:12.6;NULL
3410;3523;AMARILLO AZUL CREMA NEGRO;32:12.6;32:12.6;NULL
3411;3524;AMARILLO AZUL LILA ROJO VERDE;32:12.6;32:12.6;NULL
3412;3525;AMARILLO AZUL MARFIL VERDE;32:12.6;32:12.6;NULL
3413;3526;AMARILLO AZUL MARRON VERDE;32:12.6;32:12.6;NULL
3414;3527;AMARILLO AZUL NEGRO BLANCO;32:12.6;32:12.6;NULL
3415;3529;AMARILLO AZUL PLATA METALIZADO;32:12.6;32:12.6;NULL
3416;3531;AMARILLO AZUL ROJO VERDE JADE;32:12.6;32:12.6;NULL
3417;3533;AMARILLO BEIGE METALIZADO;32:12.6;32:12.6;NULL
3418;3534;AMARILLO BEIGE NEGRO METALIZADO;32:12.6;32:12.6;NULL
3419;3535;AMARILLO BEIGE ROJO;32:12.6;32:12.6;NULL
3420;3536;AMARILLO BERMELLON;32:12.6;32:12.6;NULL
3421;3537;AMARILLO BLANCO DE SEVRES ROJO;32:12.6;32:12.6;NULL
3422;3538;AMARILLO BLANCO HUESO METALIZADO;32:12.7;32:12.7;NULL
3423;3539;AMARILLO BLANCO MARFIL;32:12.7;32:12.7;NULL
3424;3540;AMARILLO BLANCO MARFIL ROJO;32:12.7;32:12.7;NULL
3425;3541;AMARILLO BLANCO PERLADO ROJO;32:12.7;32:12.7;NULL
3426;3542;AMARILLO BLANCO CAFE;32:12.7;32:12.7;NULL
3427;3543;AMARILLO BLANCO CAFE NARANJA;32:12.7;32:12.7;NULL
3428;3544;AMARILLO BLANCO CAFE ROJO;32:12.7;32:12.7;NULL
3429;3545;AMARILLO BLANCO CARMELITO;32:12.7;32:12.7;NULL
3430;3546;AMARILLO BLANCO CREMA ROJO;32:12.7;32:12.7;NULL
3431;3547;AMARILLO BLANCO CREMA ROJO VER;32:12.7;32:12.7;NULL
3432;3548;AMARILLO BLANCO LILA;32:12.7;32:12.7;NULL
3433;3549;AMARILLO BLANCO LILA NEGRO VIOLETA;32:12.8;32:12.8;NULL
3434;3550;AMARILLO BLANCO MARFIL ROJO VERDE;32:12.8;32:12.8;NULL
3435;3551;AMARILLO BLANCO MARRON;32:12.8;32:12.8;NULL
3436;3552;AMARILLO BLANCO MARRON ROJO;32:12.8;32:12.8;NULL
3437;3554;AMARILLO BLANCO MORADO;32:12.8;32:12.8;NULL
3438;3555;AMARILLO BLANCO NARANJA ROJO;32:12.8;32:12.8;NULL
3439;3557;AMARILLO BLANCO NARA ROJO VERDE;32:12.8;32:12.8;NULL
3440;3559;AMARILLO BLANCO NEGRO ROJO VERDE METALIZADO;32:12.8;32:12.8;NULL
3441;3561;AMARILLO BLANCO NEGRO VERDE JADE;32:12.8;32:12.8;NULL
3442;3562;AMARILLO BLANCO ROJO GRIS;32:12.8;32:12.8;NULL
3443;3563;AMARILLO BLANCO ROJO NEGRO;32:12.8;32:12.8;NULL
3444;3565;AMARILLO BLANCO ROJO VERDE JADE;32:12.8;32:12.8;NULL
3445;3566;AMARILLO BLANCO ROJO VINOTINTO;32:12.8;32:12.8;NULL
3446;3568;AMARILLO BRONCE;32:12.8;32:12.8;NULL
3447;3569;AMARILLO BRONCE POLICROMAO NEGRO ORO;32:12.8;32:12.8;NULL
3448;3571;AMARILLO CAFE CREMA;32:12.8;32:12.8;NULL
3449;3572;AMARILLO CAFE DORADO;32:12.8;32:12.8;NULL
3450;3573;AMARILLO CAFE GRIS;32:12.8;32:12.8;NULL
3451;3574;AMARILLO CAFE MARFIL;32:12.8;32:12.8;NULL
3452;3575;AMARILLO CAFE NARANJA;32:12.8;32:12.8;NULL
3453;3576;AMARILLO CAFE PLATEADO;32:12.8;32:12.8;NULL
3454;3577;AMARILLO CAFE ROJO;32:12.8;32:12.8;NULL
3455;3578;AMARILLO CAOBA;32:12.8;32:12.8;NULL
3456;3579;AMARILLO CARMELITO;32:12.8;32:12.8;NULL
3457;3580;AMARILLO CEREZA;32:12.8;32:12.8;NULL
3458;3581;AMARILLO CREMA NARANJA;32:12.9;32:12.9;NULL
3459;3582;AMARILLO CREMA NARANJA NEGRO;32:12.9;32:12.9;NULL
3460;3583;AMARILLO CREMA NEGRO METALIZADO;32:12.9;32:12.9;NULL
3461;3584;AMARILLO CREMA NEGRO ROJO;32:12.9;32:12.9;NULL
3462;3585;AMARILLO CREMA ROJO NEGRO;32:12.9;32:12.9;NULL
3463;3586;AMARILLO CREMA TERRACOTA;32:12.9;32:12.9;NULL
3464;3587;AMARILLO CURUBA;32:12.9;32:12.9;NULL
3465;3589;AMARILLO DORADO VERDE;32:12.9;32:12.9;NULL
3466;3590;AMARILLO FUCSIA NEGRO;32:12.9;32:12.9;NULL
3467;3591;AMARILLO FUCSIA NEGRO VERDE;32:12.9;32:12.9;NULL
3468;3592;AMARILLO GRIS PLATA;32:12.9;32:12.9;NULL
3469;3593;AMARILLO GRIS PLATA METALIZADO;32:12.9;32:12.9;NULL
3470;3594;AMARILLO GRIS PLATA VERDE;32:12.9;32:12.9;NULL
3471;3595;AMARILLO GRIS PLOMO;32:12.9;32:12.9;NULL
3472;3596;AMARILLO GRIS PLOMO VERDE;32:12.9;32:12.9;NULL
3473;3597;AMARILLO GRIS PLOMO VERDE JADE;32:12.9;32:12.9;NULL
3474;3598;AMARILLO GRIS LADRILLO VERDE;32:12.9;32:12.9;NULL
3475;3599;AMARILLO GRIS NEGRO ROJO VERDE;32:12.9;32:12.9;NULL
3476;3600;AMARILLO GRIS PLATA ROJO;32:12.9;32:12.9;NULL
3477;3601;AMARILLO GRIS PLATEADO;32:12.9;32:12.9;NULL
3478;3603;AMARILLO GRIS ROJO VERDE JADE;32:12.9;32:12.9;NULL
3479;3604;AMARILLO GRIS VERDE;32:12.9;32:12.9;NULL
3480;3605;AMARILLO GRIS VERDE JADE;32:13.0;32:13.0;NULL
3481;3606;AMARILLO GRIS VERDE VERDE JADE;32:13.0;32:13.0;NULL
3482;3607;AMARILLO GUAYABA;32:13.0;32:13.0;NULL
3483;3608;AMARILLO LILA;32:13.0;32:13.0;NULL
3484;3609;AMARILLO MAGENTA;32:13.0;32:13.0;NULL
3485;3610;AMARILLO MARFIL MARRON;32:13.0;32:13.0;NULL
3486;3612;AMARILLO MARFIL ORO;33:43.9;33:43.9;NULL
3487;3613;AMARILLO MARFIL ROJO;33:43.9;33:43.9;NULL
3488;3615;AMARILLO MARFIL ROJO VERDE JADE;33:43.9;33:43.9;NULL
3489;3616;AMARILLO MARFIL ROSADO;33:43.9;33:43.9;NULL
3490;3618;AMARILLO MARFIL VERDE JADE;33:43.9;33:43.9;NULL
3491;3619;AMARILLO MARRON ORO;33:44.0;33:44.0;NULL
3492;3620;AMARILLO MARRON VERDE;33:44.0;33:44.0;NULL
3493;3622;AMARILLO MORADO ROJO;33:44.0;33:44.0;NULL
3494;3624;AMARILLO NARANJA NEGRO ROJO;33:44.0;33:44.0;NULL
3495;3626;AMARILLO NARANJA ROJO VERDE;33:44.0;33:44.0;NULL
3496;3628;AMARILLO NEGRO BROCE ORE TOLE;33:44.0;33:44.0;NULL
3497;3629;AMARILLO NEGRO VINILO;33:44.0;33:44.0;NULL
3498;3630;AMARILLO NEGRO ORO;33:44.0;33:44.0;NULL
3499;3632;AMARILLO NEGRO PLATA SUPER;33:44.0;33:44.0;NULL
3500;3633;AMARILLO NEGRO PURPURA;33:44.0;33:44.0;NULL
3501;3635;AMARILLO NEGRO ROJO LADRILLO;33:44.0;33:44.0;NULL
3502;3637;AMARILLO NEGRO VERDE BLANCO;33:44.0;33:44.0;NULL
3503;3638;AMARILLO NEGRO VERDE JADE;33:44.0;33:44.0;NULL
3504;3639;AMARILLO NEGRO VINOTINTO;33:44.0;33:44.0;NULL
3505;3640;AMARILLO ORO TOLEDANO NEGRO BR;33:44.0;33:44.0;NULL
3506;3641;AMARILLO OVNI;33:44.0;33:44.0;NULL
3507;3642;AMARILLO PERLA CLARO;33:44.0;33:44.0;NULL
3508;3643;AMARILLO PLATA ROJO VERDE;33:44.0;33:44.0;NULL
3509;3644;AMARILLO PLATA ROJO VERDE JADE;33:44.1;33:44.1;NULL
3510;3645;AMARILLO PLATA VERDE JADE;33:44.1;33:44.1;NULL
3511;3646;AMARILLO PLATEADO FRANJA NEGRA;33:44.1;33:44.1;NULL
3512;3647;AMARILLO PLATEADO VERDE;33:44.1;33:44.1;NULL
3513;3648;AMARILLO PLOMO VERDE JADE;33:44.1;33:44.1;NULL
3514;3649;AMARILLO RAVENA METALIZADO;33:44.1;33:44.1;NULL
3515;3650;AMARILLO ROJO PLATEADO;33:44.1;33:44.1;NULL
3516;3651;AMARILLO ROJO PLATEADO VERDE JADE;33:44.1;33:44.1;NULL
3517;3652;AMARILLO ROJO GRIS AZUL;33:44.1;33:44.1;NULL
3518;3653;AMARILLO ROJO PLATEADO VERDE;33:44.1;33:44.1;NULL
3519;3654;AMARILLO ROJO VERDE JADE;33:44.2;33:44.2;NULL
3520;3655;AMARILLO ROSADO OSCURO;33:44.2;33:44.2;NULL
3521;3656;AMARILLO SALMON;33:44.2;33:44.2;NULL
3522;3657;AMARILLO TERRACOTA;33:44.2;33:44.2;NULL
3523;3658;AMARILLO VERDE CROMADO;33:44.2;33:44.2;NULL
3524;3659;AMARILLO VERDE JADE;33:44.2;33:44.2;NULL
3525;3660;AMARILLO VERDE MENTA;33:44.2;33:44.2;NULL
3526;3661;AMARILLO VERDE OLIVA;33:44.2;33:44.2;NULL
3527;3664;AMARILO AZUL BLANCO CREMA ROJO;33:44.2;33:44.2;NULL
3528;3665;AMARILLO PLATA AZUL METALIZADO ROJO;33:44.2;33:44.2;NULL
3529;3666;AMARRILLO OCRE LIMON;33:44.3;33:44.3;NULL
3530;3667;AMATHIST BLUE;33:44.3;33:44.3;NULL
3531;3668;AMATISTA;33:44.3;33:44.3;NULL
3532;3669;AMARILLO ROJO AZUL GRIS;33:44.3;33:44.3;NULL
3533;3670;ANARANJADO BLANCO NEGRO;33:44.3;33:44.3;NULL
3534;3671;ANARANJADO NEGRO;33:44.3;33:44.3;NULL
3535;3672;ANARANJADO PLATA;33:44.3;33:44.3;NULL
3536;3673;ANARANJADO ROJIZO;33:44.3;33:44.3;NULL
3537;3674;ANARANJADO TURISMO;33:44.3;33:44.3;NULL
3538;3675;ANARANJADO PLATEADO;33:44.3;33:44.3;NULL
3539;3676;ANARANJADO AZUL;33:44.4;33:44.4;NULL
3540;3677;ANARANJADO AZUL PLATA;33:44.4;33:44.4;NULL
3541;3678;ANARANJADO AZUL BEIGE;33:44.4;33:44.4;NULL
3542;3679;ANARANJADO AZUL NEGRO;33:44.4;33:44.4;NULL
3543;3680;ANARANJADO HABANO;33:44.4;33:44.4;NULL
3544;3681;ANARANJADO BLANCO;33:44.4;33:44.4;NULL
3545;3682;ANARANJADO BLANCO VERDE;33:44.4;33:44.4;NULL
3546;3683;ANARANJADO GRIS NEGRO;33:44.4;33:44.4;NULL
3547;3684;ANARANJADO BEIGE;33:44.4;33:44.4;NULL
3548;3685;ANARANJADO NEGRO MARFIL;33:44.4;33:44.4;NULL
3549;3686;ANARANJADO PLATA METALIZADO;33:44.4;33:44.4;NULL
3550;3687;ANARANJADO ROJO;33:44.4;33:44.4;NULL
3551;3689;ANARANJADO BLANCO GRIS;33:44.4;33:44.4;NULL
3552;3690;ANARANJADO CREMA;33:44.4;33:44.4;NULL
3553;3691;ANARANJADO BLANCO VERDE JADE;33:44.4;33:44.4;NULL
3554;3692;ANARANJADO GRIS;33:44.4;33:44.4;NULL
3555;3694;ANARANJADO NEGRO GRAFITO;33:44.4;33:44.4;NULL
3556;3695;ANTRACITA;33:44.4;33:44.4;NULL
3557;3696;ARDENNES GREEN;33:44.5;33:44.5;NULL
3558;3697;ARENA AZUL;33:44.5;33:44.5;NULL
3559;3698;ARENA AZUL MEDIANO;33:44.5;33:44.5;NULL
3560;3699;ARENA BLANCO PLATA;33:44.5;33:44.5;NULL
3561;3700;ARENA CAFE;33:44.5;33:44.5;NULL
3562;3701;ARENA CHOCOLATE;33:44.5;33:44.5;NULL
3563;3702;ARENA CREMA;33:44.5;33:44.5;NULL
3564;3703;ARENA GRIS OSCURO METALIZADO PLATA;33:44.5;33:44.5;NULL
3565;3704;ARENA MARFIL;33:44.5;33:44.5;NULL
3566;3705;ARENA NEGRO;33:44.5;33:44.5;NULL
3567;3706;ARENA ROJO;33:44.5;33:44.5;NULL
3568;3707;ARENA VERDE AGUAMARINA;33:44.5;33:44.5;NULL
3569;3708;ARKEN GREY;33:44.5;33:44.5;NULL
3570;3709;ARKTIS METALIZADO;33:44.5;33:44.5;NULL
3571;3710;ARKTISGRAU;33:44.5;33:44.5;NULL
3572;3711;ARKTISSILBER;33:44.5;33:44.5;NULL
3573;3712;ARKTISSILBER METALIZADO;33:44.6;33:44.6;NULL
3574;3713;ARKTISSILBER PLATEADO;33:44.6;33:44.6;NULL
3575;3714;ARLES BLUE;33:44.6;33:44.6;NULL
3576;3715;ARLES WIND JAMMER BLUE;33:44.6;33:44.6;NULL
3577;3716;ASTRAL SILVER;33:44.6;33:44.6;NULL
3578;3717;AZUL BELL FLOWER;33:44.6;33:44.6;NULL
3579;3718;AZUL BLANCO CORAL MARRON;33:44.6;33:44.6;NULL
3580;3719;AZUL BLANCO MAHLER;33:44.6;33:44.6;NULL
3581;3720;AZUL SILVER METALLY;33:44.6;33:44.6;NULL
3582;3721;AZUL ABYSSE;33:44.6;33:44.6;NULL
3583;3722;AZUL ABYSSE METALIZADO;33:44.6;33:44.6;NULL
3584;3723;AZUL ACAIRI;33:44.6;33:44.6;NULL
3585;3724;AZUL ACARAI;33:44.6;33:44.6;NULL
3587;3726;AZUL ACRILICO PLANO;33:44.6;33:44.6;NULL
3588;3727;AZUL ADMIRAL;33:44.6;33:44.6;NULL
3589;3728;AZUL ADRIATICO NEGRO;33:44.6;33:44.6;NULL
3590;3729;AZUL ADRIATICO BLANCO;33:44.6;33:44.6;NULL
3591;3730;AZUL AEGEAN;33:44.7;33:44.7;NULL
3592;3731;AZUL AGADRIR METALIZADO;33:44.7;33:44.7;NULL
3593;3732;AZUL AGRADIR;33:44.7;33:44.7;NULL
3594;3733;AZUL AGUAMARINA BLANCO;33:44.7;33:44.7;NULL
3595;3734;AZUL AGUAMARINA MARFIL;33:44.7;33:44.7;NULL
3596;3735;AZUL AGUAMARINA PLATEADO;33:44.7;33:44.7;NULL
3597;3736;AZUL ALAMO SEDELON;33:44.7;33:44.7;NULL
3598;3737;AZUL ALBORADA BLANCO;33:44.7;33:44.7;NULL
3599;3738;AZUL ALEXANDRIE METALIZADO;33:44.7;33:44.7;NULL
3600;3739;AZUL ALPÌNO;33:44.7;33:44.7;NULL
3601;3740;AZUL ALTRACITA;33:44.7;33:44.7;NULL
3602;3741;AZUL AMANECER;33:44.7;33:44.7;NULL
3603;3742;AZUL AMARANTTH;33:44.7;33:44.7;NULL
3604;3743;AZUL AMARILLO PLATA;33:44.7;33:44.7;NULL
3605;3744;AZUL ANDINO;33:44.7;33:44.7;NULL
3606;3745;AZUL ANIVERSARIO;33:44.7;33:44.7;NULL
3607;3746;AZUL ANTARTICO METALIZADO;33:44.7;33:44.7;NULL
3608;3747;AZUL ARABIA;33:44.8;33:44.8;NULL
3609;3748;AZUL ARBOLEDA;33:44.8;33:44.8;NULL
3610;3749;AZUL ARENA;33:44.8;33:44.8;NULL
3611;3750;AZUL ARGEL;33:44.8;33:44.8;NULL
3612;3751;AZUL ARKTIS METALIZADO;33:44.8;33:44.8;NULL
3613;3752;AZUL ARUBA;33:44.8;33:44.8;NULL
3614;3753;AZUL ARUBA EFECTO PERLA;33:44.8;33:44.8;NULL
3615;3754;AZUL ARUBA PERLADO;33:44.8;33:44.8;NULL
3616;3755;AZUL ATAJAI;33:44.8;33:44.8;NULL
3617;3756;AZUL ATOMIC;33:44.8;33:44.8;NULL
3618;3757;AZUL AVALON;33:44.8;33:44.8;NULL
3619;3758;AZUL AVALON METALIZADO;33:44.8;33:44.8;NULL
3620;3759;AZUL AVALON MICA;33:44.8;33:44.8;NULL
3621;3760;AZUL BAHAMA ROJO BLANCO;33:44.8;33:44.8;NULL
3622;3761;AZUL BAHAMA BLANCO;33:44.8;33:44.8;NULL
3623;3762;AZUL BAHAMA MARFIL;33:44.8;33:44.8;NULL
3624;3763;AZUL BAHIA BLANCO;33:44.8;33:44.8;NULL
3625;3764;AZUL BAHIA BLANCO MARFIL;33:44.8;33:44.8;NULL
3626;3765;AZUL BAHIA GRIS PLATA;33:44.8;33:44.8;NULL
3627;3766;AZUL BALI;33:44.9;33:44.9;NULL
3628;3767;AZUL BALMET;33:44.9;33:44.9;NULL
3629;3768;AZUL BALTICO STRATO PLATA;33:44.9;33:44.9;NULL
3630;3769;AZUL BARENS;33:44.9;33:44.9;NULL
3631;3770;AZUL BARENTS METALIZADO;33:44.9;33:44.9;NULL
3632;3771;AZUL BARENTS PERLADO;33:44.9;33:44.9;NULL
3633;3772;AZUL BARENTS PERLADO METALIZADO;33:44.9;33:44.9;NULL
3634;3773;AZUL BEIGE ROJO;33:44.9;33:44.9;NULL
3635;3774;AZUL BERLIN;33:44.9;33:44.9;NULL
3636;3775;AZUL BIARITZ;33:44.9;33:44.9;NULL
3637;3776;AZUL BIARRITZ;33:44.9;33:44.9;NULL
3638;3777;AZUL BIARRITZ METALIZADO;33:44.9;33:44.9;NULL
3639;3778;AZUL BICOLOR;33:44.9;33:44.9;NULL
3640;3779;AZUL BILBAO;33:44.9;33:44.9;NULL
3641;3780;AZUL BIRMAN;33:44.9;33:44.9;NULL
3642;3781;AZUL BISCAYA;33:45.0;33:45.0;NULL
3643;3782;AZUL BLANCO CREMA;33:45.0;33:45.0;NULL
3644;3783;AZUL BLANCO GRIS PLATEADO;33:45.0;33:45.0;NULL
3645;3784;AZUL BOHAMA;33:45.0;33:45.0;NULL
3646;3785;AZUL BORDEAUX;33:45.0;33:45.0;NULL
3647;3786;AZUL BORDEN;33:45.0;33:45.0;NULL
3648;3787;AZUL BOREAL;33:45.0;33:45.0;NULL
3649;3788;AZUL BRABA PERLADO;33:45.0;33:45.0;NULL
3650;3789;AZUL BRAVA;33:45.0;33:45.0;NULL
3651;3790;AZUL BRAVA METALIZADO;33:45.0;33:45.0;NULL
3652;3791;AZUL BRITANICO;33:45.0;33:45.0;NULL
3653;3793;AZUL BRITANICO VERDE;33:45.0;33:45.0;NULL
3654;3794;AZUL BROMO;33:45.0;33:45.0;NULL
3655;3795;AZUL BRUMA VERDE ACEITUNA;33:45.0;33:45.0;NULL
3656;3796;AZUL BRUMA CREMA;33:45.0;33:45.0;NULL
3657;3797;AZUL BUTANE;33:45.0;33:45.0;NULL
3658;3798;AZUL BUTANO;33:45.0;33:45.0;NULL
3659;3799;AZUL CADETE;33:45.0;33:45.0;NULL
3660;3800;AZUL CALYPSO;33:45.0;33:45.0;NULL
3661;3801;AZUL CAMPANILLA;33:45.1;33:45.1;NULL
3662;3802;AZUL CANADA;33:45.1;33:45.1;NULL
3663;3803;AZUL CANGREJO;33:45.1;33:45.1;NULL
3664;3804;AZUL CANTABRICO MET;33:45.1;33:45.1;NULL
3665;3805;AZUL CAPRI METALIZADO;33:45.1;33:45.1;NULL
3666;3806;AZUL CAPRI BLANCO;33:45.2;33:45.2;NULL
3667;3807;AZUL CAPTIVA GRIS DRAKE;33:45.2;33:45.2;NULL
3668;3808;AZUL CARIACO;33:45.2;33:45.2;NULL
3669;3809;AZUL CARIBE GRIS PLATA;33:45.2;33:45.2;NULL
3670;3810;AZUL CARIBE BLANCO;33:45.2;33:45.2;NULL
3671;3811;AZUL CARIBE MARFIL;33:45.2;33:45.2;NULL
3672;3812;AZUL CARIBE NEGRO;33:45.2;33:45.2;NULL
3673;3813;AZUL CARMELITA;33:45.2;33:45.2;NULL
3674;3814;AZUL CATALINA GRIS;33:45.2;33:45.2;NULL
3675;3815;AZUL CAUCA;33:45.2;33:45.2;NULL
3676;3816;AZUL CELEDON GLACIER;33:45.3;33:45.3;NULL
3677;3817;AZUL CELESTE METALICO AMARILLO;33:45.3;33:45.3;NULL
3678;3818;AZUL CELESTE PERLADO;33:45.3;33:45.3;NULL
3679;3819;AZUL CELESTE AMARILLO AZUL NEGRO;33:45.3;33:45.3;NULL
3680;3820;AZUL CELESTE BLANCO;33:45.3;33:45.3;NULL
3681;3821;AZUL CELESTE MARFIL;33:45.4;33:45.4;NULL
3682;3822;AZUL CELESTE NEGRO;33:45.4;33:45.4;NULL
3683;3823;AZUL CELESTE ROJO;33:45.4;33:45.4;NULL
3684;3824;AZUL CENIZA;33:45.4;33:45.4;NULL
3685;3825;AZUL CENSINE;33:45.4;33:45.4;NULL
3686;3826;AZUL CIBA;33:45.4;33:45.4;NULL
3687;3827;AZUL CICLON;33:45.4;33:45.4;NULL
3688;3828;AZUL CICLONE;33:45.4;33:45.4;NULL
3689;3829;AZUL CIELO NEGRO;33:45.4;33:45.4;NULL
3690;3830;AZUL CIELO BLANCO;33:45.4;33:45.4;NULL
3691;3831;AZUL CIELO BLANCO LOTUS;33:45.4;33:45.4;NULL
3692;3832;AZUL CIELO BLANCO MATE;33:45.5;33:45.5;NULL
3693;3833;AZUL CIELO GRIS PLATEADO;33:45.5;33:45.5;NULL
3694;3834;AZUL CIELO MARFIL;33:45.5;33:45.5;NULL
3695;3835;AZUL CIELO VERDE;33:45.5;33:45.5;NULL
3696;3836;AZUL CIERRA;33:45.5;33:45.5;NULL
3697;3837;AZUL CINZA EJECUTIVO;33:45.5;33:45.5;NULL
3698;3838;AZUL CIPRES;33:45.5;33:45.5;NULL
3699;3839;AZUL CIPRUS;33:45.5;33:45.5;NULL
3700;3840;AZUL CIRCON;33:45.5;33:45.5;NULL
3701;3841;AZUL CLARO BLANCO ROJO VERDE AMARILLO;33:45.6;33:45.6;NULL
3702;3842;AZUL CLARO NEGRO;33:45.6;33:45.6;NULL
3703;3843;AZUL CLARO ARENA;33:45.6;33:45.6;NULL
3704;3844;AZUL CLARO BEIGE;33:45.6;33:45.6;NULL
3705;3845;AZUL CLARO CAOBA;33:45.6;33:45.6;NULL
3706;3846;AZUL CLARO CREMA;33:45.6;33:45.6;NULL
3707;3848;AZUL CLARO TURQUESA;33:45.6;33:45.6;NULL
3708;3849;AZUL COBALTO BLANCO;33:45.6;33:45.6;NULL
3709;3850;AZUL COBALTO BLANCO METALIZADO;33:45.6;33:45.6;NULL
3710;3851;AZUL COBALTO GRIS;33:45.6;33:45.6;NULL
3711;3852;AZUL COBALTO PLATA;33:45.6;33:45.6;NULL
3712;3853;AZUL COBALTO STRATO PLATA;33:45.6;33:45.6;NULL
3713;3854;AZUL COBAR METALIZADO;33:45.7;33:45.7;NULL
3714;3855;AZUL COLCEGA;33:45.7;33:45.7;NULL
3715;3856;AZUL COMODORO;33:45.7;33:45.7;NULL
3716;3857;AZUL CON FJS VERDE AMARILLO;33:45.7;33:45.7;NULL
3717;3858;AZUL CONCORD METALIZADO;33:45.7;33:45.7;NULL
3718;3859;AZUL CONTINENTAL METALIZADO;33:45.7;33:45.7;NULL
3719;3860;AZUL CREMA NARANJA ROJO;33:45.7;33:45.7;NULL
3720;3861;AZUL DAKAR;33:45.7;33:45.7;NULL
3721;3862;AZUL DANES GRIS PLATA;33:45.7;33:45.7;NULL
3722;3863;AZUL DANES BLANCO;33:45.7;33:45.7;NULL
3723;3864;AZUL DANES GRIS;33:45.7;33:45.7;NULL
3724;3865;AZUL DANES PLATA SIERRA;33:45.7;33:45.7;NULL
3725;3866;AZUL DANES PLATA VERSALLE;33:45.8;33:45.8;NULL
3726;3867;AZUL DARK;33:45.8;33:45.8;NULL
3727;3868;AZUL DE RHODES;33:45.8;33:45.8;NULL
3728;3869;AZUL DE RHODES METALIZADO;33:45.8;33:45.8;NULL
3729;3870;AZUL DE SEVRES;33:45.8;33:45.8;NULL
3730;3871;AZUL DE SEVRES METALIZADO;33:45.8;33:45.8;NULL
3731;3872;AZUL DE TANSANIT;33:45.8;33:45.8;NULL
3732;3873;AZUL DELUX;33:45.8;33:45.8;NULL
3733;3874;AZUL DINASTIA;33:45.8;33:45.8;NULL
3734;3875;AZUL DRACO;33:45.8;33:45.8;NULL
3735;3876;AZUL DUPONT GRIS PLATA;33:45.8;33:45.8;NULL
3736;3877;AZUL DUPPONT BLANCO PLATA;33:45.8;33:45.8;NULL
3737;3878;AZUL DUQUEZA;33:45.8;33:45.8;NULL
3738;3879;AZUL ENCENDIDO;33:45.9;33:45.9;NULL
3739;3880;AZUL ENCENDIDO BLANCO;33:45.9;33:45.9;NULL
3740;3881;AZUL ENSENADA;33:45.9;33:45.9;NULL
3741;3882;AZUL ENTONADOR;33:45.9;33:45.9;NULL
3742;3883;AZUL ENTONADOR BLANCO;33:45.9;33:45.9;NULL
3743;3884;AZUL ENTORNADOR BLANCO;33:45.9;33:45.9;NULL
3744;3885;AZUL ESCARLATA;33:45.9;33:45.9;NULL
3745;3886;AZUL ESMALTADO;33:45.9;33:45.9;NULL
3746;3887;AZUL ESPAÑOL;33:45.9;33:45.9;NULL
3747;3888;AZUL ESPUMA DE MAR;33:45.9;33:45.9;NULL
3748;3889;AZUL ESTOR;33:45.9;33:45.9;NULL
3749;3890;AZUL ESTORIL;33:45.9;33:45.9;NULL
3750;3892;AZUL ESTRATO PERLA AZUL INDI;33:46.0;33:46.0;NULL
3751;3893;AZUL EXCITANTE;33:46.0;33:46.0;NULL
3752;3894;AZUL EXCITANTE METALIZADO;33:46.0;33:46.0;NULL
3753;3895;AZUL FUJEK;33:46.0;33:46.0;NULL
3754;3896;AZUL GALAPAGOS METALIZADO;33:46.0;33:46.0;NULL
3755;3897;AZUL GAMA AMARILLOS VERDE;33:46.0;33:46.0;NULL
3756;3898;AZUL GENOA;33:46.0;33:46.0;NULL
3757;3899;AZUL GRANITO;33:46.0;33:46.0;NULL
3758;3900;AZUL GRIS PLATA ROJO;33:46.0;33:46.0;NULL
3759;3901;AZUL GURMET;33:46.0;33:46.0;NULL
3760;3902;AZUL HAYDAN;33:46.1;33:46.1;NULL
3761;3903;AZUL HORIZONTE;33:46.1;33:46.1;NULL
3762;3904;AZUL HORIZONTE METALIZADO;33:46.1;33:46.1;NULL
3763;3905;AZUL HORTENCIA;33:46.1;33:46.1;NULL
3764;3906;AZUL HORTENSIA NACARADO GRIS P;33:46.1;33:46.1;NULL
3765;3907;AZUL HUMO;33:46.1;33:46.1;NULL
3766;3908;AZUL IAJAI;33:46.1;33:46.1;NULL
3767;3909;AZUL IATAJAI;33:46.1;33:46.1;NULL
3768;3910;AZUL ITAJAI;33:46.2;33:46.2;NULL
3769;3911;AZUL IMPERIAL GRIS METALIZADO;33:46.2;33:46.2;NULL
3770;3912;AZUL IMPERIAL MARFIL;33:46.2;33:46.2;NULL
3771;3913;AZUL IMPERIAL NEGRO;33:46.2;33:46.2;NULL
3772;3914;AZUL IMPERIO MICA PLATA METALIZADO;33:46.2;33:46.2;NULL
3773;3915;AZUL INDIGO METALIZADO BLANCO ALPINO;33:46.2;33:46.2;NULL
3774;3916;AZUL INDIGO MICA;33:46.2;33:46.2;NULL
3775;3917;AZUL INGLES METALIZADO;33:46.2;33:46.2;NULL
3776;3918;AZUL INTERLAGOS METALIZADO;33:46.2;33:46.2;NULL
3777;3919;AZUL IPARAGUA;33:46.3;33:46.3;NULL
3778;3920;AZUL ITAHITI GRIS;33:46.3;33:46.3;NULL
3779;3921;AZUL ITAJA;33:46.3;33:46.3;NULL
3780;3922;AZUL ITAJAI GRIS;33:46.3;33:46.3;NULL
3781;3923;AZUL ITAJAI AZUL ITAJAI;33:46.3;33:46.3;NULL
3782;3924;AZUL ITAJAI GRIS METALIZADO;33:46.3;33:46.3;NULL
3783;3925;AZUL ITAJAL;33:46.3;33:46.3;NULL
3784;3926;AZUL ITAJI;33:46.3;33:46.3;NULL
3785;3927;AZUL JADE;33:46.4;33:46.4;NULL
3786;3928;AZUL JASPE;33:46.4;33:46.4;NULL
3787;3929;AZUL JUPITER GRIS NEBLINA;33:46.4;33:46.4;NULL
3788;3930;AZUL KLEIN;33:46.4;33:46.4;NULL
3789;3931;AZUL LACA;33:46.4;33:46.4;NULL
3790;3932;AZUL LAGUNA PLATA METALIZADO;33:46.5;33:46.5;NULL
3791;3933;AZUL LEMANS METALIZADO;33:46.5;33:46.5;NULL
3792;3934;AZUL LIGHTNING METALIZADO;33:46.5;33:46.5;NULL
3793;3935;AZUL LIQUIDO;33:46.5;33:46.5;NULL
3795;3937;AZUL LISBOA GRIS PLATA METALIZADO;33:46.5;33:46.5;NULL
3796;3938;AZUL LONDINENSE;33:46.5;33:46.5;NULL
3797;3939;AZUL LORRAIN;33:46.5;33:46.5;NULL
3798;3940;AZUL LUGANO;33:46.5;33:46.5;NULL
3799;3941;AZUL LUMINA METALIZADO;33:46.5;33:46.5;NULL
3800;3942;AZUL MAGICO PERLADO;33:46.5;33:46.5;NULL
3801;3943;AZUL MAGICO;33:46.5;33:46.5;NULL
3802;3944;AZUL MAGICO METALIZADO;33:46.5;33:46.5;NULL
3803;3945;AZUL MAGIGO METALIZADO;33:46.5;33:46.5;NULL
3804;3946;AZUL MAGNETICO;33:46.5;33:46.5;NULL
3805;3947;AZUL MAIMI;33:46.5;33:46.5;NULL
3806;3948;AZUL MANANTIAL METALIZADO;33:46.5;33:46.5;NULL
3807;3949;AZUL MANDARINA;33:46.6;33:46.6;NULL
3808;3950;AZUL MARINO BEIGE;33:46.6;33:46.6;NULL
3809;3951;AZUL MATE;33:46.6;33:46.6;NULL
3810;3952;AZUL MATISSE;33:46.6;33:46.6;NULL
3811;3953;AZUL MATISTA;33:46.6;33:46.6;NULL
3812;3954;AZUL MEDIO GRIS CLARO;33:46.6;33:46.6;NULL
3813;3955;AZUL MEDIO MARFIL;33:46.6;33:46.6;NULL
3814;3956;AZUL MEMPHIS;33:46.6;33:46.6;NULL
3815;3957;AZUL MENFIS;33:46.6;33:46.6;NULL
3816;3958;AZUL MENTA;33:46.6;33:46.6;NULL
3817;3959;AZUL MERCATO;33:46.6;33:46.6;NULL
3818;3960;AZUL MIAGRA;33:46.6;33:46.6;NULL
3819;3961;AZUL MIAMI;33:46.6;33:46.6;NULL
3820;3962;AZUL MICA OSCURO;33:46.6;33:46.6;NULL
3821;3963;AZUL MICA PERLADO;33:46.6;33:46.6;NULL
3822;3964;AZUL MICA PROFUNDO;33:46.6;33:46.6;NULL
3823;3965;AZUL MICA BLANCO;33:46.6;33:46.6;NULL
3824;3966;AZUL MICA SUXE METALIZADO;33:46.6;33:46.6;NULL
3825;3967;AZUL MICHIGAN;33:46.6;33:46.6;NULL
3826;3968;AZUL MIDNIGTH;33:46.6;33:46.6;NULL
3827;3969;AZUL MING EFECTO PERLA;33:46.7;33:46.7;NULL
3828;3970;AZUL MING METALIZADO;33:46.7;33:46.7;NULL
3829;3971;AZUL MING PERLADO;33:46.7;33:46.7;NULL
3830;3972;AZUL MISTERIO METALIZADO;33:46.7;33:46.7;NULL
3831;3973;AZUL MODERNO;33:46.7;33:46.7;NULL
3832;3974;AZUL MONDIAL;33:46.7;33:46.7;NULL
3833;3975;AZUL MONTREAL METALIZADO;33:46.7;33:46.7;NULL
3834;3976;AZUL MOONLIGHT PERLA;33:46.7;33:46.7;NULL
3835;3977;AZUL MOONLIGHT PLATA LA GUARDI;33:46.7;33:46.7;NULL
3836;3978;AZUL MORADO BRILLANTE;33:46.7;33:46.7;NULL
3837;3979;AZUL MORADO GALAXI;33:46.7;33:46.7;NULL
3838;3980;AZUL NABAJO METAL;33:46.7;33:46.7;NULL
3839;3981;AZUL NARES PLATA;33:46.7;33:46.7;NULL
3840;3982;AZUL NAUTICO MARFIL;33:46.7;33:46.7;NULL
3841;3983;AZUL NAVAJO PERLADO;33:46.7;33:46.7;NULL
3842;3984;AZUL NAVAJO ESTRATO PLATA;33:46.7;33:46.7;NULL
3843;3985;AZUL NAVAJO NEGRO;33:46.7;33:46.7;NULL
3844;3986;AZUL NEPTUNO;33:46.7;33:46.7;NULL
3845;3987;AZUL NEVIS METALIZADO;33:46.7;33:46.7;NULL
3846;3988;AZUL NEYSHA;33:46.7;33:46.7;NULL
3847;3989;AZUL NEYSHA METALIZADO;33:46.8;33:46.8;NULL
3848;3990;AZUL NEYSHA METALICO;33:46.8;33:46.8;NULL
3849;3991;AZUL NIAGARA EXTRACTO PLATA;33:46.8;33:46.8;NULL
3850;3992;AZUL NIAGARA AZUL NIAGARA;33:46.8;33:46.8;NULL
3851;3993;AZUL NIAGARA AZUL ZAFIRO;33:46.8;33:46.8;NULL
3853;3995;AZUL NOVELIA;33:46.8;33:46.8;NULL
3854;3996;AZUL NUEVA ERA;33:46.8;33:46.8;NULL
3855;3997;AZUL OCEANO BLANCO;33:46.8;33:46.8;NULL
3856;3998;AZUL OCEANO BLANCO ARTICO;33:46.8;33:46.8;NULL
3857;3999;AZUL OPERA;33:46.8;33:46.8;NULL
3858;4000;AZUL ORAGE METALIZADO;33:46.8;33:46.8;NULL
3859;4001;AZUL ORANGE METALIZADO;33:46.8;33:46.8;NULL
3860;4002;AZUL ORINOCO ROJO MILANO;33:46.8;33:46.8;NULL
3861;4003;AZUL ORION;33:46.9;33:46.9;NULL
3862;4004;AZUL OSCURO NEPTUNO;33:46.9;33:46.9;NULL
3863;4005;AZUL OSCURO GRIS PLATA;33:46.9;33:46.9;NULL
3864;4006;AZUL OSCURO GRIS;33:46.9;33:46.9;NULL
3865;4007;AZUL OSCURO ACRILICO;33:46.9;33:46.9;NULL
3866;4008;AZUL OSCURO ARUBA METALIZADO;33:46.9;33:46.9;NULL
3867;4009;AZUL OSCURO BELICE;33:46.9;33:46.9;NULL
3868;4010;AZUL OSCURO CROMADO;33:46.9;33:46.9;NULL
3869;4011;AZUL OSCURO HUESO;33:46.9;33:46.9;NULL
3870;4012;AZUL OSCURO MATE;33:46.9;33:46.9;NULL
3871;4013;AZUL OSCURO MEDIO;33:46.9;33:46.9;NULL
3872;4014;AZUL OSCURO PETRÓLEO;33:46.9;33:46.9;NULL
3873;4015;AZUL OSCURO POLICROMADO;33:46.9;33:46.9;NULL
3874;4016;AZUL OSCURO REGENT;33:46.9;33:46.9;NULL
3875;4017;AZUL OSCURO TORNASOL;33:46.9;33:46.9;NULL
3876;4018;AZUL OSCURO VENECIANO;33:46.9;33:46.9;NULL
3877;4019;AZUL OSCURO CREMA;33:46.9;33:46.9;NULL
3878;4020;AZUL OSCURO GRIS BLANCO;33:46.9;33:46.9;NULL
3879;4021;AZUL OSCURO GRIS RATON;33:47.0;33:47.0;NULL
3880;4022;AZUL OSCURO GRIS NARANJA;33:47.0;33:47.0;NULL
3881;4023;AZUL OSCURO HABANO;33:47.0;33:47.0;NULL
3882;4024;AZUL OSCURO NEGRO;33:47.0;33:47.0;NULL
3883;4025;AZUL OSCURO PERLA;33:47.0;33:47.0;NULL
3884;4026;AZUL OSCURO PLATA;33:47.0;33:47.0;NULL
3885;4027;AZUL OSCURO PLATA METALIZADO;33:47.0;33:47.0;NULL
3886;4028;AZUL OSCURO PLATA TRIGO;33:47.0;33:47.0;NULL
3887;4029;AZUL OSCURO PLATEADO;33:47.0;33:47.0;NULL
3888;4030;AZUL OSCURO PLATINADO;33:47.0;33:47.0;NULL
3889;4031;AZUL OSFORD;33:47.0;33:47.0;NULL
3890;4032;AZUL OXFORD PERLADO;33:47.0;33:47.0;NULL
3891;4033;AZUL OXIGEN;33:47.0;33:47.0;NULL
3892;4034;AZUL OXIS AMARILLO VERDE;33:47.0;33:47.0;NULL
3893;4035;AZUL OZONO METALIZADO;33:47.0;33:47.0;NULL
3894;4036;AZUL PACIFICIO BLANCO;33:47.0;33:47.0;NULL
3895;4037;AZUL PACIFICO DELUX;33:47.0;33:47.0;NULL
3896;4038;AZUL PACIFICO BLANCO;33:47.0;33:47.0;NULL
3897;4039;AZUL PACIFICO BLANCO MARFIL;33:47.1;33:47.1;NULL
3898;4040;AZUL PACÍFICO BLANCO MARFIL METALIZADO;33:47.1;33:47.1;NULL
3899;4041;AZUL PACIFICO BLANCO NIEVE;33:47.1;33:47.1;NULL
3900;4042;AZUL PACIFICO CREMA;33:47.1;33:47.1;NULL
3901;4043;AZUL PACIFICO MARFIL;33:47.1;33:47.1;NULL
3902;4044;AZUL PACIFICO NEGRO;33:47.1;33:47.1;NULL
3903;4045;AZUL PALIDO;33:47.1;33:47.1;NULL
3904;4046;AZUL PANTENE;33:47.1;33:47.1;NULL
3905;4047;AZUL PARAISO;33:47.1;33:47.1;NULL
3906;4048;AZUL PARIA PLATEADO METALIZADO;33:47.1;33:47.1;NULL
3907;4049;AZUL PASION;33:47.2;33:47.2;NULL
3908;4050;AZUL PATRIOTICO;33:47.2;33:47.2;NULL
3909;4051;AZUL PATRIOTICO MET;33:47.2;33:47.2;NULL
3910;4052;AZUL PEACOCK;33:47.2;33:47.2;NULL
3911;4053;AZUL PERLADO;33:47.2;33:47.2;NULL
3912;4054;AZUL PERLADO METALIZADO;33:47.2;33:47.2;NULL
3913;4055;AZUL PERLADO UNIVERSO;33:47.2;33:47.2;NULL
3914;4056;AZUL PERLADO AZUL PERLADO;33:47.2;33:47.2;NULL
3915;4057;AZUL PERLADO BLANCO AZUL PERLADO;33:47.2;33:47.2;NULL
3916;4058;AZUL PERLADO BLANCO;33:47.2;33:47.2;NULL
3917;4059;AZUL PERLADO PLATA;33:47.2;33:47.2;NULL
3918;4060;AZUL PERLA GRIS;33:47.2;33:47.2;NULL
3919;4061;AZUL PERMANENTE;33:47.2;33:47.2;NULL
3920;4062;AZUL PETROLEO CROMADO;33:47.2;33:47.2;NULL
3921;4063;AZUL PETROLEO DORADO BAHIA;33:47.2;33:47.2;NULL
3922;4064;AZUL PETROLEO BLANCO;33:47.2;33:47.2;NULL
3923;4065;AZUL PETROLEO GRIS METALIZADO;33:47.2;33:47.2;NULL
3924;4066;AZUL PETROLEO MARFIL;33:47.2;33:47.2;NULL
3925;4067;AZUL PETROLEO MARFIL INDU;33:47.2;33:47.2;NULL
3926;4068;AZUL PETROLEO STRATO PLATA;33:47.2;33:47.2;NULL
3927;4069;AZUL PHANTOM;33:47.2;33:47.2;NULL
3928;4070;AZUL PHARAON METALIZADO;33:47.3;33:47.3;NULL
3929;4071;AZUL PIÑA;33:47.3;33:47.3;NULL
3930;4072;AZUL PLATA NEGRO;33:47.3;33:47.3;NULL
3931;4073;AZUL PLATEADO VERDE JADE;33:47.3;33:47.3;NULL
3932;4074;AZUL PLATINO;33:47.3;33:47.3;NULL
3933;4075;AZUL PLOMO BEIGE;33:47.3;33:47.3;NULL
3934;4076;AZUL PLOMO CREMA;33:47.3;33:47.3;NULL
3935;4077;AZUL PLOMO GRIS;33:47.3;33:47.3;NULL
3936;4078;AZUL PLYMOUTH;33:47.3;33:47.3;NULL
3937;4079;AZUL POLARIS;33:47.3;33:47.3;NULL
3938;4080;AZUL POLICROMADO BLANCO;33:47.3;33:47.3;NULL
3939;4081;AZUL POLICROMADO GRIS;33:47.3;33:47.3;NULL
3940;4082;AZUL POLICROMADO MARFIL;33:47.3;33:47.3;NULL
3941;4083;AZUL POLICROMADO NEGRO;33:47.3;33:47.3;NULL
3942;4084;AZUL POLICROMADO PLATEADO;33:47.4;33:47.4;NULL
3943;4085;AZUL POLICRO NIQUEL PLATA;33:47.4;33:47.4;NULL
3944;4086;AZUL PORCELANA;33:47.4;33:47.4;NULL
3945;4087;AZUL PORSCHE;33:47.4;33:47.4;NULL
3946;4088;AZUL POSTOBON BLANCO;33:47.4;33:47.4;NULL
3947;4089;AZUL POTOMAC;33:47.4;33:47.4;NULL
3948;4091;AZUL PREMIR;33:47.4;33:47.4;NULL
3949;4092;AZUL PRIMAVERA;33:47.4;33:47.4;NULL
3950;4093;AZUL PRODUCTION;33:47.4;33:47.4;NULL
3951;4094;AZUL PROFUNDO PERLADO;33:47.4;33:47.4;NULL
3952;4095;AZUL PROFUNDO BLANCO;33:47.4;33:47.4;NULL
3953;4096;AZUL PROVENCE METALIZADO;33:47.4;33:47.4;NULL
3954;4097;AZUL PRUCIA BLANCO;33:47.4;33:47.4;NULL
3955;4098;AZUL PRUSIA NEGRO;33:47.4;33:47.4;NULL
3956;4099;AZUL PRUSSIAN;33:47.4;33:47.4;NULL
3957;4100;AZUL PURPURA BEIGE;33:47.4;33:47.4;NULL
3958;4101;AZUL PURPURA CREMA;33:47.4;33:47.4;NULL
3959;4102;AZUL PURPURA GRIS METALICO;33:47.4;33:47.4;NULL
3960;4103;AZUL PURPURA PLATA;33:47.4;33:47.4;NULL
3961;4104;AZUL PURPUREO NACARADO METALIZADO;33:47.4;33:47.4;NULL
3962;4105;AZUL QUARZ METALIZADO;33:47.4;33:47.4;NULL
3963;4106;AZUL RACE NEGRO;37:13.2;37:13.2;NULL
3964;4107;AZUL RAGE;37:13.2;37:13.2;NULL
3965;4108;AZUL RAPIS;37:13.3;37:13.3;NULL
3966;4109;AZUL RAPIS PERLA;37:13.3;37:13.3;NULL
3967;4110;AZUL RAVENNA METALIZADO;37:13.3;37:13.3;NULL
3968;4111;AZUL REAL BLANCO;37:13.3;37:13.3;NULL
3969;4112;AZUL REGAL;37:13.3;37:13.3;NULL
3970;4113;AZUL REGATA;37:13.3;37:13.3;NULL
3971;4114;AZUL REY PERLADO;37:13.3;37:13.3;NULL
3972;4115;AZUL REY NEGRO;37:13.3;37:13.3;NULL
3973;4116;AZUL REY BLANCO;37:13.3;37:13.3;NULL
3974;4118;AZUL RIVERA AMARILLO NEGRO;37:13.3;37:13.3;NULL
3975;4119;AZUL ROCA;37:13.3;37:13.3;NULL
3976;4120;AZUL ROSADO;37:13.3;37:13.3;NULL
3977;4121;AZUL ROSSE;37:13.3;37:13.3;NULL
3978;4122;AZUL SAMARKAND METALIZADO;37:13.3;37:13.3;NULL
3979;4123;AZUL SAMOA;37:13.3;37:13.3;NULL
3980;4124;AZUL SAMOA METALIZADO;37:13.3;37:13.3;NULL
3981;4125;AZUL SAPHIR;37:13.3;37:13.3;NULL
3982;4126;AZUL SAPHIRBLAU;37:13.3;37:13.3;NULL
3983;4127;AZUL SAPUCAI;37:13.3;37:13.3;NULL
3984;4128;AZUL SAXE;37:13.3;37:13.3;NULL
3985;4129;AZUL SEDA;37:13.3;37:13.3;NULL
3986;4130;AZUL SEVRES;37:13.3;37:13.3;NULL
3987;4131;AZUL SEVRES METALIZADO;37:13.4;37:13.4;NULL
3988;4132;AZUL SHADOW;37:13.4;37:13.4;NULL
3989;4133;AZUL SHADOW BLUE;37:13.4;37:13.4;NULL
3990;4134;AZUL SILVER;37:13.4;37:13.4;NULL
3991;4135;AZUL SKY;37:13.4;37:13.4;NULL
3992;4136;AZUL SOLAR BEIGE;37:13.4;37:13.4;NULL
3993;4137;AZUL SOLAR GRIS;37:13.4;37:13.4;NULL
3994;4138;AZUL SOLAR PLATA;37:13.4;37:13.4;NULL
3995;4139;AZUL SOLID BLUE;37:13.4;37:13.4;NULL
3996;4140;AZUL SPEED METALIZADO;37:13.4;37:13.4;NULL
3997;4141;AZUL SPORT NEGRO;37:13.4;37:13.4;NULL
3998;4142;AZUL STAR METALIZADO;37:13.4;37:13.4;NULL
3999;4143;AZUL STATION;37:13.4;37:13.4;NULL
4000;4144;AZUL STHALBLAU;37:13.4;37:13.4;NULL
4001;4145;AZUL STRAUSS;37:13.4;37:13.4;NULL
4002;4146;AZUL SUECIA;37:13.4;37:13.4;NULL
4003;4148;AZUL SUECIA AZUL DANES;37:13.4;37:13.4;NULL
4004;4149;AZUL SUECIA BLANCO POLAR;37:13.4;37:13.4;NULL
4005;4150;AZUL SUEÑO;37:13.4;37:13.4;NULL
4006;4151;AZUL SUMEREET METALIZADO GRIS;37:13.5;37:13.5;NULL
4007;4152;AZUL SUPER MARINO;37:13.5;37:13.5;NULL
4008;4153;AZUL SUPERMARINO;37:13.5;37:13.5;NULL
4009;4154;AZUL SUPREMO MICA;37:13.5;37:13.5;NULL
4010;4155;AZUL SURF;37:13.5;37:13.5;NULL
4011;4156;AZUL TAILANDIA;37:13.5;37:13.5;NULL
4012;4157;AZUL TAJAI;37:13.5;37:13.5;NULL
4013;4158;AZUL TANZANITA METALICO;37:13.5;37:13.5;NULL
4014;4159;AZUL TANSANIT METALIZADO;37:13.5;37:13.5;NULL
4015;4160;AZUL TANZANIA METALIZADO;37:13.5;37:13.5;NULL
4016;4161;AZUL TANZANITA METALIZADO;37:13.5;37:13.5;NULL
4017;4162;AZUL TEAL METALIZADO;37:13.5;37:13.5;NULL
4018;4163;AZUL TEALLITA;37:13.5;37:13.5;NULL
4019;4164;AZUL TECNO MET;37:13.5;37:13.5;NULL
4020;4165;AZUL TERCIOPELO;37:13.5;37:13.5;NULL
4021;4166;AZUL TIANJIN METALIZADO;37:13.5;37:13.5;NULL
4022;4167;AZUL TIAJIIN;37:13.6;37:13.6;NULL
4023;4168;AZUL TIANJAN;37:13.6;37:13.6;NULL
4024;4169;AZUL TIANJIN METALICO;37:13.6;37:13.6;NULL
4025;4170;AZUL TIANJYIN;37:13.6;37:13.6;NULL
4026;4171;AZUL TIEFSEE METALIZADO;37:13.6;37:13.6;NULL
4027;4172;AZUL TOCANTINS;37:13.6;37:13.6;NULL
4028;4173;AZUL TOLEDO METALIZADO;37:13.6;37:13.6;NULL
4029;4174;AZUL TORNASOL;37:13.6;37:13.6;NULL
4030;4175;AZUL TOUAREG;37:13.6;37:13.6;NULL
4031;4176;AZUL TOURE;37:13.6;37:13.6;NULL
4032;4177;AZUL TOVAREG;37:13.6;37:13.6;NULL
4033;4178;AZUL TURQUESA BEIGE;37:13.6;37:13.6;NULL
4034;4179;AZUL TURQUESA BLANCO NEGRO;37:13.6;37:13.6;NULL
4035;4180;AZUL TURQUESA CREMA;37:13.6;37:13.6;NULL
4036;4181;AZUL TURQUESA MARFIL;37:13.6;37:13.6;NULL
4037;4182;AZUL TURQUESA NEGRO;37:13.6;37:13.6;NULL
4038;4183;AZUL TURQUIA;37:13.6;37:13.6;NULL
4039;4184;AZUL TURQUI MARFIL;37:13.6;37:13.6;NULL
4040;4185;AZUL ULTRAMAR;37:13.6;37:13.6;NULL
4041;4186;AZUL ULTRAMARIN;37:13.7;37:13.7;NULL
4042;4187;AZUL UNIVERSO NEGRO METALIZADO;37:13.7;37:13.7;NULL
4043;4188;AZUL UVA;37:13.7;37:13.7;NULL
4044;4189;AZUL VANDIKE METALIZADO;37:13.7;37:13.7;NULL
4045;4190;AZUL VENECIANO;37:13.7;37:13.7;NULL
4046;4191;AZUL VERDOSO AMARILLO;37:13.7;37:13.7;NULL
4047;4192;AZUL VERDOSO PLATA CENIZA;37:13.7;37:13.7;NULL
4048;4193;AZUL VERDOSO PLATA SIERRA;37:13.7;37:13.7;NULL
4049;4194;AZUL VERILIO STRATO PLATA;37:13.7;37:13.7;NULL
4050;4195;AZUL VERRY METALIZADO;37:13.7;37:13.7;NULL
4051;4196;AZUL VINILO;37:13.7;37:13.7;NULL
4052;4197;AZUL VINILO BLANCO;37:13.7;37:13.7;NULL
4053;4198;AZUL VINILO BLANCO CREMA;37:13.7;37:13.7;NULL
4054;4199;AZUL VITALITY METALIZADO;37:13.7;37:13.7;NULL
4055;4200;AZUL Y STRATO PERLA;37:13.7;37:13.7;NULL
4056;4201;AZUL ZAFIRO METALIZADO BLANCO;37:13.7;37:13.7;NULL
4057;4202;AZUL ZAFIRO OSCURO METALIZADO BLANCO SOL;37:13.8;37:13.8;NULL
4058;4203;AZUL ZAFIRO BLANCO;37:13.8;37:13.8;NULL
4059;4204;AZUL ZAFIRO PLATA METALIZADO;37:13.8;37:13.8;NULL
4060;4205;AZUL AMARILLO NEGRO;37:13.8;37:13.8;NULL
4061;4206;AZUL AMARILLO NEGRO MORADO;37:13.8;37:13.8;NULL
4062;4207;AZUL AMARILLO PLATEADO;37:13.8;37:13.8;NULL
4063;4208;AZUL AZUL BLANCO AMARILLO NEGRO AZUL;37:13.8;37:13.8;NULL
4064;4209;AZUL AZUL VERDE NEGRO;37:13.8;37:13.8;NULL
4065;4210;AZUL BLANCO CREMA METALIZADO;37:13.8;37:13.8;NULL
4066;4211;AZUL BLANCO HUESO METALIZADO;37:13.8;37:13.8;NULL
4067;4212;AZUL BLANCO BEIGE;37:13.8;37:13.8;NULL
4068;4213;AZUL BLANCO CROMADO;37:13.8;37:13.8;NULL
4069;4214;AZUL CELESTE METALICO;37:13.8;37:13.8;NULL
4070;4215;AZUL CREMA AMARILLO NEGRO;37:13.8;37:13.8;NULL
4071;4216;AZUL CREMA BLANCO;37:13.8;37:13.8;NULL
4072;4217;AZUL ITAJAI METALIZADO;37:13.8;37:13.8;NULL
4073;4218;AZUL ROSADO FUCSIA;37:13.9;37:13.9;NULL
4074;4219;AZUL VERDE ANARANJADO BLANCO;37:13.9;37:13.9;NULL
4075;4220;AZUL VINO TINTO;37:13.9;37:13.9;NULL
4076;4221;AZUL AMARILLO ROJO BLANCO;37:13.9;37:13.9;NULL
4077;4222;AZUL ARRECIFE METAL;37:13.9;37:13.9;NULL
4078;4223;AZUL BEIGE GRIS ROJO;37:13.9;37:13.9;NULL
4079;4224;AZUL BEIGE ROJO VERDE;37:13.9;37:13.9;NULL
4080;4225;AZUL BLANCO SEVRES;37:13.9;37:13.9;NULL
4081;4226;AZUL BLANCO AMARILLO ROJO;37:13.9;37:13.9;NULL
4082;4228;AZUL BLANCO CREMA NEGRO ROJO;37:13.9;37:13.9;NULL
4083;4229;AZUL BLANCO CREMA NEGRO ROJO VERDE;37:13.9;37:13.9;NULL
4084;4230;AZUL BLANCO CREMA ROJO;37:13.9;37:13.9;NULL
4085;4231;AZUL BLANCO DORADO;37:13.9;37:13.9;NULL
4086;4232;AZUL BLANCO DORADO GRIS;37:13.9;37:13.9;NULL
4087;4233;AZUL BLANCO FRANJAS ROJAS;37:13.9;37:13.9;NULL
4088;4234;AZUL BLANCO GRIS NEGRO ROJO VERDE;37:13.9;37:13.9;NULL
4089;4235;AZUL BLANCO GRIS ROJO;37:13.9;37:13.9;NULL
4090;4236;AZUL BLANCO HUESO;37:13.9;37:13.9;NULL
4091;4237;AZUL BLANCO MARRON ROJO;37:14.0;37:14.0;NULL
4092;4238;AZUL BLANCO MORADO;37:14.0;37:14.0;NULL
4093;4239;AZUL BLANCO MORADO ROJO;37:14.0;37:14.0;NULL
4094;4240;AZUL BLANCO NARANJA NEGRO ROJO;37:14.0;37:14.0;NULL
4095;4241;AZUL BLANCO NARANJA ROJO;37:14.0;37:14.0;NULL
4096;4242;AZUL BLANCO NARANJA VERDE;37:14.0;37:14.0;NULL
4097;4243;AZUL BLANCO NEGRO ROJO;37:14.0;37:14.0;NULL
4098;4244;AZUL BLANCO PLATA ROJO;37:14.0;37:14.0;NULL
5604;5834;GRIS OCRE;50:19.5;50:19.5;NULL
4099;4245;AZUL BLANCO ROJO VERDE;37:14.0;37:14.0;NULL
4100;4246;AZUL BLANCO ROJO ZANAHORIA;37:14.0;37:14.0;NULL
4101;4247;AZUL BLANCO ROSADO;37:14.0;37:14.0;NULL
4102;4248;AZUL BLANCO TOMATE;37:14.0;37:14.0;NULL
4103;4249;AZUL BLANCO VERDE AMARILLO;37:14.0;37:14.0;NULL
4104;4250;AZUL BLANCO ZANAHORIA;37:14.0;37:14.0;NULL
4105;4251;AZUL BONSAI;37:14.0;37:14.0;NULL
4106;4252;AZUL BRAVO;37:14.1;37:14.1;NULL
4107;4253;AZUL CARMESI;37:14.1;37:14.1;NULL
4108;4255;AZUL CREMA NEGRO ROJO VERDE;37:14.1;37:14.1;NULL
4109;4256;AZUL CREMA ROJO SALMON;37:14.1;37:14.1;NULL
4110;4257;AZUL CREMA ROJO VERDE;37:14.1;37:14.1;NULL
4111;4258;AZUL CREMA VERDE;37:14.1;37:14.1;NULL
4112;4259;AZUL CROMADO BLANCO;37:14.1;37:14.1;NULL
4113;4260;AZUL DIDI;37:14.1;37:14.1;NULL
4114;4261;AZUL DORADO NARANJA NEGRO;37:14.1;37:14.1;NULL
4115;4262;AZUL DORADO ROJO;37:14.1;37:14.1;NULL
4116;4263;AZUL ESTRATO;37:14.1;37:14.1;NULL
4117;4265;AZUL GRIS CARBON;37:14.2;37:14.2;NULL
4118;4266;AZUL GRIS ROJO VERDE;37:14.2;37:14.2;NULL
4119;4268;AZUL ITAJAI BLAZE;37:14.2;37:14.2;NULL
4120;4270;AZUL ITALIAN SILVER;37:14.2;37:14.2;NULL
4121;4271;AZUL ITAPARICA;37:14.2;37:14.2;NULL
4122;4272;AZUL JOY;37:14.2;37:14.2;NULL
4123;4273;AZUL LIDER;37:14.2;37:14.2;NULL
4124;4274;AZUL MARBELLE;37:14.2;37:14.2;NULL
4125;4275;AZUL MARFIL ROJO VERDE;37:14.2;37:14.2;NULL
4126;4276;AZUL MARRON GRIS METALIZADO;37:14.2;37:14.2;NULL
4127;4277;AZUL NABU;37:14.2;37:14.2;NULL
4128;4279;AZUL OTONAL;37:14.2;37:14.2;NULL
4129;4280;AZUL PROVENTE;37:14.2;37:14.2;NULL
4130;4281;AZUL ROJO DORADO;37:14.3;37:14.3;NULL
4131;4282;AZUL SAFIRO;37:14.3;37:14.3;NULL
4132;4283;AZUL SAIRA;37:14.3;37:14.3;NULL
4133;4284;AZUL SALMON;37:14.3;37:14.3;NULL
4134;4285;AZUL STRATO;37:14.3;37:14.3;NULL
4135;4286;AZUL VIBRANTE;37:14.3;37:14.3;NULL
4137;4289;AZUL AMARILLO GRIS ROJO;37:14.3;37:14.3;NULL
4138;4290;AZUL BEIGE ROJO METALIZADO;37:14.3;37:14.3;NULL
4139;4291;AZUL BEIGE ROJO VERDE JADE;37:14.3;37:14.3;NULL
4140;4292;AZUL BLANCO CALMA;37:14.3;37:14.3;NULL
4141;4293;AZUL BLANCO CORAL MARRON METALIZADO;37:14.3;37:14.3;NULL
4142;4294;AZUL BLANCO DE SEVRES;37:14.4;37:14.4;NULL
4143;4296;AZUL BLANCO MALHER METALIZADO;37:14.4;37:14.4;NULL
4144;4297;AZUL BLANCO NIEVE;37:14.4;37:14.4;NULL
4145;4298;AZUL BLANCO NOBLE;37:14.4;37:14.4;NULL
4146;4299;AZUL BLANCO ORION;37:14.4;37:14.4;NULL
4147;4300;AZUL BLANCO PERLA;37:14.4;37:14.4;NULL
4148;4301;AZUL BLANCO PLATA;37:14.4;37:14.4;NULL
4149;4302;AZUL BLANCO PLATEADO;37:14.4;37:14.4;NULL
4150;4303;AZUL BLANCO POLAR;37:14.4;37:14.4;NULL
4151;4304;AZUL BLANCO POLICROMADO;37:14.4;37:14.4;NULL
4152;4305;AZUL BLANCO SAL;37:14.4;37:14.4;NULL
4153;4306;AZUL BLANCO SOLIDO;37:14.4;37:14.4;NULL
4154;4307;AZUL BLANCO CAFE;37:14.4;37:14.4;NULL
4155;4309;AZUL BLANCO CREMA VINILO;37:14.4;37:14.4;NULL
4156;4311;AZUL BLANCO CREMA ROJO VERDE;37:14.4;37:14.4;NULL
4157;4312;AZUL BLANCO CREMA VERDE;37:14.5;37:14.5;NULL
4158;4314;AZUL BLANCO GRIS;37:14.5;37:14.5;NULL
4159;4315;AZUL BLANCO GRIS PLATA;37:14.5;37:14.5;NULL
4160;4317;AZUL BLANCO MARFIL ROJO;37:14.5;37:14.5;NULL
4161;4318;AZUL BLANCO MARRON;37:14.5;37:14.5;NULL
4162;4324;AZUL BLANCO NIQUEL;37:14.5;37:14.5;NULL
4163;4325;AZUL BLANCO NIQUEL ROJO;37:14.5;37:14.5;NULL
4164;4327;AZUL BLANCO PLATEADO ROJO;37:14.5;37:14.5;NULL
4165;4329;AZUL BLANCO ROJO VERDE JADE;37:14.5;37:14.5;NULL
4166;4330;AZUL BLANCO VERDE JADE;37:14.5;37:14.5;NULL
4167;4331;AZUL CREMA DORADO;37:14.5;37:14.5;NULL
4168;4332;AZUL CREMA FUCCIA VERDE JADE;37:14.5;37:14.5;NULL
4169;4333;AZUL CREMA FUCSIA;37:14.5;37:14.5;NULL
4170;4334;AZUL CREMA FUCSIA VERDE JADE;37:14.5;37:14.5;NULL
4171;4335;AZUL CREMA GRIS;37:14.5;37:14.5;NULL
4172;4336;AZUL CREMA MARFIL;37:14.5;37:14.5;NULL
4173;4337;AZUL CREMA NARANJA VERDE JADE;37:14.5;37:14.5;NULL
4174;4338;AZUL CREMA NEGRO;37:14.5;37:14.5;NULL
4175;4339;AZUL CREMA ORO;37:14.5;37:14.5;NULL
4176;4341;AZUL CREMA ROJO VERDE JADE;37:14.5;37:14.5;NULL
4177;4343;AZUL CREMA VERDE JADE;37:14.5;37:14.5;NULL
4178;4344;AZUL FUCCIA MARFIL;37:14.6;37:14.6;NULL
4179;4345;AZUL FUCCIA MARFIL VERDE;37:14.6;37:14.6;NULL
4180;4346;AZUL FUCCIA MARFIL VERDE JADE;37:14.6;37:14.6;NULL
4181;4347;AZUL FUCSIA MARFIL;37:14.6;37:14.6;NULL
4182;4348;AZUL FUCSIA MARFIL VERDE JADE;37:14.6;37:14.6;NULL
4183;4349;AZUL GRIS ASTRAL;37:14.6;37:14.6;NULL
4184;4350;AZUL GRIS BRUMA PLATA METALZIADO;37:14.6;37:14.6;NULL
4185;4351;AZUL GRIS OSCURO PLATA;37:14.6;37:14.6;NULL
4186;4352;AZUL GRIS PERLADO;37:14.6;37:14.6;NULL
4187;4353;AZUL GRIS PERLECENTE;37:14.6;37:14.6;NULL
4188;4355;AZUL GRIS PLATINO;37:14.6;37:14.6;NULL
4189;4356;AZUL GRIS MICA;37:14.6;37:14.6;NULL
4190;4357;AZUL GRIS NARANJA;37:14.6;37:14.6;NULL
4191;4358;AZUL GRIS NEGRO;37:14.6;37:14.6;NULL
4192;4360;AZUL GRIS ROJO VERDE JADE;37:14.6;37:14.6;NULL
4193;4361;AZUL GRIS VERDE;37:14.6;37:14.6;NULL
4194;4362;AZUL GUAYABA;37:14.6;37:14.6;NULL
4195;4363;AZUL HABANO MARFIL;37:14.6;37:14.6;NULL
4196;4364;AZUL HABANO VERDE;37:14.6;37:14.6;NULL
4197;4365;AZUL INDIGO VIOLETA;37:14.7;37:14.7;NULL
4198;4367;AZUL KAKI METALIZADA;37:14.7;37:14.7;NULL
4199;4368;AZUL LILA NEGRO ROJO;37:14.7;37:14.7;NULL
4200;4369;AZUL MARFIL ALUMINIO;37:14.7;37:14.7;NULL
4201;4370;AZUL MARFIL FUCCIA VERDE JADE;37:14.7;37:14.7;NULL
4202;4371;AZUL MARFIL PLATA;37:14.7;37:14.7;NULL
4203;4373;AZUL MARFIL ROJO VERDE JADE;37:14.7;37:14.7;NULL
4204;4374;AZUL MARFIL VERDE;37:14.7;37:14.7;NULL
4205;4375;AZUL MARFIL VERDE JADE;37:14.7;37:14.7;NULL
4206;4376;AZUL MARRON;37:14.7;37:14.7;NULL
4207;4377;AZUL MARRON NARANJA PLATEADO;37:14.7;37:14.7;NULL
4208;4378;AZUL MICADO ZAFIRO MET;37:14.7;37:14.7;NULL
4209;4379;AZUL MORADO;37:14.7;37:14.7;NULL
4210;4380;AZUL MORADO OSCURO;37:14.7;37:14.7;NULL
4211;4381;AZUL NACAR;37:14.7;37:14.7;NULL
4212;4382;AZUL NARANJA NEGRO;37:14.7;37:14.7;NULL
4213;4383;AZUL NARANJA NEGRO ROJO;37:14.7;37:14.7;NULL
4214;4384;AZUL NARANJA VERDE;37:14.7;37:14.7;NULL
4215;4385;AZUL NEGRO GRIS BLANCO;37:14.8;37:14.8;NULL
4216;4386;AZUL NEGRO PLATEADO ROJO;37:14.8;37:14.8;NULL
4217;4387;AZUL NEGRO ROJO;37:14.8;37:14.8;NULL
4218;4388;AZUL ORO;37:14.8;37:14.8;NULL
4219;4389;AZUL PLATA NIQUEL;37:14.8;37:14.8;NULL
4220;4390;AZUL PLATA VERDE JADE;37:14.8;37:14.8;NULL
4221;4391;AZUL PLATA ROJO VERDE;37:14.8;37:14.8;NULL
4222;4392;AZUL PLATA ROJO VERDE JADE;37:14.8;37:14.8;NULL
4223;4393;AZUL PLATA TRIGO;37:14.8;37:14.8;NULL
4224;4394;AZUL PLATEADO ROJO VERDE;37:14.8;37:14.8;NULL
4225;4395;AZUL PLATA ROJO VERDE JADE METALIZADO;37:14.8;37:14.8;NULL
4226;4396;AZUL ROJO PLATA;37:14.8;37:14.8;NULL
4227;4397;AZUL ROJO PLATEADO;37:14.8;37:14.8;NULL
4228;4398;AZUL ROJO PLATEADO VERDE;37:14.8;37:14.8;NULL
4229;4399;AZUL ROJO PLATEADO VERDE JADE;37:14.9;37:14.9;NULL
4230;4400;AZUL ROJO PLATA VERDE JADE;37:14.9;37:14.9;NULL
4231;4401;AZUL ROJO VERDE JADE;37:14.9;37:14.9;NULL
4232;4402;AZUL STRATO PLATA;37:14.9;37:14.9;NULL
4233;4403;AZUL VERDE ANDINO;37:14.9;37:14.9;NULL
4234;4404;AZUL VERDE JADE;37:14.9;37:14.9;NULL
4235;4405;AZURITA;37:14.9;37:14.9;NULL
4236;4406;AZURITA MET;37:14.9;37:14.9;NULL
4237;4407;AZURITE BLACK METALIZADO;37:14.9;37:14.9;NULL
4238;4408;BALTIC BLUE;37:14.9;37:14.9;NULL
4239;4409;BAMBOO;37:14.9;37:14.9;NULL
4240;4410;BAMBU METALIZADO;37:14.9;37:14.9;NULL
4241;4411;BARNIZ METALIZADO;37:14.9;37:14.9;NULL
4242;4412;BASE;37:14.9;37:14.9;NULL
4243;4413;BASE AZUL OSCURO;37:14.9;37:14.9;NULL
4244;4414;BASE BEIGE;37:14.9;37:14.9;NULL
4245;4415;BASE MARRON TIERRA;37:15.0;37:15.0;NULL
4246;4416;BASE ROJO METALIZADO GRIS;37:15.0;37:15.0;NULL
4247;4417;BEIGE CIMARRON;37:15.0;37:15.0;NULL
4248;4418;BEIGE NARANJA METALIZADO;37:15.0;37:15.0;NULL
4249;4419;BEIGE NARANJA PERLADO;37:15.0;37:15.0;NULL
4250;4420;BEIGE ALABASTRO CAFE;37:15.0;37:15.0;NULL
4251;4421;BEIGE ALABASTRO TABACO;37:15.0;37:15.0;NULL
4252;4422;BEIGE ALABASTRO VERDE;37:15.0;37:15.0;NULL
4253;4423;BEIGE ALMENDRA METALIZADO;37:15.0;37:15.0;NULL
4254;4424;BEIGE ANGOLA;37:15.0;37:15.0;NULL
4255;4425;BEIGE ANTILOPE;37:15.0;37:15.0;NULL
4256;4426;BEIGE ARENA METALIZADO ROJO;37:15.1;37:15.1;NULL
4257;4427;BEIGE ARENA AZUL BEIGE ARENA;37:15.1;37:15.1;NULL
4258;4428;BEIGE ARENA CREMA;37:15.1;37:15.1;NULL
4259;4429;BEIGE AZUCAR;37:15.1;37:15.1;NULL
4260;4430;BEIGE CALMA CREMA;37:15.1;37:15.1;NULL
4261;4431;BEIGE CAMAGUE;37:15.1;37:15.1;NULL
4262;4432;BEIGE CAMARGUE BLANCO;37:15.1;37:15.1;NULL
4263;4433;BEIGE CAMEL VERDE AGUA;37:15.1;37:15.1;NULL
4264;4434;BEIGE CAMEL VERDE MICA;37:15.2;37:15.2;NULL
4265;4435;BEIGE CAMEL VINOTINTO;37:15.2;37:15.2;NULL
4266;4436;BEIGE CAMERGE;37:15.2;37:15.2;NULL
4267;4437;BEIGE CANCARA;37:15.2;37:15.2;NULL
4268;4438;BEIGE CANELA;37:15.2;37:15.2;NULL
4269;4439;BEIGE CANVAS;37:15.2;37:15.2;NULL
4270;4440;BEIGE CANVAS METALIZADO;37:15.2;37:15.2;NULL
4271;4441;BEIGE CAPPUCHINO NEGRO;37:15.2;37:15.2;NULL
4272;4442;BEIGE CARRARA GRIS XERUX;37:15.2;37:15.2;NULL
4273;4443;BEIGE CARTAGO METALIZADO;37:15.2;37:15.2;NULL
4274;4444;BEIGE CENIZA;37:15.3;37:15.3;NULL
4275;4445;BEIGE CEREZA;37:15.3;37:15.3;NULL
4276;4446;BEIGE CHAMPAÑA BLANCO;37:15.3;37:15.3;NULL
4277;4447;BEIGE CHAMPAÑA VERDE INGLES;37:15.3;37:15.3;NULL
4278;4448;BEIGE CLARO METALIZADO VINITINTO;37:15.3;37:15.3;NULL
4279;4449;BEIGE CLARO NEGRO;37:15.3;37:15.3;NULL
4280;4450;BEIGE CLARO ROJO;37:15.3;37:15.3;NULL
4281;4451;BEIGE CLARO VERDE;37:15.3;37:15.3;NULL
4282;4452;BEIGE COLORADO;37:15.3;37:15.3;NULL
4283;4453;BEIGE COSECHA;37:15.3;37:15.3;NULL
4284;4454;BEIGE CROMADO;37:15.3;37:15.3;NULL
4285;4455;BEIGE CROMADO TERRACOTA;37:15.3;37:15.3;NULL
4286;4456;BEIGE DAKAR;37:15.4;37:15.4;NULL
4287;4457;BEIGE DAKER;37:15.4;37:15.4;NULL
4288;4458;BEIGE DESIERTO;37:15.4;37:15.4;NULL
4289;4459;BEIGE DIMESTONE;37:15.4;37:15.4;NULL
4290;4460;BEIGE DORADO GRIS OSCURO;37:15.4;37:15.4;NULL
4291;4461;BEIGE DUNA BLANCO;37:15.4;37:15.4;NULL
4292;4462;BEIGE GRECO METALIZADO;37:15.4;37:15.4;NULL
4293;4463;BEIGE HABANO;37:15.4;37:15.4;NULL
4294;4464;BEIGE IPANEMA BLANCO;37:15.4;37:15.4;NULL
4295;4465;BEIGE JAMAICA;37:15.4;37:15.4;NULL
4296;4466;BEIGE JAMAICA BLANCO;37:15.4;37:15.4;NULL
4297;4467;BEIGE JARAMA METALIZADO;37:15.4;37:15.4;NULL
4298;4468;BEIGE LILA;37:15.4;37:15.4;NULL
4299;4470;BEIGE LIMESTONE ROJO;37:15.5;37:15.5;NULL
4300;4471;BEIGE LIMON;37:15.5;37:15.5;NULL
4301;4472;BEIGE LOULAN;37:15.5;37:15.5;NULL
4302;4474;BEIGE LUNA METALIZADO;37:15.5;37:15.5;NULL
4303;4475;BEIGE MAHLER;37:15.5;37:15.5;NULL
4304;4476;BEIGE MARFIL BLANCO;37:15.5;37:15.5;NULL
4305;4477;BEIGE MARRION;37:15.5;37:15.5;NULL
4306;4478;BEIGE MARRUECOS BLANCO;37:15.5;37:15.5;NULL
4307;4479;BEIGE MAYERLING;37:15.5;37:15.5;NULL
4308;4480;BEIGE METALIZADO POLICROMADO;37:15.5;37:15.5;NULL
4309;4481;BEIGE METALIZADO VERDE TIMBER;37:15.5;37:15.5;NULL
4310;4482;BEIGE METALIZADO ROJO CEMERUCA;37:15.5;37:15.5;NULL
4311;4483;BEIGE METALIZADO ROJO VINOTINTO;37:15.5;37:15.5;NULL
4312;4484;BEIGE METALIZADO VERDE;37:15.5;37:15.5;NULL
4313;4485;BEIGE METALIZADO VERDE OZARK;37:15.5;37:15.5;NULL
4314;4486;BEIGE METALIZADO VERDE PERLADO MET;37:15.5;37:15.5;NULL
4315;4487;BEIGE METALIZADO VINOTINTO;37:15.5;37:15.5;NULL
4316;4488;BEIGE MEXICO;37:15.6;37:15.6;NULL
4317;4489;BEIGE MOCHA;37:15.6;37:15.6;NULL
4318;4490;BEIGE NAIROBI VERDE BELIZE;37:15.6;37:15.6;NULL
4319;4491;BEIGE NIEBLA;37:15.6;37:15.6;NULL
4320;4492;BEIGE OASIS ROJO VERONA;37:15.6;37:15.6;NULL
4321;4493;BEIGE OSAKA VERDE OSCURO;37:15.6;37:15.6;NULL
4322;4494;BEIGE PANEMA;37:15.6;37:15.6;NULL
4323;4495;BEIGE PARTHENON;37:15.6;37:15.6;NULL
4324;4496;BEIGE PASTEL;37:15.6;37:15.6;NULL
4325;4497;BEIGE PERLADO;37:15.6;37:15.6;NULL
4326;4498;BEIGE PERLADO METALIZADO;37:15.6;37:15.6;NULL
4327;4499;BEIGE PERLA MARRON SIENA;37:15.6;37:15.6;NULL
4328;4500;BEIGE PERLA NEGRO SOLIDO;37:15.7;37:15.7;NULL
4329;4501;BEIGE PERLA ROJO BRILLANTE METALIZADO;37:15.7;37:15.7;NULL
4330;4502;BEIGE PLATEADO;37:15.7;37:15.7;NULL
4331;4503;BEIGE PLATEADO MICA;37:15.7;37:15.7;NULL
4332;4504;BEIGE PLATEADO VERDE;37:15.7;37:15.7;NULL
4333;4505;BEIGE PLATINADO;37:15.7;37:15.7;NULL
4334;4506;BEIGE PLAYA;37:15.7;37:15.7;NULL
4335;4507;BEIGE POLICROMADO;37:15.7;37:15.7;NULL
4336;4508;BEIGE POLICROMADO GRIS;37:15.7;37:15.7;NULL
4337;4509;BEIGE POLYCROMADO;37:15.7;37:15.7;NULL
4338;4510;BEIGE PREMIER;37:15.7;37:15.7;NULL
4339;4511;BEIGE ROJO BRILLANTE;37:15.7;37:15.7;NULL
4340;4512;BEIGE SABANA;37:15.7;37:15.7;NULL
4341;4513;BEIGE SAFARI;37:15.7;37:15.7;NULL
4342;4514;BEIGE SAHARA BLANCO;37:15.7;37:15.7;NULL
4343;4515;BEIGE SAHARA HABANO;37:15.7;37:15.7;NULL
4344;4516;BEIGE SAHARA MARFIL;37:15.8;37:15.8;NULL
4345;4517;BEIGE SAMARA;37:15.8;37:15.8;NULL
4346;4518;BEIGE SANIDINA METALIZADO;37:15.8;37:15.8;NULL
4347;4519;BEIGE SATINADO;37:15.8;37:15.8;NULL
4348;4520;BEIGE SCHUBERT METAL;37:15.8;37:15.8;NULL
4349;4521;BEIGE SIMZA;37:15.8;37:15.8;NULL
4350;4522;BEIGE SINZA;37:15.8;37:15.8;NULL
4351;4523;BEIGE TABACO;37:15.8;37:15.8;NULL
4352;4524;BEIGE TERRACOTA;37:15.8;37:15.8;NULL
4353;4525;BEIGE TRAVERTIN;37:15.8;37:15.8;NULL
4354;4526;BEIGE TRAVERTINO;37:15.8;37:15.8;NULL
4355;4527;BEIGE TRAVERTINO METALIZADO;37:15.8;37:15.8;NULL
4356;4528;BEIGE TWEINKLE;37:15.8;37:15.8;NULL
4357;4529;BEIGE TWINGLE;37:15.8;37:15.8;NULL
4358;4530;BEIGE VERDE CAMUFLADO;37:15.8;37:15.8;NULL
4359;4531;BEIGE VERSAILLES;37:15.9;37:15.9;NULL
4360;4532;BEIGE VERSAILLES METALIZADO;37:15.9;37:15.9;NULL
4361;4533;BEIGE VILA METALIZADO;37:15.9;37:15.9;NULL
4362;4534;BEIGE VILA VELMA;37:15.9;37:15.9;NULL
4363;4535;BEIGE VINO;37:15.9;37:15.9;NULL
4364;4536;BEIGE ZAPOTE;37:15.9;37:15.9;NULL
4365;4537;BEIGE AMARILLO AZUL OSCURO NEGRO;37:15.9;37:15.9;NULL
4366;4538;BEIGE AZUL ZAFIRO;37:15.9;37:15.9;NULL
4367;4539;BEIGE AZUL BLANCO ROJO AMARILLO VERDE;37:15.9;37:15.9;NULL
4368;4540;BEIGE BLANCO AZUL;37:15.9;37:15.9;NULL
4369;4541;BEIGE BLANCO AZUL CREMA;37:15.9;37:15.9;NULL
4370;4542;BEIGE BLANCO NEGRO;37:15.9;37:15.9;NULL
4371;4543;BEIGE GRECO METALIZADO CREMA;37:15.9;37:15.9;NULL
4372;4544;BEIGE BLANCO DORADO VERDE;37:15.9;37:15.9;NULL
4373;4545;BEIGE BLANCO METALIZADO;37:15.9;37:15.9;NULL
4374;4546;BEIGE BLANCO ROJO VERDE;37:15.9;37:15.9;NULL
4375;4547;BEIGE BLANCO VERDE;37:15.9;37:15.9;NULL
4376;4548;BEIGE CAMARGUE;37:16.0;37:16.0;NULL
4377;4549;BEIGE CAMELIA;37:16.0;37:16.0;NULL
4378;4550;BEIGE CREMA DORADO VERDE;37:16.0;37:16.0;NULL
4379;4551;BEIGE DORADO ROJO;37:16.0;37:16.0;NULL
4380;4552;BEIGE FRASER HABANO;37:16.0;37:16.0;NULL
4381;4553;BEIGE GOLDEN;37:16.0;37:16.0;NULL
4382;4556;BEIGE MARFIL VERDE;37:16.0;37:16.0;NULL
4383;4557;BEIGE NARANJA ROJO;37:16.0;37:16.0;NULL
4384;4558;BEIGE NEGRO ROJO;37:16.0;37:16.0;NULL
4385;4559;BEIGE OCRE;37:16.0;37:16.0;NULL
4386;4561;BEIGE ROJO SALMON;37:16.0;37:16.0;NULL
4387;4562;BEIGE ROJO VERDE;37:16.0;37:16.0;NULL
4388;4563;BEIGE SILVER;37:16.0;37:16.0;NULL
4389;4564;BEIGE VERDE;37:16.0;37:16.0;NULL
4390;4565;BEIGE ARENA CAFE METALIZADO;37:16.0;37:16.0;NULL
4391;4566;BEIGE BLANCO MARFIL;37:16.0;37:16.0;NULL
4392;4567;BEIGE BRONCE;37:16.1;37:16.1;NULL
4393;4568;BEIGE BRONZIT;37:16.1;37:16.1;NULL
4394;4569;BEIGE CACHEMIR METALIZADO;37:16.1;37:16.1;NULL
4395;4570;BEIGE CAFE MARFIL;37:16.1;37:16.1;NULL
4396;4571;BEIGE CAFE NEGRO;37:16.1;37:16.1;NULL
4397;4572;BEIGE CAFE ROJO;37:16.1;37:16.1;NULL
4398;4573;BEIGE CARMELITO;37:16.1;37:16.1;NULL
4399;4574;BEIGE CENIZA METALIZADO;37:16.1;37:16.1;NULL
4400;4575;BEIGE CHOCOLATE;37:16.1;37:16.1;NULL
4401;4576;BEIGE COBRE ENCENDIDO;37:16.1;37:16.1;NULL
4402;4577;BEIGE DORADO VERDE;37:16.1;37:16.1;NULL
4403;4578;BEIGE FRESA;37:16.1;37:16.1;NULL
4404;4579;BEIGE GRIS PURPURA;37:16.1;37:16.1;NULL
4405;4581;BEIGEL HAZEL;37:16.2;37:16.2;NULL
4406;4582;BEIGE LADRILLO;37:16.2;37:16.2;NULL
4407;4583;BEIGE MANDARINA;37:16.2;37:16.2;NULL
4408;4584;BEIGE MARRON PARDILLO;37:16.2;37:16.2;NULL
4409;4585;BEIGE MARRON ROJO;37:16.2;37:16.2;NULL
4410;4586;BEIGE MOSS;37:16.2;37:16.2;NULL
4411;4587;BEIGE NARANJA;37:16.2;37:16.2;NULL
4412;4589;BEIGE NEGRO ROJO VERDE JADE;37:16.2;37:16.2;NULL
4413;4591;BEIGE OLIVA;37:16.3;37:16.3;NULL
4414;4592;BEIGE ORO SINU;37:16.3;37:16.3;NULL
4415;4593;BEIGE PLATA;37:16.3;37:16.3;NULL
4416;4594;BEIGE PLATA METALIZADO;37:16.3;37:16.3;NULL
4417;4596;BEIGE ROJO BERMELLON;37:16.3;37:16.3;NULL
4418;4597;BEIGE ROJO BORDEAUX;37:16.3;37:16.3;NULL
4419;4598;BEIGE ROJO CEREZA;37:16.3;37:16.3;NULL
4420;4599;BEIGE ROJO DINAMO;37:16.3;37:16.3;NULL
4421;4600;BEIGE ROJO FUEGO;37:16.4;37:16.4;NULL
4422;4601;BEIGE ROJO LLAMA;37:16.4;37:16.4;NULL
4423;4602;BEIGE ROJO OSCURO;37:16.4;37:16.4;NULL
4424;4603;BEIGE ROJO PALMA;37:16.4;37:16.4;NULL
4425;4604;BEIGE ROJO PERLADO;37:16.4;37:16.4;NULL
4426;4605;BEIGE ROJO PURO;37:16.4;37:16.4;NULL
4427;4606;BEIGE ROJO ROANNE;37:16.4;37:16.4;NULL
4428;4607;BEIGE ROJO TEXAS;37:16.4;37:16.4;NULL
4429;4608;BEIGE ROJO VINO;37:16.4;37:16.4;NULL
4430;4609;BEIGE ROJO VULCANO;37:16.4;37:16.4;NULL
4431;4611;BEIGE ROJO VINO TINTO;37:16.4;37:16.4;NULL
4432;4612;BEIGE SUDAN METALIZADO;37:16.4;37:16.4;NULL
4433;4613;BEIGE UVA;37:16.4;37:16.4;NULL
4434;4615;BEIGE VERDE AGUA MARINA;37:16.5;37:16.5;NULL
4435;4616;BEIGE VERDE ALAMOANA;37:16.5;37:16.5;NULL
4436;4617;BEIGE VERDE AZUL;37:16.5;37:16.5;NULL
4437;4618;BEIGE VERDE BELGA;37:16.5;37:16.5;NULL
4438;4619;BEIGE VERDE CLARO;37:16.5;37:16.5;NULL
4439;4620;BEIGE VERDE ESMERALDA;37:16.5;37:16.5;NULL
4440;4621;BEIGE VERDE GRISASEO;37:16.5;37:16.5;NULL
4441;4622;BEIGE VERDE MARINO;37:16.5;37:16.5;NULL
4442;4623;BEIGE VERDE METALIZADO;37:16.5;37:16.5;NULL
4443;4624;BEIGE VERDE MILITAR;37:16.5;37:16.5;NULL
4444;4625;BEIGE VERDE OSCURO;37:16.5;37:16.5;NULL
4445;4626;BEIGE VERDE SELVA;37:16.5;37:16.5;NULL
4446;4627;BEIGE VINOTINTO;37:16.6;37:16.6;NULL
4447;4628;BEIGE VINOTINTO METALIZADO;37:16.6;37:16.6;NULL
4448;4629;BERMELLON MARFIL;37:16.6;37:16.6;NULL
4449;4630;BERMELLON BLANCO;37:16.6;37:16.6;NULL
4450;4631;BERMELLON GRIS;37:16.6;37:16.6;NULL
4451;4632;BERMELLON NEGRO;37:16.6;37:16.6;NULL
4452;4633;BLANCO AZUL ALUMINIO;37:16.6;37:16.6;NULL
4453;4634;BLANCO CHOCOLATE NARANJA;37:16.6;37:16.6;NULL
4454;4635;BLANCO FRANJA VERDE AZUL NARANJA METALIZADO;37:16.6;37:16.6;NULL
4455;4636;BLANCO FRANJA VERDE AZUL NARANJA METALICO;37:16.6;37:16.6;NULL
4456;4637;BLANCO MORADO NARANJA;37:16.6;37:16.6;NULL
4457;4638;BLANCO ROJO TOLEDANO;37:16.6;37:16.6;NULL
4458;4639;BLANCO VERDE TIMBER;37:16.6;37:16.6;NULL
4459;4640;BLANCO ALMENDRA;37:16.6;37:16.6;NULL
4460;4641;BLANCO ALPINO BEIGE;37:16.6;37:16.6;NULL
4461;4642;BLANCO AMAR GRIS ROJO;37:16.6;37:16.6;NULL
4462;4643;BLANCO AMARILLO AZUL VERDE;37:16.6;37:16.6;NULL
4463;4644;BLANCO ANTARTIDA ROJO;37:16.6;37:16.6;NULL
4464;4645;BLANCO ARCO BICAPA AMARILLO;37:16.6;37:16.6;NULL
4465;4646;BLANCO ARTICO CANELA MARRON;37:16.6;37:16.6;NULL
4466;4647;BLANCO ARTICO GRIS PIEDRA;37:16.6;37:16.6;NULL
4467;4648;BLANCO ARTICO LILA;37:16.6;37:16.6;NULL
4468;4649;BLANCO ARTICO NEGRO MARINA;37:16.6;37:16.6;NULL
4469;4650;BLANCO ARTICO ROJO;37:16.6;37:16.6;NULL
4470;4651;BLANCO ARTICO ROJO VINO;37:16.7;37:16.7;NULL
4471;4652;BLANCO ARTICO VERDE;37:16.7;37:16.7;NULL
4472;4653;BLANCO ARTICO VERDE METALIZADO;37:16.7;37:16.7;NULL
4473;4654;BLANCO ARTICO VERDE MICA;37:16.7;37:16.7;NULL
4474;4655;BLANCO ARTICO VERDE SOLIDO;37:16.7;37:16.7;NULL
4475;4656;BLANCO ARTICO VINOTINTO;37:16.7;37:16.7;NULL
4476;4657;BLANCO AZUL AMARILLO ROJO METALIZADO;37:16.7;37:16.7;NULL
4477;4658;BLANCO AZUL ROJO NEGRO;37:16.7;37:16.7;NULL
4478;4659;BLANCO AZUL NIQUEL;37:16.7;37:16.7;NULL
4479;4660;BLANCO BRUMA NEGRO;37:16.7;37:16.7;NULL
4480;4661;BLANCO BUMPER NEGRO;37:16.7;37:16.7;NULL
4481;4662;BLANCO BURDEAUX;39:11.0;39:11.0;NULL
4482;4663;BLANCO CALMA BLANCO AZUL CREMA;39:11.0;39:11.0;NULL
4483;4664;BLANCO CALMA GRIS;39:11.0;39:11.0;NULL
4484;4665;BLANCO CALMA NARANJA;39:11.1;39:11.1;NULL
4485;4666;BLANCO CALMA NEGRO;39:11.1;39:11.1;NULL
4486;4667;BLANCO CALMA NEGRO ROJO;39:11.1;39:11.1;NULL
4487;4668;BLANCO CALMA ROJO;39:11.1;39:11.1;NULL
4488;4669;BLANCO CALMA VERDE;39:11.1;39:11.1;NULL
4489;4670;BLANCO CAMALEON;39:11.1;39:11.1;NULL
4490;4671;BLANCO CANDI;39:11.1;39:11.1;NULL
4491;4672;BLANCO CANDY SOLIDO;39:11.1;39:11.1;NULL
4492;4673;BLANCO CARMINE;39:11.1;39:11.1;NULL
4493;4674;BLANCO CARRARA;39:11.1;39:11.1;NULL
4494;4675;BLANCO CASABLANCA VERDE;39:11.2;39:11.2;NULL
4495;4676;BLANCO CELESTE;39:11.2;39:11.2;NULL
4496;4677;BLANCO CHAMONIX;39:11.2;39:11.2;NULL
4497;4678;BLANCO CHAMPAÑA MARFIL;39:11.2;39:11.2;NULL
4498;4679;BLANCO CHAMPAÑA MARFIL VERDE J;39:11.2;39:11.2;NULL
4499;4680;BLANCO CLARO VERDE;39:11.2;39:11.2;NULL
4500;4681;BLANCO COLONIAL;39:11.2;39:11.2;NULL
4501;4682;BLANCO CORAL NEGRO;39:11.2;39:11.2;NULL
4502;4683;BLANCO COSMIC METALIZADO;39:11.2;39:11.2;NULL
4503;4684;BLANCO CR FR ZAPOTE AMAR NEGRO;39:11.2;39:11.2;NULL
4504;4685;BLANCO CRISTAL AMARILLO;39:11.2;39:11.2;NULL
4505;4686;BLANCO CRISTAL AZUL CREMA;39:11.3;39:11.3;NULL
4506;4687;BLANCO CRISTAL ROJO BORDEUT;39:11.3;39:11.3;NULL
4507;4688;BLANCO CRISTAL ROJO CLASICO;39:11.3;39:11.3;NULL
4508;4689;BLANCO CRISTAL VERDE METALIZADO;39:11.3;39:11.3;NULL
4509;4690;BLANCO CRISTAL ORO TOLEDANO;39:11.3;39:11.3;NULL
4510;4691;BLANCO CRISTAL VERDE;39:11.3;39:11.3;NULL
4511;4692;BLANCO CROMADO DORADO;39:11.3;39:11.3;NULL
4512;4693;BLANCO CROSS;39:11.3;39:11.3;NULL
4513;4694;BLANCO DE SEBRES ROJO PERLECENTE BLANCO;39:11.3;39:11.3;NULL
4514;4695;BLANCO DE SEVRES BLANCO AZUL CREMA;39:11.3;39:11.3;NULL
4515;4696;BLANCO DE SEVRES MARFIL;39:11.4;39:11.4;NULL
4516;4697;BLANCO DE SEVRES NEGRO;39:11.4;39:11.4;NULL
4517;4698;BLANCO DE SEVRES ROJO;39:11.4;39:11.4;NULL
4518;4699;BLANCO DIAMOND;39:11.4;39:11.4;NULL
4519;4700;BLANCO ESCARCHA NEGRO;39:11.4;39:11.4;NULL
4520;4701;BLANCO ESPUMA;39:11.4;39:11.4;NULL
4521;4702;BLANCO FRANJA VERDE NEGRO AMARILLO METALIZADO;39:11.5;39:11.5;NULL
4522;4703;BLANCO GALAXIA AMARILLO;39:11.5;39:11.5;NULL
4523;4704;BLANCO GALAXIA VERDE;39:11.5;39:11.5;NULL
4524;4705;BLANCO GARDEMIA;39:11.5;39:11.5;NULL
4525;4706;BLANCO GARDENIA METALIZADO;39:11.5;39:11.5;NULL
4526;4707;BLANCO GRIS AZUL VERDE ROJO;39:11.5;39:11.5;NULL
4527;4708;BLANCO GRIS NEGRO;39:11.5;39:11.5;NULL
4528;4709;BLANCO HUESO CAFÉ;39:11.5;39:11.5;NULL
4529;4710;BLANCO HUESO CAFE;39:11.5;39:11.5;NULL
4530;4711;BLANCO HUESO CREMA;39:11.6;39:11.6;NULL
4531;4712;BLANCO HUESO GRIS XERUS MET;39:11.6;39:11.6;NULL
4532;4713;BLANCO HUESO NARANJA;39:11.6;39:11.6;NULL
4533;4714;BLANCO HUESO NEGRO;39:11.6;39:11.6;NULL
4534;4715;BLANCO HUESO ROJO;39:11.6;39:11.6;NULL
4535;4716;BLANCO HUESO ROJO FUEGO;39:11.6;39:11.6;NULL
4536;4717;BLANCO HUESO ROJO PIAMONTE;39:11.6;39:11.6;NULL
4537;4718;BLANCO HUESO VERDE;39:11.6;39:11.6;NULL
4538;4719;BLANCO HUESO VERDE MENTA METALIZADO;39:11.6;39:11.6;NULL
4539;4720;BLANCO HUESO VINOTINTO METALIZADO;39:11.6;39:11.6;NULL
4540;4721;BLANCO HUMO;39:11.6;39:11.6;NULL
4541;4722;BLANCO IBIS;39:11.6;39:11.6;NULL
4542;4723;BLANCO INTENSO;39:11.6;39:11.6;NULL
4543;4724;BLANCO LADRILLO;39:11.6;39:11.6;NULL
4544;4725;BLANCO LOTUS DORADO;39:11.6;39:11.6;NULL
4545;4726;BLANCO LOTUS NEGRO;39:11.6;39:11.6;NULL
4546;4727;BLANCO LOTUS NEGRO MATE;39:11.6;39:11.6;NULL
4547;4728;BLANCO LOTUS ROJO PUNZO;39:11.6;39:11.6;NULL
4548;4729;BLANCO LOTUS VERDE INGLES;39:11.6;39:11.6;NULL
4549;4730;BLANCO MAHLER VERDE ROJO BORDEAUX;39:11.6;39:11.6;NULL
4550;4731;BLANCO MAHLER GRIS GRANITO PERLECENTE;39:11.7;39:11.7;NULL
4551;4732;BLANCO MARFIL AZUL BLANCO;39:11.7;39:11.7;NULL
4552;4733;BLANCO MARFIL CAFE CLARO;39:11.7;39:11.7;NULL
4553;4734;BLANCO MARFIL MOSTAZA;39:11.7;39:11.7;NULL
4554;4735;BLANCO MARFIL NEGRO ROJO;39:11.7;39:11.7;NULL
4555;4736;BLANCO MARFIL NEGRO VERDE;39:11.7;39:11.7;NULL
4556;4737;BLANCO MARFIL ROJO;39:11.7;39:11.7;NULL
4557;4738;BLANCO MARFIL ROJO ESCARLATA;39:11.7;39:11.7;NULL
4558;4739;BLANCO MARFIL ROJO FIESTA;39:11.7;39:11.7;NULL
4559;4740;BLANCO MARFIL ROJO MANDARIN;39:11.7;39:11.7;NULL
4560;4741;BLANCO MARFIL VERDE INGLES;39:11.7;39:11.7;NULL
4561;4742;BLANCO MARFIL VERDE JADE;39:11.7;39:11.7;NULL
4562;4743;BLANCO MARFIL VERDE OLIVA;39:11.7;39:11.7;NULL
4563;4744;BLANCO MARFIL VERDE ROJO;39:11.7;39:11.7;NULL
4564;4745;BLANCO MARFIL VINOTINTO;39:11.7;39:11.7;NULL
4565;4746;BLANCO METALIZADO VERDE SELVA;39:11.7;39:11.7;NULL
4566;4747;BLANCO MILANO;39:11.7;39:11.7;NULL
4567;4748;BLANCO MORADO ROJO;39:11.7;39:11.7;NULL
4568;4749;BLANCO NACAR;39:11.7;39:11.7;NULL
4569;4750;BLANCO NEGRO DORADO;39:11.8;39:11.8;NULL
4570;4751;BLANCO NEGRO PERLADO;39:11.8;39:11.8;NULL
4571;4752;BLANCO NEGRO ROJO VIOLETA;39:11.8;39:11.8;NULL
4572;4753;BLANCO NEPAL ROJO;39:11.8;39:11.8;NULL
4573;4754;BLANCO NEVADO BICAPA VERDE;39:11.8;39:11.8;NULL
4574;4755;BLANCO NIEVE ROJO;39:11.8;39:11.8;NULL
4575;4756;BLANCO NIEVE VERDE;39:11.8;39:11.8;NULL
4576;4757;BLANCO NORUEGO ROJO SEVILLA;39:11.8;39:11.8;NULL
4577;4758;BLANCO OPALO;39:11.8;39:11.8;NULL
4578;4759;BLANCO ORION GRIS;39:11.8;39:11.8;NULL
4579;4760;BLANCO PASTEL;39:11.8;39:11.8;NULL
4580;4761;BLANCO PERLA NEGRO;39:11.8;39:11.8;NULL
4581;4762;BLANCO PERLA BEIGE;39:11.8;39:11.8;NULL
4582;4763;BLANCO PERLA CAFE;39:11.9;39:11.9;NULL
4583;4764;BLANCO PERLA MARRON;39:11.9;39:11.9;NULL
4584;4765;BLANCO PERLA MORADO;39:11.9;39:11.9;NULL
4585;4766;BLANCO PERLA NARANJA;39:11.9;39:11.9;NULL
4586;4767;BLANCO PERLA VERDE ESMERALDA;39:11.9;39:11.9;NULL
4587;4768;BLANCO PERLA VERDE SAN REMO;39:11.9;39:11.9;NULL
4588;4769;BLANCO POLAR AMARILLO;39:11.9;39:11.9;NULL
4589;4770;BLANCO POLAR AZUL SUECIA;39:11.9;39:11.9;NULL
4590;4771;BLANCO POLAR GRIS;39:11.9;39:11.9;NULL
4591;4772;BLANCO POLAR VERDE;39:11.9;39:11.9;NULL
4592;4773;BLANCO POLAR VERDE MOSEL;39:11.9;39:11.9;NULL
4593;4774;BLANCO POLAR VERDE VENECIA;39:11.9;39:11.9;NULL
4594;4775;BLANCO ROJO AZUL NEGRO;39:11.9;39:11.9;NULL
4595;4776;BLANCO ROJO BORDEAUX;39:11.9;39:11.9;NULL
4596;4777;BLANCO ROJO DORADO NEGRO;39:11.9;39:11.9;NULL
4597;4778;BLANCO ROJO MORADO;39:11.9;39:11.9;NULL
4598;4779;BLANCO SERVES NARANJA;39:11.9;39:11.9;NULL
4599;4780;BLANCO SEVRES AZUL;39:12.0;39:12.0;NULL
4600;4781;BLANCO SEVRES ROJO;39:12.0;39:12.0;NULL
4601;4782;BLANCO SEVRES CORAL;39:12.0;39:12.0;NULL
4602;4783;BLANCO SILICE TORNADO;39:12.0;39:12.0;NULL
4603;4784;BLANCO SOFIA VERDE;39:12.0;39:12.0;NULL
4604;4785;BLANCO SOLIDO FRANJA VERDE;39:12.0;39:12.0;NULL
4605;4786;BLANCO SOLIDO VERDE;39:12.0;39:12.0;NULL
4606;4787;BLANCO TERRACOTA;39:12.0;39:12.0;NULL
4607;4788;BLANCO VERDE GRIS ROJO;39:12.0;39:12.0;NULL
4608;4789;BLANCO VINILO MARRON;39:12.0;39:12.0;NULL
4609;4790;BLANCO ZAFIRO;39:12.0;39:12.0;NULL
4610;4791;BLANCO AMARILLO AZUL NEGRO;39:12.0;39:12.0;NULL
4611;4792;BLANCO AMARILLO BLANCO ROJO VERDE ANARANJADO;39:12.0;39:12.0;NULL
4612;4793;BLANCO AMARILLO HABANO ROJO;39:12.0;39:12.0;NULL
4613;4794;BLANCO AMARILLO VERDE AZUL;39:12.1;39:12.1;NULL
4614;4795;BLANCO AZUL BEIGE;39:12.1;39:12.1;NULL
4615;4796;BLANCO AZUL BEIGE CREMA;39:12.1;39:12.1;NULL
4616;4797;BLANCO AZUL CREMA;39:12.1;39:12.1;NULL
4617;4798;BLANCO AZUL OCRE;39:12.1;39:12.1;NULL
4618;4799;BLANCO AZUL ROJO CREMA AMARILLO NARANJA;39:12.1;39:12.1;NULL
4619;4800;BLANCO AZUL ROJO NARANJA;39:12.1;39:12.1;NULL
4620;4801;BLANCO AZUL VERDE BLANCO BEIGE;39:12.1;39:12.1;NULL
4621;4802;BLANCO AZUL VERDE BLANCO CREMA;39:12.2;39:12.2;NULL
4622;4803;BLANCO BEIGE AZUL;39:12.2;39:12.2;NULL
4623;4804;BLANCO BEIGE BEIGE AZUL;39:12.2;39:12.2;NULL
4624;4805;BLANCO BEIGE MARRON BLANCO VERDE;39:12.2;39:12.2;NULL
4625;4806;BLANCO ANARANJADO AZUL ROJO BEIGE;39:12.2;39:12.2;NULL
4626;4807;BLANCO AZUL CREMA METALIZADO;39:12.2;39:12.2;NULL
4627;4808;BLANCO AZUL AZUL BEIGE BEIGE;39:12.2;39:12.2;NULL
4628;4809;BLANCO AZUL AZUL CREMA CREMA;39:12.2;39:12.2;NULL
4629;4810;BLANCO AZUL AZUL OCRE OCRE;39:12.2;39:12.2;NULL
4630;4811;BLANCO AZUL BEIGE METALIZADO;39:12.2;39:12.2;NULL
4631;4812;BLANCO AZUL CREMA METALICO;39:12.2;39:12.2;NULL
4632;4813;BLANCO AZUL VERDE ROJO OCRE;39:12.2;39:12.2;NULL
4633;4814;BLANCO AMARILLO ROJO VERDE AZUL ROJO;39:12.2;39:12.2;NULL
4634;4815;BLANCO AZUL AZUL VERDE ROJO ROJO OCRE;39:12.2;39:12.2;NULL
4635;4816;BLANCO VERDE AZUL AMARILLO VERDE BEIGE;39:12.2;39:12.2;NULL
4636;4817;BLANCO HUESO AZUL DOS TONO ROJO OCRE NEGRO;39:12.2;39:12.2;NULL
4637;4818;BLANCO ROJO OSCURO AMARILLO ANARANJADO ROJO AMA;39:12.2;39:12.2;NULL
4638;4819;BLANCO VERDE AZUL AMARILLO CREMA ROJO;39:12.2;39:12.2;NULL
4639;4820;BLANCO VERDE AZUL BEIGE;39:12.2;39:12.2;NULL
4640;4821;BLANCO VERDE MARFIL;39:12.3;39:12.3;NULL
4642;4823;BLANCO GRIS ROJO VINOTINTO NEGRO;39:12.3;39:12.3;NULL
4643;4824;BLANCO NARANJA AMARILLO AZUL;39:12.3;39:12.3;NULL
4644;4825;BLANCO NEGRO DORADO METALIZADO;39:12.3;39:12.3;NULL
4645;4826;BLANCO OCRE AZUL CREMA;39:12.3;39:12.3;NULL
4646;4827;BLANCO OCRE VERDE;39:12.3;39:12.3;NULL
4647;4828;BLANCO ROJO AMARILLO ANARANJADO;39:12.3;39:12.3;NULL
4648;4829;BLANCO ROJO AMARILLO NARANJA;39:12.3;39:12.3;NULL
4649;4830;BLANCO ROJO ANARANJADO;39:12.3;39:12.3;NULL
4650;4831;BLANCO ROJO ANARANJADO AMARILLO;39:12.4;39:12.4;NULL
4651;4832;BLANCO ROJO NARANJA AMARILLO;39:12.4;39:12.4;NULL
4652;4833;BLANCO ROJO VERDE BLANCO MORADO;39:12.4;39:12.4;NULL
4653;4834;BLANCO VERDE AMARILLO VINO TINTO;39:12.4;39:12.4;NULL
4654;4835;BLANCO VERDE ANARANJADO AZUL BLANCO CREMA;39:12.4;39:12.4;NULL
4655;4836;BLANCO VERDE AZUL CREMA;39:12.4;39:12.4;NULL
4656;4837;BLANCO VERDE MARFIL METALIZADO;39:12.4;39:12.4;NULL
4657;4838;BLANCO VERDE NEGRO ANARANJADO;39:12.4;39:12.4;NULL
4658;4839;BLANCO VERDE ROJO Y AMARILLO;39:12.4;39:12.4;NULL
4659;4840;BLANCO VERDE ROJO AMARILLO;39:12.4;39:12.4;NULL
4660;4841;BLANCO VERDE ROJO MORADO AMARILLO;39:12.4;39:12.4;NULL
4661;4842;BLANCO VERDE VERDE MARFIL;39:12.4;39:12.4;NULL
4662;4843;BLANCO VINO TINTO AMARILLO;39:12.4;39:12.4;NULL
4663;4844;BLANCO AMARILLO ROJO GRIS;39:12.4;39:12.4;NULL
4664;4846;BLANCO AMARILLO AZUL ROJO GRIS;39:12.5;39:12.5;NULL
4665;4848;BLANCO AMARILLO CAFE;39:12.5;39:12.5;NULL
4666;4849;BLANCO AMARILLO MARFIL;39:12.5;39:12.5;NULL
4667;4850;BLANCO AMARILLO ROJO NEGRO GRI;39:12.5;39:12.5;NULL
4668;4851;BLANCO AMARILLO VERDE ROJO;39:12.5;39:12.5;NULL
4669;4852;BLANCO ARTICO CON AZUL PERLADO;39:12.5;39:12.5;NULL
4670;4855;BLANCO AZUL AMARILLO ROJO;39:12.5;39:12.5;NULL
4671;4856;BLANCO AZUL AMARILLO VERDE;39:12.5;39:12.5;NULL
4672;4857;BLANCO AZUL NARANJA DORADO;39:12.5;39:12.5;NULL
4673;4858;BLANCO CAFE VERDE;39:12.5;39:12.5;NULL
4674;4859;BLANCO CALMA AZUL COBALTO;39:12.5;39:12.5;NULL
4675;4861;BLANCO CASABLANCA NEGRO;39:12.5;39:12.5;NULL
4676;4862;BLANCO CHAMPAÑA ROSADO VERDE;39:12.5;39:12.5;NULL
4677;4863;BLANCO CLARO ROJO;39:12.5;39:12.5;NULL
4678;4864;BLANCO CREMA NARANJA ROJO;39:12.5;39:12.5;NULL
4679;4865;BLANCO CREMA NEGRO;39:12.5;39:12.5;NULL
4680;4866;BLANCO CREMA NEGRO ZANAHORIA;39:12.5;39:12.5;NULL
4681;4867;BLANCO CREMA ROJO VERDE;39:12.5;39:12.5;NULL
4682;4868;BLANCO CRISTAL VERDE AZUL;39:12.5;39:12.5;NULL
4683;4869;BLANCO DORADO MORADO;39:12.5;39:12.5;NULL
4684;4870;BLANCO DORADO NEGRO ROJO;39:12.6;39:12.6;NULL
4685;4871;BLANCO DORADO ROJO VERDE;39:12.6;39:12.6;NULL
4686;4872;BLANCO DORADO VERDE;39:12.6;39:12.6;NULL
4687;4873;BLANCO DORADO VERDE ZANAHORIA;39:12.6;39:12.6;NULL
4688;4874;BLANCO FRANJA GRIS ROJO VINO;39:12.6;39:12.6;NULL
4689;4875;BLANCO FRANJAS NEGRO DORADO VERDE;39:12.6;39:12.6;NULL
4690;4876;BLANCO FUCSIA NEGRO;39:12.6;39:12.6;NULL
4691;4878;BLANCO GRIS NARANJA VERDE;39:12.6;39:12.6;NULL
4692;4879;BLANCO GRIS NEGRO ROJO;39:12.6;39:12.6;NULL
4693;4880;BLANCO GRIS NEGRO ROJO VINOTINTO NEGRO;39:12.6;39:12.6;NULL
4694;4881;BLANCO GRIS ROJO MARRON NEGRO;39:12.6;39:12.6;NULL
4695;4882;BLANCO GRIS ROJO MARRON NEGRO METALIZADO;39:12.6;39:12.6;NULL
4696;4883;BLANCO GRIS ROJO NEGRO VINOTINTO METALIZADO;39:12.6;39:12.6;NULL
4697;4884;BLANCO GRIS ROJO NEGRO VINOTINTO;39:12.6;39:12.6;NULL
4698;4885;BLANCO GRIS ROJO VINITINTO NEGRO;39:12.7;39:12.7;NULL
4699;4886;BLANCO GRIS ROJO VINOTINTO;39:12.7;39:12.7;NULL
4700;4887;BLANCO GRIS ROJO VINOTINTO NEGRO METALIZADO;39:12.7;39:12.7;NULL
4701;4888;BLANCO GRIS ROJO VINOTINTO NEGRO METAL;39:12.7;39:12.7;NULL
4702;4889;BLANCO GRIS ROJO VINOTINTO NEGRO METALICO;39:12.7;39:12.7;NULL
4703;4890;BLANCO GRIS VINOTINTO NEGRO;39:12.7;39:12.7;NULL
4704;4892;BLANCO LILA NEGRO;39:12.7;39:12.7;NULL
4705;4893;BLANCO LILA ROJO;39:12.7;39:12.7;NULL
4706;4895;BLANCO MARFIL ROJO VERDE;39:12.7;39:12.7;NULL
4707;4896;BLANCO MORADO NEGRO;39:12.7;39:12.7;NULL
4708;4897;BLANCO NARANJA AMARILLO VERDE;39:12.7;39:12.7;NULL
4709;4898;BLANCO NARANJA AZUL DORADO;39:12.7;39:12.7;NULL
4710;4899;BLANCO NARANJA NEGRO ROJO;39:12.7;39:12.7;NULL
4711;4900;BLANCO NARANJA NEGRO VERDE;39:12.7;39:12.7;NULL
4712;4901;BLANCO NARANJA ROJO;39:12.7;39:12.7;NULL
4713;4902;BLANCO NEGGRO DORADO VERDE;39:12.7;39:12.7;NULL
4714;4904;BLANCO NEGRO DORADO NEGRO;39:12.7;39:12.7;NULL
4715;4905;BLANCO NEGRO DORADO VERDE;39:12.7;39:12.7;NULL
4716;4906;BLANCO NEGRO MARFIL;39:12.7;39:12.7;NULL
4717;4907;BLANCO NEGRO NARANJA;39:12.8;39:12.8;NULL
4718;4908;BLANCO NEGRO ROJO GRIS VINITINTO;39:12.8;39:12.8;NULL
4719;4909;BLANCO NEGRO ROJO VERDE;39:12.8;39:12.8;NULL
4720;4910;BLANCO NEGRO ROJO VINO;39:12.8;39:12.8;NULL
4721;4911;BLANCO NEGRO ROJO VINO TINTO METALIZADO;39:12.8;39:12.8;NULL
4722;4912;BLANCO NEGRO ROJO ZANAHORIA;39:12.8;39:12.8;NULL
4723;4913;BLANCO NEGRO ROSADO;39:12.8;39:12.8;NULL
4724;4914;BLANCO NEGRO ZANAHORIA;39:12.8;39:12.8;NULL
4725;4916;BLANCO NIEVE VERDE ROJO NEGRO;39:12.8;39:12.8;NULL
4726;4917;BLANCO PLATA ROJO;39:12.8;39:12.8;NULL
4727;4918;BLANCO PLATA TRIGO;39:12.8;39:12.8;NULL
4728;4919;BLANCO PLATEADO ROJO;39:12.8;39:12.8;NULL
4729;4920;BLANCO ROJO DORADO;39:12.8;39:12.8;NULL
4730;4921;BLANCO ROJO GRI VINOTINTO;39:12.9;39:12.9;NULL
4731;4922;BLANCO ROJO GRIS AMARILLO;39:12.9;39:12.9;NULL
4732;4923;BLANCO ROJO GRIS NEGRO MARRON;39:12.9;39:12.9;NULL
4733;4924;BLANCO ROJO GRIS VINITINTO NEGRO;39:12.9;39:12.9;NULL
4734;4925;BLANCO ROJO GRIS VINOTINTO NEGRO;39:12.9;39:12.9;NULL
4735;4926;BLANCO ROJO NEGRO GRIS MARRON;39:12.9;39:12.9;NULL
4736;4927;BLANCO ROJO NEGRO GRIS VINOTINTO;39:12.9;39:12.9;NULL
4737;4928;BLANCO ROJO SALMON;39:12.9;39:12.9;NULL
4738;4929;BLANCO ROJO SALMON VERDE;39:12.9;39:12.9;NULL
4739;4930;BLANCO ROJO VERDE MARFIL;39:12.9;39:12.9;NULL
4740;4931;BLANCO ROJO VINO TINTO GRIS;39:12.9;39:12.9;NULL
4741;4932;BLANCO ROJO VINO TINTO GRIS NEGRO;39:12.9;39:12.9;NULL
4742;4933;BLANCO ROJO VINOTINTO;39:12.9;39:12.9;NULL
4743;4934;BLANCO ROJO VINOTINTO NEGRO;39:12.9;39:12.9;NULL
4744;4935;BLANCO ROJO VINOTINTO NEGRO GRIS;39:12.9;39:12.9;NULL
4745;4936;BLANCO ROJO ZAPOTE;39:12.9;39:12.9;NULL
4746;4937;BLANCO ROJO ZIENA;39:12.9;39:12.9;NULL
4747;4938;BLANCO SALMON;39:12.9;39:12.9;NULL
4748;4939;BLANCO SALMON VERDE;39:12.9;39:12.9;NULL
4749;4940;BLANCO SEVRES AZUL METALIZADO;39:12.9;39:12.9;NULL
4750;4941;BLANCO SILVER;39:13.0;39:13.0;NULL
4751;4942;BLANCO TOMATE AZUL;39:13.0;39:13.0;NULL
4752;4943;BLANCO VERDE AZUL AMARILLO;39:13.0;39:13.0;NULL
4753;4944;BLANCO VERDE AZUL MARFIL;39:13.0;39:13.0;NULL
4754;4945;BLANCO VERDE CREMA ROJO;39:13.0;39:13.0;NULL
4755;4946;BLANCO VERDE DORADO NEGRO;39:13.0;39:13.0;NULL
4756;4947;BLANCO VERDE OLIVA;39:13.0;39:13.0;NULL
4757;4948;BLANCO VERDE PERLADO;39:13.0;39:13.0;NULL
4758;4949;BLANCO VERDE ROJO CREMA;39:13.0;39:13.0;NULL
4759;4950;BLANCO VERDE ZANAHORIA;39:13.0;39:13.0;NULL
4760;4951;BLANCO VIOLETA GRIS;39:13.0;39:13.0;NULL
4761;4952;BLANCO AMARILLO CAFÉ;39:13.0;39:13.0;NULL
4762;4953;BLANCO AZUL ROJO NEGRO METALIZADO;39:13.0;39:13.0;NULL
4763;4954;BLANCO MANDARINA GRIS;39:13.0;39:13.0;NULL
4764;4955;BLANCO AMARILLO ROJO NEGRO GRIS;39:13.0;39:13.0;NULL
4765;4956;BLANCO AMARILLO ROJO AZUL GRIS;39:13.1;39:13.1;NULL
4766;4957;BLANCO BEIGE MARRON;39:13.1;39:13.1;NULL
4767;4958;BLANCO BEIGE MARRON ROJO;39:13.1;39:13.1;NULL
4768;4959;BLANCO BRANDY;39:13.1;39:13.1;NULL
4769;4960;BLANCO BRONCE;39:13.1;39:13.1;NULL
4770;4961;BLANCO CAFE TERRACOTA;39:13.1;39:13.1;NULL
4771;4962;BLANCO CAFE CREMA;39:13.1;39:13.1;NULL
4772;4963;BLANCO CAFE CROMO;39:13.1;39:13.1;NULL
4773;4964;BLANCO CAFE GRIS;39:13.1;39:13.1;NULL
4774;4965;BLANCO CAFE HABANO;39:13.1;39:13.1;NULL
4775;4966;BLANCO CAFE MARFIL;39:13.2;39:13.2;NULL
4776;4967;BLANCO CAFE MARRON;39:13.2;39:13.2;NULL
4777;4968;BLANCO CAFE NARANJA;39:13.2;39:13.2;NULL
4778;4969;BLANCO CAFE NEGRO;39:13.2;39:13.2;NULL
4779;4970;BLANCO CAFE POLICROMADO;39:13.2;39:13.2;NULL
4780;4971;BLANCO CAFE ROJO;39:13.2;39:13.2;NULL
4781;4972;BLANCO CAFE ROJO VERDE;39:13.2;39:13.2;NULL
4782;4975;BLANCO CAFE VERDE JADE;39:13.2;39:13.2;NULL
4783;4976;BLANCO CANELA;39:13.2;39:13.2;NULL
4784;4977;BLANCO CANELA MARRON;39:13.3;39:13.3;NULL
4785;4978;BLANCO CAOBA;39:13.3;39:13.3;NULL
4786;4979;BLANCO CARAMELO CREMA;39:13.3;39:13.3;NULL
4787;4980;BLANCO CARMELITO;39:13.3;39:13.3;NULL
4788;4981;BLANCO CARMELITO VERDE;39:13.3;39:13.3;NULL
4789;4982;BLANCO CENIZA EJECUTIVO;39:13.3;39:13.3;NULL
4790;4983;BLANCO CENIZA GRAFITO;39:13.3;39:13.3;NULL
4791;4984;BLANCO CEREZA;39:13.3;39:13.3;NULL
4792;4985;BLANCO CEREZA MARFIL VERDE;39:13.3;39:13.3;NULL
4793;4986;BLANCO CEREZA NEGRO;39:13.3;39:13.3;NULL
4794;4987;BLANCO CEREZA ROJO;39:13.3;39:13.3;NULL
4795;4989;BLANCO CHAMPAÑA VERDE JADE;39:13.3;39:13.3;NULL
4796;4990;BLANCO COBRE;39:13.3;39:13.3;NULL
4797;4991;BLANCO CREMA MARFIL;39:13.3;39:13.3;NULL
4798;4992;BLANCO CREMA MARRON;39:13.3;39:13.3;NULL
4799;4993;BLANCO CREMA NARANJA NEGRO ROJ;39:13.3;39:13.3;NULL
4800;4995;BLANCO CREMA NEGRO ROJO;39:13.3;39:13.3;NULL
4801;4996;BLANCO CREMA PLATA;39:13.3;39:13.3;NULL
4802;4998;BLANCO CREMA ROJO VERDE JADE;39:13.3;39:13.3;NULL
4803;4999;BLANCO CREMA VERDE JADE;39:13.3;39:13.3;NULL
4804;5000;BLANCO CUARZO METALIZADO NEGRO;39:13.4;39:13.4;NULL
4805;5001;BLANCO CUARZO NEGRO METALIZADO;39:13.4;39:13.4;NULL
4806;5002;BLANCO DORADO CAFE;39:13.4;39:13.4;NULL
4807;5003;BLANCO DORADO MOSTAZA;39:13.4;39:13.4;NULL
4808;5004;BLANCO DORADO NEGRO;39:13.4;39:13.4;NULL
4809;5005;BLANCO DORADO ROJO;39:13.4;39:13.4;NULL
4810;5007;BLANCO DORADO VERDE JADE;39:13.4;39:13.4;NULL
4811;5008;BLANCO FRAJA AMARILLO ROJO NEGRO;39:13.4;39:13.4;NULL
4812;5009;BLANCO FRANJA AMARILLAS CAFE;39:13.4;39:13.4;NULL
4813;5010;BLANCO FRANJA AMARILLO ROJO NEGRO GRIS;39:13.4;39:13.4;NULL
4814;5011;BLANCO FRANJAS DORADAS ROJAS;39:13.4;39:13.4;NULL
4815;5012;BLANCO FRANJAS ROJA GRIS;39:13.4;39:13.4;NULL
4816;5013;BLANCO FRESA;39:13.4;39:13.4;NULL
4817;5014;BLANCO GRIS ALBORADA;39:13.4;39:13.4;NULL
4818;5015;BLANCO GRIS ALBORADA METALIZADO;39:13.4;39:13.4;NULL
4819;5016;BLANCO GRIS ASTRAL;39:13.4;39:13.4;NULL
4820;5017;BLANCO GRIS GRAFITO;39:13.4;39:13.4;NULL
4821;5018;BLANCO GRIS HUMO METALIZADO;39:13.5;39:13.5;NULL
4822;5019;BLANCO GRIS PEMBROKE;39:13.5;39:13.5;NULL
4823;5020;BLANCO GRIS PERLA;39:13.5;39:13.5;NULL
4824;5021;BLANCO GRIS PLATA;39:13.5;39:13.5;NULL
4825;5022;BLANCO GRIS PLATA METALIZADO;39:13.5;39:13.5;NULL
4826;5023;BLANCO GRIS PLATA ROJO;39:13.5;39:13.5;NULL
4827;5024;BLANCO GRIS PLATEADO METALIZADO;39:13.5;39:13.5;NULL
4828;5025;BLANCO GRIS RATON;39:13.5;39:13.5;NULL
4829;5026;BLANCO GRIS XERUS;39:13.5;39:13.5;NULL
4830;5027;BLANCO GRIS XERUS METALIZADO;39:13.5;39:13.5;NULL
4831;5028;BLANCO GRIS MANDARINA;39:13.5;39:13.5;NULL
4832;5029;BLANCO GRIS MARFIL;39:13.5;39:13.5;NULL
4833;5030;BLANCO GRIS NARANJA;39:13.5;39:13.5;NULL
4834;5031;BLANCO GRIS NARANJA ROJO;39:13.5;39:13.5;NULL
4835;5032;BLANCO GRIS NIQUEL;39:13.5;39:13.5;NULL
4836;5034;BLANCO GRIS ROJO LILA;39:13.5;39:13.5;NULL
4837;5035;BLANCO GRIS ROJO VERDE;39:13.5;39:13.5;NULL
4838;5036;BLANCO GRIS VINOTINTO;39:13.6;39:13.6;NULL
4839;5037;BLANCO GUAYABA;39:13.6;39:13.6;NULL
4840;5038;BLANCO GUAYABA VERDE;39:13.6;39:13.6;NULL
4841;5039;BLANCO HABANO MARFIL;39:13.6;39:13.6;NULL
4842;5040;BLANCO HABANO MARFIL ROJO VERD;39:13.6;39:13.6;NULL
4843;5041;BLANCO HABANO MARRON;39:13.6;39:13.6;NULL
4844;5042;BLANCO HABANO MARRON ROYAL;39:13.6;39:13.6;NULL
4845;5043;BLANCO HABANO MARRON ROJO;39:13.6;39:13.6;NULL
4846;5044;BLANCO HABANO MARRON ROJO VERD;39:13.6;39:13.6;NULL
4847;5045;BLANCO HABANO MARRON VERDE;39:13.6;39:13.6;NULL
4848;5046;BLANCO HABANO MARRON VERDE JADE;39:13.6;39:13.6;NULL
4849;5047;BLANCO HABANO MORADO ROJO;39:13.6;39:13.6;NULL
4850;5048;BLANCO HABANO ROJO;39:13.6;39:13.6;NULL
4851;5049;BLANCO HABANO ROJO VERDE;39:13.6;39:13.6;NULL
4852;5050;BLANCO HABANO ROJO VERDE JADE;39:13.6;39:13.6;NULL
4853;5051;BLANCO HABANO ROJO VINOTINTO;39:13.6;39:13.6;NULL
4854;5052;BLANCO HABANO VERDE;39:13.6;39:13.6;NULL
4855;5053;BLANCO HABANO VERDE JADE;39:13.7;39:13.7;NULL
4856;5054;BLANCO HABANO VERDE VERDE JADE;39:13.7;39:13.7;NULL
4857;5055;BLANCO HOJA SECA;39:13.7;39:13.7;NULL
4858;5057;BLANCO HUESO TONER;39:13.7;39:13.7;NULL
4859;5059;BLANCO LADRILLO NEGRO;39:13.7;39:13.7;NULL
4860;5061;BLANCO MADERA;39:13.7;39:13.7;NULL
4861;5062;BLANCO MANDARINA;39:13.7;39:13.7;NULL
4862;5063;BLANCO MANDARINA METALIZADO;39:13.7;39:13.7;NULL
4863;5064;BLANCO MARFIL HINDU;39:13.7;39:13.7;NULL
4864;5065;BLANCO MARFIL LADRILLO;39:13.7;39:13.7;NULL
4865;5066;BLANCO MARFIL NARANJA;39:13.7;39:13.7;NULL
4866;5067;BLANCO MARFIL ORO;39:13.7;39:13.7;NULL
4867;5069;BLANCO MARFIL ROJO FERRARI;39:13.7;39:13.7;NULL
4868;5071;BLANCO MARFIL ROJO VERDE JADE;39:13.7;39:13.7;NULL
4869;5073;BLANCO MARFIL VERDE MENTA;39:13.7;39:13.7;NULL
4870;5074;BLANCO MARFIL ZAPOTE;39:13.7;39:13.7;NULL
4871;5075;BLANCO MARMOL METALIZADO VERDE;39:13.7;39:13.7;NULL
4872;5076;BLANCO MARRON PLATEADO;39:13.8;39:13.8;NULL
4873;5077;BLANCO MARRON POLICROMADO;39:13.8;39:13.8;NULL
4874;5078;BLANCO MARRON NEGRO;39:13.8;39:13.8;NULL
4875;5079;BLANCO MARRON ROJO VERDE JADE;39:13.8;39:13.8;NULL
4876;5080;BLANCO MARRON VERDE JADE;39:13.8;39:13.8;NULL
4877;5081;BLANCO MORADO CORDOBES;39:13.8;39:13.8;NULL
4878;5083;BLANCO MOSTAZA;39:13.8;39:13.8;NULL
4879;5084;BLANCO NARANJA CROMO;39:13.8;39:13.8;NULL
4880;5085;BLANCO NARANJA OTOÑAL;39:13.8;39:13.8;NULL
4881;5087;BLANCO NARANJA PLATEADO;39:13.8;39:13.8;NULL
4882;5089;BLANCO NARANJA ROJO VERDE;39:13.8;39:13.8;NULL
4883;5090;BLANCO NARANJA ROJO VERDE JADE;39:13.8;39:13.8;NULL
4884;5091;BLANCO NARANJA ROSADO;39:13.8;39:13.8;NULL
4885;5092;BLANCO NARANJA VERDE JADE;39:13.8;39:13.8;NULL
4886;5093;BLANCO NEGRO MARRON;39:13.8;39:13.8;NULL
4887;5094;BLANCO NEGRO PLATA;39:13.8;39:13.8;NULL
6014;6261;MARFIL ORO;13:04.6;13:04.6;NULL
4888;5095;BLANCO NEGRO PLATEADO ROJO;39:13.9;39:13.9;NULL
4889;5096;BLANCO NEGRO RAYAS VERDE AZUL;39:13.9;39:13.9;NULL
4890;5098;BLANCO NEGRO ROJO VERDE JADE;39:13.9;39:13.9;NULL
4891;5099;BLANCO NEGRO ROJO VINO TINTO;39:13.9;39:13.9;NULL
4892;5100;BLANCO NEGRO VIOLETA;39:13.9;39:13.9;NULL
4893;5101;BLANCO NEGRO ZAPOTE;39:13.9;39:13.9;NULL
4894;5102;BLANCO NIQUEL ROJO;39:13.9;39:13.9;NULL
4895;5103;BLANCO NIQUEL VERDE;39:13.9;39:13.9;NULL
4896;5104;BLANCO OCRE;39:13.9;39:13.9;NULL
4897;5105;BLANCO ORO;39:13.9;39:13.9;NULL
4898;5106;BLANCO ORO TOLEDANO;39:13.9;39:13.9;NULL
4899;5107;BLANCO PINO;39:13.9;39:13.9;NULL
4900;5110;BLANCO PLATA VERDE;39:13.9;39:13.9;NULL
4901;5111;BLANCO PLATA VINOTINTO;39:13.9;39:13.9;NULL
4902;5113;BLANCO PLATEADO ROJO VERDE;39:13.9;39:13.9;NULL
4903;5114;BLANCO RAPE;39:13.9;39:13.9;NULL
4904;5115;BLANCO ROJO AMBAR;39:14.0;39:14.0;NULL
4905;5116;BLANCO ROJO BURDEAUX;39:14.0;39:14.0;NULL
4906;5117;BLANCO ROJO BURDEAUX PERLADO;39:14.0;39:14.0;NULL
4907;5118;BLANCO ROJO BURDEO;39:14.0;39:14.0;NULL
4908;5119;BLANCO ROJO CABERNET;39:14.0;39:14.0;NULL
4909;5120;BLANCO ROJO CALIFORNIA;39:14.0;39:14.0;NULL
4910;5121;BLANCO ROJO CARDENAL;39:14.0;39:14.0;NULL
4911;5122;BLANCO ROJO CARDENAL PERLADO;39:14.0;39:14.0;NULL
4912;5123;BLANCO ROJO CARMIN;39:14.0;39:14.0;NULL
4913;5124;BLANCO ROJO CEREZA;39:14.0;39:14.0;NULL
4914;5125;BLANCO ROJO CIENA;39:14.0;39:14.0;NULL
4915;5126;BLANCO ROJO DINAMO;39:14.0;39:14.0;NULL
4916;5127;BLANCO ROJO DINAMO PERLADO;39:14.0;39:14.0;NULL
4917;5128;BLANCO ROJO DINAMO PERLADO METALIZADO;39:14.1;39:14.1;NULL
4918;5129;BLANCO ROJO DUPONT;39:14.1;39:14.1;NULL
4919;5130;BLANCO ROJO FERRARI;39:14.1;39:14.1;NULL
4920;5131;BLANCO ROJO FIESTA;39:14.1;39:14.1;NULL
4921;5132;BLANCO ROJO FLAMA;39:14.1;39:14.1;NULL
4922;5133;BLANCO ROJO FLASH;39:14.1;39:14.1;NULL
4923;5134;BLANCO ROJO IMPERIAL;39:14.1;39:14.1;NULL
4924;5135;BLANCO ROJO IMPERIAL METALIZADO;39:14.2;39:14.2;NULL
4925;5136;BLANCO ROJO LADRILLO;39:14.2;39:14.2;NULL
4926;5137;BLANCO ROJO LLAMA;39:14.2;39:14.2;NULL
4927;5138;BLANCO ROJO MALBORO;39:14.2;39:14.2;NULL
4928;5139;BLANCO ROJO MINERAL;39:14.2;39:14.2;NULL
4929;5140;BLANCO ROJO MONACO;39:14.2;39:14.2;NULL
4930;5141;BLANCO ROJO MONTANA;39:14.2;39:14.2;NULL
4931;5142;BLANCO ROJO MONTANA VERDE;39:14.2;39:14.2;NULL
4932;5143;BLANCO ROJO MONTECARLO;39:14.2;39:14.2;NULL
4933;5144;BLANCO ROJO OPORTO;39:14.2;39:14.2;NULL
4934;5145;BLANCO ROJO OSCURO;39:14.3;39:14.3;NULL
4935;5146;BLANCO ROJO OSCURO METALIZADO;39:14.3;39:14.3;NULL
4936;5147;BLANCO ROJO OSCURO MICA;39:14.3;39:14.3;NULL
4937;5148;BLANCO ROJO PERLADO;39:14.3;39:14.3;NULL
4938;5149;BLANCO ROJO POLICROMADO;39:14.3;39:14.3;NULL
4939;5150;BLANCO ROJO PUNZO;39:14.3;39:14.3;NULL
4940;5151;BLANCO ROJO RUBI METALIZADO;39:14.3;39:14.3;NULL
4941;5152;BLANCO ROJO SEVILLA;39:14.3;39:14.3;NULL
4942;5153;BLANCO ROJO TERRANOVA;39:14.4;39:14.4;NULL
4943;5154;BLANCO ROJO TEXACO;39:14.4;39:14.4;NULL
4944;5155;BLANCO ROJO TORNADO;39:14.4;39:14.4;NULL
4945;5156;BLANCO ROJO VERSALLES;39:14.4;39:14.4;NULL
4946;5157;BLANCO ROJO VERSALLES METALIZADO;39:14.4;39:14.4;NULL
4947;5158;BLANCO ROJO VINO;39:14.4;39:14.4;NULL
4948;5159;BLANCO ROJO VINO PERLADO;39:14.4;39:14.4;NULL
4949;5161;BLANCO ROJO VULCANO;39:14.4;39:14.4;NULL
4950;5162;BLANCO ROJO NARANJA VERDE JADE;39:14.4;39:14.4;NULL
4951;5163;BLANCO ROJO PLATA;39:14.4;39:14.4;NULL
4952;5164;BLANCO ROJO ROSADO VERDE;39:14.4;39:14.4;NULL
4953;5165;BLANCO ROJO STRATO PLATA;39:14.4;39:14.4;NULL
4954;5166;BLANCO ROJO VERDE JADE;39:14.4;39:14.4;NULL
4955;5167;BLANCO ROJO VERDE VERDE JADE;39:14.5;39:14.5;NULL
4956;5170;BLANCO ROSADO VERDE;39:14.5;39:14.5;NULL
4957;5171;BLANCO STRATO PERLA;39:14.5;39:14.5;NULL
4958;5172;BLANCO TABACO;39:14.5;39:14.5;NULL
4959;5173;BLANCO TABACO VERDE;39:14.6;39:14.6;NULL
4960;5174;BLANCO TURQUESA;39:14.6;39:14.6;NULL
4961;5175;BLANCO UVA;39:14.6;39:14.6;NULL
4962;5176;BLANCO VERDE ACUARELA;39:14.6;39:14.6;NULL
4963;5177;BLANCO VERDE AGUA;39:14.6;39:14.6;NULL
4964;5178;BLANCO VERDE AGUAMARINA;39:14.6;39:14.6;NULL
4965;5179;BLANCO VERDE ALMEDRA;39:14.7;39:14.7;NULL
4966;5180;BLANCO VERDE ANDINO;39:14.7;39:14.7;NULL
4967;5181;BLANCO VERDE ARRECIFE;39:14.8;39:14.8;NULL
4968;5182;BLANCO VERDE ARRECIFE METALIZADO;39:14.8;39:14.8;NULL
4969;5183;BLANCO VERDE BOSQUE;39:14.9;39:14.9;NULL
4970;5184;BLANCO VERDE CHAMPAÑA;39:14.9;39:14.9;NULL
4971;5185;BLANCO VERDE CRISTAL;39:14.9;39:14.9;NULL
4972;5186;BLANCO VERDE CROMADO;39:14.9;39:14.9;NULL
4973;5187;BLANCO VERDE FIDJI;39:14.9;39:14.9;NULL
4974;5188;BLANCO VERDE FORESTAL;39:14.9;39:14.9;NULL
4975;5189;BLANCO VERDE INGLES METALICO;39:14.9;39:14.9;NULL
4976;5190;BLANCO VERDE INGLES;39:14.9;39:14.9;NULL
4977;5191;BLANCO VERDE INGLES METALIZADO;39:15.0;39:15.0;NULL
4978;5192;BLANCO VERDE JADE;48:58.1;48:58.1;NULL
4979;5193;BLANCO VERDE JADE VERDE OSCURO;48:58.1;48:58.1;NULL
4980;5194;BLANCO VERDE JAMAIQUINO;48:58.1;48:58.1;NULL
4981;5195;BLANCO VERDE LIMON;48:58.1;48:58.1;NULL
4982;5196;BLANCO VERDE MAGENTA;48:58.1;48:58.1;NULL
4983;5197;BLANCO VERDE MALAGA;48:58.1;48:58.1;NULL
4984;5198;BLANCO VERDE MANZANA;48:58.1;48:58.1;NULL
4985;5199;BLANCO VERDE MAR METALIZADO;48:58.1;48:58.1;NULL
4986;5200;BLANCO VERDE MARMOL;48:58.1;48:58.1;NULL
4987;5201;BLANCO VERDE MARMOL METALIZADO;48:58.1;48:58.1;NULL
4988;5202;BLANCO VERDE MENTA;48:58.1;48:58.1;NULL
4989;5203;BLANCO VERDE MICA;48:58.1;48:58.1;NULL
4990;5204;BLANCO VERDE MUSGO METALIZADO;48:58.1;48:58.1;NULL
4991;5205;BLANCO VERDE MUZGO;48:58.1;48:58.1;NULL
4992;5207;BLANCO VERDE OLIVA METALIZADO;48:58.2;48:58.2;NULL
4993;5208;BLANCO VERDE OLIVA METALICO;48:58.2;48:58.2;NULL
4994;5209;BLANCO VERDE OTOÑAL;48:58.2;48:58.2;NULL
4995;5210;BLANCO VERDE PINO;48:58.2;48:58.2;NULL
4996;5211;BLANCO VERDE PLATEADO;48:58.2;48:58.2;NULL
4997;5212;BLANCO VERDE POLICROMADO;48:58.2;48:58.2;NULL
4998;5213;BLANCO VERDE SAUCE;48:58.2;48:58.2;NULL
4999;5214;BLANCO VERDE SELVA;48:58.3;48:58.3;NULL
5000;5215;BLANCO VERDE SELVA METALIZADO;48:58.3;48:58.3;NULL
5001;5216;BLANCO VERDE SEQUIA;48:58.3;48:58.3;NULL
5002;5217;BLANCO VERDE SETO;48:58.3;48:58.3;NULL
5003;5218;BLANCO VERDE TORNASOL;48:58.3;48:58.3;NULL
5004;5219;BLANCO VERDE TORNASOL PERLADO;48:58.3;48:58.3;NULL
5005;5220;BLANCO VERDE TURQUES;48:58.3;48:58.3;NULL
5006;5221;BLANCO VERDE CREMA VINOTINTO;48:58.3;48:58.3;NULL
5007;5222;BLANCO VERDE MORADO;48:58.3;48:58.3;NULL
5008;5223;BLANCO VINILO ROJO;48:58.4;48:58.4;NULL
5009;5224;BRONCE CLARO;48:58.4;48:58.4;NULL
5010;5225;BRONCE NEGRO;48:58.4;48:58.4;NULL
5011;5226;BRONCE ORIENTAL;48:58.4;48:58.4;NULL
5012;5227;BRONCE PERLA AZUL AMATISTA;48:58.4;48:58.4;NULL
5013;5228;BRONCE PERSA METALIZADO;48:58.4;48:58.4;NULL
5014;5229;BRONCE PRISMATICO;48:58.4;48:58.4;NULL
5015;5230;BRONCE PRISMATICO NEGRO;48:58.4;48:58.4;NULL
5016;5231;BRONCE SIERRA;48:58.4;48:58.4;NULL
5017;5232;BRONCE CAFE MARFIL;48:58.4;48:58.4;NULL
5018;5233;BRONCE CREMA;48:58.4;48:58.4;NULL
5019;5234;BRONCE DORADO GRIS PLOMO METALIZADO;48:58.5;48:58.5;NULL
5020;5235;BRONCE FRANJA NEGRA;48:58.5;48:58.5;NULL
5021;5236;BRONCE GRIS MARFIL;48:58.5;48:58.5;NULL
5022;5237;BRONCE HABANO;48:58.5;48:58.5;NULL
5023;5238;BRONCE MARFIL NEGRO;48:58.5;48:58.5;NULL
5024;5239;BRONCE NARANJO;48:58.5;48:58.5;NULL
5025;5240;BRONCE NEGRO MARRON;48:58.5;48:58.5;NULL
5026;5241;CAFE CON VINILO;48:58.5;48:58.5;NULL
5027;5242;CAFE CROMADO CREMA;48:58.5;48:58.5;NULL
5028;5243;CAFE CROMO MARFIL;48:58.5;48:58.5;NULL
5029;5244;CAFE DESIERTO;48:58.5;48:58.5;NULL
5030;5245;CAFE ESCARCHA;48:58.5;48:58.5;NULL
5031;5246;CAFE GUAYABA BLANCO;48:58.5;48:58.5;NULL
5032;5247;CAFE MADERA;48:58.6;48:58.6;NULL
5033;5248;CAFE MADURO MARFIL;48:58.6;48:58.6;NULL
5034;5249;CAFE MATE;48:58.6;48:58.6;NULL
5035;5250;CAFE METALIZADO PALO DE ROSA;48:58.6;48:58.6;NULL
5036;5251;CAFE MICA;48:58.6;48:58.6;NULL
5037;5252;CAFE MICA COBRE;48:58.6;48:58.6;NULL
5038;5253;CAFE NACARADO;48:58.6;48:58.6;NULL
5039;5254;CAFE ORO SINU;48:58.6;48:58.6;NULL
5040;5255;CAFE OSCURO HABANO;48:58.6;48:58.6;NULL
5041;5256;CAFE OSCURO ROJO;48:58.6;48:58.6;NULL
5042;5257;CAFE OSCURO METALIZADO;48:58.6;48:58.6;NULL
5043;5258;CAFE OSCURO DORADO;48:58.6;48:58.6;NULL
5044;5259;CAFE OSCURO MARFIL;48:58.6;48:58.6;NULL
5045;5260;CAFE OSCURO MATE BRILLANTE;48:58.6;48:58.6;NULL
5046;5261;CAFE OSCURO MOSTAZA;48:58.6;48:58.6;NULL
5047;5262;CAFE PERLA CEROZO OTOÑAL;48:58.7;48:58.7;NULL
5048;5263;CAFE RUSTICO;48:58.7;48:58.7;NULL
5049;5264;CAFE STRATO PLATA;48:58.7;48:58.7;NULL
5050;5265;CAFE TERRACOTA ROJO;48:58.7;48:58.7;NULL
5051;5266;CAFE TERRACOTA MARFIL;48:58.7;48:58.7;NULL
5052;5267;CAFE TIERRA;48:58.7;48:58.7;NULL
5053;5268;CAFE TITANIO;48:58.7;48:58.7;NULL
5054;5269;CAFE TORNADO;48:58.7;48:58.7;NULL
5055;5270;CAFE BLANCO ROJO;48:58.7;48:58.7;NULL
5056;5271;CAFE BLANCO VERDE;48:58.7;48:58.7;NULL
5057;5272;CAFE AMARILLO BLANCO;48:58.7;48:58.7;NULL
5058;5273;CAFE HOJA SECA;48:58.7;48:58.7;NULL
5059;5274;CAFÉ ROJO METALIZADO;48:58.7;48:58.7;NULL
5060;5275;CAFE ABANO MARFIL;48:58.7;48:58.7;NULL
5061;5276;CAFE CHAMPAÑA;48:58.7;48:58.7;NULL
5062;5277;CAFE CREMA VERDE;48:58.7;48:58.7;NULL
5063;5278;CAFE DORADO MARFIL;48:58.8;48:58.8;NULL
5064;5279;CAFE DORADO ROJO;48:58.8;48:58.8;NULL
5065;5280;CAFE GRIS VERDE;48:58.8;48:58.8;NULL
5066;5281;CAFE LADRILLO;48:58.8;48:58.8;NULL
5067;5282;CAFE MARRON ROJO VERDE JADE;48:58.8;48:58.8;NULL
5068;5283;CAFE NEGRO ORO;48:58.8;48:58.8;NULL
5069;5284;CAFE PALO DE ROSA;48:58.8;48:58.8;NULL
5070;5285;CAFE ROJO METALICO;48:58.8;48:58.8;NULL
5071;5286;CAFE ROJO BURDEAUX;48:58.8;48:58.8;NULL
5072;5287;CAFE TABACO;48:58.8;48:58.8;NULL
5073;5288;CAFE TABACO MET;48:58.8;48:58.8;NULL
5074;5289;CAFE VERDE;48:58.8;48:58.8;NULL
5075;5290;CAFE VINILO NEGRO;48:58.9;48:58.9;NULL
5076;5291;CAFE VINOTINTO;48:58.9;48:58.9;NULL
5077;5292;CAOBA CAFE;48:58.9;48:58.9;NULL
5078;5293;CAOBA CREMA;48:58.9;48:58.9;NULL
5079;5294;CAOBA GRIS;48:58.9;48:58.9;NULL
5080;5295;CAOBA MARFIL;48:58.9;48:58.9;NULL
5081;5296;CAOBA ORO TOLEDANO;48:58.9;48:58.9;NULL
5082;5297;CAOBA ROJIZO;48:58.9;48:58.9;NULL
5083;5298;CARAMELO MARFIL;48:58.9;48:58.9;NULL
5084;5299;CARAMELO METALIZADO;48:58.9;48:58.9;NULL
5085;5300;CARAMELO METALICO;48:58.9;48:58.9;NULL
5086;5301;CARAMELO HABANO;48:58.9;48:58.9;NULL
5087;5302;CARDO PLATEADO METALIZADOVERDE;48:58.9;48:58.9;NULL
5088;5303;CARMELITA NEGRO;48:58.9;48:58.9;NULL
5089;5304;CARMELITA GRIS OSCURO;48:59.0;48:59.0;NULL
5090;5305;CARMELITA VERDE CROMADO;48:59.0;48:59.0;NULL
5091;5306;CARMELITO;48:59.0;48:59.0;NULL
5092;5308;CARMELITO CLARO;48:59.0;48:59.0;NULL
5093;5309;CARMELITO CLARO Y OSCURO;48:59.0;48:59.0;NULL
5094;5310;CARMELITO DOS TONOS;48:59.0;48:59.0;NULL
5095;5311;CARMELITO METALIZADO;48:59.1;48:59.1;NULL
5096;5312;CARMELITO METALIZADO VAINILLA;48:59.1;48:59.1;NULL
5097;5313;CARMELITO OSCURO;48:59.1;48:59.1;NULL
5098;5314;CARMELITO PLATEADO;48:59.1;48:59.1;NULL
5099;5315;CARMELITO POLICROMADO;48:59.1;48:59.1;NULL
5100;5316;CARMELITO CARMELITO;48:59.1;48:59.1;NULL
5101;5317;CARMELITO CREMA;48:59.1;48:59.1;NULL
5102;5318;CARMELITO DORADO;48:59.1;48:59.1;NULL
5103;5319;CARMELITO HABANO;48:59.2;48:59.2;NULL
5104;5320;CARMELITO MARFIL;48:59.2;48:59.2;NULL
5105;5321;CARMELITO MARFIL ROJO;48:59.2;48:59.2;NULL
5106;5322;CARMELITO ROJO;48:59.2;48:59.2;NULL
5107;5323;CARMELITO TERRACOTA;48:59.2;48:59.2;NULL
5108;5324;CARMELITO VERDE;48:59.2;48:59.2;NULL
5109;5325;CARMELO METALIZADO;48:59.2;48:59.2;NULL
5110;5326;CARMINE MICA;48:59.2;48:59.2;NULL
5111;5327;CASHEMIRE;48:59.2;48:59.2;NULL
5112;5328;CASHEMIRE DORADO;48:59.2;48:59.2;NULL
5113;5329;CASHEMIRE MET;48:59.2;48:59.2;NULL
5114;5330;CASHMERE METALIZADO PLATA;48:59.2;48:59.2;NULL
5115;5331;CASHMERE METALIZADO;48:59.2;48:59.2;NULL
5116;5332;CASTAÑO;48:59.3;48:59.3;NULL
5117;5333;CASTAÑO AMBAR;48:59.3;48:59.3;NULL
5118;5334;CASTAÑO BARROCO;48:59.3;48:59.3;NULL
5119;5335;CASTAÑO BORDEAUX;48:59.3;48:59.3;NULL
5120;5336;CASTAÑO BURDEAUX;48:59.3;48:59.3;NULL
5121;5337;CASTAÑO CLARO;48:59.3;48:59.3;NULL
5122;5338;CASTAÑO METALIZADO;48:59.3;48:59.3;NULL
5123;5339;CASTAÑO PALO DE ROSA METALIZADO;48:59.3;48:59.3;NULL
5124;5340;CASTAÑO SATINADO;48:59.3;48:59.3;NULL
5125;5342;CASTAÑO MARFIL;48:59.3;48:59.3;NULL
5126;5343;CATALINA BLUE;48:59.3;48:59.3;NULL
5127;5345;CELESTE MARFIL;48:59.3;48:59.3;NULL
5128;5346;CELESTE CREMA;48:59.3;48:59.3;NULL
5130;5349;CENIZA DORADA METALIZADA;48:59.3;48:59.3;NULL
5131;5350;CENIZA GRAFITO NEGRO;48:59.3;48:59.3;NULL
5132;5351;CENIZA GRAFITO ROJO;48:59.4;48:59.4;NULL
5133;5352;CENIZA GRAFITO GRIS PLATA;48:59.4;48:59.4;NULL
5134;5353;CENIZA METALIZADO;48:59.4;48:59.4;NULL
5135;5354;CENIZA MADERA;48:59.4;48:59.4;NULL
5136;5355;CENIZA NEGRO;48:59.4;48:59.4;NULL
5137;5356;CENIZA PLATA;48:59.4;48:59.4;NULL
5138;5357;CENIZA STRATO PLATA;48:59.4;48:59.4;NULL
5139;5358;CENIZO PLATEADO;48:59.4;48:59.4;NULL
5140;5359;CEREZA HABANO;48:59.4;48:59.4;NULL
5141;5360;CEREZA CLARO;48:59.4;48:59.4;NULL
5142;5361;CEREZA CROMADO;48:59.4;48:59.4;NULL
5143;5362;CEREZA MARFIL ZANAHORIA;48:59.4;48:59.4;NULL
5144;5363;CEREZA OSCURO;48:59.4;48:59.4;NULL
5145;5364;CEREZA OTOÑAL METALIZADO;48:59.4;48:59.4;NULL
5146;5365;CEREZA ROJA METALIZADO;48:59.5;48:59.5;NULL
5147;5366;CEREZA CREMA ROJO;48:59.5;48:59.5;NULL
5148;5367;CEREZA GRIS;48:59.5;48:59.5;NULL
5149;5368;CEREZA MARFIL VERDE;48:59.5;48:59.5;NULL
5150;5369;CEREZA NEGRO PERLA;48:59.5;48:59.5;NULL
5151;5370;CEREZA ORO TOLEDANO;48:59.5;48:59.5;NULL
5152;5371;CEREZA PLATA;48:59.5;48:59.5;NULL
5153;5372;CEREZA PURPURA;48:59.5;48:59.5;NULL
5154;5373;CEREZA PURPURA METALIZADO;48:59.5;48:59.5;NULL
5155;5374;CEREZO CROMADO;48:59.5;48:59.5;NULL
5156;5375;CHAMPAÑA METALIZADO NEGRO MEDIA NOCHE;48:59.5;48:59.5;NULL
5157;5376;CHAMPAÑA ORO;48:59.5;48:59.5;NULL
5158;5377;CHAMPAÑA AMARILLO NEGRO;48:59.5;48:59.5;NULL
5159;5378;CHAMPAÃ‘A ORO METALICO;48:59.5;48:59.5;NULL
5160;5379;CHAMPAÑA ORO METALIZADO;48:59.6;48:59.6;NULL
5161;5380;CHAMPAGNE GOLD;48:59.6;48:59.6;NULL
5162;5381;CHAMPAGNE SILVER MIC;48:59.6;48:59.6;NULL
5163;5382;CHAMPAN MARFIL;48:59.6;48:59.6;NULL
5164;5383;CHAMPANA ORO;48:59.6;48:59.6;NULL
5165;5384;CHAMPANA GRIS;48:59.6;48:59.6;NULL
5166;5385;CHAMPAÑA BEIGE;48:59.6;48:59.6;NULL
5167;5386;CHAMPAÑA HUESO;48:59.6;48:59.6;NULL
5168;5387;CHAMPAÑA MANGO;48:59.6;48:59.6;NULL
5169;5388;CHAMPAÑA METALIZADO VERDE MENTA;48:59.6;48:59.6;NULL
5170;5389;CHAMPAÑA OSCURO;48:59.7;48:59.7;NULL
5171;5390;CHAMPAÑA POLICROMADO;48:59.7;48:59.7;NULL
5172;5391;CHAMPAÑA ZAPOTE;48:59.7;48:59.7;NULL
5173;5392;CHAMPAÑA MARFIL;48:59.7;48:59.7;NULL
5174;5393;CHAMPAÑA MARFIL VERDE;48:59.7;48:59.7;NULL
5175;5394;CHAMPAÑA MARFIL VERDE JADE;48:59.7;48:59.7;NULL
5176;5395;CHAMPAÑA MARRON INDO;48:59.7;48:59.7;NULL
5177;5396;CHAMPAÃ‘A ORO METAL;48:59.7;48:59.7;NULL
5178;5397;CHAMPAÑA ROJO;48:59.7;48:59.7;NULL
5179;5398;CHAMPAÑA ROJO VINOTINTO;48:59.7;48:59.7;NULL
5180;5399;CHAMPAÑA SILICE TORNADO;48:59.7;48:59.7;NULL
5181;5400;CHAMPAÑA VERDE;48:59.8;48:59.8;NULL
5182;5401;CHAMPAÑA VERDE ACEITUNA;48:59.8;48:59.8;NULL
5183;5402;CHAMPAÑA VERDE ESMERALDA;48:59.8;48:59.8;NULL
5184;5403;CHAMPAÑA VERDE OSCURO;48:59.8;48:59.8;NULL
5185;5404;CHAMPAÑA VINO TINTO;48:59.8;48:59.8;NULL
5186;5405;CHOCOLATE ROJO CHOCOLATE BLANCO;48:59.8;48:59.8;NULL
5187;5406;CINZA EJECUTIVO GRIS;48:59.8;48:59.8;NULL
5188;5407;CINZA EJECUTIVO STRATO PLATA;48:59.8;48:59.8;NULL
5189;5408;CINZA ICEBERG;48:59.8;48:59.8;NULL
5190;5409;CINZA METALIZADO;48:59.8;48:59.8;NULL
5191;5410;CINZA NEBLINA;48:59.8;48:59.8;NULL
5192;5411;CINZA NORUEGA;48:59.8;48:59.8;NULL
5193;5412;CINZA TORNADO;48:59.8;48:59.8;NULL
5194;5413;CINZA EJECUTIVO METALIZADO;48:59.8;48:59.8;NULL
5195;5414;CINZA PARACHOQUE;48:59.8;48:59.8;NULL
5196;5415;COBRE AZUL;48:59.8;48:59.8;NULL
5197;5416;COBRE ROJO;48:59.9;48:59.9;NULL
5198;5417;COBRE CREMA;48:59.9;48:59.9;NULL
5199;5418;COBRE CROMADO;48:59.9;48:59.9;NULL
5200;5419;COBRE HABANO;48:59.9;48:59.9;NULL
5201;5420;COBRE NEGRO;48:59.9;48:59.9;NULL
5202;5421;COBRE ORO;48:59.9;48:59.9;NULL
5203;5423;COBRE VERDE;48:59.9;48:59.9;NULL
5204;5424;CORAL GRIS AGUA;48:59.9;48:59.9;NULL
5205;5425;CORAL GRIS ROSA;48:59.9;48:59.9;NULL
5206;5426;CORAL HABANO;48:59.9;48:59.9;NULL
5207;5427;CREMA BLANCO VERDE ROJO;48:59.9;48:59.9;NULL
5208;5428;CREMA BERMELLON;48:59.9;48:59.9;NULL
5209;5429;CREMA CARNAVAL;48:59.9;48:59.9;NULL
5210;5430;CREMA CHAMPAÑA VERDE JADE;48:59.9;48:59.9;NULL
5211;5431;CREMA CLARO;48:59.9;48:59.9;NULL
5212;5432;CREMA CLARO OSCURO;48:59.9;48:59.9;NULL
5213;5433;CREMA DESIERTO;48:59.9;48:59.9;NULL
5214;5434;CREMA FLAMINGO;48:59.9;48:59.9;NULL
5215;5435;CREMA GRANATE;48:59.9;48:59.9;NULL
5216;5436;CREMA GRISACEO;48:59.9;48:59.9;NULL
5217;5437;CREMA NAIROBI VERDE BELIZE;48:59.9;48:59.9;NULL
5218;5438;CREMA PASTEL;48:59.9;48:59.9;NULL
5219;5439;CREMA PLATEADO VERDE;48:59.9;48:59.9;NULL
5220;5440;CREMA ROJO BLANCO VERDE;48:59.9;48:59.9;NULL
5221;5441;CREMA TOMATE;49:00.0;49:00.0;NULL
5222;5442;CREMA AMARILLO NEGRO;49:00.0;49:00.0;NULL
5223;5443;CREMA BLANCO VERDE ROJO NEGRO;49:00.0;49:00.0;NULL
5224;5444;CREMA VERDE AMARILLO;49:00.0;49:00.0;NULL
5225;5445;CREMA AZUL NARANJA;49:00.0;49:00.0;NULL
5226;5446;CREMA BEIGE PLATA;49:00.0;49:00.0;NULL
5227;5447;CREMA CEREZA;49:00.0;49:00.0;NULL
5228;5448;CREMA HABANO;49:00.0;49:00.0;NULL
5229;5449;CREMA NARANJA;49:00.0;49:00.0;NULL
5230;5450;CREMA NARANJA NEGRO;49:00.0;49:00.0;NULL
5231;5451;CREMA NARANJA ROJO;49:00.0;49:00.0;NULL
5232;5452;CREMA NEGRO ROJO;49:00.0;49:00.0;NULL
5233;5453;CREMA OLIVE VERDE;49:00.0;49:00.0;NULL
5234;5454;CREMA ROJO VINO;49:00.0;49:00.0;NULL
5235;5455;CREMA BLANCO ROJO VERDE;49:00.0;49:00.0;NULL
5236;5456;CREMA CANELA;49:00.0;49:00.0;NULL
5237;5457;CREMA COBRE NEGRO;49:00.0;49:00.0;NULL
5238;5458;CREMA CROMADO MARRON;49:00.0;49:00.0;NULL
5239;5459;CREMA CURUBA;49:00.1;49:00.1;NULL
5240;5460;CREMA DORADO;49:00.1;49:00.1;NULL
5241;5461;CREMA DORADO METALIZADO;49:00.1;49:00.1;NULL
5242;5462;CREMA DORADO PLATEADO;49:00.1;49:00.1;NULL
5243;5463;CREMA DORADO VINO;49:00.1;49:00.1;NULL
5244;5464;CREMA GRIS;49:00.1;49:00.1;NULL
5245;5465;CREMA GRIS PLOMO VERDE;49:00.2;49:00.2;NULL
5246;5466;CREMA GRIS NARANJA;49:00.2;49:00.2;NULL
5247;5467;CREMA GRIS ROJO VERDE;49:00.2;49:00.2;NULL
5248;5468;CREMA GRIS VERDE JADE;49:00.2;49:00.2;NULL
5249;5470;CREMA HABANO ROJO;49:00.2;49:00.2;NULL
5250;5471;CREMA HABANO VERDE;49:00.2;49:00.2;NULL
5251;5472;CREMA LADRILLO;49:00.2;49:00.2;NULL
5252;5473;CREMA LADRILLO NEGRO;49:00.2;49:00.2;NULL
5253;5474;CREMA MARFIL ROJO VERDE JADE;49:00.2;49:00.2;NULL
5254;5475;CREMA MARFIL VERDE JADE;49:00.2;49:00.2;NULL
5255;5476;CREMA MARRON PLATEADO;49:00.2;49:00.2;NULL
5256;5477;CREMA MARRON ROJO;49:00.3;49:00.3;NULL
5257;5478;CREMA MARRON VERDE;49:00.3;49:00.3;NULL
5258;5479;CREMA MARRON VINILO;49:00.3;49:00.3;NULL
5259;5483;CREMA NARANJA VERDE JADE;49:00.3;49:00.3;NULL
5260;5484;CREMA NEGRO PLATEADO VERDE;49:00.3;49:00.3;NULL
5261;5486;CREMA NEGRO ROJO VERDE;49:00.3;49:00.3;NULL
5262;5487;CREMA NEGRO ROJO VERDE JADE;49:00.3;49:00.3;NULL
5263;5488;CREMA NEGRO VERDE;49:00.4;49:00.4;NULL
5264;5489;CREMA NEGRO VERDE JADE;49:00.4;49:00.4;NULL
5265;5490;CREMA OLIVA;49:00.4;49:00.4;NULL
5266;5491;CREMA ORO;49:00.4;49:00.4;NULL
5267;5492;CREMA PLATA ROJO;49:00.4;49:00.4;NULL
5268;5493;CREMA PLATEADO;49:00.4;49:00.4;NULL
5269;5494;CREMA PLATEADO ROJO;49:00.4;49:00.4;NULL
5270;5495;CREMA ROJO BRILLANTE;49:00.4;49:00.4;NULL
5271;5496;CREMA ROJO DAMASCO;49:00.4;49:00.4;NULL
5272;5497;CREMA ROJO FERRARY;49:00.4;49:00.4;NULL
5273;5498;CREMA ROJO FIESTA;49:00.4;49:00.4;NULL
5274;5499;CREMA ROJO FUEGO;49:00.5;49:00.5;NULL
5275;5500;CREMA ROJO IMPERIO;49:00.5;49:00.5;NULL
5276;5501;CREMA ROJO VERDE JADE;49:00.5;49:00.5;NULL
5277;5502;CREMA ROJO VINOTINTO;49:00.5;49:00.5;NULL
5278;5503;CREMA ROSADO;49:00.5;49:00.5;NULL
5279;5504;CREMA TABACO;49:00.6;49:00.6;NULL
5280;5505;CREMA TERRACOTA;49:00.6;49:00.6;NULL
5281;5506;CREMA TURQUOISE;49:00.6;49:00.6;NULL
5282;5507;CREMA VERDE ACUARELA;49:00.6;49:00.6;NULL
5283;5508;CREMA VERDE MANZANA;49:00.6;49:00.6;NULL
5284;5509;CREMA VERDE MENTA;49:00.6;49:00.6;NULL
5285;5510;CREMA VERDE OSCURO;49:00.6;49:00.6;NULL
5286;5511;CREMA VERDE NEGRO;49:00.6;49:00.6;NULL
5287;5512;CRISTAL ASTRAL;49:00.6;49:00.6;NULL
5288;5513;CRISTAL SILVESTRE;49:00.6;49:00.6;NULL
5289;5514;CRISTAL WHITE;49:00.7;49:00.7;NULL
5290;5515;CRISTAL PLATA NIQUEL;49:00.7;49:00.7;NULL
5291;5516;CRISTAL PLATA;49:00.7;49:00.7;NULL
5292;5517;CROMO NARANJA;49:00.7;49:00.7;NULL
5293;5518;CROMO NEGRO;49:00.7;49:00.7;NULL
5294;5519;CRYSTAL WHITE PEARL;49:00.7;49:00.7;NULL
5295;5520;CURUBA Y MARFIL;49:00.7;49:00.7;NULL
5296;5521;CURUBA GRIS;49:00.7;49:00.7;NULL
5297;5522;CURUBA MARFIL;49:00.7;49:00.7;NULL
5298;5523;CURUBA TERRACOTA;49:00.7;49:00.7;NULL
5299;5524;DAR BLUE MICA;49:00.7;49:00.7;NULL
5300;5525;DAR GREY MICA;49:00.7;49:00.7;NULL
5301;5526;DARK;49:00.7;49:00.7;NULL
5302;5527;DARK BLUE MICA;49:00.7;49:00.7;NULL
5303;5528;DARK COPPER PUEBLO GOLD;49:00.7;49:00.7;NULL
5304;5529;DARK GRAY METAL;49:00.7;49:00.7;NULL
5305;5530;DARK GREEN;49:00.7;49:00.7;NULL
5306;5531;DARK GREY;49:00.7;49:00.7;NULL
5307;5532;DARK GREY METALIZADO;49:00.8;49:00.8;NULL
5129;5347;CENIZA;48:59.3;48:59.3;NULL
5308;5533;DARK GREY MICA;49:00.8;49:00.8;NULL
5309;5534;DARK ROSEWOOD MET;49:00.8;49:00.8;NULL
5310;5535;DARK GRIS;49:00.8;49:00.8;NULL
5311;5536;DARKGRAY METALIZADO;49:00.8;49:00.8;NULL
5312;5537;DIAMANTE;49:00.8;49:00.8;NULL
5313;5539;DIAMANTE PLATA METALIZADO;49:00.8;49:00.8;NULL
5314;5540;DIAMANTE SCHWARZ;49:00.8;49:00.8;NULL
5315;5541;DIAMANTE SILVER METALIZADO;49:00.8;49:00.8;NULL
5316;5542;DIAMANTE GRIS;49:00.8;49:00.8;NULL
5317;5543;DORADO BLANCO ROJO;49:00.8;49:00.8;NULL
5318;5544;DORADO PERLA;49:00.8;49:00.8;NULL
5319;5545;DORADO BRONCE GRIS PLOMO METALIZADO;49:00.8;49:00.8;NULL
5320;5546;DORADO CLARO;49:00.8;49:00.8;NULL
5321;5547;DORADO CLARO VERDE;49:00.8;49:00.8;NULL
5322;5548;DORADO CROMATIZADO;49:00.8;49:00.8;NULL
5323;5549;DORADO ESTRATO PERLA;49:00.8;49:00.8;NULL
5324;5550;DORADO MARCEILLE;49:00.8;49:00.8;NULL
5325;5551;DORADO MARY;49:00.8;49:00.8;NULL
5326;5552;DORADO MASEILLE MET;49:00.8;49:00.8;NULL
5327;5553;DORADO METALIZADO ROJO FERRARI DORADO METALIZADO;49:00.8;49:00.8;NULL
5328;5554;DORADO METALIZADO NEGRO CUARZO;49:00.9;49:00.9;NULL
5329;5555;DORADO MINAS ROJO;49:00.9;49:00.9;NULL
5330;5556;DORADO MOSTAZA;49:00.9;49:00.9;NULL
5331;5557;DORADO NEGRO ROJO BLANCO;49:00.9;49:00.9;NULL
5332;5558;DORADO ORO;49:00.9;49:00.9;NULL
5333;5559;DORADO OSCURO;49:00.9;49:00.9;NULL
5334;5560;DORADO OSCURO NEGRO;49:00.9;49:00.9;NULL
5335;5561;DORADO PERLA METALIZADO;49:00.9;49:00.9;NULL
5336;5562;DORADO PLATA ROJO OSCURO;49:00.9;49:00.9;NULL
5337;5563;DORADO POLICROMADO;49:00.9;49:00.9;NULL
5338;5564;DORADO POLIESTER;49:00.9;49:00.9;NULL
5339;5565;DORADO REAL;49:00.9;49:00.9;NULL
5340;5566;DORADO SAHARA NEGRO;49:00.9;49:00.9;NULL
5341;5567;DORADO SIAM;49:00.9;49:00.9;NULL
5342;5568;DORADO SONORA METALIZADO;49:00.9;49:00.9;NULL
5343;5569;DORADO VERDOZO;49:00.9;49:00.9;NULL
5344;5570;DORADO BEIGE;49:01.0;49:01.0;NULL
5345;5571;DORADO HABANO;49:01.0;49:01.0;NULL
5346;5572;DORADO MARRON;49:01.0;49:01.0;NULL
5347;5573;DORADO NARANJA ROJO;49:01.0;49:01.0;NULL
5348;5574;DORADO NEGRO PLATEADO ROJO;49:01.0;49:01.0;NULL
5349;5575;DORADO NEGRO RAPE ROJO VERDE;49:01.0;49:01.0;NULL
5350;5576;DORADO NEGRO ROJO METALIZADO;49:01.0;49:01.0;NULL
5351;5577;DORADO NEGRO ROJO VINOTINTO GRIS;49:01.0;49:01.0;NULL
5352;5578;DORADO PLATEADO ROJO;49:01.0;49:01.0;NULL
5353;5579;DORADO GRIS DORADO;49:01.0;49:01.0;NULL
5354;5580;DORADO GRIS NEGRO;49:01.0;49:01.0;NULL
5355;5581;DORADO GRIS NEGRO ROJO;49:01.0;49:01.0;NULL
5356;5582;DORADO GRIS ROJO;49:01.0;49:01.0;NULL
5357;5583;DORADO GRIS ROJO VERDE;49:01.1;49:01.1;NULL
5358;5584;DORADO GRIS ROJO VERDE JADE;49:01.1;49:01.1;NULL
5359;5585;DORADO GRIS VERDE JADE;49:01.1;49:01.1;NULL
5360;5586;DORADO GRIS VERDE MICHELIN;49:01.1;49:01.1;NULL
5361;5588;DORADO MANDARINA PERLADO;49:01.1;49:01.1;NULL
5362;5589;DORADO MARFIL;49:01.1;49:01.1;NULL
5363;5591;DORADO NARANJA;49:01.1;49:01.1;NULL
5364;5592;DORADO NARANJA PERLADO;49:01.1;49:01.1;NULL
5365;5593;DORADO OCRE;49:01.1;49:01.1;NULL
5366;5594;DORADO PARDO;49:01.1;49:01.1;NULL
5367;5595;DORADO PLATA;49:01.2;49:01.2;NULL
5368;5596;DORADO ROJO;49:01.2;49:01.2;NULL
5369;5597;DORADO ROJO CREMA;49:01.2;49:01.2;NULL
5370;5598;DORADO ROJO OSC MET;49:01.2;49:01.2;NULL
5371;5599;DORADO ROJO PERLADO;49:01.2;49:01.2;NULL
5372;5600;DORADO ROJO GRIS;49:01.2;49:01.2;NULL
5373;5601;DORADO ROJO VERDE JADE;49:01.2;49:01.2;NULL
5374;5602;DORADO ROJO VIOLETA;49:01.2;49:01.2;NULL
5375;5603;DORADO STRATO PLATA;49:01.2;49:01.2;NULL
5376;5604;DORADO TABACO;49:01.2;49:01.2;NULL
5377;5605;DORADO VERDE FURADO;49:01.2;49:01.2;NULL
5378;5606;DORADO VERDE OSCURO;49:01.2;49:01.2;NULL
5379;5607;DORADO VINOTINTO;49:01.3;49:01.3;NULL
5380;5608;DURAZNO;49:01.3;49:01.3;NULL
5381;5609;DURAZNO MANDARINA;49:01.3;49:01.3;NULL
5382;5610;DURAZNO MANDARINA GRICOAT;49:01.3;49:01.3;NULL
5383;5611;EBONY BLACK;49:01.3;49:01.3;NULL
5384;5612;EPSON;49:01.3;49:01.3;NULL
5385;5613;EPSON GREEN;49:01.3;49:01.3;NULL
5386;5614;EPSON GREEN MET;49:01.3;49:01.3;NULL
5387;5615;ESMALTE;49:01.3;49:01.3;NULL
5388;5616;ESMALTE BLANCO;49:01.3;49:01.3;NULL
5389;5617;ESMALTE ROJO FORMULA;49:01.3;49:01.3;NULL
5390;5618;ESMALTE BLANCO BRILLANTE;49:01.4;49:01.4;NULL
5391;5619;ESMERALDA ROJO;49:01.4;49:01.4;NULL
5392;5620;ESMERALDA NEGRO;49:01.4;49:01.4;NULL
5393;5621;ESMERALDA PERLA;49:01.4;49:01.4;NULL
5394;5622;ESTRATO PERLA ROJO;49:01.4;49:01.4;NULL
5395;5623;ESTRATO PERLA AZUL;49:01.4;49:01.4;NULL
5396;5624;ESTRATO PERLA ROJO ORIENTAL;49:01.4;49:01.4;NULL
5603;5833;GRIS OBRE;50:19.5;50:19.5;NULL
5397;5625;EXTRACTO PERLA ROJO;49:01.4;49:01.4;NULL
5398;5626;FLAME RED;49:01.4;49:01.4;NULL
5399;5627;FLASH;49:01.4;49:01.4;NULL
5400;5628;FLASH AZUL;49:01.4;49:01.4;NULL
5401;5629;FLAXEN MICA;49:01.4;49:01.4;NULL
5402;5630;FLEXING MICA;49:01.4;49:01.4;NULL
5403;5631;FLOR VIOLETA;49:01.4;49:01.4;NULL
5404;5632;FOJO FLASH;49:01.4;49:01.4;NULL
5405;5633;FOREST GREEN;49:01.4;49:01.4;NULL
5406;5634;FUCCIA MORADO NARANJA;49:01.4;49:01.4;NULL
5407;5635;FUCCIA MARFIL;49:01.4;49:01.4;NULL
5408;5636;FUCCIA MARFIL VERDE JADE;49:01.4;49:01.4;NULL
5409;5637;FUCCIA NEGRO;49:01.4;49:01.4;NULL
5410;5638;FUCSIA MORADO;49:01.5;49:01.5;NULL
5411;5639;FUCSIA NEGRO PLATEADO;49:01.5;49:01.5;NULL
5412;5640;FUCSIA VIOLETA;49:01.5;49:01.5;NULL
5413;5641;FUEGO;49:01.5;49:01.5;NULL
5414;5642;FUEGO METALICO;49:01.5;49:01.5;NULL
5415;5643;GABANO CAFÉ;49:01.5;49:01.5;NULL
5416;5644;GALAXIA METALIZADO;49:01.5;49:01.5;NULL
5417;5645;GAMUZA MADERA;49:01.5;49:01.5;NULL
5418;5646;GARNET RED;49:01.5;49:01.5;NULL
5419;5647;GARNET RED PEARL;49:01.5;49:01.5;NULL
5420;5648;GLACIER PLATEADO;49:01.5;49:01.5;NULL
5421;5649;GLACIER SILVER TITANIUM;49:01.5;49:01.5;NULL
5422;5650;GLACIER SILVER METALIZADO;49:01.5;49:01.5;NULL
5423;5651;GOLD DORADO;49:01.5;49:01.5;NULL
5424;5652;GRAFITO BLANCO;49:01.6;49:01.6;NULL
5425;5653;GRAFITO BRUMA;49:01.6;49:01.6;NULL
5426;5654;GRAFITO ESTRATO PLATA;49:01.6;49:01.6;NULL
5427;5655;GRAFITO OSCURO;49:01.6;49:01.6;NULL
5428;5656;GRAFITO OSCURO METALIZADO;49:01.6;49:01.6;NULL
5429;5657;GRAFITO GRIS;49:01.6;49:01.6;NULL
5430;5658;GRAFITO GRIS OSCURO;49:01.6;49:01.6;NULL
5431;5659;GRAFITO PLATA;49:01.6;49:01.6;NULL
5432;5660;GRAN AZUL PLATA COOL;49:01.6;49:01.6;NULL
5433;5661;GRANATE MALVA PLATA ALTAMIRA;49:01.6;49:01.6;NULL
5434;5662;GRANATE OSCURO PERLADO;49:01.6;49:01.6;NULL
5435;5663;GRANATE OSCUROPERLADO;49:01.6;49:01.6;NULL
5436;5664;GRANATE VINOTINTO;49:01.6;49:01.6;NULL
5437;5665;GRANATE MARFIL;49:01.6;49:01.6;NULL
5438;5666;GRANATE NEGRO ROJO;49:01.6;49:01.6;NULL
5439;5667;GRANATE ROJO;49:01.7;49:01.7;NULL
5440;5668;GRANATE ROJO METALIZADO;49:01.7;49:01.7;NULL
5441;5669;GRANET MOUVE;49:01.7;49:01.7;NULL
5442;5671;GRANITO SILVER;49:01.7;49:01.7;NULL
5443;5672;GRANITSILVER;49:01.7;49:01.7;NULL
5444;5673;GRANITSILVER GRIS;49:01.7;49:01.7;NULL
5445;5674;GRANITSILVER GRIS METALIZADO;49:01.7;49:01.7;NULL
5446;5675;GRIS PLATA NEGRO;49:01.7;49:01.7;NULL
5447;5676;GRIS ADRIATICO;49:01.7;49:01.7;NULL
5448;5677;GRIS AHUMADA;49:01.7;49:01.7;NULL
5449;5678;GRIS ALBORADA Y VERDE CRISTAL;49:01.7;49:01.7;NULL
5450;5679;GRIS ALUMINIO ROJO CEREZA;49:01.7;49:01.7;NULL
5451;5680;GRIS ALUMINIO ROJO FERRARI;49:01.7;49:01.7;NULL
5452;5681;GRIS ALUMINIO ROJO VINOTINTO;49:01.7;49:01.7;NULL
5453;5682;GRIS AMBAR;49:01.8;49:01.8;NULL
5454;5683;GRIS AMBRE MET;49:01.8;49:01.8;NULL
5455;5684;GRIS ARABIGO;49:01.8;49:01.8;NULL
5456;5685;GRIS ARAYA;49:01.8;49:01.8;NULL
5457;5686;GRIS ARRABIO;49:01.8;49:01.8;NULL
5458;5687;GRIS ARTICO ROJO PERLADO;49:01.8;49:01.8;NULL
5459;5688;GRIS ASCO METALIZADO;49:01.8;49:01.8;NULL
5460;5689;GRIS ASCOT;49:01.8;49:01.8;NULL
5461;5690;GRIS ASPEN METALIZADO;49:01.8;49:01.8;NULL
5462;5691;GRIS ATLAS;49:01.8;49:01.8;NULL
5463;5692;GRIS ATLAS METALIZADO;49:01.8;49:01.8;NULL
5464;5693;GRIS AURORA PLATA TRIGO METALIZADO;49:01.8;49:01.8;NULL
5465;5694;GRIS BALTICO METALIZADO;49:01.8;49:01.8;NULL
5466;5695;GRIS BALTICO;49:01.8;49:01.8;NULL
5467;5696;GRIS BALTICO ROJO FUEGO;49:01.9;49:01.9;NULL
5468;5697;GRIS BALTICO PERLADO;49:01.9;49:01.9;NULL
5469;5698;GRIS BARTOK;49:01.9;49:01.9;NULL
5470;5699;GRIS BASALTO;49:01.9;49:01.9;NULL
5471;5700;GRIS BLANCO VERDE;49:01.9;49:01.9;NULL
5472;5701;GRIS BONATI;49:01.9;49:01.9;NULL
5473;5702;GRIS BORDEAUX OSCURO METALIZADO;49:01.9;49:01.9;NULL
5474;5703;GRIS BRUSELAS;49:01.9;49:01.9;NULL
5475;5704;GRIS CACHEMIRA;50:18.7;50:18.7;NULL
5476;5705;GRIS CARMELITO;50:18.7;50:18.7;NULL
5477;5706;GRIS CARRARA;50:18.7;50:18.7;NULL
5478;5707;GRIS CATATUMBO;50:18.7;50:18.7;NULL
5479;5708;GRIS CELENITA;50:18.7;50:18.7;NULL
5480;5709;GRIS CERIANTHE;50:18.7;50:18.7;NULL
5481;5710;GRIS CHAMPAÑA ROJO;50:18.7;50:18.7;NULL
5482;5711;GRIS CHATEAU METALIZADO;50:18.7;50:18.7;NULL
5483;5712;GRIS CINZA ASTURIAS;50:18.7;50:18.7;NULL
5484;5713;GRIS CINZA GRAFITO;50:18.7;50:18.7;NULL
5485;5714;GRIS CLARO MARFIL;50:18.7;50:18.7;NULL
5486;5715;GRIS CLARO PLATA NEGRO;50:18.7;50:18.7;NULL
5487;5716;GRIS CLARO PLATEADO;50:18.7;50:18.7;NULL
5488;5717;GRIS CLARO VERDOSO;50:18.7;50:18.7;NULL
5489;5718;GRIS CLARO GRIS OSCURO POLICROMADO;50:18.7;50:18.7;NULL
5490;5719;GRIS CLARO GRIS OSCURO;50:18.7;50:18.7;NULL
5491;5720;GRIS CLARO NEGRO;50:18.7;50:18.7;NULL
5492;5721;GRIS CLARO ROJO;50:18.8;50:18.8;NULL
5493;5722;GRIS CLASICO ROJO;50:18.8;50:18.8;NULL
5494;5723;GRIS CLASICO NEGRO;50:18.8;50:18.8;NULL
5495;5724;GRIS CLASICO ROJO PASION;50:18.8;50:18.8;NULL
5496;5725;GRIS COBALTO;50:18.8;50:18.8;NULL
5497;5726;GRIS COBRIZADO METALIZADO;50:18.8;50:18.8;NULL
5498;5727;GRIS COMETA;50:18.8;50:18.8;NULL
5499;5728;GRIS COMETA METALIZADO;50:18.8;50:18.8;NULL
5500;5729;GRIS CONCORD;50:18.8;50:18.8;NULL
5501;5730;GRIS CORAL;50:18.8;50:18.8;NULL
5502;5731;GRIS COSMICO;50:18.8;50:18.8;NULL
5503;5732;GRIS COSMICO METALIZADO;50:18.8;50:18.8;NULL
5504;5733;GRIS COSMOS METALIZADO;50:18.8;50:18.8;NULL
5505;5734;GRIS COUMBERLAND METALIZADO;50:18.8;50:18.8;NULL
5506;5735;GRIS CRATER;50:18.8;50:18.8;NULL
5507;5736;GRIS CREPUSCULE METALIZADO;50:18.8;50:18.8;NULL
5508;5737;GRIS CREPUSCULO;50:18.8;50:18.8;NULL
5509;5738;GRIS CROMADO CLARO OSCURO;50:18.8;50:18.8;NULL
5510;5739;GRIS DAKAR;50:18.8;50:18.8;NULL
5511;5740;GRIS DANUBIO;50:18.8;50:18.8;NULL
5512;5741;GRIS DARK MET;50:18.9;50:18.9;NULL
5513;5742;GRIS DOLMEN;50:18.9;50:18.9;NULL
5514;5743;GRIS DOLOMITA;50:18.9;50:18.9;NULL
5515;5744;GRIS DOLOMITE METALIZADO;50:18.9;50:18.9;NULL
5516;5745;GRIS DOLOMITES;50:18.9;50:18.9;NULL
5517;5746;GRIS DOLOMITES METALIZADO;50:18.9;50:18.9;NULL
5518;5747;GRIS DOMALOTA;50:18.9;50:18.9;NULL
5519;5748;GRIS DRAKE METALIZADO;50:18.9;50:18.9;NULL
5520;5749;GRIS EISEN;50:18.9;50:18.9;NULL
5521;5750;GRIS EOLE;50:18.9;50:18.9;NULL
5522;5751;GRIS ERMITAGE METALIZADO;50:18.9;50:18.9;NULL
5523;5752;GRIS ESPADON;50:18.9;50:18.9;NULL
5524;5753;GRIS ESTRACTO PLATA;50:18.9;50:18.9;NULL
5525;5754;GRIS ESTRATO PLATA;50:18.9;50:18.9;NULL
5526;5755;GRIS ESTRATO PLATA METALIZADO;50:18.9;50:18.9;NULL
5527;5756;GRIS EXTRACTO PLATA;50:18.9;50:18.9;NULL
5528;5757;GRIS FENIX METALIZADO;50:19.0;50:19.0;NULL
5529;5758;GRIS FLINT;50:19.0;50:19.0;NULL
5530;5759;GRIS FLINT METALIZADO;50:19.0;50:19.0;NULL
5531;5760;GRIS FONCE;50:19.0;50:19.0;NULL
5532;5761;GRIS FRAMBUESA;50:19.0;50:19.0;NULL
5533;5762;GRIS FRINT;50:19.0;50:19.0;NULL
5534;5763;GRIS FULMINATOR;50:19.0;50:19.0;NULL
5535;5764;GRIS FUTURA;50:19.0;50:19.0;NULL
5536;5765;GRIS GABION MET;50:19.0;50:19.0;NULL
5537;5766;GRIS GALACTICO;50:19.0;50:19.0;NULL
5538;5767;GRIS GLACIAL;50:19.0;50:19.0;NULL
5539;5768;GRIS GLACIER;50:19.0;50:19.0;NULL
5540;5769;GRIS GLACIER SILVER;50:19.0;50:19.0;NULL
5541;5770;GRIS GRAFITO NEGRO;50:19.0;50:19.0;NULL
5542;5771;GRIS GRANITO NEPTUNO;50:19.1;50:19.1;NULL
5543;5772;GRIS GRANITO PEELECENTE NEGRO;50:19.1;50:19.1;NULL
5544;5773;GRIS GRANITO PERLECENTE;50:19.1;50:19.1;NULL
5545;5774;GRIS GRANITO PERLADO;50:19.1;50:19.1;NULL
5546;5775;GRIS GUAYABA;50:19.1;50:19.1;NULL
5547;5776;GRIS HIERRO METALIZADO;50:19.1;50:19.1;NULL
5548;5777;GRIS HORCHATA;50:19.1;50:19.1;NULL
5549;5778;GRIS HUESO;50:19.1;50:19.1;NULL
5550;5779;GRIS HUMO GRIS PERLA;50:19.1;50:19.1;NULL
5551;5780;GRIS HUMO ROJO VINTO;50:19.1;50:19.1;NULL
5552;5781;GRIS HUMO VERDE;50:19.1;50:19.1;NULL
5553;5782;GRIS HUMO VERDE MICA;50:19.1;50:19.1;NULL
5554;5783;GRIS HURRICANE METALIZADO;50:19.2;50:19.2;NULL
5555;5784;GRIS INDIO METALIZADO;50:19.2;50:19.2;NULL
5556;5785;GRIS INVIERNO;50:19.2;50:19.2;NULL
5557;5786;GRIS JAGUAR;50:19.2;50:19.2;NULL
5558;5787;GRIS LADRILLO;50:19.2;50:19.2;NULL
5559;5788;GRIS LUMINOSO;50:19.2;50:19.2;NULL
5560;5789;GRIS MACRE;50:19.2;50:19.2;NULL
5561;5790;GRIS MADEIRA;50:19.2;50:19.2;NULL
5562;5791;GRIS MADERA;50:19.2;50:19.2;NULL
5563;5792;GRIS MAGNÉTICO METALIZADO;50:19.2;50:19.2;NULL
5564;5793;GRIS MAGNUM;50:19.2;50:19.2;NULL
5565;5794;GRIS MANDARINA;50:19.2;50:19.2;NULL
5566;5795;GRIS MARENGO;50:19.2;50:19.2;NULL
5567;5796;GRIS MARENGO METALIZADO;50:19.2;50:19.2;NULL
5568;5797;GRIS MARFIL NEGRO;50:19.3;50:19.3;NULL
5569;5798;GRIS MARFIL VERDE ACEITUNA;50:19.3;50:19.3;NULL
5570;5799;GRIS MARRON ROJO;50:19.3;50:19.3;NULL
5571;5800;GRIS MECA;50:19.3;50:19.3;NULL
5572;5801;GRIS MEDIO METALIZADO VERDE;50:19.3;50:19.3;NULL
5573;5802;GRIS MEDITERRANEO;50:19.3;50:19.3;NULL
5574;5803;GRIS MEIJE;50:19.3;50:19.3;NULL
5575;5804;GRIS MELANGE;50:19.3;50:19.3;NULL
5576;5805;GRIS MENPHIS;50:19.3;50:19.3;NULL
5577;5806;GRIS METALIZADO ORCHATA;50:19.3;50:19.3;NULL
5578;5807;GRIS METALIZADO ROJO SEVILLA;50:19.3;50:19.3;NULL
5579;5808;GRIS METALIZADO DELPHIN;50:19.3;50:19.3;NULL
5580;5809;GRIS METALIZADO POLICROMADO;50:19.3;50:19.3;NULL
5581;5810;GRIS METALIZADO ONIX;50:19.3;50:19.3;NULL
5582;5811;GRIS METALIZADO ROJO MICA;50:19.3;50:19.3;NULL
5583;5812;GRIS METALIZADO VIOLETA;50:19.3;50:19.3;NULL
5584;5813;GRIS MICA PLATA;50:19.4;50:19.4;NULL
5585;5814;GRIS MICA VERDE;50:19.4;50:19.4;NULL
5586;5815;GRIS MONITOBA;50:19.4;50:19.4;NULL
5587;5816;GRIS MONTANA METALIZADO;50:19.4;50:19.4;NULL
5588;5817;GRIS NACAR;50:19.4;50:19.4;NULL
5589;5818;GRIS NAVAL;50:19.4;50:19.4;NULL
5590;5819;GRIS NEBLINA GRIS SIDERAL;50:19.4;50:19.4;NULL
5591;5820;GRIS NEBLINA PLATEADO GALAXIA;50:19.4;50:19.4;NULL
5592;5821;GRIS NEBLINA VERDE MEDIO;50:19.4;50:19.4;NULL
5593;5822;GRIS NEPAL METALIZADO;50:19.4;50:19.4;NULL
5594;5823;GRIS NEPTUNO NEGRO;50:19.4;50:19.4;NULL
5595;5824;GRIS NEPTUNO PLATA;50:19.4;50:19.4;NULL
5596;5825;GRIS NIAGARA;50:19.4;50:19.4;NULL
5597;5826;GRIS NIEBLA ROJO PERLADO;50:19.4;50:19.4;NULL
5598;5827;GRIS NIEBLA VERDE CRISTAL;50:19.4;50:19.4;NULL
5599;5828;GRIS NIEBLA NEGRO;50:19.4;50:19.4;NULL
5600;5829;GRIS NIEBLA VERDE GLACIAL;50:19.4;50:19.4;NULL
5601;5830;GRIS NIEVE;50:19.4;50:19.4;NULL
5602;5831;GRIS NOCTURNO;50:19.5;50:19.5;NULL
5605;5835;GRIS ONICE METALIZADO;50:19.5;50:19.5;NULL
5606;5836;GRIS ONIX;50:19.5;50:19.5;NULL
5607;5837;GRIS ONIX METALIZADO;50:19.5;50:19.5;NULL
5608;5838;GRIS OPA GRIS PERLA;50:19.5;50:19.5;NULL
5609;5839;GRIS OPAL VERDE MICA;50:19.5;50:19.5;NULL
5610;5840;GRIS ORAGEUX;50:19.5;50:19.5;NULL
5611;5841;GRIS OSCURO METALIZADO ROJO MINERAL;50:19.5;50:19.5;NULL
5612;5842;GRIS OSCURO ROJO;50:19.5;50:19.5;NULL
5613;5843;GRIS OSCURO VERDE;50:19.5;50:19.5;NULL
5614;5844;GRIS OSCURO ARENA;50:19.6;50:19.6;NULL
5615;5845;GRIS OSCURO GRAFITO;50:19.6;50:19.6;NULL
5616;5846;GRIS OSCURO METALIZADO ROJO BRILLANTE;50:19.6;50:19.6;NULL
5617;5847;GRIS OSCURO METALICO ROJO MINERAL;50:19.6;50:19.6;NULL
5618;5848;GRIS OSCURO PERLA;50:19.6;50:19.6;NULL
5619;5849;GRIS OSCURO PERLADO;50:19.6;50:19.6;NULL
5620;5850;GRIS OSCURO POLICROMADO;50:19.6;50:19.6;NULL
5621;5851;GRIS OSCURO MARFIL;50:19.6;50:19.6;NULL
5622;5852;GRIS OSCURO PLATA;50:19.6;50:19.6;NULL
5623;5853;GRIS OSCURO PLATEADO;50:19.6;50:19.6;NULL
5624;5854;GRIS OSCURO ROJO RUBI;50:19.6;50:19.6;NULL
5625;5855;GRIS OSCURO VULCAN GRAU;50:19.6;50:19.6;NULL
5626;5856;GRIS OSTRA;50:19.6;50:19.6;NULL
5627;5857;GRIS OSTRA METALIZADO;50:19.6;50:19.6;NULL
5628;5858;GRIS OSTRA PERLADO;50:19.6;50:19.6;NULL
5629;5859;GRIS OTOÑO;50:19.6;50:19.6;NULL
5630;5860;GRIS OXFORD NEGRO;50:19.6;50:19.6;NULL
5631;5861;GRIS PACIFICO;50:19.6;50:19.6;NULL
5632;5862;GRIS PALMERA ROJO;50:19.7;50:19.7;NULL
5633;5863;GRIS PANCORDO;50:19.7;50:19.7;NULL
5634;5864;GRIS PEDERNAL;50:19.7;50:19.7;NULL
5635;5865;GRIS PERLA NEGRO;50:19.7;50:19.7;NULL
5636;5866;GRIS PERLA POLICROMADO;50:19.7;50:19.7;NULL
5637;5867;GRIS PERLA AZUL;50:19.7;50:19.7;NULL
5638;5868;GRIS PERLACENTE;50:19.7;50:19.7;NULL
5639;5869;GRIS PERLADO ALUMNIO;50:19.7;50:19.7;NULL
5640;5870;GRIS PERLA MARFIL;50:19.7;50:19.7;NULL
5641;5871;GRIS PERLA ROJO FUEGO;50:19.7;50:19.7;NULL
5642;5872;GRIS PERLA VERDE OLIVA;50:19.7;50:19.7;NULL
5643;5873;GRIS PERLECENTE;50:19.7;50:19.7;NULL
5644;5875;GRIS PEWTER;50:19.7;50:19.7;NULL
5645;5876;GRIS PIEDRA ROJO SEVILLA;50:19.7;50:19.7;NULL
5646;5877;GRIS PIEDRA BICAPA;50:19.7;50:19.7;NULL
5647;5879;GRIS PIEDRA BLANCO;50:19.7;50:19.7;NULL
5648;5880;GRIS PIEDRA ROJO;50:19.7;50:19.7;NULL
5649;5881;GRIS PIEDRA PLATA SIERRA;50:19.8;50:19.8;NULL
5650;5882;GRIS PIEDRA ROJO SEVILLA METALIZADO;50:19.8;50:19.8;NULL
5651;5883;GRIS PIEDRA VERDE AGUA;50:19.8;50:19.8;NULL
5652;5884;GRIS PIEDRA VERDE MANZANA;50:19.8;50:19.8;NULL
5653;5885;GRIS PIEDRA VERDE MICA;50:19.8;50:19.8;NULL
5654;5886;GRIS PIZARRA NEGRO MATE;50:19.8;50:19.8;NULL
5655;5887;GRIS PLATA VINOTINTO;50:19.8;50:19.8;NULL
5656;5888;GRIS PLATA ARGENTA;50:19.8;50:19.8;NULL
5657;5889;GRIS PLATA ARIANE;50:19.8;50:19.8;NULL
5658;5890;GRIS PLATA AZUL;50:19.8;50:19.8;NULL
5659;5891;GRIS PLATA CENIZO;50:19.8;50:19.8;NULL
5660;5892;GRIS PLATA CLARO;50:19.8;50:19.8;NULL
5661;5893;GRIS PLATA CRISTAL;50:19.9;50:19.9;NULL
5662;5894;GRIS PLATA ESCUNA;50:19.9;50:19.9;NULL
5663;5895;GRIS PLATA ESCUNA NEGRO;50:19.9;50:19.9;NULL
5664;5896;GRIS PLATA METALIZADONEGRO;50:19.9;50:19.9;NULL
5665;5897;GRIS PLATA NEGRO MICA;50:19.9;50:19.9;NULL
5666;5898;GRIS PLATA SATELITE;50:19.9;50:19.9;NULL
5667;5899;GRIS PLATA SILVER;50:19.9;50:19.9;NULL
5668;5900;GRIS PLATA VIEJA;50:19.9;50:19.9;NULL
5669;5901;GRIS PLATA NEGRO METALIZADO;50:19.9;50:19.9;NULL
5670;5902;GRIS PLATA NEGRO INTENSO;50:19.9;50:19.9;NULL
5671;5903;GRIS PLATA NIQUEL NEGRO CUARZO;50:19.9;50:19.9;NULL
5672;5904;GRIS PLATA ROJO;50:19.9;50:19.9;NULL
5673;5905;GRIS PLATA ROJO ESCARLATA;50:19.9;50:19.9;NULL
5674;5906;GRIS PLATA ROJO MONTANA;50:19.9;50:19.9;NULL
5675;5907;GRIS PLATA ROJO OSCURO;50:19.9;50:19.9;NULL
5676;5908;GRIS PLATA ROJO RUBI;50:19.9;50:19.9;NULL
5677;5909;GRIS PLATA ROJO TIZIANO;50:19.9;50:19.9;NULL
5678;5910;GRIS PLATA ROJO VIVO;50:19.9;50:19.9;NULL
5679;5911;GRIS PLATA ROJO VINOTINTO;50:20.0;50:20.0;NULL
5680;5912;GRIS PLATA STRATO PLATA;50:20.0;50:20.0;NULL
5681;5913;GRIS PLATA VERDE CIPRES;50:20.0;50:20.0;NULL
5682;5914;GRIS PLATA VERDE OSCURO;50:20.0;50:20.0;NULL
5683;5915;GRIS PLATA VERDE SELVA;50:20.0;50:20.0;NULL
5684;5916;GRIS PLATEADO GALAXIA;50:20.0;50:20.0;NULL
5685;5917;GRIS PLATEADO METALIZADO ROJO MILANO;50:20.0;50:20.0;NULL
5686;5918;GRIS PLATEADO OSCURO;50:20.0;50:20.0;NULL
5687;5919;GRIS PLATEADO Y BLANCO;50:20.0;50:20.0;NULL
5688;5920;GRIS PLATEADO NEGRO;50:20.0;50:20.0;NULL
5689;5921;GRIS PLATEADO AZUL REY;50:20.0;50:20.0;NULL
5690;5922;GRIS PLATEADO CAFE;50:20.0;50:20.0;NULL
5691;5923;GRIS PLATEADO MARFIL;50:20.0;50:20.0;NULL
5692;5924;GRIS PLATEADO MARRON;50:20.0;50:20.0;NULL
5693;5925;GRIS PLATEADO NEGRO METALIZADO;50:20.1;50:20.1;NULL
5694;5926;GRIS PLATEADO VINILO CEREZA;50:20.1;50:20.1;NULL
5695;5927;GRIS PLATEADO VINOTINTO;50:20.1;50:20.1;NULL
5696;5928;GRIS PLATINO PERLESCENTE;50:20.1;50:20.1;NULL
5697;5929;GRIS PLATINO AZUL;50:20.1;50:20.1;NULL
5698;5930;GRIS PLATINO BLANCO CREMA;50:20.1;50:20.1;NULL
5699;5931;GRIS PLATINO MARFIL;50:20.1;50:20.1;NULL
5700;5932;GRIS PLATINO NEGRA;50:20.1;50:20.1;NULL
5701;5933;GRIS PLATINO NEGRO;50:20.1;50:20.1;NULL
5702;5934;GRIS PLATINO ROJO;50:20.1;50:20.1;NULL
5703;5935;GRIS PLATINO ROJO METALIZADO;50:20.1;50:20.1;NULL
6219;6472;MOCCA;13:06.0;13:06.0;NULL
5704;5936;GRIS PLOMO METALIZADO PLATA NIQUEL;50:20.2;50:20.2;NULL
5705;5937;GRIS PLOMO METALIZADO PLATEADO;50:20.2;50:20.2;NULL
5706;5938;GRIS PLOMO METALIZADO ROJO IMPERIAL;50:20.2;50:20.2;NULL
5707;5939;GRIS PLOMO METALIZADO ROJO PERLADO;50:20.2;50:20.2;NULL
5708;5940;GRIS PLOMO PLATEADO;50:20.2;50:20.2;NULL
5709;5941;GRIS PLOMO MARFIL;50:20.2;50:20.2;NULL
5710;5942;GRIS PLOMO PLATA;50:20.2;50:20.2;NULL
5711;5943;GRIS PLOMO PLATA NIQUEL;50:20.2;50:20.2;NULL
5712;5945;GRIS PLOMO ROJO;50:20.2;50:20.2;NULL
5713;5946;GRIS PLOMO ROJO IMPERIAL;50:20.2;50:20.2;NULL
5714;5947;GRIS PLOMO ROJO PERLADO;50:20.2;50:20.2;NULL
5715;5948;GRIS PLOMO VERDE;50:20.2;50:20.2;NULL
5716;5949;GRIS PLOMO VERDE JADE;50:20.3;50:20.3;NULL
5717;5950;GRIS POLAR;50:20.3;50:20.3;NULL
5718;5951;GRIS POLAR OSCURO;50:20.3;50:20.3;NULL
5719;5952;GRIS POLICROMADO VERDE;50:20.3;50:20.3;NULL
5720;5953;GRIS POLICROMADO VERDE POLICRO;50:20.3;50:20.3;NULL
5721;5954;GRIS PURPURA PLATA;50:20.3;50:20.3;NULL
5722;5955;GRIS RATON NEGRO;50:20.3;50:20.3;NULL
5723;5956;GRIS RATON CROMADO;50:20.3;50:20.3;NULL
5724;5957;GRIS RATON MANDARINA;50:20.3;50:20.3;NULL
5725;5958;GRIS RATON VERDE SELVA;50:20.3;50:20.3;NULL
5726;5959;GRIS RATON METALIZADO;50:20.3;50:20.3;NULL
5727;5960;GRIS SABILA PERLADO;50:20.4;50:20.4;NULL
5728;5961;GRIS SACANO;50:20.4;50:20.4;NULL
5729;5962;GRIS SALT LAKE;50:20.4;50:20.4;NULL
5730;5963;GRIS SALTLAKE METALIZADO;50:20.4;50:20.4;NULL
5731;5964;GRIS SATINADO BLANCO;50:20.4;50:20.4;NULL
5732;5965;GRIS SATINADO NEGRO;50:20.4;50:20.4;NULL
5733;5966;GRIS SAVILA;50:20.4;50:20.4;NULL
5734;5967;GRIS SELUX;50:20.4;50:20.4;NULL
5735;5968;GRIS SELVA;50:20.5;50:20.5;NULL
5736;5969;GRIS SILBER MET;50:20.5;50:20.5;NULL
5737;5970;GRIS SILEX METALISSE;50:20.5;50:20.5;NULL
5738;5971;GRIS SILVER;50:20.5;50:20.5;NULL
5739;5973;GRIS SILVER METALIZADO;50:20.5;50:20.5;NULL
5740;5974;GRIS SILVER ROJO;50:20.5;50:20.5;NULL
5741;5975;GRIS SILVER NEGRO;50:20.5;50:20.5;NULL
5742;5976;GRIS SILVER ROJO METALIZADO;50:20.5;50:20.5;NULL
5743;5977;GRIS SLATE METALIZADO;50:20.5;50:20.5;NULL
5744;5978;GRIS SMOKE METALIZADO;50:20.5;50:20.5;NULL
5745;5979;GRIS SORRENTO;50:20.5;50:20.5;NULL
5746;5980;GRIS SPACE;50:20.5;50:20.5;NULL
5747;5981;GRIS SPACE METALIZADO;50:20.5;50:20.5;NULL
5748;5982;GRIS SPACE METALICO;50:20.5;50:20.5;NULL
5749;5983;GRIS SPECTRO;50:20.5;50:20.5;NULL
5750;5984;GRIS SPECTRUS;50:20.5;50:20.5;NULL
5751;5985;GRIS STERLING GRAU METALIZADO;50:20.5;50:20.5;NULL
5752;5986;GRIS STERLING METALIZADO;50:20.5;50:20.5;NULL
5753;5987;GRIS STOP;50:20.6;50:20.6;NULL
5754;5988;GRIS STRATO;50:20.6;50:20.6;NULL
5755;5989;GRIS STRATO PERLA;50:20.6;50:20.6;NULL
5756;5990;GRIS STRATUS METALIZADO;50:20.6;50:20.6;NULL
5757;5991;GRIS TECTITA;50:20.6;50:20.6;NULL
5758;5992;GRIS TECTITA METALIZADO;50:20.6;50:20.6;NULL
5759;5993;GRIS TEKTIT METALIZADO;50:20.6;50:20.6;NULL
5760;5994;GRIS TEKTITI METALIZADO;50:20.6;50:20.6;NULL
5761;5995;GRIS TEMPLADO;50:20.6;50:20.6;NULL
5762;5996;GRIS TERRACOTA;50:20.6;50:20.6;NULL
5763;5997;GRIS TEXAS;50:20.6;50:20.6;NULL
5764;5998;GRIS THALLIUM;50:20.6;50:20.6;NULL
5765;5999;GRIS THURSTOM;50:20.6;50:20.6;NULL
5766;6000;GRIS THURSTON METALIZADO;50:20.6;50:20.6;NULL
5767;6001;GRIS TITAN NEGRO DIAM ROJO;50:20.6;50:20.6;NULL
5768;6002;GRIS TITAN GRIS RATON;50:20.7;50:20.7;NULL
5769;6003;GRIS TITANIO AMARILLO;50:20.7;50:20.7;NULL
5770;6004;GRIS TITANIUM;50:20.7;50:20.7;NULL
5771;6005;GRIS TITANIUM METALIZADO;50:20.7;50:20.7;NULL
5772;6006;GRIS TITANIUM PERLADO;50:20.7;50:20.7;NULL
5773;6007;GRIS TITAN NEGRO;50:20.7;50:20.7;NULL
5774;6008;GRIS TOPACIO;50:20.7;50:20.7;NULL
5775;6009;GRIS TORMENTA ROJO;50:20.7;50:20.7;NULL
5776;6010;GRIS TORMENTA VERDE TORNADO;50:20.7;50:20.7;NULL
5777;6011;GRIS TOURING;50:20.7;50:20.7;NULL
5778;6012;GRIS TRACK;50:20.7;50:20.7;NULL
5779;6013;GRIS TROPICAL;50:20.7;50:20.7;NULL
5780;6014;GRIS TRUENO METALIZADO;50:20.7;50:20.7;NULL
5781;6015;GRIS TUNIS METALIZADO;50:20.7;50:20.7;NULL
5782;6016;GRIS VALMORAL;50:20.7;50:20.7;NULL
5783;6017;GRIS VAPOR;50:20.7;50:20.7;NULL
5784;6018;GRIS VEGA;50:20.8;50:20.8;NULL
5785;6019;GRIS VINILO NEGRO;50:20.8;50:20.8;NULL
5786;6020;GRIS VIOLACEO TAUPE;50:20.8;50:20.8;NULL
5787;6021;GRIS VIOLETA;50:20.8;50:20.8;NULL
5788;6022;GRIS VULCANO;50:20.8;50:20.8;NULL
5789;6023;GRIS VULCANO METALIZADO;50:20.8;50:20.8;NULL
5790;6024;GRIS WINCHESTER.;50:20.8;50:20.8;NULL
5791;6025;GRIS ZAFIRO;50:20.8;50:20.8;NULL
5792;6026;GRIS ZANDALO;50:20.8;50:20.8;NULL
5793;6027;GRIS ZAUL;50:20.8;50:20.8;NULL
5794;6028;GRIS AZUL CREMA;50:20.8;50:20.8;NULL
5795;6029;GRIS BLANCO HUESO;50:20.8;50:20.8;NULL
5796;6030;GRIS BLANCO PLATA METALIZADO;50:20.8;50:20.8;NULL
5797;6031;GRIS ROJO VINO TINTO;50:20.8;50:20.8;NULL
5798;6032;GRIS STRATO METALIZADO;50:20.9;50:20.9;NULL
5799;6033;GRIS AZUL TAHITI;50:20.9;50:20.9;NULL
5800;6034;GRIS BERLIN PLATA VERSALES GRIS;50:20.9;50:20.9;NULL
5801;6035;GRIS CLARO VERDE METALIZADO;50:20.9;50:20.9;NULL
5802;6036;GRIS CORSE METALIZADO;50:20.9;50:20.9;NULL
5803;6038;GRIS METALIZADO PERLADO PLOMO;50:20.9;50:20.9;NULL
5804;6039;GRIS NARANJA NEGRO;50:20.9;50:20.9;NULL
6220;6473;MOJAVE;13:06.0;13:06.0;NULL
5805;6040;GRIS NEBLINA METALIZADO;50:20.9;50:20.9;NULL
5806;6041;GRIS NIEBLA PERLADO;50:20.9;50:20.9;NULL
5807;6043;GRIS OSCURO MORADO METALIZADO;50:20.9;50:20.9;NULL
5808;6044;GRIS PLATA OSCURO;50:20.9;50:20.9;NULL
5809;6047;GRIS PLATEADO AZUL REAL;50:20.9;50:20.9;NULL
5810;6049;GRIS PLATEADO FRANJAS AZUL REY;50:20.9;50:20.9;NULL
5811;6050;GRIS PLATEADO PLOMO METALIZADO;50:20.9;50:20.9;NULL
5812;6051;GRIS POLICROMADO;50:20.9;50:20.9;NULL
5813;6052;GRIS SALMON;50:21.0;50:21.0;NULL
5814;6053;GRIS SHARK;50:21.0;50:21.0;NULL
5815;6054;GRIS SUBGREY;50:21.0;50:21.0;NULL
5816;6055;GRIS VERDE AMARI ROJO AZUL;50:21.0;50:21.0;NULL
5817;6056;GRIS ZANAHORIA;50:21.0;50:21.0;NULL
5818;6057;GRIS ACADEMICO MET;50:21.0;50:21.0;NULL
5819;6058;GRISESTRATO;50:21.0;50:21.0;NULL
5820;6059;GRIS GRIS PLATA PURPURA;50:21.0;50:21.0;NULL
5821;6060;GRIS HABANO VERDE;50:21.0;50:21.0;NULL
5822;6061;GRIS LACA PLATA;50:21.0;50:21.0;NULL
5823;6062;GRISLYNE;50:21.0;50:21.0;NULL
5824;6063;GRIS MARFIL NEGRO METALIZADO;50:21.0;50:21.0;NULL
5825;6064;GRIS MARFIL VERDE;50:21.0;50:21.0;NULL
5826;6065;GRIS MARFIL VERDE JADE;50:21.0;50:21.0;NULL
5827;6066;GRIS MARRON VERDE;50:21.1;50:21.1;NULL
5828;6068;GRIS NARANJA NEGRO ROJO;50:21.1;50:21.1;NULL
5829;6069;GRIS NARANJA ROJO;50:21.1;50:21.1;NULL
5830;6070;GRIS NEGRO BERLIN;50:21.1;50:21.1;NULL
5831;6071;GRIS NEGRO PERLA;50:21.1;50:21.1;NULL
5832;6072;GRIS NEGRO PERLA UVA;50:21.1;50:21.1;NULL
5833;6073;GRIS NEGRO ROJO MERLON;50:21.1;50:21.1;NULL
5834;6074;GRIS ONICE;50:21.1;50:21.1;NULL
5835;6076;GRIS OXIDO HIERRO;50:21.1;50:21.1;NULL
5836;6077;GRIS PLATA AHUMADA;50:21.1;50:21.1;NULL
5837;6078;GRIS PLATA COOL;50:21.1;50:21.1;NULL
5838;6079;GRIS PLATA HAMILTON;50:21.1;50:21.1;NULL
5839;6080;GRIS PLATA INDIGO;50:21.2;50:21.2;NULL
5840;6081;GRIS PLATA NIQUEL;50:21.2;50:21.2;NULL
5841;6082;GRIS PLATA VEGA;50:21.2;50:21.2;NULL
5842;6083;GRIS PLATA NACAR;50:21.2;50:21.2;NULL
5843;6084;GRIS PLATA PERLADO;50:21.2;50:21.2;NULL
5844;6085;GRIS PLATA PURPURA;50:21.2;50:21.2;NULL
5845;6086;GRIS PLATA VINOTINTO METALIZADO;50:21.3;50:21.3;NULL
5846;6087;GRIS PLATEADO PURPURA;50:21.3;50:21.3;NULL
5847;6088;GRIS PURPURA;50:21.3;50:21.3;NULL
5848;6089;GRIS PURPURA PLATA METALIZADO;50:21.3;50:21.3;NULL
5849;6090;GRIS ROJO BRILLANTE;50:21.3;50:21.3;NULL
5850;6091;GRIS ROJO CHINO;50:21.3;50:21.3;NULL
5851;6092;GRIS ROJO ESCARLATA;50:21.3;50:21.3;NULL
5852;6093;GRIS ROJO FERRARI;50:21.3;50:21.3;NULL
5853;6094;GRIS ROJO FUEGO;50:21.3;50:21.3;NULL
5854;6095;GRIS ROJO MANANTIAL;50:21.4;50:21.4;NULL
5855;6096;GRIS ROJO MICA;50:21.4;50:21.4;NULL
5856;6097;GRIS ROJO MONTANA;50:21.4;50:21.4;NULL
5857;6098;GRIS ROJO MOROCCO;50:21.4;50:21.4;NULL
5858;6099;GRIS ROJO OPORTO;50:21.4;50:21.4;NULL
5859;6100;GRIS ROJO OSCURO;50:21.4;50:21.4;NULL
5860;6101;GRIS ROJO PERLADO;50:21.4;50:21.4;NULL
5861;6102;GRIS ROJO POLICROMADO;50:21.4;50:21.4;NULL
5862;6103;GRIS ROJO PUNZO;50:21.4;50:21.4;NULL
5863;6104;GRIS ROJO ROANNE;50:21.4;50:21.4;NULL
5864;6105;GRIS ROJO SEVILLA;50:21.4;50:21.4;NULL
5865;6106;GRIS ROJO VINO METALIZADO;50:21.5;50:21.5;NULL
5866;6107;GRIS ROJO VINO;50:21.5;50:21.5;NULL
5867;6108;GRIS ROJO VERDE JADE;50:21.5;50:21.5;NULL
5868;6109;GRIS ROSADO;50:21.5;50:21.5;NULL
5869;6110;GRIS SAHARA;50:21.5;50:21.5;NULL
5870;6112;GRIS VERDE ARRECIFE;50:21.5;50:21.5;NULL
5871;6113;GRIS VERDE CLARO;50:21.5;50:21.5;NULL
5872;6114;GRIS VERDE OSCURO;50:21.5;50:21.5;NULL
5873;6115;GRIS VERDE PINO;50:21.5;50:21.5;NULL
5874;6116;GRIS VERDE SAN REMO;50:21.5;50:21.5;NULL
5875;6117;GRIS VERDE SELVA;50:21.5;50:21.5;NULL
5876;6118;GRIS VINILO VINOTINTO;50:21.6;50:21.6;NULL
5877;6119;GRIS ZAFIRADO;50:21.6;50:21.6;NULL
5878;6120;GRIS ZAPOTE;50:21.6;50:21.6;NULL
5879;6121;GRIZ ZANAHORIA;50:21.6;50:21.6;NULL
5880;6122;GUAYABA LILA;50:21.6;50:21.6;NULL
5881;6123;GUAYABA NEGRO;50:21.6;50:21.6;NULL
5882;6124;GUAYABA VERDE;50:21.6;50:21.6;NULL
5883;6125;HABANO ACEITUNA;50:21.6;50:21.6;NULL
5884;6126;HABANO AMARILLO ROJO;50:21.6;50:21.6;NULL
5885;6127;HABANO CLARO METALIZADO;50:21.6;50:21.6;NULL
5886;6128;HABANO CLARO ROJO OSCURO;50:21.6;50:21.6;NULL
5887;6129;HABANO CLARO VERDE OSCURO;50:21.7;50:21.7;NULL
5888;6130;HABANO CORAL;50:21.7;50:21.7;NULL
5889;6131;HABANO CORAL NEGRO;50:21.7;50:21.7;NULL
5890;6132;HABANO CROMADO;50:21.7;50:21.7;NULL
5891;6133;HABANO CROMADO NEGRO;50:21.7;50:21.7;NULL
5892;6134;HABANO FRANJA NEGRA ROJA;50:21.7;50:21.7;NULL
5893;6135;HABANO HOJA SECA;50:21.7;50:21.7;NULL
5894;6136;HABANO OSCURO;50:21.7;50:21.7;NULL
5895;6137;HABANO PLATEADO;50:21.7;50:21.7;NULL
5896;6138;HABANO ROSADO;50:21.7;50:21.7;NULL
5897;6139;HABANO ANARANJADO;50:21.7;50:21.7;NULL
5898;6140;HABANO CLARO;50:21.7;50:21.7;NULL
5899;6141;HABANO CAOBA;50:21.7;50:21.7;NULL
5900;6142;HABANO LADRILLO;50:21.7;50:21.7;NULL
5901;6143;HABANO MARFIL ROJO;50:21.8;50:21.8;NULL
5902;6144;HABANO MARFIL VERDE;50:21.8;50:21.8;NULL
5903;6145;HABANO MARRON ROJO;50:21.8;50:21.8;NULL
5904;6146;HABANO MARRON ROJO PLATA;50:21.8;50:21.8;NULL
5905;6147;HABANO MARRON ROJO VERDE;50:21.8;50:21.8;NULL
5906;6148;HABANO MARRON ROJO VERDE JADE;50:21.8;50:21.8;NULL
5907;6149;HABANO MARRON VERDE JADE;50:21.8;50:21.8;NULL
5908;6150;HABANO MORADO ROJO;50:21.8;50:21.8;NULL
5909;6151;HABANO NEGRO ZAPOTE;50:21.8;50:21.8;NULL
5910;6152;HABANO OLIVA;50:21.8;50:21.8;NULL
5912;6154;HABANO PLATEADO ROJO;50:21.8;50:21.8;NULL
5913;6155;HABANO RAPE;50:21.8;50:21.8;NULL
5914;6156;HABANO ROJO FUEGO;50:21.9;50:21.9;NULL
5915;6157;HABANO ROJO NARANJA;50:21.9;50:21.9;NULL
5916;6158;HABANO ROJO VERDE;50:21.9;50:21.9;NULL
5917;6159;HABANO TABACO;50:21.9;50:21.9;NULL
5918;6160;HABANO VERDE VINILO;50:21.9;50:21.9;NULL
5919;6161;HABANO VINOTINTO;50:21.9;50:21.9;NULL
5920;6162;HABANO ZAPOTE;50:21.9;50:21.9;NULL
5921;6163;HIELO DIAMANTE;50:21.9;50:21.9;NULL
5922;6164;HOJA;50:21.9;50:21.9;NULL
5923;6165;HOJA SECA CAFE;50:21.9;50:21.9;NULL
5924;6166;HOJA SECA FRANJAS AZULES;50:21.9;50:21.9;NULL
5925;6167;HOJA SECA MARFIL;50:21.9;50:21.9;NULL
5926;6168;HOJA SECA NEGRO;50:21.9;50:21.9;NULL
5927;6169;HOJA SECA VINILO NEGRO;50:21.9;50:21.9;NULL
5928;6170;HOJA ROJO;50:21.9;50:21.9;NULL
5929;6171;HUMO PLATA METALIZADO;50:21.9;50:21.9;NULL
5930;6172;IRIS PURPURA;50:22.0;50:22.0;NULL
5931;6173;IRIS PURPLE METALIZADO;50:22.0;50:22.0;NULL
5932;6174;JADE CLARO;50:22.0;50:22.0;NULL
5933;6175;JADE CLARO JADE OSCURO METALIZADO;50:22.0;50:22.0;NULL
5934;6176;JADE CLARO JADE OSCURO;50:22.0;50:22.0;NULL
5935;6177;JADE METALIZADO;50:22.0;50:22.0;NULL
5936;6178;KHAKI OSCURO;50:22.0;50:22.0;NULL
5937;6179;LACA AZUL ESTOR;50:22.0;50:22.0;NULL
5938;6180;LACA AZUL ESTORIAL;50:22.1;50:22.1;NULL
5939;6181;LACA AZUL ESTORIL;50:22.1;50:22.1;NULL
5940;6182;LACA BLANCO ARTICO;50:22.1;50:22.1;NULL
5942;6184;LACA GRIS PLATA;50:22.1;50:22.1;NULL
5943;6185;LACA GRIS TREND;50:22.1;50:22.1;NULL
5944;6186;LACA ROJA BRILLO;50:22.2;50:22.2;NULL
5945;6187;LACA ROJO BRILL;50:22.2;50:22.2;NULL
5946;6188;LACA ROJO BRILLANTE;50:22.2;50:22.2;NULL
5947;6189;LACA ROJO RACIN;50:22.2;50:22.2;NULL
5948;6190;LACA ROJO RACING;50:22.2;50:22.2;NULL
5949;6191;LACA VERDE LIND;50:22.2;50:22.2;NULL
5950;6192;LACA VERDE LINDEN;50:22.2;50:22.2;NULL
5951;6193;LACA VERDE LINO;50:22.2;50:22.2;NULL
5952;6195;LADRILLO CREMA NEGRO;50:22.3;50:22.3;NULL
5953;6196;LADRILLO MAREOL;50:22.3;50:22.3;NULL
5954;6197;LADRILLO MOSTAZA;50:22.3;50:22.3;NULL
5955;6198;LADRILLO CREMA;50:22.3;50:22.3;NULL
5956;6199;LADRILLO VERDE;50:22.3;50:22.3;NULL
5957;6200;LAVANDA PLATA;50:22.3;50:22.3;NULL
5958;6201;LIGHT AGUA;50:22.3;50:22.3;NULL
5959;6202;LIGHT GRAY;50:22.4;50:22.4;NULL
5960;6203;LIGHT GREEN METALLIC;50:22.4;50:22.4;NULL
5961;6204;LIGHTNING;50:22.4;50:22.4;NULL
5962;6205;LILA NEGRO;50:22.4;50:22.4;NULL
5963;6206;LILA CERAMICO;50:22.4;50:22.4;NULL
5964;6207;LILA CLARO;50:22.4;50:22.4;NULL
5965;6208;LILA METALIZADO VERDE;50:22.4;50:22.4;NULL
5966;6209;LILA OSCURO;50:22.4;50:22.4;NULL
5967;6210;LILAC BLUE;50:22.4;50:22.4;NULL
5968;6211;LILA MARFIL;50:22.4;50:22.4;NULL
5969;6212;LILA NEGRO METALIZADO;50:22.4;50:22.4;NULL
5970;6213;LIMA;50:22.4;50:22.4;NULL
5971;6215;LIMA BLUE;50:22.4;50:22.4;NULL
5972;6216;LIME;13:04.4;13:04.4;NULL
5973;6217;LIME GREEN;13:04.4;13:04.4;NULL
5974;6218;LOBELIA MICA;13:04.4;13:04.4;NULL
5975;6221;LOBELIA MICA PQ;13:04.4;13:04.4;NULL
5976;6222;LOBELIA AZUL;13:04.4;13:04.4;NULL
5977;6223;LUNA;13:04.4;13:04.4;NULL
5978;6224;LUNA BEIGE;13:04.4;13:04.4;NULL
5979;6225;LUNA DORADO METALICO;13:04.4;13:04.4;NULL
5980;6226;LUNA GREEN;13:04.5;13:04.5;NULL
5981;6227;LUXOR BEIGE;13:04.5;13:04.5;NULL
5982;6228;MADERA NATURAL VERDE;13:04.5;13:04.5;NULL
5983;6229;MADERA ROJO;13:04.5;13:04.5;NULL
5984;6230;MADERA NEGRO;13:04.5;13:04.5;NULL
5985;6232;MADERA VERDE;13:04.5;13:04.5;NULL
5986;6233;MAGENTA GRIS;13:04.5;13:04.5;NULL
5987;6234;MAGENTA NEGRO;13:04.5;13:04.5;NULL
5988;6235;MAGENTA ROJO;13:04.5;13:04.5;NULL
5989;6236;MAGMA ROJO;13:04.5;13:04.5;NULL
5990;6237;MALACHITE GREEN;13:04.5;13:04.5;NULL
5991;6238;MALAQUITA;13:04.5;13:04.5;NULL
5992;6239;MALAQUITA METALIZADO;13:04.5;13:04.5;NULL
5993;6240;MANDARINA CRICOAT;13:04.5;13:04.5;NULL
5994;6241;MANDARINA CRICOUT;13:04.5;13:04.5;NULL
5995;6242;MANDARINA METALIZADO BLANCO;13:04.5;13:04.5;NULL
5996;6243;MANDARINA PERLADO;13:04.5;13:04.5;NULL
5997;6244;MANDARINA PERLADO NEGRO;13:04.5;13:04.5;NULL
5998;6245;MANDARINA PERLECENTE;13:04.5;13:04.5;NULL
5999;6246;MANDARINA DURAZNO;13:04.5;13:04.5;NULL
6000;6247;MANDARINA NEGRO CURUBA;13:04.5;13:04.5;NULL
6001;6248;MANDARINA BLANCO;13:04.5;13:04.5;NULL
6002;6249;MANDARINA DURAZNO METALIZADO;13:04.5;13:04.5;NULL
6003;6250;MANDARINA GRIS BLANCO;13:04.5;13:04.5;NULL
6004;6251;MANDARINA MARFIL;13:04.6;13:04.6;NULL
6005;6252;MANDARINO;13:04.6;13:04.6;NULL
6006;6253;MARFIL GOLD TONNER POLICROMA;13:04.6;13:04.6;NULL
6007;6254;MARFIL NEGRO ROSADO;13:04.6;13:04.6;NULL
6008;6255;MARFIL ROJO FERRARI;13:04.6;13:04.6;NULL
6009;6256;MARFIL VERDE SELVA;13:04.6;13:04.6;NULL
6010;6257;MARFIL AZUL ROJO;13:04.6;13:04.6;NULL
6011;6258;MARFIL CLARO NEGRO;13:04.6;13:04.6;NULL
6012;6259;MARFIL JUVARRA;13:04.6;13:04.6;NULL
6013;6260;MARFIL NIAGARA TURQUEZA;13:04.6;13:04.6;NULL
6015;6262;MARFIL PERLADO;13:04.7;13:04.7;NULL
6016;6263;MARFIL PERLADO MET;13:04.7;13:04.7;NULL
6017;6264;MARFIL PLATEADO;13:04.7;13:04.7;NULL
6018;6265;MARFIL ROJO CLASICO;13:04.7;13:04.7;NULL
6019;6266;MARFIL ROJO FIESTA FUEGO;13:04.7;13:04.7;NULL
6020;6267;MARFIL TABACO;13:04.7;13:04.7;NULL
6021;6268;MARFIL VERDE JAMAIQUINO;13:04.7;13:04.7;NULL
6022;6269;MARFIL VIOLETA;13:04.7;13:04.7;NULL
6023;6270;MARFIL AGUAMARINA;13:04.7;13:04.7;NULL
6024;6271;MARFIL HABANO;13:04.7;13:04.7;NULL
6025;6272;MARFIL CARMELITA;13:04.7;13:04.7;NULL
6026;6273;MARFIL CREMA;13:04.7;13:04.7;NULL
6027;6274;MARFIL MANDARINA;13:04.7;13:04.7;NULL
6028;6275;MARFIL NEGRO VERDE;13:04.7;13:04.7;NULL
6029;6276;MARFIL RAPE;13:04.7;13:04.7;NULL
6030;6277;MARFIL ROJO VERDE;13:04.7;13:04.7;NULL
6031;6278;MARFIL TURQUESA VERDE;13:04.7;13:04.7;NULL
6032;6279;MARFIL TURQUEZA VERDE;13:04.8;13:04.8;NULL
6033;6281;MARFIL CHAMPAÑA VERDE JADE;13:04.8;13:04.8;NULL
6034;6282;MARFIL MANZANA;13:04.8;13:04.8;NULL
6035;6283;MARFIL MARRON PLATEADO;13:04.8;13:04.8;NULL
6036;6284;MARFIL MARRON NEGRO;13:04.8;13:04.8;NULL
6037;6285;MARFIL MARRON ROJO;13:04.8;13:04.8;NULL
6038;6286;MARFIL MARRON VERDE;13:04.8;13:04.8;NULL
6039;6287;MARFIL MORADO;13:04.8;13:04.8;NULL
6040;6288;MARFIL NARANJA NEGRO;13:04.8;13:04.8;NULL
6041;6289;MARFIL NARANJA ROJO;13:04.8;13:04.8;NULL
6042;6290;MARFIL NARANJA ROJO VERDE JADE;13:04.9;13:04.9;NULL
6043;6291;MARFIL NARANJA VERDE;13:04.9;13:04.9;NULL
6044;6292;MARFIL NEGRO ROJO;13:05.0;13:05.0;NULL
6045;6293;MARFIL NEGRO ROJO VERDE;13:05.0;13:05.0;NULL
6046;6294;MARFIL NEGRO ROJO VERDE JADE;13:05.0;13:05.0;NULL
6047;6295;MARFIL NEGRO TOMATE;13:05.0;13:05.0;NULL
6048;6297;MARFIL NEGRO VERDE JADE;13:05.0;13:05.0;NULL
6049;6298;MARFIL NEGRO VERDE VERDE JADE;13:05.0;13:05.0;NULL
6050;6299;MARFIL NEGRO ZAPOTE;13:05.0;13:05.0;NULL
6051;6300;MARFIL OCRE;13:05.0;13:05.0;NULL
6052;6301;MARFIL ORO OCRE;13:05.0;13:05.0;NULL
6053;6302;MARFIL ORO SINU;13:05.0;13:05.0;NULL
6054;6303;MARFIL ORO TOLEDANO;13:05.0;13:05.0;NULL
6055;6304;MARFIL PERLA;13:05.0;13:05.0;NULL
6056;6305;MARFIL PLATA;13:05.0;13:05.0;NULL
6057;6306;MARFIL PLATA ROJO;13:05.1;13:05.1;NULL
6058;6308;MARFIL PLATEADO VERDE;13:05.1;13:05.1;NULL
6059;6309;MARFIL ROJO BERMELLON;13:05.1;13:05.1;NULL
6060;6310;MARFIL ROJO BORDEAUX;13:05.1;13:05.1;NULL
6061;6311;MARFIL ROJO CAMIUNS;13:05.1;13:05.1;NULL
6062;6312;MARFIL ROJO CEREZA;13:05.1;13:05.1;NULL
6063;6313;MARFIL ROJO CHINO;13:05.1;13:05.1;NULL
6064;6314;MARFIL ROJO CORAL;13:05.1;13:05.1;NULL
6065;6315;MARFIL ROJO CROMADO;13:05.1;13:05.1;NULL
6066;6316;MARFIL ROJO DAMASCO;13:05.1;13:05.1;NULL
6067;6317;MARFIL ROJO DINAMO;13:05.1;13:05.1;NULL
6068;6318;MARFIL ROJO FIESTA;13:05.2;13:05.2;NULL
6069;6319;MARFIL ROJO FUEGO;13:05.2;13:05.2;NULL
6070;6320;MARFIL ROJO IMPERIAL;13:05.2;13:05.2;NULL
6071;6321;MARFIL ROJO LADRILLO;13:05.2;13:05.2;NULL
6072;6322;MARFIL ROJO LLAMA;13:05.2;13:05.2;NULL
6073;6323;MARFIL ROJO LLAMA VERDE JADE;13:05.2;13:05.2;NULL
6074;6324;MARFIL ROJO MANDARINA;13:05.2;13:05.2;NULL
6075;6325;MARFIL ROJO MONTANA;13:05.2;13:05.2;NULL
6076;6326;MARFIL ROJO PASION;13:05.2;13:05.2;NULL
6077;6327;MARFIL ROJO PERLADO;13:05.2;13:05.2;NULL
6078;6328;MARFIL ROJO POLICROMADO;13:05.2;13:05.2;NULL
6079;6329;MARFIL ROJO PUNZO;13:05.2;13:05.2;NULL
6080;6330;MARFIL ROJO TERRANOVA;13:05.2;13:05.2;NULL
6081;6331;MARFIL ROJO TEXACO;13:05.2;13:05.2;NULL
6082;6332;MARFIL ROJO TOLODIN;13:05.2;13:05.2;NULL
6083;6333;MARFIL ROJO ROSADO VERDE JADE;13:05.2;13:05.2;NULL
6084;6335;MARFIL ROJO VERDE DOS TONOS;13:05.2;13:05.2;NULL
6085;6336;MARFIL ROJO VERDE JADE;13:05.2;13:05.2;NULL
6086;6337;MARFIL ROJO VERDE VERDE JADE;13:05.2;13:05.2;NULL
6087;6338;MARFIL ROJO VINOTINTO;13:05.2;13:05.2;NULL
6088;6339;MARFIL ROJO ZAPOTE;13:05.3;13:05.3;NULL
6089;6340;MARFIL ROSADO CORAL;13:05.3;13:05.3;NULL
6090;6341;MARFIL SALMON;13:05.3;13:05.3;NULL
6091;6342;MARFIL STRATO PLATA;13:05.3;13:05.3;NULL
6092;6343;MARFIL TABACO METALIZADO;13:05.3;13:05.3;NULL
6093;6344;MARFIL TABACO VERDE;13:05.3;13:05.3;NULL
6094;6345;MARFIL VERDE ACEITUNA;13:05.3;13:05.3;NULL
6095;6346;MARFIL VERDE ACUARELA;13:05.3;13:05.3;NULL
6096;6347;MARFIL VERDE CLARO;13:05.3;13:05.3;NULL
6097;6348;MARFIL VERDE CROMADO;13:05.3;13:05.3;NULL
6098;6349;MARFIL VERDE ESMERALDA;13:05.3;13:05.3;NULL
6099;6350;MARFIL VERDE JADE;13:05.3;13:05.3;NULL
6100;6352;MARFIL VERDE MANZANA;13:05.3;13:05.3;NULL
6101;6353;MARFIL VERDE MARINO;13:05.3;13:05.3;NULL
6102;6354;MARFIL VERDE OLIVA;13:05.3;13:05.3;NULL
6103;6355;MARFIL VERDE OTOÑAL;13:05.3;13:05.3;NULL
6104;6356;MARFIL VERDE PETROLEO;13:05.3;13:05.3;NULL
6105;6357;MARFIL VERDE POLINESIO;13:05.3;13:05.3;NULL
6106;6358;MARFIL VERDE SAUCE;13:05.3;13:05.3;NULL
6107;6359;MARFIL VERDE SEQUIA;13:05.3;13:05.3;NULL
6108;6360;MARFIL VERDE SETO;13:05.3;13:05.3;NULL
6109;6361;MARFIL VERDE TABACO;13:05.4;13:05.4;NULL
6110;6362;MARFIL VERDE TORNASOL;13:05.4;13:05.4;NULL
6111;6363;MARFIL VERDE ZAPOTE;13:05.4;13:05.4;NULL
6112;6364;MARFIL VINOTINTO;13:05.4;13:05.4;NULL
6113;6365;MARFIL VINOTINTO PERLADO;13:05.4;13:05.4;NULL
6114;6366;MARFIL ZANAHORIA;13:05.4;13:05.4;NULL
6115;6367;MARRON NEGRO ROJO;13:05.4;13:05.4;NULL
6116;6368;MARRON VINILO NEGRO;13:05.4;13:05.4;NULL
6117;6369;MARRON AFRICA MET;13:05.4;13:05.4;NULL
6118;6370;MARRON ALABAMA;13:05.4;13:05.4;NULL
6119;6371;MARRON AMUAY;13:05.4;13:05.4;NULL
6120;6372;MARRON AVELLANA VERDE ALAMO;13:05.4;13:05.4;NULL
6121;6373;MARRON BISONTE;13:05.4;13:05.4;NULL
6123;6375;MARRON BORDEAUX PERLA;13:05.4;13:05.4;NULL
6124;6376;MARRON BRILLANTE;13:05.4;13:05.4;NULL
6125;6377;MARRON CEINA;13:05.4;13:05.4;NULL
6126;6378;MARRON CEREZA;13:05.4;13:05.4;NULL
6127;6379;MARRON CLARO VINOTINTO;13:05.4;13:05.4;NULL
6128;6380;MARRON CROMADO;13:05.4;13:05.4;NULL
6129;6381;MARRON DE AFRICA MET;13:05.4;13:05.4;NULL
6130;6382;MARRON GRANATE;13:05.5;13:05.5;NULL
6131;6383;MARRON HAMILTON;13:05.5;13:05.5;NULL
6132;6384;MARRON HOJA SECA VINO TINTO;13:05.5;13:05.5;NULL
6133;6385;MARRON INDIGO VINOTINTO;13:05.5;13:05.5;NULL
6134;6386;MARRON MOKA NEGRO;13:05.5;13:05.5;NULL
6135;6387;MARRON OCRE;13:05.5;13:05.5;NULL
6136;6388;MARRON OPALO;13:05.5;13:05.5;NULL
6137;6389;MARRON PERIDOTO;13:05.5;13:05.5;NULL
6138;6390;MARRON PERLA;13:05.5;13:05.5;NULL
6139;6391;MARRON ROJIZO;13:05.5;13:05.5;NULL
6140;6392;MARRON ROYAL;13:05.5;13:05.5;NULL
6141;6393;MARRON ROYAL METALIZADO;13:05.5;13:05.5;NULL
6142;6394;MARRON SAMBA;13:05.5;13:05.5;NULL
6143;6395;MARRON SAVEIRO;13:05.5;13:05.5;NULL
6144;6396;MARRON SEPIA;13:05.5;13:05.5;NULL
6145;6397;MARRON SIERRA;13:05.5;13:05.5;NULL
6146;6398;MARRON SIRENA;13:05.5;13:05.5;NULL
6147;6399;MARRON STRATO PLATA;13:05.5;13:05.5;NULL
6148;6400;MARRON TABACO;13:05.5;13:05.5;NULL
6149;6401;MARRON TERRACOTA;13:05.6;13:05.6;NULL
6150;6402;MARRON TIERRA MET;13:05.6;13:05.6;NULL
6151;6403;MARRON TRUFSLE;13:05.6;13:05.6;NULL
6152;6404;MARRON AMARILLO;13:05.6;13:05.6;NULL
6153;6405;MARRON PLATA;13:05.6;13:05.6;NULL
6154;6406;MARRON HABANO ROJO;13:05.6;13:05.6;NULL
6155;6407;MARRON LADRILLO MADERA;13:05.6;13:05.6;NULL
6156;6408;MARRON NEGRO NIQUEL;13:05.6;13:05.6;NULL
6157;6409;MARRON NEGRO VINOTINTO;13:05.6;13:05.6;NULL
6158;6410;MARRON ORO;13:05.6;13:05.6;NULL
6159;6411;MARRON PLATA METALIZADO;13:05.6;13:05.6;NULL
6160;6412;MARRON PLATEADO;13:05.6;13:05.6;NULL
6161;6413;MARRON ROJO OSCURO;13:05.6;13:05.6;NULL
6162;6414;MARRON ROJO TIZIANO;13:05.6;13:05.6;NULL
6163;6415;MARRON VERDE;13:05.6;13:05.6;NULL
6164;6416;MARRON VINOTINTO;13:05.6;13:05.6;NULL
6165;6417;MED POLYNESIAN VERDE;13:05.7;13:05.7;NULL
6166;6418;MEGRO METALIZADOVERDE MANZANA;13:05.7;13:05.7;NULL
6167;6419;METALIZADOAMARILLO PERSEPOLIS;13:05.7;13:05.7;NULL
6168;6420;METAL AZUL ATLANTICO;13:05.7;13:05.7;NULL
6169;6421;METAL BURDEO;13:05.7;13:05.7;NULL
6170;6422;METAL GRIS;13:05.7;13:05.7;NULL
6171;6423;METAL GRIS CUMBERLAND;13:05.7;13:05.7;NULL
6172;6424;METAL GRIS OSCURO;13:05.7;13:05.7;NULL
6173;6425;METAL GRIS PLOMO;13:05.7;13:05.7;NULL
6174;6426;METAL MARRON;13:05.7;13:05.7;NULL
6175;6427;METAL OLIVA;13:05.7;13:05.7;NULL
6176;6428;METAL PLATA CELESTIAL;13:05.7;13:05.7;NULL
6177;6429;METAL PLATEADO;13:05.7;13:05.7;NULL
6178;6430;METAL ROJO COLONIAL;13:05.7;13:05.7;NULL
6179;6431;METAL ROJO DINAMO PERLA;13:05.7;13:05.7;NULL
6180;6432;METAL VERDE;13:05.7;13:05.7;NULL
6181;6433;METAL VERDE ARRECIFE;13:05.8;13:05.8;NULL
6182;6434;METAL VERDE INGLES;13:05.8;13:05.8;NULL
6183;6435;METAL VERDE MARMOL;13:05.8;13:05.8;NULL
6184;6436;METAL VERDE OLIVA;13:05.8;13:05.8;NULL
6185;6437;METAL VERDE SELVA;13:05.8;13:05.8;NULL
6186;6438;METAL MARRON PERIDOTO;13:05.8;13:05.8;NULL
6187;6439;METALICO;13:05.8;13:05.8;NULL
6188;6440;METALICO PLATEADO;13:05.8;13:05.8;NULL
6189;6441;METALICO RUSSET;13:05.8;13:05.8;NULL
6190;6442;METALIZADO;13:05.8;13:05.8;NULL
6191;6443;METALIZADO AZUL DE CHINA;13:05.8;13:05.8;NULL
6192;6444;METALIZADO AZUL RECIFE;13:05.8;13:05.8;NULL
6193;6445;METALIZADO GRIS ALUMINIO;13:05.8;13:05.8;NULL
6194;6446;METALIZADO GRIS COMETA;13:05.8;13:05.8;NULL
6195;6447;METALIZADO GRIS ISLANDIA;13:05.8;13:05.8;NULL
6196;6448;METALIZADO AZUL SUPERIOR;13:05.8;13:05.8;NULL
6197;6449;METALIZADO GRIS COUMBERLAND;13:05.8;13:05.8;NULL
6198;6450;METALIZADO GRIS XERUX;13:05.9;13:05.9;NULL
6199;6452;METALIZADO NAVAJO;13:05.9;13:05.9;NULL
6200;6453;METALIZADO NEGRO;13:05.9;13:05.9;NULL
6201;6454;METALIZADO OLIVA;13:05.9;13:05.9;NULL
6202;6455;METALIZADO PURPURA;13:05.9;13:05.9;NULL
6203;6456;METALIZADO ROJO;13:05.9;13:05.9;NULL
6204;6457;METALIZADO SELVA;13:05.9;13:05.9;NULL
6205;6458;METALIZADO TURQUESA;13:05.9;13:05.9;NULL
6206;6459;METALIZADO VERDE;13:05.9;13:05.9;NULL
6207;6460;METALIZADO VERDE ESMERALDA;13:05.9;13:05.9;NULL
6208;6461;MICA;13:05.9;13:05.9;NULL
6209;6462;MICA RUBI;13:05.9;13:05.9;NULL
6210;6463;MICA VERDE OSCURO;13:05.9;13:05.9;NULL
6211;6464;MID GRAY;13:05.9;13:05.9;NULL
6212;6465;MIEL;13:05.9;13:05.9;NULL
6213;6466;MIEL CORRUGADA VERDE ACUARENA;13:05.9;13:05.9;NULL
6214;6467;MINERAL GRAY;13:05.9;13:05.9;NULL
6215;6468;MING BLUE;13:06.0;13:06.0;NULL
6216;6469;MINT GREEN;13:06.0;13:06.0;NULL
6217;6470;MOCA VERDE CAIMAN;13:06.0;13:06.0;NULL
6218;6471;MOCA FROST;13:06.0;13:06.0;NULL
6221;6474;MOKKA;13:06.0;13:06.0;NULL
6222;6475;MONACO BLUE;13:06.0;13:06.0;NULL
6223;6476;MORA;13:06.0;13:06.0;NULL
6224;6478;MORA MET;13:06.0;13:06.0;NULL
6225;6479;MORADO CLARO;13:06.0;13:06.0;NULL
6226;6480;MORADO CORDOBA;13:06.0;13:06.0;NULL
6227;6481;MORADO LABELIA MICA;13:06.0;13:06.0;NULL
6228;6482;MORADO MICA;13:06.0;13:06.0;NULL
6229;6483;MORADO OSCURO;13:06.0;13:06.0;NULL
6230;6484;MORADO PERLADO;13:06.1;13:06.1;NULL
6231;6485;MORADO POLICROMADO;13:06.1;13:06.1;NULL
6232;6486;MORADO VINO TINTO;13:06.1;13:06.1;NULL
6233;6487;MORADO BLANCO VERDE VERDE AMARILLO ROJO BLANCO;13:06.1;13:06.1;NULL
6234;6488;MORADO MARFIL;13:06.1;13:06.1;NULL
6235;6489;MORADO CREMA;13:06.1;13:06.1;NULL
6236;6490;MORADO NEGRO FRAN ROSAD;13:06.1;13:06.1;NULL
6237;6491;MORADO NEGRO VERDE;13:06.1;13:06.1;NULL
6238;6492;MORADO VIOLETA;13:06.2;13:06.2;NULL
6239;6493;MOSTAZA AMARILLO;13:06.2;13:06.2;NULL
6240;6494;MOSTAZA BLANCO HUESO;13:06.2;13:06.2;NULL
6241;6495;MOSTAZA BLANCO VERDE;13:06.2;13:06.2;NULL
6242;6496;MOSTAZA CAFÉ;13:06.2;13:06.2;NULL
6243;6497;MOSTAZA PLATA;13:06.2;13:06.2;NULL
6244;6498;MOSTAZA/PLATA;13:06.2;13:06.2;NULL
6245;6499;MOSTAZA VERDE;13:06.2;13:06.2;NULL
6246;6500;MOSTAZA VINILO NEGRO;13:06.2;13:06.2;NULL
6247;6501;MOSTAZA VINO TINTO;13:06.3;13:06.3;NULL
6248;6502;NACAR METALIZADO;13:06.3;13:06.3;NULL
6249;6503;NARANJA MEJICO;13:06.3;13:06.3;NULL
6250;6504;NARANJA VERDE OLIVA;13:06.3;13:06.3;NULL
6251;6505;NARANJA BLANCO AMARILLO ROJO;13:06.3;13:06.3;NULL
6252;6506;NARANJA /PLATA;13:06.3;13:06.3;NULL
6253;6507;NARANJA AEREO;13:06.3;13:06.3;NULL
6254;6508;NARANJA ASTRAL;13:06.3;13:06.3;NULL
6255;6509;NARANJA AUSTRAL;13:06.3;13:06.3;NULL
6256;6510;NARANJA BLANCO ROJO;13:06.4;13:06.4;NULL
6257;6511;NARANJA BRONCE;13:06.4;13:06.4;NULL
6258;6512;NARANJA CALIFOR;13:06.4;13:06.4;NULL
6259;6513;NARANJA CALIFORNIA;13:06.4;13:06.4;NULL
6260;6514;NARANJA CALIFORNIA PERLADO;13:06.5;13:06.5;NULL
6261;6515;NARANJA COBRE;13:06.5;13:06.5;NULL
6262;6517;NARANJA CORAL;13:06.5;13:06.5;NULL
6263;6518;NARANJA DEGRADE;13:06.5;13:06.5;NULL
6264;6519;NARANJA EVOLUTION MET;13:06.6;13:06.6;NULL
6265;6520;NARANJA FLAMA PERLADO;13:06.6;13:06.6;NULL
6266;6521;NARANJA IMPACTO;13:06.6;13:06.6;NULL
6267;6522;NARANJA MANDARINA;13:06.6;13:06.6;NULL
6268;6523;NARANJA OSCURO;13:06.7;13:06.7;NULL
6269;6525;NARANJA PERLA;13:06.7;13:06.7;NULL
6270;6526;NARANJA PERLADO NEGRO;13:06.7;13:06.7;NULL
6271;6527;NARANJA PLATA;13:06.7;13:06.7;NULL
6272;6528;NARANJA PLATA NARANJA PLATA;13:06.7;13:06.7;NULL
6273;6529;NARANJA ROJO AMARILLO;13:06.7;13:06.7;NULL
6274;6530;NARANJA SALAMAN;13:06.8;13:06.8;NULL
6275;6531;NARANJA SCANIA;13:06.8;13:06.8;NULL
6276;6532;NARANJA SILVER;13:06.8;13:06.8;NULL
6277;6533;NARANJA SPOT MET;13:06.8;13:06.8;NULL
6278;6534;NARANJA TROPICAL METALIZADO;13:06.9;13:06.9;NULL
6279;6535;NARANJA VERDE PERLADO;13:06.9;13:06.9;NULL
6280;6536;NARANJA VERDE PLATEADO;13:06.9;13:06.9;NULL
6281;6537;NARANJA VICTORIA VERDE METAL;13:06.9;13:06.9;NULL
6282;6538;NARANJA BLANCO ROJO METALIZADO;13:06.9;13:06.9;NULL
6283;6539;NARANJA CREMA METALIZADO;13:06.9;13:06.9;NULL
6284;6540;NARANJA MANDARINA METALIZADO;13:06.9;13:06.9;NULL
6285;6541;NARANJA ROJO AMARILLO NEGRO;13:06.9;13:06.9;NULL
6286;6542;NARANJA ROJO AZUL Y CREMA;13:07.0;13:07.0;NULL
6287;6543;NARANJA AMARILLO;13:07.0;13:07.0;NULL
6288;6544;NARANJA BLANCO ARTICO;13:07.0;13:07.0;NULL
6289;6546;NARANJA PLATEADO VERDE;13:07.0;13:07.0;NULL
6290;6547;NARANJA ROJO AMARILLO METALIZADO;13:07.0;13:07.0;NULL
6291;6548;NARANJA TURQUEZA;13:07.0;13:07.0;NULL
6292;6549;NARANJA AZUL NEGRO;13:07.0;13:07.0;NULL
6293;6550;NARANJA PLATA METALIZADO;13:07.1;13:07.1;NULL
6294;6551;NARANJA NEGRO PLATA;13:07.1;13:07.1;NULL
6295;6552;NARANJA NEGRO ROJO;13:07.1;13:07.1;NULL
6296;6553;NARANJA OCRE;13:07.1;13:07.1;NULL
6297;6555;NARANJA PLATA ROJO;13:07.1;13:07.1;NULL
6298;6556;NARANJA PLATA VERDE;13:07.1;13:07.1;NULL
6299;6557;NARANJA PLATEADO FRANJA NEGRA;13:07.1;13:07.1;NULL
6300;6559;NARANJA ROJO POLICROMADO;13:07.1;13:07.1;NULL
6301;6560;NARANJA ROJO VERDE JADE;13:07.2;13:07.2;NULL
6302;6562;NARANJA VINO TINTO;13:07.2;13:07.2;NULL
6304;6564;NAVY BLUE;13:07.2;13:07.2;NULL
6305;6565;NAVY BLUE MICA;13:07.2;13:07.2;NULL
6306;6566;NEGRO BERLIN PLATA VERDE;13:07.2;13:07.2;NULL
6307;6567;NEGRO ROJO FERRARI;13:07.3;13:07.3;NULL
6308;6568;NEGRO SILICE TORNADO;13:07.3;13:07.3;NULL
6309;6569;NEGRO VERDE MALAGA;13:07.3;13:07.3;NULL
6310;6570;NEGRO AMARILLO Y ROJO;13:07.3;13:07.3;NULL
6311;6571;NEGRO AZURITE METALIZADO;13:07.3;13:07.3;NULL
6312;6572;NEGRO BASALTO;13:07.3;13:07.3;NULL
6313;6573;NEGRO BASALTO METALIZADO;13:07.3;13:07.3;NULL
6314;6574;NEGRO BERLIN PLATA;13:07.3;13:07.3;NULL
6315;6575;NEGRO BERLIN PLATA METALIZADO;13:07.3;13:07.3;NULL
6316;6576;NEGRO BERLIN PLATA VERSALLES;13:07.3;13:07.3;NULL
6317;6577;NEGRO BERLIN VERDE MANZANA;13:07.3;13:07.3;NULL
6318;6578;NEGRO BERLIN VERDE MICA;13:07.5;13:07.5;NULL
6319;6579;NEGRO BRILLANTE Y STRATO;13:07.6;13:07.6;NULL
6320;6580;NEGRO BRILLANTE ROJO MONACO;13:07.6;13:07.6;NULL
6321;6581;NEGRO CAMALEON;13:07.6;13:07.6;NULL
6322;6582;NEGRO CAMALEON VERDE;13:07.6;13:07.6;NULL
6323;6583;NEGRO CAMALEON VIOLETA DORADO;13:07.6;13:07.6;NULL
6324;6584;NEGRO CAMALEON ROJO;13:07.6;13:07.6;NULL
6325;6585;NEGRO CAMALEON VERDE CAMALEON;13:07.6;13:07.6;NULL
6326;6586;NEGRO CARBON;13:07.7;13:07.7;NULL
6327;6587;NEGRO CARBON METALIZADO;13:07.7;13:07.7;NULL
6328;6588;NEGRO CEREZA MICA;13:07.7;13:07.7;NULL
6329;6589;NEGRO CHERRY;13:07.7;13:07.7;NULL
6330;6590;NEGRO COBRE;13:07.7;13:07.7;NULL
6331;6591;NEGRO COLUMBITA METALIZADO;13:07.7;13:07.7;NULL
6332;6592;NEGRO CRISTAL;13:07.7;13:07.7;NULL
6333;6593;NEGRO CRISTAL BRILLANTE;13:07.7;13:07.7;NULL
6334;6594;NEGRO CRISTALIZADO;13:07.7;13:07.7;NULL
6335;6595;NEGRO DEER;13:07.8;13:07.8;NULL
6336;6596;NEGRO DEGRADE;13:07.8;13:07.8;NULL
6337;6597;NEGRO DELUX;13:07.8;13:07.8;NULL
6338;6598;NEGRO DELUXE;13:07.8;13:07.8;NULL
6339;6599;NEGRO DENIM NEGRO;13:07.8;13:07.8;NULL
6340;6600;NEGRO FLAMENCO;13:07.8;13:07.8;NULL
6341;6601;NEGRO FLAMES;13:07.9;13:07.9;NULL
6342;6602;NEGRO FLINT;13:07.9;13:07.9;NULL
6343;6603;NEGRO GRANITO PERLECENTE;13:07.9;13:07.9;NULL
6344;6604;NEGRO HIERRO;13:07.9;13:07.9;NULL
6345;6605;NEGRO IMPERIAL;13:07.9;13:07.9;NULL
6346;6606;NEGRO LIBANO;13:07.9;13:07.9;NULL
6347;6607;NEGRO MADERA;13:07.9;13:07.9;NULL
6348;6608;NEGRO MAGENTA;13:08.0;13:08.0;NULL
6349;6609;NEGRO MAGNETICO;13:08.0;13:08.0;NULL
6350;6610;NEGRO MATE ROJO;13:08.0;13:08.0;NULL
6351;6611;NEGRO MATE ROJO FUEGO;13:08.0;13:08.0;NULL
6352;6612;NEGRO MATE ROJO RUBI;13:08.0;13:08.0;NULL
6353;6613;NEGRO MELANITA METALIZADO;13:08.0;13:08.0;NULL
6354;6614;NEGRO MORADO AMARILLO;13:08.0;13:08.0;NULL
6355;6615;NEGRO NACAR;13:08.0;13:08.0;NULL
6356;6616;NEGRO NACAR GRIS PLATA;13:08.0;13:08.0;NULL
6357;6617;NEGRO NEEP;13:08.0;13:08.0;NULL
6358;6618;NEGRO NIEUL;13:08.1;13:08.1;NULL
6359;6619;NEGRO OCRE;13:08.1;13:08.1;NULL
6360;6620;NEGRO OPAL;13:08.1;13:08.1;NULL
6361;6621;NEGRO ORION;13:08.1;13:08.1;NULL
6362;6622;NEGRO ORO;13:08.1;13:08.1;NULL
6364;6624;NEGRO PERLADO GRIS;13:08.2;13:08.2;NULL
6365;6625;NEGRO PERLADO VERDE;13:08.2;13:08.2;NULL
6366;6626;NEGRO PHANTON;13:08.5;13:08.5;NULL
6367;6627;NEGRO PLATA AMARILLO;13:08.5;13:08.5;NULL
6368;6628;NEGRO PRISMATIQUE;13:08.5;13:08.5;NULL
6369;6629;NEGRO PYRENEES;13:08.5;13:08.5;NULL
6370;6630;NEGRO PYRENESS;13:08.6;13:08.6;NULL
6371;6631;NEGRO RAVEN;13:08.6;13:08.6;NULL
6372;6632;NEGRO REGAL;13:08.6;13:08.6;NULL
6373;6633;NEGRO RUBY METALIZADO;13:08.6;13:08.6;NULL
6374;6634;NEGRO SAFIRO METALIZADO;13:08.7;13:08.7;NULL
6375;6635;NEGRO SLEVER;13:08.7;13:08.7;NULL
6376;6636;NEGRO STARLIGHT;13:08.7;13:08.7;NULL
6377;6637;NEGRO TERRACOTA;13:08.7;13:08.7;NULL
6378;6638;NEGRO TINTO PERLADO;13:08.7;13:08.7;NULL
6379;6639;NEGRO TROPICO METALIZADO;13:08.7;13:08.7;NULL
6380;6640;NEGRO UVA;13:08.7;13:08.7;NULL
6381;6641;NEGRO VERDOSO PERLADO;13:08.7;13:08.7;NULL
6382;6642;NEGRO VERNI;13:08.8;13:08.8;NULL
6383;6643;NEGRO VESUVIO METALIZADO;13:08.8;13:08.8;NULL
6384;6644;NEGRO VINILO ROJO;13:08.8;13:08.8;NULL
6385;6645;NEGRO VINO;13:08.8;13:08.8;NULL
6386;6646;NEGRO VOLCAN;13:08.8;13:08.8;NULL
6387;6647;NEGRO VOLCAN EFECTO PERLA;13:08.8;13:08.8;NULL
6388;6648;NEGRO VULCANO;13:08.8;13:08.8;NULL
6389;6649;NEGRO  VIOLETA;13:08.8;13:08.8;NULL
6390;6650;NEGRO AMARILLO AZUL AMARILLO;13:08.8;13:08.8;NULL
6391;6651;NEGRO AMARILLO ROJO;13:08.9;13:08.9;NULL
6392;6652;NEGRO AZUL BLANCO;13:08.9;13:08.9;NULL
6393;6653;NEGRO AZUL LAGO AZUL LAGO;13:08.9;13:08.9;NULL
6394;6654;NEGRO BLANCO ROSS;13:08.9;13:08.9;NULL
6395;6655;NEGRO BLANCO SAL;13:08.9;13:08.9;NULL
6396;6656;NEGRO BLANCO AZUL;13:08.9;13:08.9;NULL
6397;6657;NEGRO ROJO AMARILLO;13:08.9;13:08.9;NULL
6398;6658;NEGRO ROJO MORADO;13:08.9;13:08.9;NULL
6399;6659;NEGRO BICAPA;13:08.9;13:08.9;NULL
6400;6660;NEGRO BLANCO HUESO;13:08.9;13:08.9;NULL
6401;6661;NEGRO FRANJAS DORADA ROJAS;13:08.9;13:08.9;NULL
6402;6663;NEGRO PLATA AMARILLO METALIZADO;13:08.9;13:08.9;NULL
6403;6664;NEGRO PLATA ROJO;13:08.9;13:08.9;NULL
6404;6665;NEGRO PLATA ROJO DORADO;13:09.0;13:09.0;NULL
6405;6666;NEGRO PYRENNES;13:09.0;13:09.0;NULL
6406;6667;NEGRO ROJO VERDE;13:09.0;13:09.0;NULL
6407;6668;NEGRO ROJO VINOTINTO;13:09.0;13:09.0;NULL
6408;6669;NEGRO ROJO ZANAHORIA;13:09.0;13:09.0;NULL
6409;6670;NEGRO SPACE METALIZADO;13:09.0;13:09.0;NULL
6410;6671;NEGRO ZAPOTE;13:09.0;13:09.0;NULL
6411;6672;NEGRO PLATA AMARILLO METALICO;13:09.0;13:09.0;NULL
6412;6673;NEGRO BLANCO GRIS;13:09.0;13:09.0;NULL
6413;6674;NEGRO CAMUFLADO;13:09.0;13:09.0;NULL
6414;6675;NEGRO CURUBA;13:09.1;13:09.1;NULL
6415;6676;NEGRO GRIS TITANIO;13:09.1;13:09.1;NULL
6416;6677;NEGRO MARFIL VERDE;13:09.1;13:09.1;NULL
6417;6678;NEGRO MARRON VINILO;13:09.1;13:09.1;NULL
6418;6680;NEGRO ORO TOLEDANO;13:09.1;13:09.1;NULL
6419;6681;NEGRO PISTACHO;13:09.1;13:09.1;NULL
6420;6682;NEGRO PLATA ARIANNE;13:09.1;13:09.1;NULL
6421;6683;NEGRO PLATA ESCUNA;13:09.1;13:09.1;NULL
6422;6684;NEGRO PLATA NIQUEL;13:09.1;13:09.1;NULL
6423;6685;NEGRO PLATA QUEENS;13:09.1;13:09.1;NULL
6424;6686;NEGRO PLATA VERSALLES;13:09.2;13:09.2;NULL
8955;9277;GRIS LUNA;19:55.4;19:55.4;NULL
6425;6687;NEGRO PLATA VIEJA;13:09.2;13:09.2;NULL
6426;6689;NEGRO PLATEADO ROJO;13:09.2;13:09.2;NULL
6427;6690;NEGRO PLATINO;13:09.2;13:09.2;NULL
6428;6691;NEGRO ROJO AURORA;13:09.2;13:09.2;NULL
6429;6692;NEGRO ROJO BORDEAUX;13:09.2;13:09.2;NULL
6430;6693;NEGRO ROJO CEREZA;13:09.2;13:09.2;NULL
6431;6694;NEGRO ROJO CORAL;13:09.2;13:09.2;NULL
6432;6695;NEGRO ROJO ESCARLATA;13:09.2;13:09.2;NULL
6433;6696;NEGRO ROJO FRAMBUESA METALICO;13:09.2;13:09.2;NULL
6434;6697;NEGRO ROJO FUEGO;13:09.2;13:09.2;NULL
6435;6698;NEGRO ROJO GALIPAN;13:09.2;13:09.2;NULL
6436;6699;NEGRO ROJO IMPERIAL;13:09.2;13:09.2;NULL
6437;6700;NEGRO ROJO LUCIFER;13:09.2;13:09.2;NULL
6438;6701;NEGRO ROJO MILANO;13:09.2;13:09.2;NULL
6439;6702;NEGRO ROJO MONTANA;13:09.2;13:09.2;NULL
6440;6703;NEGRO ROJO MONTECARLO;13:09.3;13:09.3;NULL
6441;6704;NEGRO ROJO OPORTO;13:09.3;13:09.3;NULL
6442;6705;NEGRO ROJO OSCURO;13:09.3;13:09.3;NULL
6443;6706;NEGRO ROJO OSCURO PERLECENTE;13:09.3;13:09.3;NULL
6444;6707;NEGRO ROJO PASION;13:09.3;13:09.3;NULL
6445;6708;NEGRO ROJO PERLADO;13:09.3;13:09.3;NULL
6446;6709;NEGRO ROJO TEXACO;13:09.3;13:09.3;NULL
6447;6710;NEGRO ROJO FRANJA AZUL;13:09.3;13:09.3;NULL
6448;6712;NEGRO ROJO VERDE JADE;13:09.3;13:09.3;NULL
6449;6713;NEGRO ROJO ZAPOTE;13:09.3;13:09.3;NULL
6450;6714;NEGRO STRATO PLATA;13:09.3;13:09.3;NULL
6451;6715;NEGRO TABACO;13:09.3;13:09.3;NULL
6452;6716;NEGRO TRIGO;13:09.3;13:09.3;NULL
6453;6717;NEGRO VERDE ACUARELA;13:09.3;13:09.3;NULL
6454;6718;NEGRO VERDE ESMERALDA;13:09.3;13:09.3;NULL
6455;6719;NEGRO VERDE ESPERANZA;13:09.3;13:09.3;NULL
6456;6720;NEGRO VERDE LIMA;13:09.3;13:09.3;NULL
6457;6721;NEGRO VERDE LIMON;13:09.3;13:09.3;NULL
6458;6722;NEGRO VERDE MANZANA;13:09.3;13:09.3;NULL
6459;6723;NEGRO VERDE MICA;13:09.3;13:09.3;NULL
6460;6724;NEGRO VERDE MUZGO METALIZADO;13:09.4;13:09.4;NULL
6461;6725;NEGRO VERDE PINO;13:09.4;13:09.4;NULL
6462;6726;NEGRO VERDE PISTACHO;13:09.4;13:09.4;NULL
6463;6727;NEGRO VERDE POLICROMADO;13:09.4;13:09.4;NULL
6464;6728;NEGRO VERDE SELVA METALIZADO;13:09.4;13:09.4;NULL
6465;6729;NEGRO VERDE SETO;13:09.4;13:09.4;NULL
6466;6730;NEGRO VERDE VERDE JADE;13:09.4;13:09.4;NULL
6467;6731;NEGRO ZANAHORIA;13:09.4;13:09.4;NULL
6468;6733;NIAGARA GRAY;13:09.4;13:09.4;NULL
6469;6734;NIAGARA GREY;13:09.4;13:09.4;NULL
6470;6735;NIAGARA TURQUESA NEGRO;13:58.4;13:58.4;NULL
6471;6736;NIAGARA TURQUEZA AMARILLO;13:58.4;13:58.4;NULL
6472;6737;NIQUE VERDE NEGRO;13:58.4;13:58.4;NULL
6473;6738;NIQUEL PLATEADO;13:58.4;13:58.4;NULL
6474;6739;NIQUEL PLATA;13:58.4;13:58.4;NULL
6475;6740;NIQUEL ROJO;13:58.4;13:58.4;NULL
6476;6741;NIQUEL VINOTINTO;13:58.4;13:58.4;NULL
6477;6745;NUEVO PLATA VOGUE;13:58.4;13:58.4;NULL
6479;6747;OBSIDIAN BLACK;13:58.4;13:58.4;NULL
6480;6748;OBSIDION BLACK PEARL;13:58.4;13:58.4;NULL
6481;6749;OCRE CLARO;13:58.4;13:58.4;NULL
6482;6750;OCRE DAMASCO BLANCO;13:58.5;13:58.5;NULL
6483;6751;OLIVA BLANCO;13:58.5;13:58.5;NULL
6484;6752;OLIVA NEGRO;13:58.5;13:58.5;NULL
6485;6753;OLIVA PERLADO;13:58.5;13:58.5;NULL
6486;6754;OLIVA HUESO;13:58.5;13:58.5;NULL
6487;6755;OLIVE GREEN;13:58.5;13:58.5;NULL
6488;6756;ONIX GRIS METALICO;13:58.5;13:58.5;NULL
6489;6757;OPAL GRUM;13:58.5;13:58.5;NULL
6490;6758;OPAL GRUN;13:58.5;13:58.5;NULL
6491;6759;OPALO OSCURO;13:58.5;13:58.5;NULL
6492;6760;OPEL BLUE;13:58.5;13:58.5;NULL
6493;6761;ORANGE;13:58.5;13:58.5;NULL
6494;6763;ORANGE SILVER;13:58.5;13:58.5;NULL
6495;6764;ORANGE METALIZADO;13:58.5;13:58.5;NULL
6496;6765;ORO ROJO PERLADO;13:58.5;13:58.5;NULL
6497;6766;ORO BLANCO PERLADO;13:58.5;13:58.5;NULL
6498;6767;ORO CENIZO PERLA METALIZADO;13:58.6;13:58.6;NULL
6499;6768;ORO CHOUBER;13:58.6;13:58.6;NULL
6500;6769;ORO CROMADO;13:58.6;13:58.6;NULL
6501;6770;ORO GUAYANA;13:58.6;13:58.6;NULL
6502;6771;ORO MATE MET;13:58.6;13:58.6;NULL
6503;6772;ORO MAYA METALIZADO;13:58.6;13:58.6;NULL
6504;6773;ORO METALIZADO MARFIL;13:58.6;13:58.6;NULL
6505;6774;ORO MICA METALICO;13:58.6;13:58.6;NULL
6506;6775;ORO MINAS VERDE ANDINO;13:58.6;13:58.6;NULL
6507;6776;ORO OCRE;13:58.6;13:58.6;NULL
6508;6777;ORO PERLADO;13:58.7;13:58.7;NULL
6509;6779;ORO PLATINADO;13:58.7;13:58.7;NULL
6510;6780;ORO POLICROMADO;13:58.7;13:58.7;NULL
6511;6781;ORO SIENA METALIZADO;13:58.7;13:58.7;NULL
6512;6782;ORO SIERRA METALIZADO;13:58.7;13:58.7;NULL
6513;6783;ORO SIERRA POLICROMADO;13:58.7;13:58.7;NULL
6514;6784;ORO SINU VERDE;13:58.7;13:58.7;NULL
6515;6785;ORO SINU VERDE SETO;13:58.7;13:58.7;NULL
6516;6786;ORO SINU ROJO;13:58.7;13:58.7;NULL
6517;6787;ORO SINU NEGRO;13:58.7;13:58.7;NULL
6518;6788;ORO SINU ROJO METALIZADO;13:58.7;13:58.7;NULL
6519;6789;ORO SINU ROJO OPORTO;13:58.7;13:58.7;NULL
6520;6790;ORO SINU VERDE MUSGO MET;13:58.7;13:58.7;NULL
6521;6791;ORO SONORA METALIZADO;13:58.7;13:58.7;NULL
6522;6792;ORO SUAVE;13:58.8;13:58.8;NULL
6523;6793;ORO TOLEDANO BEIGE CARRARA;13:58.8;13:58.8;NULL
6524;6794;ORO TOLEDANO VERDE ACEITUNA;13:58.8;13:58.8;NULL
6525;6795;ORO TOLEDANO CAFÉ;13:58.8;13:58.8;NULL
6526;6796;ORO TOLEDANO ROJO CAFE;13:58.8;13:58.8;NULL
6527;6797;ORO TOPACIO;13:58.8;13:58.8;NULL
6528;6798;ORO TORNASOL;13:58.8;13:58.8;NULL
6529;6799;ORO VIEJO;13:58.8;13:58.8;NULL
6530;6800;ORO MARRON SINU;13:58.8;13:58.8;NULL
6531;6802;ORO ROJO;13:58.8;13:58.8;NULL
6532;6803;ORO VERDE;13:58.8;13:58.8;NULL
6533;6804;ORO VERDE INGLES METALIZADO;13:58.8;13:58.8;NULL
6534;6805;ORO VINOTINTO;13:58.8;13:58.8;NULL
6535;6806;PALE OAK METAL;13:58.8;13:58.8;NULL
6536;6807;PALE VIOLET;13:58.8;13:58.8;NULL
6537;6808;PALEOAK;13:58.9;13:58.9;NULL
6538;6809;PARDO;13:58.9;13:58.9;NULL
6539;6810;PARDO METALIZADOCLARO;13:58.9;13:58.9;NULL
6540;6811;PARDO MILANO;13:58.9;13:58.9;NULL
6541;6812;PARDO OSCURO METALIZADO;13:58.9;13:58.9;NULL
6542;6813;PARDO TOPACIO;13:58.9;13:58.9;NULL
6543;6814;PASION NARANJA PERL NEGRO BR;13:58.9;13:58.9;NULL
6544;6815;PASION ROSA;13:58.9;13:58.9;NULL
6545;6816;PASSION ROSE;13:58.9;13:58.9;NULL
6546;6817;PASSION ROSE MICA;13:58.9;13:58.9;NULL
6547;6818;PASTEL NEGRO;13:58.9;13:58.9;NULL
6548;6819;PASTEL ROJO ADEN METALIZADO;13:59.0;13:59.0;NULL
6549;6820;PASTEL BLANCO BANQUISE METALIZADO;13:59.0;13:59.0;NULL
6550;6821;PASTEL NEGRO ONIX METALIZADO;13:59.0;13:59.0;NULL
6551;6822;PASTEL ROJO ADEN METALICO;13:59.0;13:59.0;NULL
6552;6823;PERLA ROJO;13:59.0;13:59.0;NULL
6553;6824;PERLA VERDE AMERICA;13:59.0;13:59.0;NULL
6554;6825;PERLA BRONCE;13:59.0;13:59.0;NULL
6555;6826;PERLA COBRIZADA;13:59.0;13:59.0;NULL
6556;6827;PERLA DORADO METALIZADO;13:59.0;13:59.0;NULL
6557;6828;PERLA MEDIALUZ;13:59.0;13:59.0;NULL
6558;6829;PERLA METALIZADOVERDE;13:59.0;13:59.0;NULL
6559;6830;PERLA MICA;13:59.0;13:59.0;NULL
6560;6831;PERLA NARANJA MICA;13:59.0;13:59.0;NULL
6561;6832;PERLA PURPURA;13:59.0;13:59.0;NULL
6562;6833;PERLA AZUL;13:59.1;13:59.1;NULL
6563;6834;PERLA ESTRATO;13:59.1;13:59.1;NULL
6564;6835;PERLA STRATO;13:59.1;13:59.1;NULL
6565;6836;PERLADO;13:59.1;13:59.1;NULL
6566;6837;PERLADO GRAFITO;13:59.1;13:59.1;NULL
6567;6838;PERLADO ROJO FINO MAGENTA;13:59.1;13:59.1;NULL
6568;6839;PERLECENTE ROJO BORDEAUX;13:59.2;13:59.2;NULL
6569;6840;PERLITA METALIZADO;13:59.2;13:59.2;NULL
6570;6841;PETROLEO METALIZADO;13:59.2;13:59.2;NULL
6571;6842;PETROLEO;13:59.2;13:59.2;NULL
6572;6843;PETROLEO METALICO;13:59.2;13:59.2;NULL
6573;6844;PEUTER ASH GRIS;13:59.2;13:59.2;NULL
6574;6845;PEWTER;13:59.2;13:59.2;NULL
6575;6846;PEWTER ARENA;13:59.2;13:59.2;NULL
6576;6847;PEWTER METALICO;13:59.3;13:59.3;NULL
6577;6848;PEWTER CHAMPAÑA;13:59.3;13:59.3;NULL
6578;6849;PLATA GUARDIA;13:59.3;13:59.3;NULL
6579;6850;PLATA ROJO PALMA;13:59.3;13:59.3;NULL
6580;6851;PLATA STARLIGHT METALIZADO;13:59.3;13:59.3;NULL
6581;6852;PLATA LAVANDA;13:59.3;13:59.3;NULL
6582;6853;PLATA AKOYA;13:59.3;13:59.3;NULL
6583;6854;PLATA ALTAI;13:59.3;13:59.3;NULL
6584;6855;PLATA ALTAI SILVER;13:59.3;13:59.3;NULL
6585;6856;PLATA ALTAMIRA;13:59.4;13:59.4;NULL
6586;6857;PLATA ALUMINIO MET;13:59.4;13:59.4;NULL
6587;6858;PLATA APPALOOSA;13:59.4;13:59.4;NULL
6588;6859;PLATA ARABE BLANCO;13:59.4;13:59.4;NULL
6589;6860;PLATA ARABE PLATA ARABE;13:59.4;13:59.4;NULL
6590;6861;PLATA ARENA NEGRO SOLIDO;13:59.4;13:59.4;NULL
6591;6862;PLATA ARENA ROJO MINERAL;13:59.4;13:59.4;NULL
6592;6863;PLATA ARIAN;13:59.4;13:59.4;NULL
6593;6864;PLATA ARIANA;13:59.4;13:59.4;NULL
6594;6865;PLATA ARIANI;13:59.5;13:59.5;NULL
6595;6866;PLATA ARIANNE PLATA ARIANNE;13:59.5;13:59.5;NULL
6596;6867;PLATA ARIARI;13:59.5;13:59.5;NULL
6597;6868;PLATA ARKTIS METALIZADO;13:59.5;13:59.5;NULL
6598;6869;PLATA ARTICO;13:59.5;13:59.5;NULL
6599;6870;PLATA ASCUN;13:59.5;13:59.5;NULL
6600;6871;PLATA AVUS;13:59.5;13:59.5;NULL
6601;6872;PLATA BOGUE;13:59.5;13:59.5;NULL
6602;6873;PLATA BOREAL;13:59.5;13:59.5;NULL
6603;6874;PLATA BREZO PERLADA;13:59.5;13:59.5;NULL
6604;6875;PLATA BRILLANTE NEGRO;13:59.5;13:59.5;NULL
6605;6876;PLATA BUINA;13:59.5;13:59.5;NULL
6606;6877;PLATA CALIDO;13:59.5;13:59.5;NULL
6607;6878;PLATA CENIZA AZUL NOCTURNO PERLADO;13:59.5;13:59.5;NULL
6608;6879;PLATA CENIZA ROJO VINO BICAPA;13:59.5;13:59.5;NULL
6609;6880;PLATA CENIZA VERDE ALAMO;13:59.6;13:59.6;NULL
6610;6881;PLATA CEREZA;13:59.6;13:59.6;NULL
6611;6882;PLATA CLARO METALIZADOROJO OSC;13:59.6;13:59.6;NULL
6612;6883;PLATA CLARO METALIZADOVERDE OSC MET;13:59.6;13:59.6;NULL
6613;6884;PLATA CLARO METALIZADOVERDE SELVA M;13:59.6;13:59.6;NULL
6614;6885;PLATA CLEAN;13:59.6;13:59.6;NULL
6615;6886;PLATA COLUMBIA;13:59.6;13:59.6;NULL
6616;6887;PLATA COOL GRIS MEDIO MICA METALIZADO;13:59.7;13:59.7;NULL
6617;6888;PLATA CUBANITA;13:59.7;13:59.7;NULL
6618;6889;PLATA DARK MET;13:59.7;13:59.7;NULL
6619;6890;PLATA DOLAR;13:59.7;13:59.7;NULL
6620;6891;PLATA EIGEL;13:59.7;13:59.7;NULL
6621;6892;PLATA ESCUNA NEGRO;13:59.7;13:59.7;NULL
6622;6893;PLATA ESCUNA Y MANDARINA;13:59.7;13:59.7;NULL
6623;6894;PLATA ESCUNA PLATA CLARO;13:59.7;13:59.7;NULL
6624;6895;PLATA ESCUNA PLATA ESCUNA;13:59.7;13:59.7;NULL
6625;6896;PLATA ESTERLINA;13:59.8;13:59.8;NULL
6626;6897;PLATA FRESCO OSCURO;13:59.8;13:59.8;NULL
6627;6898;PLATA FRESCO GRIS OSCURO METALIZADO;13:59.8;13:59.8;NULL
6628;6899;PLATA GALAXIA;13:59.8;13:59.8;NULL
6629;6900;PLATA GALAXIA MET;13:59.8;13:59.8;NULL
6630;6901;PLATA GLACIAL;13:59.8;13:59.8;NULL
6631;6902;PLATA GLACIER;13:59.8;13:59.8;NULL
6632;6904;PLATA GRADA;13:59.8;13:59.8;NULL
6633;6905;PLATA GUARDIA METALIZADO;13:59.8;13:59.8;NULL
6634;6906;PLATA HUMO;13:59.8;13:59.8;NULL
6635;6907;PLATA INARI VERDE CLARO;13:59.8;13:59.8;NULL
6636;6908;PLATA INUBE;13:59.8;13:59.8;NULL
6637;6909;PLATA KASCHMIR METALIZADO;13:59.9;13:59.9;NULL
6638;6910;PLATA LA BANDA;13:59.9;13:59.9;NULL
6639;6911;PLATA LA GUARDIA ROJO KUTANI;13:59.9;13:59.9;NULL
6640;6912;PLATA LA GUARDIA VERDE ESM;13:59.9;13:59.9;NULL
6641;6913;PLATA LA GUARDIA VERDE ESMERAL;13:59.9;13:59.9;NULL
6642;6914;PLATA LUMINOSA;13:59.9;13:59.9;NULL
6643;6915;PLATA LUMINOSA MET;13:59.9;13:59.9;NULL
6644;6916;PLATA LUZ;13:59.9;13:59.9;NULL
6645;6917;PLATA LUZ MET;13:59.9;13:59.9;NULL
6646;6918;PLATA METALICO ORO AZUCAR;13:59.9;13:59.9;NULL
6647;6919;PLATA METALIZADOROJO AMAPOLA;13:59.9;13:59.9;NULL
6648;6920;PLATA METALIZADOROJO IRIS;13:59.9;13:59.9;NULL
6649;6921;PLATA METALIZADOROJO MICA;13:59.9;13:59.9;NULL
6650;6922;PLATA METALIZADOROJO SEVILLA;13:59.9;13:59.9;NULL
6651;6923;PLATA METALIZADOVERDE;13:59.9;13:59.9;NULL
6652;6924;PLATA METALIZADOVERDE MANZANA;13:59.9;13:59.9;NULL
6653;6925;PLATA METALIZADOVERDE MICA;13:59.9;13:59.9;NULL
6654;6926;PLATA METALIZADOVINOTINTO BICAPA;13:59.9;13:59.9;NULL
6655;6927;PLATA MILENIUM;13:59.9;13:59.9;NULL
6656;6928;PLATA MINERAL METALIZADO;13:59.9;13:59.9;NULL
6657;6929;PLATA NIQUEL ROJO SIENA;13:59.9;13:59.9;NULL
6658;6930;PLATA NIQUEL ROJO PERLADO;14:00.0;14:00.0;NULL
6659;6931;PLATA NORFOLK;14:00.0;14:00.0;NULL
6660;6932;PLATA NORFOT;14:00.0;14:00.0;NULL
6661;6933;PLATA OLLIN;14:00.0;14:00.0;NULL
6662;6934;PLATA OSCUNA;14:00.0;14:00.0;NULL
6663;6935;PLATA OSCURO;14:00.0;14:00.0;NULL
6664;6937;PLATA OSCURO METALIZADO;14:00.0;14:00.0;NULL
6665;6938;PLATA PALADIO;14:00.0;14:00.0;NULL
6666;6939;PLATA PALADIO METALIZADO;14:00.0;14:00.0;NULL
6667;6940;PLATA PERLA;14:00.0;14:00.0;NULL
6668;6941;PLATA PERLADO WPS;14:00.0;14:00.0;NULL
6669;6942;PLATA POLICROMADO;14:00.0;14:00.0;NULL
6670;6943;PLATA PURE METALIZADO;14:00.0;14:00.0;NULL
6671;6944;PLATA QUEENS ROJO;14:00.0;14:00.0;NULL
6672;6945;PLATA RIVERA;14:00.0;14:00.0;NULL
6673;6946;PLATA ROYAL METALIZADO;14:00.0;14:00.0;NULL
6674;6947;PLATA SAHARA;14:00.1;14:00.1;NULL
6675;6948;PLATA SCUNA;14:00.1;14:00.1;NULL
6676;6949;PLATA SEATLE;14:00.1;14:00.1;NULL
6677;6950;PLATA SIERRA VINOTINTO;14:00.1;14:00.1;NULL
6678;6951;PLATA SIERRA AZUL DANES;14:00.1;14:00.1;NULL
6679;6952;PLATA SIERRA VERDE ALAMO;14:00.1;14:00.1;NULL
6680;6953;PLATA SILVER;14:00.1;14:00.1;NULL
6681;6954;PLATA SOLIDO;14:00.2;14:00.2;NULL
6682;6955;PLATA SORRENTO VERD ESM;14:00.2;14:00.2;NULL
6683;6956;PLATA STONE METALIZADO;14:00.2;14:00.2;NULL
6684;6957;PLATA STRATO;14:00.2;14:00.2;NULL
6685;6958;PLATA TELLURIO METALIZADO;14:00.2;14:00.2;NULL
6686;6959;PLATA TEXAS;14:00.2;14:00.2;NULL
6687;6960;PLATA TEXAS ROJO;14:00.2;14:00.2;NULL
6688;6961;PLATA TITANIO Y BLANCO;14:00.2;14:00.2;NULL
6689;6962;PLATA TOLEDO;14:00.2;14:00.2;NULL
6690;6963;PLATA TONE METALIZADO;14:00.2;14:00.2;NULL
6691;6964;PLATA TORZONA;14:00.2;14:00.2;NULL
6692;6965;PLATA TRIGO VERDE OSCURO;14:00.3;14:00.3;NULL
6693;6966;PLATA TRIGO ROJO;14:00.3;14:00.3;NULL
6694;6967;PLATA TRIGO ROJO SOLIDO;14:00.3;14:00.3;NULL
6695;6968;PLATA TRIGO VERDE OLIVA;14:00.3;14:00.3;NULL
6696;6969;PLATA TRIGO VINOTINTO;14:00.4;14:00.4;NULL
6697;6970;PLATA ULTRA;14:00.4;14:00.4;NULL
6698;6971;PLATA VERSALLES;14:00.4;14:00.4;NULL
6699;6972;PLATA VIEJA MET;14:00.4;14:00.4;NULL
6700;6973;PLATA VIVO VERDE;14:00.4;14:00.4;NULL
6701;6974;PLATA VOGUE NEGRO PRIZMATIQUE;14:00.5;14:00.5;NULL
6702;6975;PLATA ZAMBEZI;14:00.5;14:00.5;NULL
6703;6976;PLATA ZIRCON MET;14:00.5;14:00.5;NULL
6704;6978;PLATA PLATA VERDE VERDE BLANCO BLANCO;14:00.5;14:00.5;NULL
6705;6979;PLATA ROJO CEREZA;14:00.5;14:00.5;NULL
6706;6980;PLATA STRATO METALIZADO;14:00.5;14:00.5;NULL
6707;6981;PLATA ALPINA METALICO BLANCO;14:00.5;14:00.5;NULL
6708;6982;PLATA APPALOSSA;14:00.5;14:00.5;NULL
6709;6983;PLATA BRILLANTE AMARILLO;14:00.5;14:00.5;NULL
6710;6985;PLATA CLEAN SILVER;14:00.5;14:00.5;NULL
6711;6986;PLATA ESTRATO;14:00.5;14:00.5;NULL
6712;6987;PLATA FILE;14:00.6;14:00.6;NULL
6713;6988;PLATA IBIUNA METALIZADO;14:00.6;14:00.6;NULL
6714;6989;PLATA MEDIO;14:00.6;14:00.6;NULL
6715;6990;PLATA NARANJA;14:00.6;14:00.6;NULL
6716;6991;PLATA NIQUEL GRIS METALIZADO;14:00.6;14:00.6;NULL
6717;6992;PLATA NIQUL METALIZADO;14:00.6;14:00.6;NULL
6718;6993;PLATA ROJA;14:00.6;14:00.6;NULL
6719;6994;PLATA ROJO;14:00.6;14:00.6;NULL
6720;6995;PLATA VERDE;14:00.6;14:00.6;NULL
6721;6997;PLATAAPPALOSSA;14:00.6;14:00.6;NULL
6722;6998;PLATA MARRON ROJO;14:00.6;14:00.6;NULL
6723;6999;PLATA PLATINUM SILVER MET;14:00.6;14:00.6;NULL
6724;7001;PLATA ROJO CARMIN;14:00.6;14:00.6;NULL
6725;7002;PLATA ROJO FIESTA;14:00.6;14:00.6;NULL
6726;7003;PLATA ROJO KUTANI;14:00.7;14:00.7;NULL
6727;7004;PLATA ROJO PASION;14:00.7;14:00.7;NULL
6728;7005;PLATA ROJO PERLADO;14:00.7;14:00.7;NULL
6729;7006;PLATA ROJO ROANNE;14:00.7;14:00.7;NULL
6730;7007;PLATA ROJO TRIGO;14:00.7;14:00.7;NULL
6731;7008;PLATA ROJO VERDE;14:00.7;14:00.7;NULL
6732;7011;PLATA VERDE AMAZONAS;14:00.7;14:00.7;NULL
6733;7012;PLATA VERDE ESMERALDA;14:00.7;14:00.7;NULL
6734;7013;PLATA VERDE MET;14:00.7;14:00.7;NULL
6735;7014;PLATA VERDE OLIVA;14:00.7;14:00.7;NULL
6736;7015;PLATA VERDE OSC;14:00.7;14:00.7;NULL
6737;7016;PLATEADO AHUMADO;14:00.7;14:00.7;NULL
6738;7017;PLATEADO ARABE;14:00.7;14:00.7;NULL
6739;7018;PLATEADO AZUL;14:00.7;14:00.7;NULL
6740;7019;PLATEADO AZUL BLANCO VERDE OCRE;14:00.7;14:00.7;NULL
6741;7020;PLATEADO CALIDO METALICO;14:00.8;14:00.8;NULL
6742;7021;PLATEADO CALIDO OPAL MET;14:00.8;14:00.8;NULL
6743;7022;PLATEADO CLARO;14:00.8;14:00.8;NULL
6744;7023;PLATEADO CUBANITA MET;14:00.8;14:00.8;NULL
6745;7024;PLATEADO CUBANITE METALIZADO;14:00.8;14:00.8;NULL
6746;7025;PLATEADO ESCUNA;14:00.8;14:00.8;NULL
6747;7026;PLATEADO GRISACEO;14:00.8;14:00.8;NULL
6748;7027;PLATEADO INARI MET;14:00.8;14:00.8;NULL
6749;7028;PLATEADO IRIDIO METALIZADO;14:00.8;14:00.8;NULL
6750;7029;PLATEADO METALICO VERDE JADE;14:00.8;14:00.8;NULL
6751;7030;PLATEADO NEGRO Y AMARILLO;14:00.8;14:00.8;NULL
6752;7031;PLATEADO NEGRO Y AZUL;14:00.8;14:00.8;NULL
6753;7032;PLATEADO NEGRO Y NARANJA;14:00.8;14:00.8;NULL
6754;7033;PLATEADO NEGRO Y ROJO;14:00.8;14:00.8;NULL
6755;7034;PLATEADO NIQUEL;14:00.9;14:00.9;NULL
6756;7036;PLATEADO OLLIN PLATEADO OLLIN;14:00.9;14:00.9;NULL
6757;7037;PLATEADO PERLADO VERDE;14:00.9;14:00.9;NULL
6758;7038;PLATEADO PLATINO MEDIO;14:00.9;14:00.9;NULL
6759;7039;PLATEADO POLARIS MET;14:00.9;14:00.9;NULL
6760;7040;PLATEADO PURPUREO;14:00.9;14:00.9;NULL
6761;7041;PLATEADO RESPLA MET;14:00.9;14:00.9;NULL
6762;7042;PLATEADO SILVER;14:00.9;14:00.9;NULL
6763;7044;PLATEADO SILVER ASPEN;14:00.9;14:00.9;NULL
6764;7045;PLATEADO TITAN;14:00.9;14:00.9;NULL
6765;7046;PLATEADO TITAN METALIZADO;14:00.9;14:00.9;NULL
6766;7047;PLATEADO TITANIO;14:00.9;14:00.9;NULL
6767;7049;PLATEADO TITANIO METALICO;14:00.9;14:00.9;NULL
6768;7050;PLATEADO VERDOSO;14:00.9;14:00.9;NULL
6769;7051;PLATEADO VOGUE;14:00.9;14:00.9;NULL
6770;7052;PLATEADO VINOTINTO;14:00.9;14:00.9;NULL
6771;7053;PLATEADO ROJO PERLADO;14:01.0;14:01.0;NULL
6772;7054;PLATEADO ROJO VINOTINTO;14:01.0;14:01.0;NULL
6773;7055;PLATEADO ROJO VERDE;14:01.0;14:01.0;NULL
6774;7056;PLATEADO ROJO VERDE JADE;14:01.0;14:01.0;NULL
6775;7057;PLATEADO VERDE CRISTAL;14:01.0;14:01.0;NULL
6776;7058;PLATEADO VERDE ESMERALDA;14:01.0;14:01.0;NULL
6777;7059;PLATEADO VERDE JADE;14:01.0;14:01.0;NULL
6778;7060;PLATEADO VERDE MENTA;14:01.0;14:01.0;NULL
6779;7062;PLATIN BRONZE MET;14:01.0;14:01.0;NULL
6780;7063;PLATINO NIQUELADO;14:01.0;14:01.0;NULL
6781;7064;PLATINO SILVER;14:01.0;14:01.0;NULL
6782;7065;PLATINO SILVER MET;14:01.0;14:01.0;NULL
6783;7066;PLATINO SILVESTRE;14:01.0;14:01.0;NULL
6784;7067;PLATINUM AZUL;14:01.0;14:01.0;NULL
6785;7068;PLATINUM SILVER;14:01.0;14:01.0;NULL
6786;7069;PLOMO PLATEADO;14:01.1;14:01.1;NULL
6787;7070;PLOMO VINOTINTO;14:01.1;14:01.1;NULL
6788;7071;PURPURA BRUMA;14:01.1;14:01.1;NULL
6789;7072;PURPURA CAMALEON;14:01.1;14:01.1;NULL
6790;7073;PURPURA GRISACEO;14:01.1;14:01.1;NULL
6791;7074;PURPURA GRIS OSCURO;14:01.1;14:01.1;NULL
6792;7075;RADIANT SILVER;14:01.1;14:01.1;NULL
6793;7076;RALLY BLUE;14:01.1;14:01.1;NULL
6794;7077;RAPE;14:01.1;14:01.1;NULL
6795;7078;RASPBERRY SEMILLA DE ROSA;14:01.1;14:01.1;NULL
6796;7079;RAY;14:01.1;14:01.1;NULL
6797;7080;RAY METALIC;14:01.2;14:01.2;NULL
6798;7081;RAYO PLATA;14:01.2;14:01.2;NULL
6799;7082;REAL TIERRA;14:01.2;14:01.2;NULL
6800;7083;RED PORTO FINO;14:01.2;14:01.2;NULL
6801;7084;REFLEX SILVER;14:01.2;14:01.2;NULL
6802;7085;REGAL BLUE PEARL;14:01.2;14:01.2;NULL
6803;7086;REGAL PLUM;14:01.2;14:01.2;NULL
6804;7087;REGAL PLUM TITANIUM;14:01.2;14:01.2;NULL
6805;7088;REGENT METALICO;14:01.3;14:01.3;NULL
6806;7089;RIO;14:01.3;14:01.3;NULL
6807;7090;RIO CANDY;14:01.3;14:01.3;NULL
6808;7091;RIO MONZA;14:01.3;14:01.3;NULL
6809;7092;RIOJA RED;14:01.3;14:01.3;NULL
6810;7093;RIOJA RED MCTA. LLIC BAH.BEIGE;14:01.3;14:01.3;NULL
6811;7094;ROBLE PALIDO;14:01.3;14:01.3;NULL
6812;7095;ROJHO NIQUEL NEGRO;14:01.3;14:01.3;NULL
6813;7096;ROJO VERMILIÓN;14:01.3;14:01.3;NULL
6814;7097;ROJO GRIS AZUL;14:01.3;14:01.3;NULL
6815;7098;ROJO MANDARINA;14:01.4;14:01.4;NULL
6816;7099;ROJO ABSOLUTO;14:01.4;14:01.4;NULL
6817;7100;ROJO ADORMIDERA;14:01.4;14:01.4;NULL
6818;7101;ROJO ALFA;14:01.4;14:01.4;NULL
6819;7102;ROJO ALMADIN;14:01.4;14:01.4;NULL
6820;7103;ROJO ALMADINA MET;14:01.4;14:01.4;NULL
6821;7104;ROJO ALMAGRO Y BLANCO;14:01.4;14:01.4;NULL
6822;7105;ROJO ALMANDINA;14:01.4;14:01.4;NULL
6823;7106;ROJO ALMANDINA MET;14:01.4;14:01.4;NULL
6824;7107;ROJO ALMANDINO MET;14:01.4;14:01.4;NULL
6825;7108;ROJO AMAPOLA FRANJA BEIGE;14:01.4;14:01.4;NULL
6826;7109;ROJO AMARGO;14:01.4;14:01.4;NULL
6827;7110;ROJO AMARILLO NARANJA;14:01.4;14:01.4;NULL
6828;7111;ROJO AMAZONAS;14:01.4;14:01.4;NULL
6829;7112;ROJO AMULETO;14:01.4;14:01.4;NULL
6830;7113;ROJO ANDALUCIA;14:01.4;14:01.4;NULL
6831;7114;ROJO ANDALUZ BICAPA;14:01.4;14:01.4;NULL
6832;7115;ROJO ARCENAL;14:01.5;14:01.5;NULL
6833;7116;ROJO ARENA METALICO;14:01.5;14:01.5;NULL
6834;7117;ROJO ARMIN;14:01.5;14:01.5;NULL
6835;7118;ROJO ARUBA;14:01.5;14:01.5;NULL
6836;7119;ROJO ASIATICO;14:01.5;14:01.5;NULL
6837;7120;ROJO ASTRAL;14:01.5;14:01.5;NULL
6838;7121;ROJO BADEAVE;14:01.5;14:01.5;NULL
6839;7122;ROJO BARBERA MET;14:01.5;14:01.5;NULL
6840;7123;ROJO BARRIQUE METALIZADO;14:01.5;14:01.5;NULL
6841;7124;ROJO BERBEO POLICROM VINOTINTO;14:01.5;14:01.5;NULL
6842;7125;ROJO BICAPA;14:01.5;14:01.5;NULL
6843;7126;ROJO BIZANTINO;14:01.5;14:01.5;NULL
6844;7127;ROJO BIZANTINO METALIZADO;14:01.5;14:01.5;NULL
6845;7128;ROJO BLANCO VERDE CREMA;14:01.5;14:01.5;NULL
6846;7129;ROJO BLUISH;14:01.5;14:01.5;NULL
6847;7130;ROJO BOMBEROS;14:01.5;14:01.5;NULL
6848;7131;ROJO BON;14:01.6;14:01.6;NULL
6849;7132;ROJO BORDEAUX CLARO MET;14:01.6;14:01.6;NULL
6850;7133;ROJO BORDEAUX PERLA;14:01.6;14:01.6;NULL
6851;7135;ROJO BORDEAUX PERLADO MET;14:01.6;14:01.6;NULL
6852;7136;ROJO BORDEAUX PERLAOD;14:01.6;14:01.6;NULL
6853;7137;ROJO BORDEAUX GRIS ALUMINIO;14:01.6;14:01.6;NULL
6854;7138;ROJO BORDEAUX SILICE TORNADO;14:01.6;14:01.6;NULL
6855;7139;ROJO BORGOÑA;14:01.6;14:01.6;NULL
6856;7141;ROJO BRIGHT;14:01.6;14:01.6;NULL
6857;7142;ROJO BRIGHT MET;14:01.6;14:01.6;NULL
6858;7143;ROJO BRIGHT METALIZADO;14:01.6;14:01.6;NULL
6859;7144;ROJO BRILLANTE OPORTO;14:01.6;14:01.6;NULL
6860;7145;ROJO BRILLANTE ROJO PLANO;14:01.6;14:01.6;NULL
6861;7146;ROJO BRONCE;14:01.6;14:01.6;NULL
6862;7147;ROJO BURDEUX BLANCO ORION;14:01.6;14:01.6;NULL
6863;7148;ROJO BURGUNDY;14:01.6;14:01.6;NULL
6864;7149;ROJO CABRIOLET;14:01.7;14:01.7;NULL
6865;7150;ROJO CALIFORNIA;14:01.7;14:01.7;NULL
6866;7151;ROJO CAMALEON;14:01.7;14:01.7;NULL
6867;7152;ROJO CAMELIA;14:01.7;14:01.7;NULL
6868;7153;ROJO CAMIN;14:01.7;14:01.7;NULL
6869;7154;ROJO CANADIENSE GRIS;14:01.7;14:01.7;NULL
6870;7155;ROJO CANDENTE;14:01.7;14:01.7;NULL
6871;7156;ROJO CAOBA;14:01.7;14:01.7;NULL
6872;7157;ROJO CARAMELO;14:01.7;14:01.7;NULL
6873;7158;ROJO CARBON;14:01.7;14:01.7;NULL
6874;7159;ROJO CARDEAL PERLA;14:01.7;14:01.7;NULL
6875;7160;ROJO CARDENAL PERLA;14:01.7;14:01.7;NULL
6876;7161;ROJO CARDENAL ROJO CARMIN OSC;14:01.7;14:01.7;NULL
6877;7162;ROJO CARMONA;14:01.7;14:01.7;NULL
6878;7163;ROJO CARNALINA METALIZADO;14:01.7;14:01.7;NULL
6879;7164;ROJO CARNAOVA;14:01.7;14:01.7;NULL
6880;7165;ROJO CARNAVAL;14:01.7;14:01.7;NULL
6881;7166;ROJO CARVARU;14:01.7;14:01.7;NULL
6882;7167;ROJO CASTAÑA;14:01.7;14:01.7;NULL
6883;7168;ROJO CASTAÑO;14:01.8;14:01.8;NULL
6884;7169;ROJO CEBOLLA;14:01.8;14:01.8;NULL
6885;7170;ROJO CECNA;14:01.8;14:01.8;NULL
6886;7171;ROJO CERAMICA;14:01.8;14:01.8;NULL
6887;7172;ROJO CEREZA BEIGE;14:01.8;14:01.8;NULL
6888;7173;ROJO CEREZA MICA;14:01.8;14:01.8;NULL
6889;7174;ROJO CEREZA OSCURO;14:01.8;14:01.8;NULL
6890;7175;ROJO CHIARETTOROT;14:01.8;14:01.8;NULL
6891;7176;ROJO CHILI;14:01.8;14:01.8;NULL
6892;7177;ROJO CHILI ENCENDIDO;14:01.8;14:01.8;NULL
6893;7178;ROJO CICLON;14:01.8;14:01.8;NULL
6894;7179;ROJO CIENA Y GRIS;14:01.8;14:01.8;NULL
6895;7180;ROJO CIRUELA;14:01.8;14:01.8;NULL
6896;7181;ROJO CLARET;14:01.8;14:01.8;NULL
6897;7182;ROJO CLIPER;14:01.8;14:01.8;NULL
6898;7183;ROJO COLORADO;14:01.8;14:01.8;NULL
6899;7184;ROJO COLORADO PERLADO;14:01.9;14:01.9;NULL
6900;7185;ROJO COOPER;14:01.9;14:01.9;NULL
6901;7186;ROJO CORAL Y BLANCO;14:01.9;14:01.9;NULL
6902;7187;ROJO CORALINA METALIZADO;14:01.9;14:01.9;NULL
6903;7188;ROJO CORALINO;14:01.9;14:01.9;NULL
6904;7189;ROJO CORNALINA;14:01.9;14:01.9;NULL
6905;7190;ROJO CORNALINA MET;14:01.9;14:01.9;NULL
6906;7191;ROJO CORRIDA Y BLANCO;14:01.9;14:01.9;NULL
6907;7192;ROJO COVENTRY;14:01.9;14:01.9;NULL
6908;7193;ROJO CRETA;14:01.9;14:01.9;NULL
6909;7194;ROJO CRISTAL PERLADO;14:01.9;14:01.9;NULL
6910;7195;ROJO CROMADO;14:01.9;14:01.9;NULL
6911;7196;ROJO CRONOS;14:01.9;14:01.9;NULL
6912;7197;ROJO CVANDY;14:02.0;14:02.0;NULL
6913;7198;ROJO DALI EBANO MET;14:02.0;14:02.0;NULL
6914;7199;ROJO DALI MET;14:02.0;14:02.0;NULL
6915;7200;ROJO DAMASCO BLANCO MARFIL;14:02.0;14:02.0;NULL
6916;7201;ROJO DAYUN;14:02.0;14:02.0;NULL
6917;7202;ROJO DE SEVRES;14:02.0;14:02.0;NULL
6918;7203;ROJO DEGRADADO;14:02.0;14:02.0;NULL
6919;7204;ROJO DEL REY;14:02.0;14:02.0;NULL
6920;7205;ROJO DELHI;14:02.0;14:02.0;NULL
6921;7206;ROJO DENIM;14:02.0;14:02.0;NULL
6922;7207;ROJO DESTELLO BEIGE MARRUECOS;14:02.0;14:02.0;NULL
6923;7208;ROJO DESTELLO VINO TINTO;14:02.0;14:02.0;NULL
6924;7209;ROJO DINAMICO;14:02.0;14:02.0;NULL
6925;7210;ROJO DINAMICO PERLADO;14:02.0;14:02.0;NULL
6926;7211;ROJO DINAMICO PERLADO MET;14:02.0;14:02.0;NULL
6927;7212;ROJO DINAMO PERLA;14:02.0;14:02.0;NULL
6928;7213;ROJO EBEL;14:02.0;14:02.0;NULL
6929;7214;ROJO EFECTO FUEGO;14:02.1;14:02.1;NULL
6930;7215;ROJO EMOCION;14:02.1;14:02.1;NULL
6931;7216;ROJO ESCANDIDO;14:02.1;14:02.1;NULL
6932;7217;ROJO ESCARLATA GRIS PLATEADO;14:02.1;14:02.1;NULL
6933;7218;ROJO ESMALTO;14:02.1;14:02.1;NULL
6934;7219;ROJO ESTELLO;14:02.1;14:02.1;NULL
6935;7220;ROJO ESTREME;14:02.1;14:02.1;NULL
6936;7221;ROJO FERRARI NEGRO;14:02.1;14:02.1;NULL
6937;7222;ROJO FERRARI CLARO NEGRO;14:02.1;14:02.1;NULL
6938;7223;ROJO FERRARI NEGRO METALIZADO;14:02.1;14:02.1;NULL
6939;7224;ROJO FIESTA VERDE OTO?AL ROJO FIESTA;14:02.1;14:02.1;NULL
6940;7225;ROJO FLAMINGO;14:02.2;14:02.2;NULL
6941;7227;ROJO FLASH MARFIL;14:02.2;14:02.2;NULL
6942;7228;ROJO FLASH BEIGE MET;14:02.2;14:02.2;NULL
6943;7229;ROJO FRESA;14:02.2;14:02.2;NULL
6944;7230;ROJO FUEGO OCRE;14:02.2;14:02.2;NULL
6945;7231;ROJO FUEGO PERLADO;14:02.2;14:02.2;NULL
6946;7232;ROJO FUEGO AMARILLO;14:02.2;14:02.2;NULL
6947;7233;ROJO FUEGO STRATO PERLA;14:02.2;14:02.2;NULL
6948;7234;ROJO FUEGO STRATO PLATA;14:02.2;14:02.2;NULL
6949;7235;ROJO FURIA NEGRO;14:02.2;14:02.2;NULL
6950;7236;ROJO GALIPAN VERDE OLIVA;14:02.2;14:02.2;NULL
6951;7237;ROJO GAMBERRA;14:02.2;14:02.2;NULL
6952;7238;ROJO GAMBIA;14:02.2;14:02.2;NULL
6953;7239;ROJO GANATI;14:02.2;14:02.2;NULL
6954;7240;ROJO GOYA PERLADO;14:02.2;14:02.2;NULL
6955;7241;ROJO GRAFITO;14:02.2;14:02.2;NULL
6956;7242;ROJO GRAN PRIX;14:02.2;14:02.2;NULL
6957;7243;ROJO GRIS AZUL METALIZADO;14:02.2;14:02.2;NULL
6958;7244;ROJO GRIS CARBON;14:02.2;14:02.2;NULL
6959;7246;ROJO GUARDIA;14:02.2;14:02.2;NULL
6960;7247;ROJO GUAY;14:02.2;14:02.2;NULL
6961;7248;ROJO GUAYABA;14:02.3;14:02.3;NULL
6962;7249;ROJO HELL;14:02.3;14:02.3;NULL
6963;7250;ROJO HELLROT;14:02.3;14:02.3;NULL
6964;7251;ROJO HERMES;14:02.3;14:02.3;NULL
6965;7252;ROJO HIBISCUS;14:02.3;14:02.3;NULL
6966;7253;ROJO HIBISCUS EFECTO PERLA;14:02.3;14:02.3;NULL
6967;7254;ROJO IMOLA;14:02.3;14:02.3;NULL
6968;7255;ROJO IMPALA;14:02.3;14:02.3;NULL
6969;7257;ROJO INCA;14:02.3;14:02.3;NULL
6970;7258;ROJO INDIO METALICO;15:20.9;15:20.9;NULL
6971;7259;ROJO INGLES;15:20.9;15:20.9;NULL
6972;7260;ROJO IPIRANGA GRIS;15:20.9;15:20.9;NULL
6973;7261;ROJO IPIRANGA ROJO IPIRANGA;15:20.9;15:20.9;NULL
6974;7262;ROJO IPIRANGA GRIS METALIZADO;15:20.9;15:20.9;NULL
6976;7264;ROJO JUPITER;15:20.9;15:20.9;NULL
6977;7265;ROJO KANDINS;15:20.9;15:20.9;NULL
6978;7266;ROJO KARMESIN;15:20.9;15:20.9;NULL
6979;7267;ROJO KARNEOL;15:20.9;15:20.9;NULL
6980;7268;ROJO KASAN;15:20.9;15:20.9;NULL
6981;7269;ROJO KUTANI PLATA;15:20.9;15:20.9;NULL
6982;7270;ROJO LACA;15:20.9;15:20.9;NULL
6983;7271;ROJO LEME;15:20.9;15:20.9;NULL
6984;7272;ROJO LENTEJUELA MET;15:20.9;15:20.9;NULL
6985;7273;ROJO LEONA VERDE;15:20.9;15:20.9;NULL
6986;7274;ROJO MAGENTA;15:20.9;15:20.9;NULL
6987;7276;ROJO MANDARIN NACRE;15:20.9;15:20.9;NULL
6988;7277;ROJO MANDARINA METALIZADO;15:20.9;15:20.9;NULL
6989;7278;ROJO MANDARINO;15:20.9;15:20.9;NULL
6990;7279;ROJO MANZA;15:20.9;15:20.9;NULL
6991;7280;ROJO MANZANA;15:21.0;15:21.0;NULL
6992;7281;ROJO MAPFRE;15:21.0;15:21.0;NULL
6993;7282;ROJO MAPRE;15:21.0;15:21.0;NULL
6994;7283;ROJO MARINO;15:21.0;15:21.0;NULL
6995;7284;ROJO MARQUISE;15:21.0;15:21.0;NULL
6996;7285;ROJO MARRON BLANCAS;15:21.0;15:21.0;NULL
6997;7286;ROJO MARRUECOS;15:21.0;15:21.0;NULL
6998;7287;ROJO MARSALA;15:21.0;15:21.0;NULL
6999;7288;ROJO MARSELLA;15:21.0;15:21.0;NULL
7000;7289;ROJO MATE;15:21.0;15:21.0;NULL
7001;7290;ROJO MEDIO METALICO;15:21.0;15:21.0;NULL
7002;7291;ROJO MEDIUM;15:21.1;15:21.1;NULL
7003;7292;ROJO MEMBRILLO;15:21.1;15:21.1;NULL
7004;7293;ROJO MEMORY MET;15:21.1;15:21.1;NULL
7005;7294;ROJO MERMELON;15:21.1;15:21.1;NULL
7006;7295;ROJO METALIZADOGRIS MEDIO MET;15:21.1;15:21.1;NULL
7007;7296;ROJO METEORO;15:21.1;15:21.1;NULL
7008;7297;ROJO METALIZADOGRIS MEDIO MICA;15:21.1;15:21.1;NULL
7009;7298;ROJO MICA CARMIN;15:21.1;15:21.1;NULL
7010;7299;ROJO MONTA?A BEIGE;15:21.2;15:21.2;NULL
7011;7300;ROJO MONTANA BLANCO;15:21.2;15:21.2;NULL
7012;7301;ROJO MONTANA STRATO;15:21.2;15:21.2;NULL
7013;7302;ROJO MONTANA STRATO PLATA;15:21.2;15:21.2;NULL
7014;7303;ROJO MONTECARLO NEGRO;15:21.2;15:21.2;NULL
7015;7304;ROJO MONTERREY;15:21.2;15:21.2;NULL
7016;7305;ROJO MONTPELLIER;15:21.2;15:21.2;NULL
7017;7306;ROJO NACARADO;15:21.2;15:21.2;NULL
7018;7307;ROJO NACRE METALIZADO;15:21.3;15:21.3;NULL
7019;7308;ROJO NACRE PERLADO;15:21.3;15:21.3;NULL
7020;7309;ROJO NEGRO COOFE;15:21.3;15:21.3;NULL
7021;7310;ROJO NEGRO PLATA;15:21.3;15:21.3;NULL
7022;7311;ROJO NIGHTFIRE METALIZADO;15:21.4;15:21.4;NULL
7023;7312;ROJO NUBIERA;15:21.4;15:21.4;NULL
7024;7313;ROJO OBISPO;15:21.4;15:21.4;NULL
7025;7314;ROJO ORCA;15:21.5;15:21.5;NULL
7026;7315;ROJO OSCURO CON BLANCO;15:21.5;15:21.5;NULL
7027;7316;ROJO OSCURO ROJO OSCURO;15:21.5;15:21.5;NULL
7028;7317;ROJO OSCURO VINILO;15:21.5;15:21.5;NULL
7029;7318;ROJO PANTONE;15:21.5;15:21.5;NULL
7030;7319;ROJO PARIS;15:21.5;15:21.5;NULL
7031;7321;ROJO PASEO;15:21.5;15:21.5;NULL
7032;7322;ROJO PASION PERLADO;15:21.5;15:21.5;NULL
7033;7323;ROJO PASTEL;15:21.5;15:21.5;NULL
7034;7324;ROJO PERLA GRIS PLOMO;15:21.5;15:21.5;NULL
7035;7325;ROJO PERLADO BLANCO;15:21.5;15:21.5;NULL
7036;7326;ROJO PERLADO GRIS PLOMO METAL;15:21.5;15:21.5;NULL
7037;7327;ROJO PERLADO STRATO PERLA;15:21.6;15:21.6;NULL
7038;7328;ROJO PERLECENTE GRIS PLATEADO;15:21.6;15:21.6;NULL
7039;7329;ROJO PIAMONTE;15:21.6;15:21.6;NULL
7040;7330;ROJO PINSON;15:21.6;15:21.6;NULL
7041;7331;ROJO PIRANGA;15:21.6;15:21.6;NULL
7042;7332;ROJO PIVOINE;15:21.6;15:21.6;NULL
7043;7333;ROJO PLATA QUEENS;15:21.6;15:21.6;NULL
7044;7334;ROJO PLATA ARENA;15:21.6;15:21.6;NULL
7045;7335;ROJO PLUM;15:21.6;15:21.6;NULL
7046;7336;ROJO PORSHE;15:21.6;15:21.6;NULL
7047;7337;ROJO PORTO;15:21.7;15:21.7;NULL
7048;7338;ROJO PORTOFINO;15:21.7;15:21.7;NULL
7049;7339;ROJO RAPSBERRY;15:21.7;15:21.7;NULL
7050;7340;ROJO RAVEL PERLADO;15:21.7;15:21.7;NULL
7051;7341;ROJO REAL PERLADO;15:21.7;15:21.7;NULL
7052;7342;ROJO REDROCK;15:21.7;15:21.7;NULL
7053;7343;ROJO REGENTE;15:21.7;15:21.7;NULL
7054;7344;ROJO REGIONAL;15:21.7;15:21.7;NULL
7055;7345;ROJO RENACIMIENTO;15:21.7;15:21.7;NULL
7056;7346;ROJO REY;15:21.7;15:21.7;NULL
7057;7347;ROJO RIOJA;15:21.7;15:21.7;NULL
7058;7348;ROJO RIOJA METALIZADO;15:21.7;15:21.7;NULL
7059;7349;ROJO RITA;15:21.8;15:21.8;NULL
7060;7350;ROJO ROANNE PLATA;15:21.8;15:21.8;NULL
7061;7351;ROJO ROYAL METALIZADO;15:21.8;15:21.8;NULL
7062;7352;ROJO RUAN;15:21.8;15:21.8;NULL
7063;7353;ROJO RUTILANTE METALIZADO;15:21.8;15:21.8;NULL
7064;7354;ROJO RUTLAND;15:21.8;15:21.8;NULL
7065;7355;ROJO SABLE;15:21.8;15:21.8;NULL
7066;7356;ROJO SACUPAI;15:21.8;15:21.8;NULL
7067;7357;ROJO SALMON;15:21.8;15:21.8;NULL
7068;7358;ROJO SALSA NEGRO;15:21.8;15:21.8;NULL
7069;7359;ROJO SALSA CREMA;15:21.8;15:21.8;NULL
7070;7360;ROJO SANGRE;15:21.8;15:21.8;NULL
7071;7361;ROJO SANGRE TORO;15:21.8;15:21.8;NULL
7072;7362;ROJO SANGRE TORO PLATEADO;15:21.8;15:21.8;NULL
7073;7363;ROJO SANGRIA;15:21.8;15:21.8;NULL
7074;7364;ROJO SANTANA;15:21.8;15:21.8;NULL
7075;7365;ROJO SEDA MET;15:21.9;15:21.9;NULL
7076;7366;ROJO SENSUAL;15:21.9;15:21.9;NULL
7077;7367;ROJO SEVILLA BICAPA;15:21.9;15:21.9;NULL
7078;7368;ROJO SHANGHAI;15:21.9;15:21.9;NULL
7079;7369;ROJO SMALTO;15:21.9;15:21.9;NULL
7080;7370;ROJO SOLIDO PLATA;15:21.9;15:21.9;NULL
7081;7371;ROJO SOLIDO VERDE CHAMPAÑA;15:21.9;15:21.9;NULL
7082;7372;ROJO STRATO PERLA;15:21.9;15:21.9;NULL
7083;7373;ROJO STRATO PLATA;15:21.9;15:21.9;NULL
7084;7374;ROJO STREME;15:21.9;15:21.9;NULL
7085;7375;ROJO SUPER BLANCO;15:21.9;15:21.9;NULL
7086;7376;ROJO TERRACOTA BLANCO;15:21.9;15:21.9;NULL
7087;7377;ROJO TERRANOVA BLANCO;15:21.9;15:21.9;NULL
7089;7379;ROJO TITAMITA MET;15:22.0;15:22.0;NULL
7090;7380;ROJO TITANITA MET;15:22.0;15:22.0;NULL
7091;7381;ROJO TODODINE;15:22.0;15:22.0;NULL
7092;7382;ROJO TODOLINE;15:22.0;15:22.0;NULL
7093;7383;ROJO TOLEDO;15:22.0;15:22.0;NULL
7094;7384;ROJO TOLERINO;15:22.0;15:22.0;NULL
7095;7385;ROJO TOLODINE;15:22.0;15:22.0;NULL
7096;7386;ROJO TOLOUDINE;15:22.0;15:22.0;NULL
7097;7387;ROJO TOMATE MICA;15:22.1;15:22.1;NULL
7098;7389;ROJO TOMATE MICA ROJO TOMATE MICA;15:22.1;15:22.1;NULL
7099;7390;ROJO TORO;15:22.1;15:22.1;NULL
7100;7391;ROJO TRANSMILENIO;15:22.1;15:22.1;NULL
7101;7392;ROJO TRANSPARENTE;15:22.1;15:22.1;NULL
7102;7393;ROJO TRIUNFANTE;15:22.1;15:22.1;NULL
7103;7394;ROJO TRIUNFO GTR;15:22.1;15:22.1;NULL
7104;7395;ROJO TULODINE;15:22.1;15:22.1;NULL
7105;7396;ROJO TURQUESA;15:22.1;15:22.1;NULL
7106;7397;ROJO TYPER;15:22.1;15:22.1;NULL
7107;7398;ROJO UNIVERSAL;15:22.2;15:22.2;NULL
7108;7399;ROJO UVA;15:22.2;15:22.2;NULL
7109;7400;ROJO VERDE AMARILLO BLANCO;15:22.2;15:22.2;NULL
7110;7401;ROJO VERMELHO AMBAR;15:22.2;15:22.2;NULL
7111;7402;ROJO VERMELHO PASSION;15:22.2;15:22.2;NULL
7112;7403;ROJO VERMELHON;15:22.2;15:22.2;NULL
7113;7404;ROJO VERMELLON;15:22.2;15:22.2;NULL
7114;7405;ROJO VERMILION;15:22.2;15:22.2;NULL
7115;7406;ROJO VERMILION MET;15:22.2;15:22.2;NULL
7116;7407;ROJO VICENTINO;15:22.2;15:22.2;NULL
7117;7408;ROJO VIENA;15:22.2;15:22.2;NULL
7118;7409;ROJO VIENA PERLADO;15:22.3;15:22.3;NULL
7119;7410;ROJO VILLAVIEJA;15:22.3;15:22.3;NULL
7120;7411;ROJO VINO BICAPA;15:22.3;15:22.3;NULL
7121;7413;ROJO VINO MICA;15:22.3;15:22.3;NULL
7122;7414;ROJO VINO PLATA SIERRA;15:22.3;15:22.3;NULL
7123;7415;ROJO VINOTINTO AMARILLO;15:22.3;15:22.3;NULL
7124;7416;ROJO VINOTINTO GRIS;15:22.4;15:22.4;NULL
7125;7417;ROJO VINOTINTO PERLADO;15:22.4;15:22.4;NULL
7126;7418;ROJO VINTAGE;15:22.4;15:22.4;NULL
7127;7419;ROJO VIVO PERLA;15:22.4;15:22.4;NULL
7128;7420;ROJO VIVO PLATEADO;15:22.4;15:22.4;NULL
7129;7421;ROJO VOLCAN;15:22.4;15:22.4;NULL
7130;7422;ROJO VOLCAN PLATA;15:22.5;15:22.5;NULL
7131;7423;ROJO WESNT;15:22.5;15:22.5;NULL
7132;7424;ROJO XIREMA;15:22.5;15:22.5;NULL
7133;7425;ROJO XIREME;15:22.5;15:22.5;NULL
7134;7426;ROJO XIRENE;15:22.5;15:22.5;NULL
7135;7427;ROJO Y BLANCO HUESO;15:22.5;15:22.5;NULL
7136;7428;ROJO ZAFIRO MICA;15:22.5;15:22.5;NULL
7137;7429;ROJO ZANAHORIA;15:22.5;15:22.5;NULL
7138;7430;ROJO AMARILLO CROMO LIMON ROJO VERDE ROJO;15:22.5;15:22.5;NULL
7139;7431;ROJO AMARILLO TRANSITO ROJO AMARILLO TRANSITO;15:22.5;15:22.5;NULL
7140;7432;ROJO AMARILLO CHAMPA?A;15:22.5;15:22.5;NULL
7141;7433;ROJO AZUL BLANCO ANARANJADO BLANCO PERLA;15:22.5;15:22.5;NULL
7142;7434;ROJO BLANCO HUESO;15:22.5;15:22.5;NULL
7143;7435;ROJO BLANCO NIQUELADO;15:22.5;15:22.5;NULL
7144;7436;ROJO BLANCO HUESO METALICO;15:22.5;15:22.5;NULL
7145;7437;ROJO BLANCO NARANJA;15:22.6;15:22.6;NULL
7146;7438;ROJO BLANCO VERDE AMARILLO;15:22.6;15:22.6;NULL
7147;7439;ROJO CREMA Y VERDE;15:22.6;15:22.6;NULL
7148;7440;ROJO GRIS JADE CEREZA METALIZAD;15:22.6;15:22.6;NULL
7149;7441;ROJO GRIS POLICROMADO;15:22.6;15:22.6;NULL
7150;7442;ROJO GRIS BLANCO BLANCO NEGRO AZUL;15:22.6;15:22.6;NULL
7151;7443;ROJO HUESO;15:22.6;15:22.6;NULL
7152;7444;ROJO NARANJA ROJO NEGRO;15:22.6;15:22.6;NULL
7153;7445;ROJO NEGRO CROMADO;15:22.6;15:22.6;NULL
7154;7446;ROJO NEGRO PLATA METALIZADO;15:22.6;15:22.6;NULL
7155;7447;ROJO NEGRO PLATA METALICO;15:22.6;15:22.6;NULL
7156;7448;ROJO NEGRO PLATEADO;15:22.7;15:22.7;NULL
7157;7449;ROJO PLATA NEGRO;15:22.7;15:22.7;NULL
7158;7450;ROJO ROJO BLANCO AZUL CREMA BLANCO VERDE;15:22.7;15:22.7;NULL
7159;7451;ROJO ROJO NEGRO NEGRO PLATA PLATA;15:22.7;15:22.7;NULL
7160;7452;ROJO ROJO ROJO AZUL BLANCO GRIS BLANCO;15:22.7;15:22.7;NULL
7161;7453;ROJO ROJO ROJO NEGRO PLATA;15:22.7;15:22.7;NULL
7162;7454;ROJO VERDE JADE;15:22.7;15:22.7;NULL
7163;7455;ROJO VERDE AMARILLO GRIS CREMA NEGRO;15:22.8;15:22.8;NULL
7164;7456;ROJO VERDE NEGRO BLANCO BLANCO;15:22.8;15:22.8;NULL
7165;7457;ROJO AMARILLO NARANJA METALIZADO;15:22.8;15:22.8;NULL
7166;7458;ROJO ALMAGRO METALIZADO;15:22.8;15:22.8;NULL
7167;7460;ROJO BERMELLON;15:22.8;15:22.8;NULL
7168;7461;ROJO BLANCO HUESO METALIZADO;15:22.8;15:22.8;NULL
7169;7462;ROJO BOMBEIRO;15:22.8;15:22.8;NULL
7170;7463;ROJO BORDEAUX BLANCO MARFIL;15:22.8;15:22.8;NULL
7171;7464;ROJO BORN;15:22.8;15:22.8;NULL
7172;7465;ROJO CAFE;15:22.8;15:22.8;NULL
7173;7466;ROJO CEREZA BLANCO;15:22.8;15:22.8;NULL
7174;7467;ROJO CLARO FERRARI;15:22.8;15:22.8;NULL
7175;7468;ROJO CUTANY;15:22.8;15:22.8;NULL
7176;7469;ROJO DAMASCO;15:22.9;15:22.9;NULL
7177;7470;ROJO DEEP;15:22.9;15:22.9;NULL
7178;7471;ROJO DINAMO PERLA METALIZADO;15:22.9;15:22.9;NULL
7179;7472;ROJO DORADO NEGRO;15:22.9;15:22.9;NULL
7180;7473;ROJO FERMIN;15:22.9;15:22.9;NULL
7181;7474;ROJO FERRARI BLANCO;15:22.9;15:22.9;NULL
7182;7475;ROJO FILE;15:22.9;15:22.9;NULL
7183;7476;ROJO FRANJAS NEGRO PLATEADA;15:22.9;15:22.9;NULL
7184;7477;ROJO GRANITO;15:22.9;15:22.9;NULL
7185;7478;ROJO GRIS AZUL METALICO;15:22.9;15:22.9;NULL
7186;7483;ROJO LIGHTNING;15:23.0;15:23.0;NULL
7187;7484;ROJO MARFIL BLANCO;15:23.0;15:23.0;NULL
7188;7485;ROJO MATADOR PERLADO;15:23.0;15:23.0;NULL
7189;7486;ROJO METALICO NEGRO;15:23.0;15:23.0;NULL
7190;7487;ROJO NARANJA AMARILLO;15:23.0;15:23.0;NULL
7191;7488;ROJO PASION BLANCO HUESO;15:23.0;15:23.0;NULL
7192;7489;ROJO PASION MARFIL;15:23.0;15:23.0;NULL
7193;7490;ROJO PERLADO GRIS PLOMO METALIZADO;15:23.1;15:23.1;NULL
7194;7491;ROJO ROANNE BLANCO;15:23.1;15:23.1;NULL
7195;7492;ROJO RUBRO;15:23.1;15:23.1;NULL
7196;7493;ROJO SANDALO VINO;15:23.1;15:23.1;NULL
7197;7494;ROJO SILVER;15:23.1;15:23.1;NULL
7198;7495;ROJO VERDE BLANCO CREMA;15:23.1;15:23.1;NULL
7199;7497;ROJO VIMP;15:23.1;15:23.1;NULL
7200;7498;ROJO VINOTINTO NEGRO;15:23.1;15:23.1;NULL
7201;7500;ROJO/NEGRO/PLATA;15:23.2;15:23.2;NULL
7202;7501;ROJO BRONCE PERLADO;15:23.2;15:23.2;NULL
7203;7502;ROJO CREMA MARFIL;15:23.2;15:23.2;NULL
7204;7503;ROJO FRANJAS DORADO ROJO;15:23.2;15:23.2;NULL
7205;7504;ROJO GRIS RATON;15:23.2;15:23.2;NULL
7206;7505;ROJO MANANTIAL NEGRO;15:23.2;15:23.2;NULL
7207;7506;ROJO NEGRO CUARZO;15:23.2;15:23.2;NULL
7208;7508;ROJO PLATEADO NEGRO;15:23.2;15:23.2;NULL
7209;7509;ROJO PLOMO;15:23.2;15:23.2;NULL
7210;7510;ROJO TECHO BLANCO;15:23.2;15:23.2;NULL
7211;7511;ROJO TOPACIO;15:23.2;15:23.2;NULL
7212;7512;ROJO VERDE CLARO;15:23.3;15:23.3;NULL
7213;7513;ROJO VERDE JADE METALIZADO;15:23.3;15:23.3;NULL
7214;7514;ROJO VERDE JADE VERDE MARFIL;15:23.3;15:23.3;NULL
7215;7515;ROJO VERDE PLATEADO;15:23.3;15:23.3;NULL
7216;7516;ROJO VERDE VERDE JADE;15:23.3;15:23.3;NULL
7217;7517;ROJO VINILO HABANO;15:23.3;15:23.3;NULL
7218;7519;ROJO ZAPOTE;15:23.3;15:23.3;NULL
7219;7520;ROSA;15:23.3;15:23.3;NULL
7220;7521;ROSA ANDALUZ;15:23.3;15:23.3;NULL
7221;7522;ROSA MET;15:23.3;15:23.3;NULL
7222;7523;ROSA MICA;15:23.3;15:23.3;NULL
7223;7524;ROSA ROJA ROSA ROJA;15:23.3;15:23.3;NULL
7224;7525;ROSA OSCURO;15:23.4;15:23.4;NULL
7225;7526;ROSADO CERONA;15:23.4;15:23.4;NULL
7226;7527;ROSADO AZUL;15:23.4;15:23.4;NULL
7227;7528;ROSADO ROJO;15:23.4;15:23.4;NULL
7228;7529;ROSADO VERDE;15:23.4;15:23.4;NULL
7229;7530;ROSADO VINOTINTO;15:23.4;15:23.4;NULL
7230;7531;ROUGE;15:23.4;15:23.4;NULL
7231;7533;ROUGE ADEN;15:23.4;15:23.4;NULL
7232;7534;ROUGE CERICE;15:23.4;15:23.4;NULL
7233;7535;ROUGE CERICE NACRE;15:23.4;15:23.4;NULL
7234;7536;ROUGE GRIOTTE METALIZADO;15:23.4;15:23.4;NULL
7235;7537;ROUGE GRIOTTE NAGRE;15:23.4;15:23.4;NULL
7236;7538;ROUGE HERMES;15:23.4;15:23.4;NULL
7237;7539;ROUGE LUCIFER;15:23.4;15:23.4;NULL
7238;7540;ROUGE LUCIFER METALIZADO;15:23.4;15:23.4;NULL
7239;7541;ROUGE MANDARIN;15:23.4;15:23.4;NULL
7240;7542;ROUGE MARQUISE;15:23.4;15:23.4;NULL
7241;7543;ROUGE METALIZADO;15:23.5;15:23.5;NULL
7242;7544;ROUGE OPERA;15:23.5;15:23.5;NULL
7243;7545;ROUGE PIVOINE;15:23.5;15:23.5;NULL
7244;7546;ROYAL MARON;15:23.5;15:23.5;NULL
7245;7547;RUBI AMAPOLA;15:23.5;15:23.5;NULL
7246;7548;SAHARA BEIGE;15:23.5;15:23.5;NULL
7247;7549;SAHARA MET;15:23.5;15:23.5;NULL
7248;7550;SAHARA RED GRACIER;15:23.6;15:23.6;NULL
7249;7551;SAHARA RED MET;15:23.6;15:23.6;NULL
7250;7552;SAHARA RED METALICO;15:23.6;15:23.6;NULL
7251;7553;SALMON BEIGE;15:23.6;15:23.6;NULL
7252;7554;SAMOA VERDE;15:23.6;15:23.6;NULL
7253;7555;SANDALO MADERA;15:23.6;15:23.6;NULL
7254;7556;SATIN;15:23.6;15:23.6;NULL
7255;7557;SATIN MET;15:23.6;15:23.6;NULL
7256;7558;SATIN PLATEADO;15:23.7;15:23.7;NULL
7257;7559;SATIN SILVER;15:23.7;15:23.7;NULL
7258;7560;SATIN SILVER MET;15:23.7;15:23.7;NULL
7259;7561;SILVER BEIGE;15:23.8;15:23.8;NULL
7260;7562;SILVER GLASIAL PERLADO;15:23.8;15:23.8;NULL
7261;7563;SILVER GREY;15:23.8;15:23.8;NULL
7262;7564;SILVER INDUL;15:23.8;15:23.8;NULL
7263;7565;SILVER MIST;15:23.8;15:23.8;NULL
7264;7566;SILVER STONG;15:23.8;15:23.8;NULL
7265;7567;SILVER TITANIUM;15:23.8;15:23.8;NULL
7266;7568;SILVER WHITE PLATA;15:23.8;15:23.8;NULL
7267;7569;SILVER GRIS;15:23.8;15:23.8;NULL
7268;7570;SILVER LINNING METALIZADO;15:23.8;15:23.8;NULL
7269;7571;SILVER PLATA;15:23.8;15:23.8;NULL
7270;7572;SILVER STEEL;15:23.8;15:23.8;NULL
7271;7573;SILVER PLATEADO;15:23.8;15:23.8;NULL
7272;7574;SILVERSTONE PLATA;15:23.9;15:23.9;NULL
7273;7575;SINSA GRAFITO;15:23.9;15:23.9;NULL
7274;7576;STRATO PERLA VERDE MET;15:23.9;15:23.9;NULL
7275;7577;STRATO CHAMPAÑA MET;15:23.9;15:23.9;NULL
7276;7578;STRATO ORO;15:23.9;15:23.9;NULL
7277;7579;STRATO PERLA NEGRO MATE;15:23.9;15:23.9;NULL
7278;7580;STRATO PERLA VERDE;15:23.9;15:23.9;NULL
7279;7581;STRATO PERLA AMARILLO;15:23.9;15:23.9;NULL
7280;7582;STRATO PERLA AZUL NIAGARA;15:23.9;15:23.9;NULL
7281;7583;STRATO PERLA BLANCO;15:23.9;15:23.9;NULL
7282;7584;STRATO PERLA BLANCO CRISTAL;15:23.9;15:23.9;NULL
7283;7585;STRATO PERLA ROJO PERLADO;15:24.0;15:24.0;NULL
7284;7586;STRATO PERLA VERDE ANDINO;15:24.0;15:24.0;NULL
7285;7587;STRATO PLATA GRIS PLATA;15:24.0;15:24.0;NULL
7286;7588;STRATO PLATA MARRON MET;15:24.0;15:24.0;NULL
7287;7589;STRATO PLATA NEGRO;15:24.0;15:24.0;NULL
7288;7590;STRATO PLATA ROJO;15:24.0;15:24.0;NULL
7289;7591;STRATO PLATA VERDE;15:24.0;15:24.0;NULL
7290;7592;STRATO PLATA VERDE MET;15:24.1;15:24.1;NULL
7291;7593;STRATO ROJO METALIZADO PLATA;15:24.1;15:24.1;NULL
7292;7594;TAUPE FROST;15:24.1;15:24.1;NULL
7293;7595;TAUPE GREEN;15:24.1;15:24.1;NULL
7294;7596;TAUPE METALIZADO;15:24.1;15:24.1;NULL
7295;7597;TERRA BRONCE PERLADO;15:24.1;15:24.1;NULL
7296;7598;TERRACOTA POLICROMADO;15:24.2;15:24.2;NULL
7297;7599;TERRACOTA MARFIL FRANJ MADERA;15:24.2;15:24.2;NULL
7298;7600;TIERRA;15:24.2;15:24.2;NULL
7299;7601;TITANIO;15:24.2;15:24.2;NULL
7300;7603;TITANIO METALICO;15:24.2;15:24.2;NULL
7301;7604;TITANIO METALIZADO;15:24.2;15:24.2;NULL
7302;7605;TITANIUM SILVER;15:24.2;15:24.2;NULL
7303;7606;TITANIUM SILVER METALLIC;15:24.3;15:24.3;NULL
7304;7607;TITANIUM GRAY;15:24.3;15:24.3;NULL
7305;7608;TITANIUN SILVER MET;15:24.3;15:24.3;NULL
7306;7609;TOMATE MICA;15:24.3;15:24.3;NULL
7307;7610;TOMATE BLANCO;15:24.3;15:24.3;NULL
7308;7611;TOPAZ BLUE;15:24.4;15:24.4;NULL
7309;7612;TORNADO;15:24.4;15:24.4;NULL
7310;7613;TORNADO SILICE;15:24.4;15:24.4;NULL
7311;7614;TORNASOL METALIZADO;15:24.4;15:24.4;NULL
7312;7615;TRIGO;15:24.4;15:24.4;NULL
7313;7617;TRIGO PLATA;15:24.4;15:24.4;NULL
7314;7618;TURQUESA ASTRAL;15:24.4;15:24.4;NULL
7315;7619;TURQUESA MEDIO;15:24.4;15:24.4;NULL
7316;7620;TURQUESA NIAGRA BEIGE;15:24.5;15:24.5;NULL
7317;7621;TURQUEZA ASTRAL;15:24.5;15:24.5;NULL
7318;7622;UVA BORNITA MET;15:24.5;15:24.5;NULL
7319;7623;UVA ENCENDIDO;15:24.5;15:24.5;NULL
7320;7624;UVA MAGENTA;15:24.5;15:24.5;NULL
7321;7625;UVA VINO;15:24.5;15:24.5;NULL
7322;7626;VERDE SONDA;15:24.5;15:24.5;NULL
7323;7627;VERDE VIOLETA;15:24.5;15:24.5;NULL
7324;7628;VERDE BLANCO HUESO;15:24.5;15:24.5;NULL
7325;7629;VERDE ABETO MET;15:24.5;15:24.5;NULL
7326;7630;VERDE ABETO MICA;15:24.5;15:24.5;NULL
7327;7631;VERDE ABUJAZI METAL;15:24.6;15:24.6;NULL
7328;7632;VERDE ACHATGRUN;15:24.6;15:24.6;NULL
7329;7633;VERDE ACIDO;15:24.6;15:24.6;NULL
7330;7634;VERDE ACUARELA METALIZADO ROJO;15:24.6;15:24.6;NULL
7331;7635;VERDE AGATA;15:24.6;15:24.6;NULL
7332;7636;VERDE AGATHE;15:24.6;15:24.6;NULL
7333;7637;VERDE AGAVE;15:24.6;15:24.6;NULL
7334;7638;VERDE AGUA MARINA AZUL ALBORADA ROJO;15:24.6;15:24.6;NULL
7335;7639;VERDE ALADINO;15:24.6;15:24.6;NULL
7336;7640;VERDE ALAMO BICAPA;15:24.6;15:24.6;NULL
7337;7641;VERDE ALBORADA;15:24.7;15:24.7;NULL
7338;7642;VERDE ALEP;15:24.7;15:24.7;NULL
7339;7643;VERDE ALEXANDRIT;15:24.7;15:24.7;NULL
7340;7644;VERDE ALEXANDRITA MET;15:24.7;15:24.7;NULL
7341;7645;VERDE ALGA;15:24.8;15:24.8;NULL
7342;7646;VERDE ALIVA METALIZADO;15:24.8;15:24.8;NULL
7343;7647;VERDE ALTIPLANO MET;15:24.8;15:24.8;NULL
7344;7648;VERDE ALUMINEGRO;15:24.8;15:24.8;NULL
7345;7649;VERDE AMARILLO ROJO YAZUL;15:24.8;15:24.8;NULL
7346;7650;VERDE ANDINO ESTRATO PERLA;15:24.8;15:24.8;NULL
7347;7651;VERDE ANDRADITA;15:24.9;15:24.9;NULL
7348;7652;VERDE ANGEL;15:24.9;15:24.9;NULL
7349;7653;VERDE ARCADIA;15:24.9;15:24.9;NULL
7350;7654;VERDE ARCADIA PERLADO MET;15:24.9;15:24.9;NULL
7351;7655;VERDE ASCOT;15:24.9;15:24.9;NULL
7352;7656;VERDE ATARDECER GRIS TITANIO;15:24.9;15:24.9;NULL
7353;7657;VERDE ATLANTICO;15:24.9;15:24.9;NULL
7354;7658;VERDE ATLANTICO MET;15:24.9;15:24.9;NULL
7355;7659;VERDE AVALON;15:24.9;15:24.9;NULL
7356;7660;VERDE AVELLANA;15:24.9;15:24.9;NULL
7357;7661;VERDE AZUL BCO CREMA ROJO;15:24.9;15:24.9;NULL
7358;7662;VERDE AZUL NEGRO;15:25.0;15:25.0;NULL
7359;7663;VERDE BALI PERLADO;15:25.0;15:25.0;NULL
7360;7664;VERDE BAVARIA;15:25.0;15:25.0;NULL
7361;7665;VERDE BELIZE;15:25.0;15:25.0;NULL
7362;7666;VERDE BERILO;15:25.0;15:25.0;NULL
7363;7667;VERDE BERLINA VERDE PRIMAVER;15:25.0;15:25.0;NULL
7364;7668;VERDE BICHE;15:25.0;15:25.0;NULL
7365;7669;VERDE BIRMANIA PLANO;15:25.0;15:25.0;NULL
7366;7670;VERDE BLANCO MOSTAZA;15:25.0;15:25.0;NULL
7367;7671;VERDE BOSTONGRUEN;15:25.0;15:25.0;NULL
7368;7672;VERDE BOSTONGRUN METALIZADO;15:25.0;15:25.0;NULL
7369;7673;VERDE BOUTICA;15:25.0;15:25.0;NULL
7370;7674;VERDE BOUTUVA;15:25.1;15:25.1;NULL
7371;7675;VERDE BRIGHT;15:25.1;15:25.1;NULL
7372;7676;VERDE BRILLANTE;15:25.1;15:25.1;NULL
7373;7677;VERDE BRILLANTE METALIZADO;15:25.1;15:25.1;NULL
7374;7678;VERDE BRILLO;15:25.1;15:25.1;NULL
7375;7679;VERDE BRITANICO;15:25.1;15:25.1;NULL
7376;7680;VERDE BRITISH RACING METALIZADO;15:25.1;15:25.1;NULL
7377;7681;VERDE BRONCE;15:25.1;15:25.1;NULL
7378;7682;VERDE BROOKLANDS METALIZADO;15:25.1;15:25.1;NULL
7379;7683;VERDE BRUNEI;15:25.1;15:25.1;NULL
7380;7684;VERDE CAICARA METALIZADO;15:25.2;15:25.2;NULL
7381;7685;VERDE CAIMAN CLARO;15:25.2;15:25.2;NULL
7382;7686;VERDE CALEDONIA;15:25.2;15:25.2;NULL
7383;7687;VERDE CALYPSO LICHEN;15:25.2;15:25.2;NULL
7384;7688;VERDE CAMALEON;15:25.2;15:25.2;NULL
7385;7689;VERDE CANADA METALIZADO;15:25.2;15:25.2;NULL
7386;7690;VERDE CANAIMA;15:25.2;15:25.2;NULL
7387;7691;VERDE CANTABRINA;15:25.2;15:25.2;NULL
7388;7692;VERDE CAPRI METALIZADO;15:25.2;15:25.2;NULL
7389;7693;VERDE CARRIGADA;15:25.2;15:25.2;NULL
7390;7694;VERDE CARTEN BURG;15:25.2;15:25.2;NULL
7391;7695;VERDE CAZADOR;15:25.2;15:25.2;NULL
7392;7696;VERDE CELEDON;15:25.2;15:25.2;NULL
7393;7697;VERDE CEREZA;15:25.3;15:25.3;NULL
7394;7698;VERDE CEYLAN;15:25.3;15:25.3;NULL
7395;7699;VERDE CEYLAN MET;15:25.3;15:25.3;NULL
7396;7700;VERDE CHERWOOD;15:25.3;15:25.3;NULL
7397;7701;VERDE CIBER Y NEGRO;15:25.3;15:25.3;NULL
7398;7702;VERDE CIPRES BLANCO;15:25.3;15:25.3;NULL
7399;7703;VERDE CITRIUS;15:25.3;15:25.3;NULL
7400;7704;VERDE CLARO ARGENTINE;15:25.3;15:25.3;NULL
7401;7705;VERDE CLARO LUMINOSO;15:25.3;15:25.3;NULL
7402;7706;VERDE CLARO MICA;15:25.3;15:25.3;NULL
7403;7707;VERDE CLARO PLATEADO;15:25.3;15:25.3;NULL
7404;7708;VERDE CLARO ROJO;15:25.3;15:25.3;NULL
7405;7709;VERDE CLARO CREMA;15:25.3;15:25.3;NULL
7406;7710;VERDE CLASICO PERLADO;15:25.3;15:25.3;NULL
7407;7711;VERDE CONISTON;15:25.3;15:25.3;NULL
7408;7712;VERDE CONISTONGREEN;15:25.3;15:25.3;NULL
7409;7713;VERDE CONTINENTAL;15:25.3;15:25.3;NULL
7410;7714;VERDE CORALINO;15:25.3;15:25.3;NULL
7411;7715;VERDE CRISTAL AZUL OSCURO;15:25.3;15:25.3;NULL
7412;7716;VERDE CRISTAL BEIGE OLIMPICO;15:25.3;15:25.3;NULL
7413;7717;VERDE CROPHIUS;15:25.3;15:25.3;NULL
7414;7718;VERDE CUMBRE;15:25.3;15:25.3;NULL
7415;7719;VERDE CURUBA;15:25.3;15:25.3;NULL
7416;7720;VERDE CYBER;15:25.4;15:25.4;NULL
7417;7721;VERDE DERBY;15:25.4;15:25.4;NULL
7418;7722;VERDE DOS TONOS LILA;15:25.4;15:25.4;NULL
7419;7723;VERDE DUBLIN;15:25.4;15:25.4;NULL
7420;7724;VERDE DURAZNO;15:25.4;15:25.4;NULL
7421;7725;VERDE EJECUTIVA;15:25.4;15:25.4;NULL
7422;7726;VERDE ELECTRICO;15:25.4;15:25.4;NULL
7423;7727;VERDE ELECTRONICO;15:25.4;15:25.4;NULL
7424;7728;VERDE EMERAUDE PERLA;15:25.4;15:25.4;NULL
7425;7729;VERDE EPSON;15:25.4;15:25.4;NULL
7426;7730;VERDE EPSON GREEN;15:25.4;15:25.4;NULL
7427;7731;VERDE EPSON MET;15:25.4;15:25.4;NULL
7428;7732;VERDE ESMERALDA AMARILLO NEGRO;15:25.4;15:25.4;NULL
7429;7733;VERDE ESPECIA;15:25.4;15:25.4;NULL
7430;7734;VERDE ESTRELLA;15:25.4;15:25.4;NULL
7431;7735;VERDE ETHEL MET;15:25.4;15:25.4;NULL
7432;7736;VERDE FABRE BLANCO;15:25.4;15:25.4;NULL
7433;7737;VERDE FENIX;15:25.4;15:25.4;NULL
7434;7738;VERDE FESTIVA;15:25.5;15:25.5;NULL
7435;7739;VERDE FINES PERLADO;15:25.5;15:25.5;NULL
7436;7740;VERDE FINESSE PLATA SATELIT;15:25.5;15:25.5;NULL
7437;7741;VERDE FIORENTIN;15:25.5;15:25.5;NULL
7438;7742;VERDE FIQUE;15:25.5;15:25.5;NULL
7439;7743;VERDE FLORENTINO;15:25.5;15:25.5;NULL
7440;7744;VERDE FURANO;15:25.5;15:25.5;NULL
7441;7745;VERDE GABION;15:25.5;15:25.5;NULL
7442;7746;VERDE GALAPAGOS;15:25.5;15:25.5;NULL
7443;7747;VERDE GENOVA;15:25.5;15:25.5;NULL
7444;7748;VERDE GINEBRA;15:25.5;15:25.5;NULL
7445;7749;VERDE GIOTTO PEROL;15:25.5;15:25.5;NULL
7446;7750;VERDE GOBI;15:25.5;15:25.5;NULL
7447;7751;VERDE GRAFITO GRISACEO;15:25.5;15:25.5;NULL
7448;7752;VERDE GRAPHIUS;15:25.5;15:25.5;NULL
7449;7753;VERDE GRASS;15:25.5;15:25.5;NULL
7450;7754;VERDE GRASS VERDE GRASS;15:25.6;15:25.6;NULL
7451;7755;VERDE GUARNICION;15:25.6;15:25.6;NULL
7452;7756;VERDE HABANO VERDE JADE;15:25.6;15:25.6;NULL
7453;7757;VERDE HADE;15:25.6;15:25.6;NULL
7454;7758;VERDE HIEDRA GRIS OSCURO;15:25.6;15:25.6;NULL
7455;7759;VERDE HIELO;15:25.6;15:25.6;NULL
7456;7760;VERDE HIELO METALIZADO;15:25.6;15:25.6;NULL
7457;7761;VERDE HIGHLAND METALIZADO;15:25.6;15:25.6;NULL
7458;7762;VERDE HIGHWAY METALIZADO;15:25.6;15:25.6;NULL
7459;7763;VERDE HIGLAND METALIZADO;15:25.6;15:25.6;NULL
7460;7764;VERDE HUESO;15:25.6;15:25.6;NULL
7461;7765;VERDE HUNTER;15:25.6;15:25.6;NULL
7462;7766;VERDE IDAHO;15:25.6;15:25.6;NULL
7463;7767;VERDE INNSBRUCK;15:25.6;15:25.6;NULL
7464;7768;VERDE IRLANDES;16:03.5;16:03.5;NULL
7465;7769;VERDE JALAPEÑO;16:03.5;16:03.5;NULL
7466;7770;VERDE KENSINGTON;16:03.5;16:03.5;NULL
7467;7771;VERDE KYWY;16:03.6;16:03.6;NULL
7468;7772;VERDE LA GRECCA;16:03.6;16:03.6;NULL
7469;7773;VERDE LAGO;16:03.6;16:03.6;NULL
7470;7774;VERDE LAGO MET;16:03.6;16:03.6;NULL
7471;7775;VERDE LAGOON MET;16:03.6;16:03.6;NULL
7472;7776;VERDE LAGRECCA;16:03.6;16:03.6;NULL
7473;7777;VERDE LANCASTER;16:03.6;16:03.6;NULL
7474;7778;VERDE LAUREL MET;16:03.6;16:03.6;NULL
7475;7779;VERDE LIDO;16:03.6;16:03.6;NULL
7476;7780;VERDE LIMA MARRON BEIGE;16:03.6;16:03.6;NULL
7477;7781;VERDE LIMON VERDE OLIVA;16:03.6;16:03.6;NULL
7478;7782;VERDE LINCOLN;16:03.6;16:03.6;NULL
7479;7783;VERDE LINDEN;16:03.6;16:03.6;NULL
7480;7784;VERDE LINO;16:03.6;16:03.6;NULL
7481;7785;VERDE MADERA;16:03.6;16:03.6;NULL
7482;7786;VERDE MADERA CENIZA;16:03.6;16:03.6;NULL
7483;7787;VERDE MADERA MET;16:03.6;16:03.6;NULL
7484;7788;VERDE MANANTIAL;16:03.6;16:03.6;NULL
7485;7789;VERDE MANGO;16:03.6;16:03.6;NULL
7486;7790;VERDE MARMARA MET;16:03.6;16:03.6;NULL
7487;7791;VERDE MARYELING;16:03.6;16:03.6;NULL
7488;7792;VERDE MATE;16:03.7;16:03.7;NULL
7489;7793;VERDE MATIZADO;16:03.7;16:03.7;NULL
7490;7794;VERDE MAURY;16:03.7;16:03.7;NULL
7491;7795;VERDE MAVI METALIZADO;16:03.7;16:03.7;NULL
7492;7796;VERDE MAYFAIR MET;16:03.7;16:03.7;NULL
7494;7798;VERDE MEDIA NOCHE METALICO;16:03.7;16:03.7;NULL
7495;7799;VERDE MEDIANO POLICROMADO;16:03.7;16:03.7;NULL
7496;7800;VERDE MENTA Y GRIS;16:03.7;16:03.7;NULL
7497;7801;VERDE MENTA DORADO;16:03.7;16:03.7;NULL
7498;7802;VERDE METROPOLITANO;16:03.7;16:03.7;NULL
7499;7803;VERDE MIRTO;16:03.7;16:03.7;NULL
7500;7804;VERDE MISTICO;16:03.7;16:03.7;NULL
7501;7805;VERDE MOCA;16:03.7;16:03.7;NULL
7502;7806;VERDE MOJA COMBINADO;16:03.8;16:03.8;NULL
7503;7807;VERDE NIAGARA;16:03.8;16:03.8;NULL
7504;7808;VERDE NOBLE;16:03.8;16:03.8;NULL
7505;7809;VERDE OCEANO;16:03.8;16:03.8;NULL
7506;7810;VERDE OKLAND METALICO;16:03.8;16:03.8;NULL
7507;7811;VERDE OLIVA NEGRO DIAMANTE;16:03.8;16:03.8;NULL
7508;7812;VERDE ONIX;16:03.8;16:03.8;NULL
7509;7813;VERDE OPALINA;16:03.8;16:03.8;NULL
7510;7814;VERDE ORCHATA;16:03.8;16:03.8;NULL
7511;7815;VERDE ORIENTAL;16:03.8;16:03.8;NULL
7512;7816;VERDE ORQUIDEA;16:03.8;16:03.8;NULL
7513;7817;VERDE OSC ACEITUNA;16:03.8;16:03.8;NULL
7514;7818;VERDE OSC CRISTAL;16:03.8;16:03.8;NULL
7515;7819;VERDE OSC CROMADO;16:03.8;16:03.8;NULL
7516;7820;VERDE OSCURO METALIZADOVERDE VINILO;16:03.8;16:03.8;NULL
7517;7821;VERDE OSCURO AMARILLO NEGRO BLANCO;16:03.8;16:03.8;NULL
7518;7822;VERDE OSCURO MARFIL METALIZADO;16:03.9;16:03.9;NULL
7519;7823;VERDE OSCURO BEIGE GRISÁCEO;16:03.9;16:03.9;NULL
7520;7824;VERDE OVALO;16:03.9;16:03.9;NULL
7521;7825;VERDE OXFORD;16:03.9;16:03.9;NULL
7522;7826;VERDE OXFORD METALIZADO;16:03.9;16:03.9;NULL
7523;7827;VERDE PALI PERLADO;16:03.9;16:03.9;NULL
7524;7828;VERDE PANTEON;16:03.9;16:03.9;NULL
7525;7829;VERDE PARK;16:03.9;16:03.9;NULL
7526;7830;VERDE PARQUE;16:03.9;16:03.9;NULL
7527;7831;VERDE PASTEL;16:03.9;16:03.9;NULL
7528;7832;VERDE PEREUS;16:03.9;16:03.9;NULL
7529;7833;VERDE PERICLASA METALIZADO;16:03.9;16:03.9;NULL
7530;7834;VERDE PERLA LIMON;16:03.9;16:03.9;NULL
7531;7835;VERDE PERLADO DOS TONOS ROJO;16:03.9;16:03.9;NULL
7532;7836;VERDE PERLADO GRIS;16:04.0;16:04.0;NULL
7533;7837;VERDE PETROLEO STRATO PLATA;16:04.0;16:04.0;NULL
7534;7838;VERDE PHOENIX MET;16:04.0;16:04.0;NULL
7535;7839;VERDE PIEDRA MET;16:04.0;16:04.0;NULL
7536;7840;VERDE PINO MARFIL;16:04.0;16:04.0;NULL
7537;7841;VERDE PINO METAL ROJO;16:04.0;16:04.0;NULL
7538;7842;VERDE PIZARRA;16:04.0;16:04.0;NULL
7539;7843;VERDE PLANO;16:04.0;16:04.0;NULL
7540;7844;VERDE PLATA PERLADO;16:04.0;16:04.0;NULL
7541;7845;VERDE PLATANERO;16:04.0;16:04.0;NULL
7542;7846;VERDE PLATINO;16:04.0;16:04.0;NULL
7543;7847;VERDE PLOMO;16:04.0;16:04.0;NULL
7544;7848;VERDE PLOMO METALICO;16:04.0;16:04.0;NULL
7545;7849;VERDE PLUTONE MET;16:04.0;16:04.0;NULL
7546;7850;VERDE POLO;16:04.0;16:04.0;NULL
7547;7851;VERDE PRISMATICO;16:04.0;16:04.0;NULL
7548;7852;VERDE RACING;16:04.1;16:04.1;NULL
7549;7853;VERDE RACING EFECTO PERLA;16:04.1;16:04.1;NULL
7550;7854;VERDE RAGUSA;16:04.1;16:04.1;NULL
7551;7855;VERDE RALLY;16:04.1;16:04.1;NULL
7552;7856;VERDE REAL;16:04.1;16:04.1;NULL
7553;7857;VERDE REED;16:04.1;16:04.1;NULL
7554;7858;VERDE REFLEX;16:04.1;16:04.1;NULL
7555;7859;VERDE REFLEX MET;16:04.1;16:04.1;NULL
7556;7860;VERDE REGATA BEIGE;16:04.1;16:04.1;NULL
7557;7861;VERDE RIVER ROCK;16:04.1;16:04.1;NULL
7558;7862;VERDE ROCA;16:04.1;16:04.1;NULL
7559;7863;VERDE ROMARIN MET;16:04.1;16:04.1;NULL
7560;7864;VERDE SALVIA PERLADO;16:04.2;16:04.2;NULL
7561;7865;VERDE SAMBA;16:04.2;16:04.2;NULL
7562;7866;VERDE SATIN;16:04.2;16:04.2;NULL
7563;7867;VERDE SATIN METALICO;16:04.2;16:04.2;NULL
7564;7868;VERDE SATURNO;16:04.2;16:04.2;NULL
7565;7869;VERDE SAVITAL;16:04.2;16:04.2;NULL
7566;7870;VERDE SELVA NEGRA;16:04.2;16:04.2;NULL
7567;7871;VERDE SEQUIA VINO TINTO;16:04.2;16:04.2;NULL
7568;7872;VERDE SEQUIA AZUL;16:04.2;16:04.2;NULL
7569;7873;VERDE SERENO;16:04.2;16:04.2;NULL
7570;7874;VERDE SIERRA MET;16:04.2;16:04.2;NULL
7571;7875;VERDE SINU;16:04.2;16:04.2;NULL
7572;7876;VERDE SORRENTO METALIZADO;16:04.2;16:04.2;NULL
7573;7877;VERDE SORRETO;16:04.2;16:04.2;NULL
7574;7878;VERDE SPRITE;16:04.2;16:04.2;NULL
7575;7879;VERDE STONE;16:04.3;16:04.3;NULL
7576;7880;VERDE STRACTO PERLA;16:04.3;16:04.3;NULL
7577;7881;VERDE TABACO;16:04.3;16:04.3;NULL
7578;7882;VERDE TAIGA;16:04.3;16:04.3;NULL
7579;7883;VERDE TALO;16:04.3;16:04.3;NULL
7580;7884;VERDE TASMAN METALIZADO;16:04.3;16:04.3;NULL
7581;7885;VERDE TIMBER BEIGE FRASER;16:04.3;16:04.3;NULL
7582;7886;VERDE TINKER;16:04.3;16:04.3;NULL
7583;7887;VERDE TORNASOL PERLA;16:04.3;16:04.3;NULL
7584;7888;VERDE TRITON;16:04.4;16:04.4;NULL
7585;7889;VERDE TUILERIES;16:04.4;16:04.4;NULL
7586;7890;VERDE TURQUEZA ASTRAL;16:04.4;16:04.4;NULL
7587;7891;VERDE VEGA NACRE;16:04.4;16:04.4;NULL
7588;7892;VERDE VERILO;16:04.4;16:04.4;NULL
7589;7893;VERDE VICHE;16:04.4;16:04.4;NULL
7590;7894;VERDE VIN;16:04.4;16:04.4;NULL
7591;7895;VERDE WARWICK;16:04.4;16:04.4;NULL
7592;7896;VERDE WEST MET;16:04.4;16:04.4;NULL
7593;7897;VERDE WESTFALIA;16:04.4;16:04.4;NULL
7594;7898;VERDE WILLOW;16:04.4;16:04.4;NULL
7595;7899;VERDE WILLOW MET;16:04.4;16:04.4;NULL
7596;7900;VERDE WILLOW SAUCE METALIZADO;16:04.5;16:04.5;NULL
7597;7901;VERDE WOODCOTE;16:04.5;16:04.5;NULL
7598;7902;VERDE WOOGGOTE PERLADO;16:04.5;16:04.5;NULL
7599;7903;VERDE Y LILA;16:04.5;16:04.5;NULL
7600;7904;VERDE AMARILLO BLANCO ROJO;16:04.5;16:04.5;NULL
7601;7905;VERDE AMARILLO NEGRO;16:04.5;16:04.5;NULL
7602;7906;VERDE AMARILLO ROJO Y AZUL;16:04.5;16:04.5;NULL
7603;7907;VERDE AMARILLO ROJO AZUL;16:04.5;16:04.5;NULL
7604;7908;VERDE AZUL BEIGE;16:04.5;16:04.5;NULL
7605;7909;VERDE BEIGE BLANCO VERDE;16:04.5;16:04.5;NULL
7606;7910;VERDE BLANCO AMARILLO ANARANJADO ROJO VERDE AZUL;16:04.5;16:04.5;NULL
7607;7911;VERDE ROJO AZUL BLANCO BLANCO VERDE ANARANJADO;16:04.5;16:04.5;NULL
7608;7912;VERDE ROJO BLANCO AMARILLO BLANCO;16:04.5;16:04.5;NULL
7609;7913;VERDE VERDE STRATO PERLA VERDE;16:04.5;16:04.5;NULL
7610;7914;VERDE VIOLETA METALIZADO;16:04.5;16:04.5;NULL
7611;7915;VERDE AMARILLO ROJO BLANCO;16:04.5;16:04.5;NULL
7612;7916;VERDE AMARILLO AZUL NEGRO;16:04.5;16:04.5;NULL
7613;7917;VERDE AMARILLO BLANCO ROJO METALICO;16:04.5;16:04.5;NULL
7614;7918;VERDE AMARILLO BLANCO ROJO METALIZADO;16:04.5;16:04.5;NULL
7615;7919;VERDE AMARILLO.ROJO AZUL;16:04.5;16:04.5;NULL
7616;7920;VERDE AMARILLOROJOAZUL;16:04.6;16:04.6;NULL
7617;7921;VERDE AZUL AMARILLO ROJO;16:04.6;16:04.6;NULL
7618;7922;VERDE AZUL NEGRO METALIZADO;16:04.6;16:04.6;NULL
7619;7923;VERDE BLANCO CROMADO;16:04.6;16:04.6;NULL
7620;7924;VERDE BLANCO DORADO;16:04.6;16:04.6;NULL
7621;7925;VERDE BLANCO HUESO METALIZADO;16:04.6;16:04.6;NULL
7622;7926;VERDE BLANCO ROJO CREMA;16:04.6;16:04.6;NULL
7624;7928;VERDE BOUTIVA;16:04.6;16:04.6;NULL
7625;7929;VERDE CIELO;16:04.6;16:04.6;NULL
7626;7931;VERDE CROMADO CREMA;16:04.6;16:04.6;NULL
7627;7932;VERDE DORADO BLANCO;16:04.6;16:04.6;NULL
7628;7933;VERDE EMERAUDE PLATA GUARDIA;16:04.6;16:04.6;NULL
7629;7935;VERDE FRANJAS AMARILLO ROJO;16:04.6;16:04.6;NULL
7630;7936;VERDE JASPE;16:04.6;16:04.6;NULL
7631;7937;VERDE JOY;16:04.6;16:04.6;NULL
7632;7938;VERDE LOIRE BLANCO;16:04.7;16:04.7;NULL
7633;7939;VERDE LOIRE PERLA;16:04.7;16:04.7;NULL
7634;7940;VERDE MARFIL NEGRO;16:04.7;16:04.7;NULL
7635;7941;VERDE MEDIA NOCHE;16:04.7;16:04.7;NULL
7636;7942;VERDE MEDIO PERLADO;16:04.7;16:04.7;NULL
7637;7943;VERDE MORADA;16:04.7;16:04.7;NULL
7638;7944;VERDE OLMO;16:04.7;16:04.7;NULL
7639;7945;VERDE PALMA;16:04.7;16:04.7;NULL
7640;7946;VERDE PAMPA;16:04.7;16:04.7;NULL
7641;7947;VERDE PERLECENTE REGATA;16:04.7;16:04.7;NULL
7642;7948;VERDE PIEDRA;16:04.7;16:04.7;NULL
7643;7950;VERDE ROCHA;16:04.7;16:04.7;NULL
7644;7952;VERDE SILVER GREEN;16:04.7;16:04.7;NULL
7645;7953;VERDE SUIN;16:04.7;16:04.7;NULL
7646;7954;VERDE TAHITI;16:04.7;16:04.7;NULL
7647;7955;VERDE TORNASOL PERLADO;16:04.7;16:04.7;NULL
7648;7956;VERDE TRIGO;16:04.7;16:04.7;NULL
7649;7957;VERDE/VIOLETA;16:04.7;16:04.7;NULL
7650;7958;VERDE GRIS DORADO;16:04.8;16:04.8;NULL
7651;7959;VERDE GRIS PERLADO;16:04.8;16:04.8;NULL
7652;7960;VERDE PLATA QUEENS;16:04.8;16:04.8;NULL
7653;7962;VERDE VINILO BLANCO;16:04.8;16:04.8;NULL
7654;7963;VERDE ZANAHORIA;16:04.8;16:04.8;NULL
7655;7964;VINO BORGONIA;16:04.8;16:04.8;NULL
7656;7965;VINO TINTO MADERA;16:04.8;16:04.8;NULL
7657;7966;VINO TINTO BICAPA;16:04.8;16:04.8;NULL
7658;7967;VINO TINTO BICAPA MET;16:04.8;16:04.8;NULL
7659;7968;VINO TINTO CLARO;16:04.8;16:04.8;NULL
7660;7969;VINO TINTO CROMADO;16:04.8;16:04.8;NULL
7661;7970;VINO TINTO DORADO METALIZADO;16:04.8;16:04.8;NULL
7662;7971;VINO TINTO PERLECENTE METALICO;16:04.8;16:04.8;NULL
7663;7972;VINO TINTO SIENNA;16:04.8;16:04.8;NULL
7664;7973;VINO TINTO SOLIDO;16:04.8;16:04.8;NULL
7665;7974;VINO TINTO MARFIL CREMA AZUL CIELO;16:04.9;16:04.9;NULL
7666;7975;VINO TINTO PLATA TRIGO;16:04.9;16:04.9;NULL
7667;7976;VINO TINTO VINILO NEGRO;16:04.9;16:04.9;NULL
7668;7977;VINO TINTO CARDENAL;16:04.9;16:04.9;NULL
7669;7978;VINOTINTO FRANJA MADERA;16:04.9;16:04.9;NULL
7670;7979;VINO TINTO OSCURO;16:05.0;16:05.0;NULL
7671;7980;VINOTINTO OSCURO MET;16:05.0;16:05.0;NULL
7672;7981;VINOTINTO UVA MET;16:05.0;16:05.0;NULL
7673;7982;VINOTINTO CHAMPAÑA;16:05.0;16:05.0;NULL
7674;7983;VINOTINTO CLARO;16:05.0;16:05.0;NULL
7675;7984;VINOTINTO PLATA TRIGO;16:05.0;16:05.0;NULL
7676;7985;VINOTINTO AZUL OSCURO;16:05.0;16:05.0;NULL
7677;7986;VINOTINTO ZAPOTE NEGRO;16:05.0;16:05.0;NULL
7678;7987;VIOLETA CLARO METALIZADO;16:05.0;16:05.0;NULL
7679;7988;VIOLETA INDIGO;16:05.0;16:05.0;NULL
7680;7989;VIOLETA IRIDISCENTE;16:05.0;16:05.0;NULL
7681;7990;VIOLETA MADEIRA MET;16:05.0;16:05.0;NULL
7682;7991;VIOLETA NAVARRO;16:05.0;16:05.0;NULL
7683;7992;VIOLETA OSCURO METALIZADO;16:05.0;16:05.0;NULL
7684;7993;VIOLETA PERLADO;16:05.0;16:05.0;NULL
7685;7994;VIOLETA VERDE TORNASOL;16:05.1;16:05.1;NULL
7686;7995;VIOLETA VIRGO;16:05.1;16:05.1;NULL
7687;7996;VIOLETA VERDE OSCURO;16:05.1;16:05.1;NULL
7688;7997;VIOLETA BLANCO LILA;16:05.1;16:05.1;NULL
7689;7998;VIOLETA TEAL;16:05.1;16:05.1;NULL
7690;7999;ZAFIRO NEGRO MET;16:05.1;16:05.1;NULL
7691;8000;ZAHARA MET;16:05.1;16:05.1;NULL
7692;8001;ZAHARA RED;16:05.1;16:05.1;NULL
7693;8002;ZANDALO;16:05.1;16:05.1;NULL
7694;8003;ZANDALO MADERA (BROWN) MET;16:05.2;16:05.2;NULL
7695;8004;ZAPOTE AMARILLO BLANCO;16:05.2;16:05.2;NULL
7696;8005;ZAPOTE AMARILLO NEGRO;16:05.2;16:05.2;NULL
7697;8006;ZAPOTE QUEMADO YEREMA;16:05.2;16:05.2;NULL
7698;8007;AMARILLO BLANCO VERDE CAFE AZUL;16:05.2;16:05.2;NULL
7699;8008;AMARILLO GRIS MARFIL;16:05.2;16:05.2;NULL
7700;8009;AMARILLO NARANJA MORADO;16:05.2;16:05.2;NULL
7701;8010;AMARILLO ORO SIERRA;16:05.2;16:05.2;NULL
7702;8011;AMARILLO ORO TOLEDANO;16:05.2;16:05.2;NULL
7703;8012;AMARILLO VERDE BLANCO AZUL ROJO;16:05.2;16:05.2;NULL
7704;8013;AMARILLO VERDE BLANCO PERLA;16:05.2;16:05.2;NULL
7705;8014;AMARILLO VERDE HABANO;16:05.2;16:05.2;NULL
7706;8015;AMARILLO VERDE NARANJA BLANCO;16:05.2;16:05.2;NULL
7707;8016;AZUL BLANCO ROJO NARJANJA AMARILLO;16:05.2;16:05.2;NULL
7708;8017;AZUL ROJO NARANJA BLANCO CREMA;16:05.2;16:05.2;NULL
7709;8018;AZUL ROJO AMARILLO BLANCO;16:05.2;16:05.2;NULL
7710;8019;AZUL ROJO BLANCO CAOBA;16:05.2;16:05.2;NULL
7711;8020;BEIGE CARR VER ROJO AMAR;16:05.2;16:05.2;NULL
7712;8021;BEIGE CARR ROJO AMARILLO;16:05.2;16:05.2;NULL
7713;8022;BEIGE NARANJA ROJO BLANCO AZUL;16:05.2;16:05.2;NULL
7714;8023;BEIGE ABANO;16:05.2;16:05.2;NULL
7715;8024;BLANCO AMARILLO VERDE CREMA ROJO;16:05.3;16:05.3;NULL
7716;8025;BLANCO AMARILLO VERDE ROJO AZUL;16:05.3;16:05.3;NULL
7717;8026;BLANCO AZUL AMARILLO ROJO NEGRO;16:05.3;16:05.3;NULL
7718;8027;BLANCO AZUL ROJO NARANJA CREMA;16:05.3;16:05.3;NULL
7719;8028;BLANCO DORADO POLIC VINO POLICROMADO;16:05.3;16:05.3;NULL
7720;8029;BLANCO GRIS CHAMPAÑA;16:05.3;16:05.3;NULL
7721;8030;BLANCO GRIS PLATEADO;16:05.3;16:05.3;NULL
7722;8031;BLANCO PERLA ROJO;16:05.3;16:05.3;NULL
7723;8032;BLANCO ROJO MONTANA METALIZADO;16:05.3;16:05.3;NULL
7724;8033;BLANCO ROJO CAFE;16:05.3;16:05.3;NULL
7725;8034;BLANCO ROJO NARANJA MORA;16:05.3;16:05.3;NULL
7726;8035;BLANCO ROSADO ROJO;16:05.3;16:05.3;NULL
7727;8036;CAFE CASTINA METALIZADO BLANCO;16:05.3;16:05.3;NULL
7728;8037;CAFE CLARO MARFIL;16:05.4;16:05.4;NULL
7729;8038;CAFE CARMELITA;16:05.4;16:05.4;NULL
7730;8039;CAFE NEGRO BLANCO;16:05.4;16:05.4;NULL
7731;8040;CAFE SILICE;16:05.4;16:05.4;NULL
7732;8041;CAFE SILICE TORNADO;16:05.4;16:05.4;NULL
7733;8042;CAFE VERDE MARFIL;16:05.4;16:05.4;NULL
7734;8043;CAFE VERDE ROJO;16:05.4;16:05.4;NULL
7735;8044;CEREZA PURPURA METALIZADO BLANCO;16:05.4;16:05.4;NULL
7736;8045;CREMA NARANJA ROJO AMARILLO;16:05.4;16:05.4;NULL
7737;8046;CREMA VERDE ROJO NEGRO;16:05.4;16:05.4;NULL
7738;8047;DORADO PERLA AZUL BLUEBERR;16:05.4;16:05.4;NULL
7739;8048;DORADO PLATEADO VERDE AMARIL;16:05.4;16:05.4;NULL
7740;8049;GRIS AMARILLO ROJO VERDE;16:05.4;16:05.4;NULL
7741;8050;GRIS XERUS METALIZADO BLANCO;16:05.4;16:05.4;NULL
7742;8051;GRIS CENIZA GRAFITO;16:05.5;16:05.5;NULL
7743;8052;GRIS CINZA;16:05.5;16:05.5;NULL
7744;8053;GRIS CREMA ROJO FRANJA VERDE;16:05.5;16:05.5;NULL
7745;8054;GRIS NEGRO AZUL TURQUEZA;16:05.5;16:05.5;NULL
7746;8055;GRIS NEGRO CAFE;16:05.5;16:05.5;NULL
7747;8056;GRIS PLATA LUNAR;16:05.5;16:05.5;NULL
7748;8057;GRIS PLATA GRIS NEPTUNO;16:05.5;16:05.5;NULL
7749;8058;GRIS PLATA VERDE AMARILLO;16:05.5;16:05.5;NULL
7750;8059;GRIS PLATA VERDE ROJO;16:05.5;16:05.5;NULL
7751;8060;GRIS PLATEADO AMARILLO VERDE;16:05.5;16:05.5;NULL
7752;8061;GRIS SILICE TORNADO;16:05.5;16:05.5;NULL
7753;8062;MARFIL BLANCO CAFE;16:05.5;16:05.5;NULL
7754;8063;MARFIL NARANJA LADRILLO;16:05.5;16:05.5;NULL
7755;8064;MARFIL ROJO LADRILLO METALIZADO;16:05.5;16:05.5;NULL
7756;8065;MARFIL VERDE OLIVA METALIZADO;16:05.5;16:05.5;NULL
7757;8066;NARANJA HUESO;16:05.5;16:05.5;NULL
7758;8067;NARANJA BEIGE ARENA;16:05.5;16:05.5;NULL
7759;8068;NEGRO PERLENCENTE;16:05.6;16:05.6;NULL
7760;8069;NEGRO ROJO BLANCO PLATEADO;16:05.6;16:05.6;NULL
7761;8070;PLATA METAL BUMPER NEGRO;16:05.6;16:05.6;NULL
7762;8071;PLATA GRAFITO;16:05.6;16:05.6;NULL
7763;8072;PLATA NIQUEL NEGRO;16:05.6;16:05.6;NULL
7764;8073;PLATEADO DIAMANTE;16:05.6;16:05.6;NULL
7765;8074;PLATEADO GRIS BLANCO;16:05.6;16:05.6;NULL
7766;8075;ROJO AMALLO BLANCO AZUL;16:05.6;16:05.6;NULL
7767;8076;ROJO BLANCO AMARILLO NEGRO;16:05.6;16:05.6;NULL
7768;8077;ROJO BELMONT PERLADO;16:05.6;16:05.6;NULL
7769;8078;ROJO CARDENAL GRIS PLATA;16:05.6;16:05.6;NULL
7770;8079;ROJO DINAMO PERLADO BLANCO;16:05.6;16:05.6;NULL
7771;8080;ROJO CROMO NEGRO;16:05.6;16:05.6;NULL
7772;8081;ROJO FUCSIA;16:05.6;16:05.6;NULL
7773;8082;ROJO MAGENTA VERDE BLANCO;16:05.6;16:05.6;NULL
7774;8083;ROJO NEGRO NARANJA;16:05.7;16:05.7;NULL
7775;8084;ROJO PERLA GRIS;16:05.7;16:05.7;NULL
7776;8085;ROJO RUBI METAL MARFIL;16:05.7;16:05.7;NULL
7777;8086;SILICE TORNADO CAFE;16:05.7;16:05.7;NULL
7778;8087;UVA VIOLETA;16:05.7;16:05.7;NULL
7779;8088;VERDE ACUARELA MARFIL;16:05.7;16:05.7;NULL
7780;8089;VERDE AMAR BLANCO ROJO;16:05.7;16:05.7;NULL
7781;8090;VERDE AMAR.AZUL ROJO BCO;16:05.7;16:05.7;NULL
7782;8091;VERDE AZULOSO MICA;16:05.7;16:05.7;NULL
7783;8092;VERDE LOIRE PERLA METALIZADO;16:05.7;16:05.7;NULL
7784;8093;VERDE UCCA;16:05.7;16:05.7;NULL
7785;8094;VERDE ARENA;16:05.7;16:05.7;NULL
7786;8095;VERDE CINZA EJECUTIVO;16:05.7;16:05.7;NULL
7787;8096;VERDE ESMERALDA PERL.;16:05.7;16:05.7;NULL
7788;8097;VERDE MARFIL BLAN TURQ;16:05.7;16:05.7;NULL
7789;8098;VERDE OLIVA CROMADO BEIGE;16:05.7;16:05.7;NULL
7790;8099;VERDE ROJO BLACO AMARILLO;16:05.7;16:05.7;NULL
7791;8100;VIOLETA ROJO VERDE CREMA;16:05.8;16:05.8;NULL
7792;8101;AZUL KOBALTO METALIZADO;16:05.8;16:05.8;NULL
7793;8102;VERDE AVILA METALIZADO;16:05.8;16:05.8;NULL
7794;8103;AMARILLO AZUL ROJO BLANCO VERDE;16:05.8;16:05.8;NULL
7795;8104;AMARILLO VERDE ROJO BEIGE CARR;16:05.8;16:05.8;NULL
7796;8105;AZUL BRIO METALIZADO;16:05.8;16:05.8;NULL
7797;8106;AZUL JO;16:05.8;16:05.8;NULL
7798;8107;AZUL MEDIANOCHE METALICO;16:05.8;16:05.8;NULL
7799;8108;AZUL MEDIO METALICO;16:05.8;16:05.8;NULL
7800;8109;AZUL ROJO METALIZADO;16:05.8;16:05.8;NULL
7801;8110;AZUL SIGMA;16:05.8;16:05.8;NULL
7802;8111;AZUL ADRIATICO PERLECENTE;16:05.8;16:05.8;NULL
7803;8112;AZUL ATLANTICO METALIZADO;16:05.8;16:05.8;NULL
7804;8113;AZUL CLARO METALIZADO;16:05.8;16:05.8;NULL
7805;8114;AZUL DANUBIO METALIZADO;16:05.8;16:05.8;NULL
7806;8115;AZUL IMPERIAL METALIZADO;16:05.8;16:05.8;NULL
7807;8116;AZUL METALICO;16:05.8;16:05.8;NULL
7808;8117;AZUL METALIZADO BLANCO;16:05.8;16:05.8;NULL
7809;8118;AZUL MICA METAL;16:05.9;16:05.9;NULL
7810;8119;AZUL NAVAJO METAL;16:05.9;16:05.9;NULL
7811;8120;AZUL NAVAJO METALIZADO;16:05.9;16:05.9;NULL
7812;8121;AZUL NOCTURNO METALIZADO;16:05.9;16:05.9;NULL
7813;8122;AZUL OSCURO METALIZADO;16:05.9;16:05.9;NULL
7814;8123;AZUL OSCURO PERLADO;16:05.9;16:05.9;NULL
7815;8124;AZUL PERLADO METALICO;16:05.9;16:05.9;NULL
7816;8125;AZUL PERLADO BLANCO METALIZADO;16:05.9;16:05.9;NULL
7817;8126;AZUL PETROLEO METALIZADO;16:05.9;16:05.9;NULL
7818;8127;AZUL PURPURA METALICO;16:05.9;16:05.9;NULL
7819;8128;AZUL REY METALIZADO;16:05.9;16:05.9;NULL
7820;8129;AZUL REY METALICO;16:05.9;16:05.9;NULL
7821;8130;AZUL ULTRAMARINO;16:05.9;16:05.9;NULL
7822;8131;BEIGE CAMARGUE METALIZADO;16:05.9;16:05.9;NULL
7823;8132;BEIGE METALIZADO;16:05.9;16:05.9;NULL
7824;8133;BEIGE CARRARA METALIZADO;16:05.9;16:05.9;NULL
7825;8134;BEIGE CARRARA ROJO;16:05.9;16:05.9;NULL
7826;8135;BEIGE CARRARA METALIZADO BLANCO;16:05.9;16:05.9;NULL
7827;8136;BEIGE CLARO METALIZADO;16:05.9;16:05.9;NULL
7828;8137;BEIGE MARMOL METALIZADO;16:06.0;16:06.0;NULL
7829;8138;BEIGE VERDE ROJO AMARILLO;16:06.0;16:06.0;NULL
7830;8139;CAFE METALIZADO;16:06.0;16:06.0;NULL
7831;8140;CAFE CASTILLA METALIZADO;16:06.0;16:06.0;NULL
7833;8142;CREMA VERDE BLANCO;16:06.0;16:06.0;NULL
7834;8143;DORADO GRIS PLOMO METALIZADO;16:06.0;16:06.0;NULL
7835;8144;GRIS OBSIDIANA;16:06.0;16:06.0;NULL
7836;8145;GRIS LAVA;16:06.0;16:06.0;NULL
7837;8146;GRIS METALIZADO;16:06.0;16:06.0;NULL
7838;8147;GRIS ALBORADA METALIZ;16:06.0;16:06.0;NULL
7839;8148;GRIS AZUL METALICO;16:06.0;16:06.0;NULL
7840;8149;GRIS CLARO METALIZADO;16:06.0;16:06.0;NULL
7841;8150;GRIS CLARO METAL;16:06.0;16:06.0;NULL
7842;8151;GRIS CLARO METALICO;16:06.1;16:06.1;NULL
7843;8152;GRIS HUMO METALIZADO;16:06.1;16:06.1;NULL
7844;8153;GRIS MEDIO METALIZADO;16:06.1;16:06.1;NULL
7845;8154;ROJO BURDEO CLARO MET;16:06.1;16:06.1;NULL
7846;8155;GRIS OSCURO METALIZADO;16:06.1;16:06.1;NULL
7847;8156;GRIS PLATA METALIZADO;16:06.1;16:06.1;NULL
7848;8157;GRIS PLATA METALICO;16:06.1;16:06.1;NULL
7849;8158;GRIS PLATA METAL;16:06.1;16:06.1;NULL
7850;8159;GRIS PLOMO METALIZADO;16:06.1;16:06.1;NULL
7851;8160;ROJO RUBI METALIZADO;16:06.1;16:06.1;NULL
7852;8161;GRIS SEBRING METALICO;16:06.2;16:06.2;NULL
7853;8162;GRIS XERUS METALIZADO;16:06.2;16:06.2;NULL
7854;8163;MARRON ARAGUANE;16:06.2;16:06.2;NULL
7855;8164;NEGRO CUARZO METALIZADO;16:06.2;16:06.2;NULL
7856;8165;NEGRO CUARZO METALICO;16:06.2;16:06.2;NULL
7857;8166;NEGRO GRIS METALICO;16:06.2;16:06.2;NULL
7858;8167;NEGRO ROJO AZUL BLANCO;16:06.2;16:06.2;NULL
7859;8168;PLATA CLARO METALICO;16:06.2;16:06.2;NULL
7860;8169;PLATA LA GUARDIA METALIZADO;16:06.2;16:06.2;NULL
7861;8170;PLATA METALICO;16:06.2;16:06.2;NULL
7862;8171;PLATA METALIZADO;16:06.2;16:06.2;NULL
8874;9196;GRIS LYNX;18:20.5;18:20.5;NULL
7863;8172;PLATA NIQUEL GRIS PLOMO METAL;16:06.2;16:06.2;NULL
7864;8173;PLATEADO METALICO;16:06.2;16:06.2;NULL
7865;8174;PLATEADO METALIZADO;16:06.2;16:06.2;NULL
7866;8175;PLATEADO METALIZ BLANCO;16:06.3;16:06.3;NULL
7867;8176;ROJO REAL;16:06.3;16:06.3;NULL
7868;8177;ROJO BLANCO CREMA;16:06.3;16:06.3;NULL
7869;8178;ROJO BORDEAUX PERLADO;16:06.3;16:06.3;NULL
7870;8179;ROJO BORDEAUX PERLADO METAL;16:06.3;16:06.3;NULL
7871;8180;ROJO CARDENAL PERLADO;16:06.3;16:06.3;NULL
7872;8181;ROJO DINAMO PERLADO;16:06.3;16:06.3;NULL
7873;8182;ROJO GRIS METAL;16:06.3;16:06.3;NULL
7874;8183;ROJO MAPLE METALIZADO;16:06.3;16:06.3;NULL
7875;8184;ROJO METAL;16:06.3;16:06.3;NULL
7876;8185;ROJO METALIZADO;16:06.3;16:06.3;NULL
7877;8186;ROJO OPORTO BLANCO;16:06.3;16:06.3;NULL
7878;8187;ROJO OSCURO PERLECENTE;16:06.3;16:06.3;NULL
7879;8188;ROJO PERSAN METALIZADO;16:06.3;16:06.3;NULL
7880;8189;ROJO PUNZO BLANCO;16:06.4;16:06.4;NULL
7881;8190;SUPER BLANCO METALIZADO;16:06.4;16:06.4;NULL
7882;8191;VERDE ARRECIFE METAL;16:06.4;16:06.4;NULL
7883;8192;VERDE ARRECIFE METALIZADO;16:06.4;16:06.4;NULL
7884;8193;VERDE ACEITUNA METALIZADO;16:06.4;16:06.4;NULL
7885;8194;VERDE ACUARIUS METAL.;16:06.4;16:06.4;NULL
7886;8195;VERDE AMERICA PERLADO;16:06.4;16:06.4;NULL
7887;8196;VERDE AVILA METALICO;16:06.5;16:06.5;NULL
7888;8197;VERDE CLASICO METALIZADO;16:06.5;16:06.5;NULL
7889;8198;VERDE GRIS METALIZADO;16:06.5;16:06.5;NULL
7890;8199;VERDE INGLES METALIZADO;16:06.5;16:06.5;NULL
7891;8200;VERDE INGLES METALIZADO NAC;16:06.5;16:06.5;NULL
7892;8201;VERDE MARMOL METALIZADO;16:06.5;16:06.5;NULL
7893;8202;VERDE MUSGO METALIZADO;16:06.5;16:06.5;NULL
7895;8204;VERDE OLIVA METALIZADO;16:06.6;16:06.6;NULL
7896;8205;VERDE OSCURO METALICO PLATA CL;16:06.6;16:06.6;NULL
7897;8206;VERDE OSCURO METALIZADO;16:06.6;16:06.6;NULL
7898;8207;VERDE PINO METAL;16:06.6;16:06.6;NULL
7899;8208;VERDE SELVA METAL;16:06.6;16:06.6;NULL
7900;8209;VERDE SELVA METALIZADO;16:06.6;16:06.6;NULL
7901;8210;VERDE TORNASOL METALIZADO;16:06.6;16:06.6;NULL
7902;8211;VERDE TORNASOL PERLADO METALIZADO;16:06.7;16:06.7;NULL
7903;8212;VINOTINTO METALICO;16:06.7;16:06.7;NULL
7904;8213;VINOTINTO METALIZADO;16:06.9;16:06.9;NULL
7905;8214;VIOLETA SUAVE;16:06.9;16:06.9;NULL
7906;8215;BEIGE OLIMPI;16:06.9;16:06.9;NULL
7907;8216;ROJO CANDIL MET;16:06.9;16:06.9;NULL
7908;8217;BLANCO FAIRY METALIZADO;16:06.9;16:06.9;NULL
7909;8218;CHAMPAÃ‘A METAL;16:06.9;16:06.9;NULL
7910;8219;CHAMPAÃ‘A METALIZADO PERLADO;16:06.9;16:06.9;NULL
7911;8220;VERDE JOY METALIZADO;16:07.0;16:07.0;NULL
7912;8221;AGUA MARINA GRAFITO;16:07.0;16:07.0;NULL
7913;8222;AGUA MARINA GRIS OSCURO;16:07.0;16:07.0;NULL
7914;8223;AGUAMARINA CORAL GRIS;16:07.0;16:07.0;NULL
7915;8224;AGUAMARINA FRANJAS NEGRAS;16:07.0;16:07.0;NULL
7916;8225;AGUAMARINA NEGRO;16:07.0;16:07.0;NULL
7917;8226;AGUAMARINA OSCURO;16:07.1;16:07.1;NULL
7918;8227;ALMENDRA MARRON;16:07.1;16:07.1;NULL
7919;8228;ALTAI SILVER METALICO;16:07.1;16:07.1;NULL
7920;8229;ALUMINIO METALICO;16:07.1;16:07.1;NULL
7921;8230;ALUMINIO PLATEADO;16:07.1;16:07.1;NULL
7922;8231;AMARILLO AZUL CLARO ROJO;16:07.1;16:07.1;NULL
7923;8232;AMARILLO AZUL PLATA ROJO;16:07.1;16:07.1;NULL
7924;8233;AMARILLO BLANCO LOTUS MDO NEGRO ROJO;16:07.1;16:07.1;NULL
7925;8234;AMARILLO AZUL BLANCO CREMA;16:07.2;16:07.2;NULL
7926;8235;AMARILLO AZUL COBALTO;16:07.2;16:07.2;NULL
7927;8236;AMARILLO BAMBOO BLANCO;16:07.2;16:07.2;NULL
7928;8237;AMARILLO BLANCO ALUMINIO;16:07.2;16:07.2;NULL
7929;8238;AMARILLO BLANCO FRANJAS NEGRAS GRIS;16:07.2;16:07.2;NULL
7930;8239;AMARILLO BLANCO VERDE JADE;16:07.2;16:07.2;NULL
7931;8240;AMARILLO CAFE CLARO;16:07.2;16:07.2;NULL
7932;8241;AMARILLO CAFE NEGRO;16:07.2;16:07.2;NULL
7933;8242;AMARILLO CAFE TRES TONOS;16:07.2;16:07.2;NULL
7934;8243;AMARILLO CREMA VERDE JADE;16:07.3;16:07.3;NULL
7935;8244;AMARILLO CROMO LIMON;16:07.3;16:07.3;NULL
7936;8245;AMARILLO CROMO PERLADO;16:07.3;16:07.3;NULL
7937;8246;AMARILLO DUCATI;16:07.3;16:07.3;NULL
7938;8247;AMARILLO ENCENDIDO;16:07.3;16:07.3;NULL
7939;8248;AMARILLO ESPACIAL;16:07.3;16:07.3;NULL
7940;8249;AMARILLO ESPUMOSO NEGRO;16:07.3;16:07.3;NULL
7941;8250;AMARILLO GRIS PERLA;16:07.4;16:07.4;NULL
7942;8251;AMARILLO IMULA;16:07.5;16:07.5;NULL
7943;8252;AMARILLO JAUNE GENET;16:07.5;16:07.5;NULL
7944;8253;AMARILLO METALICO;16:07.6;16:07.6;NULL
7945;8254;AMARILLO METAL BLANCO;16:07.6;16:07.6;NULL
7946;8255;AMARILLO MOJAVED VERDE;16:07.6;16:07.6;NULL
7947;8256;AMARILLO MOSTAZA WANBA;16:07.6;16:07.6;NULL
7948;8257;AMARILLO PLATEADO;16:07.6;16:07.6;NULL
7949;8258;AMARILLO RAVENA BLANCO;16:07.7;16:07.7;NULL
7950;8259;AMARILLO SAHARA CROMO;16:07.7;16:07.7;NULL
7951;8260;AMARILLO SOL;16:07.8;16:07.8;NULL
7952;8261;AMARILLO VERDE CAMALEON;16:07.8;16:07.8;NULL
7953;8262;AMARILLO VERMEE;16:07.8;16:07.8;NULL
7954;8263;AMARILLOSO PLATEADO;16:07.8;16:07.8;NULL
7955;8264;AMARRILLO BORE NEGRO;16:07.8;16:07.8;NULL
7956;8265;ARENA DESERT ROCK METALIZADO;16:07.8;16:07.8;NULL
7957;8266;ARENA DESERTICO PERLADO;16:07.8;16:07.8;NULL
7958;8267;ARENA DORADO CASTAÑO;16:07.9;16:07.9;NULL
7959;8268;ARENA DORADO METALIZADO;16:07.9;16:07.9;NULL
7960;8269;ARENA DOS TONOS;16:07.9;16:07.9;NULL
7961;8270;ARENA LAVA PERLADO;17:10.1;17:10.1;NULL
7962;8271;ARENA METALIZADO;17:10.1;17:10.1;NULL
7963;8272;ARENA METALIZADO MOKA;17:10.1;17:10.1;NULL
7965;8274;ARENA OSCURA;17:10.2;17:10.2;NULL
7966;8275;ARENA TURQUESA;17:10.2;17:10.2;NULL
7967;8276;ARMADA GOLD;17:10.2;17:10.2;NULL
7968;8277;AZEANBLAU MET;17:10.2;17:10.2;NULL
7969;8278;AZUL ABIZA;17:10.2;17:10.2;NULL
7970;8279;AZUL ABSOLUTO METALIZADO;17:10.2;17:10.2;NULL
7971;8280;AZUL ACERO METALIZADO;17:10.2;17:10.2;NULL
7972;8281;AZUL ACIANO;17:10.2;17:10.2;NULL
7973;8282;AZUL ACUATICO;17:10.2;17:10.2;NULL
7974;8283;AZUL ADRIATICO METALIZADO;17:10.2;17:10.2;NULL
7975;8284;AZUL ADRIATICO OSCURO;17:10.2;17:10.2;NULL
7976;8285;AZUL ADRIATICO PERLADO;17:10.2;17:10.2;NULL
7977;8286;AZUL ADRIATICO PLATA NIQUEL;17:10.2;17:10.2;NULL
7978;8287;AZUL AGUA BRILLANTE;17:10.2;17:10.2;NULL
7979;8288;AZUL AGUA METALIZADO;17:10.2;17:10.2;NULL
7980;8289;AZUL AGUA SUIZA;17:10.2;17:10.2;NULL
7981;8290;AZUL AGUAMARINA METALIZADO;17:10.2;17:10.2;NULL
7982;8291;AZUL AGUAMARINA PERLADO;17:10.2;17:10.2;NULL
7983;8292;AZUL AGUAZUISA;17:10.2;17:10.2;NULL
7984;8293;AZUL ALASKA METALIZADO;17:10.3;17:10.3;NULL
7985;8294;AZUL ALBA AZUL FIRMAMENTO;17:10.3;17:10.3;NULL
7986;8295;AZUL ALBORADO METALIZADO;17:10.3;17:10.3;NULL
7987;8296;AZUL ALEGRE;17:10.3;17:10.3;NULL
7988;8297;AZUL ALONDRA AZUL PUERTO;17:10.3;17:10.3;NULL
7989;8298;AZUL AMATISTA GRIS NIEBLA;17:10.3;17:10.3;NULL
7990;8299;AZUL ANTRACITA PER;17:10.3;17:10.3;NULL
7991;8300;AZUL AQUA EFECTO PERLA;17:10.3;17:10.3;NULL
7992;8301;AZUL ARRECIFE METALIZADO;17:10.3;17:10.3;NULL
7993;8302;AZUL ATLANTICO GRIS OBSCURO;17:10.3;17:10.3;NULL
7994;8303;AZUL ATLANTICO METALIZADO BLANCO;17:10.3;17:10.3;NULL
7995;8304;AZUL ATLANTICO PLATA;17:10.3;17:10.3;NULL
7996;8305;AZUL AURORA MICA;17:10.3;17:10.3;NULL
7997;8306;AZUL AVUS METALIZADO;17:10.3;17:10.3;NULL
7998;8307;AZUL ORIENTAL METALIZADO;17:10.3;17:10.3;NULL
7999;8308;AZUL AZAFATA;17:10.4;17:10.4;NULL
8000;8309;AZUL MACEIO;17:10.4;17:10.4;NULL
8001;8310;AZUL AZURIT;17:10.4;17:10.4;NULL
8002;8311;AZUL AZURIT METALZADO;17:10.4;17:10.4;NULL
8003;8312;AZUL AZURITA METALIZADO;17:10.4;17:10.4;NULL
8004;8313;AZUL BEIGE CHAMPAÑA;17:10.4;17:10.4;NULL
8005;8314;AZUL BEIGE CINZA METALIZADO NEGRO;17:10.4;17:10.4;NULL
8006;8315;AZUL BEIGE METALIZADO;17:10.4;17:10.4;NULL
8007;8316;AZUL BLANCO METALIZADO;17:10.4;17:10.4;NULL
8008;8317;AZUL BLANCO ALUMINIO METALIZADO;17:10.4;17:10.4;NULL
8009;8318;AZUL BLANCO ANTARTIDA;17:10.4;17:10.4;NULL
8010;8319;AZUL BLANCO ARCO BICAPA;17:10.4;17:10.4;NULL
8011;8320;AZUL BLANCO PLACA ROJO VERDE;17:10.4;17:10.4;NULL
8012;8321;AZUL BLANCO SILVER HOLOGRAMA;17:10.5;17:10.5;NULL
8013;8322;AZUL BRILLANTE AZUL OSCURO;17:10.5;17:10.5;NULL
8014;8323;AZUL BRILLANTE PLATA;17:10.5;17:10.5;NULL
8015;8324;AZUL BROMO BLANCO HUESO DORADO;17:10.5;17:10.5;NULL
8016;8325;AZUL BRUMA AZUL OSCURO;17:10.5;17:10.5;NULL
8017;8326;AZUL BUCKINGHAM METALIZADO;17:10.5;17:10.5;NULL
8018;8327;AZUL CAMALEON METALIZADO;17:10.5;17:10.5;NULL
8019;8328;AZUL CARCETA;17:10.5;17:10.5;NULL
8020;8329;AZUL CARI;17:10.5;17:10.5;NULL
8021;8330;AZUL CARIBE STRATO PLATA;17:10.5;17:10.5;NULL
8022;8331;AZUL CELESTE METALIZADO;17:10.5;17:10.5;NULL
8023;8332;AZUL CHAIMA;17:10.5;17:10.5;NULL
8024;8333;AZUL CHINA;17:10.5;17:10.5;NULL
8025;8334;AZUL CHINO;17:10.5;17:10.5;NULL
8026;8335;AZUL CHINO METALIZADO;17:10.5;17:10.5;NULL
8027;8336;AZUL CIELO AZUL REY;17:10.5;17:10.5;NULL
8028;8337;AZUL CIELO METALIZADO;17:10.5;17:10.5;NULL
8029;8338;AZUL CLARO AZUL CELESTE;17:10.5;17:10.5;NULL
8030;8339;AZUL CLARO AZUL OSCURO METALIZADO;17:10.5;17:10.5;NULL
8031;8340;AZUL CLARO AZUL OSCURO ROJO VERDE;17:10.6;17:10.6;NULL
8032;8341;AZUL CLARO AZUL OSCURO BLANCO;17:10.6;17:10.6;NULL
8033;8342;AZUL CLARO CROMADO;17:10.6;17:10.6;NULL
8034;8343;AZUL CLARO CROMADO AZUL OSCURO;17:10.6;17:10.6;NULL
8035;8344;AZUL CLOISSONE;17:10.6;17:10.6;NULL
8036;8345;AZUL COBALTO MICA;17:10.6;17:10.6;NULL
8037;8346;AZUL COCODRILO;17:10.6;17:10.6;NULL
8038;8347;AZUL COMBINADO;17:10.6;17:10.6;NULL
8039;8348;AZUL CORCELLA;17:10.6;17:10.6;NULL
8040;8349;AZUL CORSA;17:10.6;17:10.6;NULL
8041;8350;AZUL COSMOS METALIZADO;17:10.6;17:10.6;NULL
8042;8351;AZUL CRISTALINO;17:10.6;17:10.6;NULL
8043;8352;AZUL CYCLONE METALIZADO;17:10.6;17:10.6;NULL
8044;8353;AZUL CYPRUNS PERLADO;17:10.6;17:10.6;NULL
8045;8354;AZUL DANES AZUL OCEANO;17:10.6;17:10.6;NULL
8046;8355;AZUL DANES BEIGE CAMEL;17:10.6;17:10.6;NULL
8047;8356;AZUL DANES BICAPA METALIZADO BEIGE CAMEL;17:10.7;17:10.7;NULL
8048;8357;AZUL DANES BICAPA BLANCO ARTICO;17:10.7;17:10.7;NULL
8049;8358;AZUL DANES BICAPA METALIZADO;17:10.7;17:10.7;NULL
8050;8359;AZUL DANES METALIZADO;17:10.7;17:10.7;NULL
8051;8360;AZUL DANES SUECIA;17:10.7;17:10.7;NULL
8052;8361;AZUL DANUBIO METALIZADO BLANCO;17:10.7;17:10.7;NULL
8053;8362;AZUL DAWN METALIZADO;17:10.7;17:10.7;NULL
8054;8363;AZUL DAYTONA;17:10.7;17:10.7;NULL
8055;8364;AZUL DAYTONA METALIZADO;17:10.7;17:10.7;NULL
8056;8365;AZUL DEGRADADO BLANCO;17:10.7;17:10.7;NULL
8057;8366;AZUL DEGRADEE OSCURO CLARO;17:10.7;17:10.7;NULL
8058;8367;AZUL DEL HORIZONTE BLANCO;17:10.7;17:10.7;NULL
8059;8368;AZUL DIAMANTE METALIZADO;17:10.7;17:10.7;NULL
8060;8369;AZUL DORADO ESTRATO PLATA;17:10.7;17:10.7;NULL
8061;8370;AZUL DORADO METALIZADO;17:10.7;17:10.7;NULL
8062;8371;AZUL DORADO PLATA;17:10.7;17:10.7;NULL
8063;8372;AZUL DOS TONOS BLANCO MADERA;17:10.7;17:10.7;NULL
8064;8373;AZUL EFFECT;17:10.7;17:10.7;NULL
8065;8374;AZUL EGEO METALIZADO;17:10.8;17:10.8;NULL
8066;8375;AZUL EGEO PLATA;17:10.8;17:10.8;NULL
8067;8376;AZUL EJECUTIVO;17:10.8;17:10.8;NULL
8068;8377;AZUL ELITE GRIS POLICROMADO;17:10.8;17:10.8;NULL
8069;8378;AZUL ETERNAL;17:10.8;17:10.8;NULL
8070;8379;AZUL EUROPA MICA METALIZADO;17:10.8;17:10.8;NULL
8071;8380;AZUL EUROPA PERLADO;17:10.8;17:10.8;NULL
8072;8381;AZUL FARAON;17:10.8;17:10.8;NULL
8073;8382;AZUL FIRMAMENTO BLANCO;17:10.8;17:10.8;NULL
8074;8383;AZUL AMARILLO NIQUEL;17:10.8;17:10.8;NULL
8075;8384;AZUL FLOWER;17:10.8;17:10.8;NULL
8076;8385;AZUL FRANCES;17:10.8;17:10.8;NULL
7964;8273;ARENA MICA;17:10.2;17:10.2;NULL
8077;8386;AZUL GRIS CLARO;17:10.8;17:10.8;NULL
8078;8387;AZUL GRIS OSCURO METALIZADO;17:10.8;17:10.8;NULL
8079;8388;AZUL GRIS METALIZADO;17:10.8;17:10.8;NULL
8080;8389;AZUL GRIS PLATA POLICROMADO;17:10.9;17:10.9;NULL
8081;8390;AZUL GRIS PLOMO;17:10.9;17:10.9;NULL
8082;8391;AZUL GRISOSO METALIZADO;17:10.9;17:10.9;NULL
8083;8392;AZUL GRISOSO PERLADO;17:10.9;17:10.9;NULL
8084;8393;AZUL HAWAR;17:10.9;17:10.9;NULL
8085;8394;AZUL HERALDIC METALIZADO;17:10.9;17:10.9;NULL
8086;8395;AZUL HYUNDAI;17:10.9;17:10.9;NULL
8087;8396;AZUL IMPERIAL MICA PLATA METALIZADO;17:10.9;17:10.9;NULL
8088;8397;AZUL INIT METALIZADO;17:10.9;17:10.9;NULL
8089;8398;AZUL LAGUNA PERLA;17:10.9;17:10.9;NULL
8090;8399;AZUL LAPIZ LAZULI;17:10.9;17:10.9;NULL
8091;8400;AZUL LAPIZ METALIZADO;17:10.9;17:10.9;NULL
8092;8401;AZUL LARGO PLATA;17:10.9;17:10.9;NULL
8093;8402;AZUL LAZURI;17:11.0;17:11.0;NULL
8094;8403;AZUL LIMA;17:11.0;17:11.0;NULL
8095;8404;AZUL LINARIT;17:11.0;17:11.0;NULL
8096;8405;AZUL LINARITA;17:11.0;17:11.0;NULL
8097;8406;AZUL LISBOA NEGRO;17:11.0;17:11.0;NULL
8098;8407;AZUL LITA METALIZADO;17:11.0;17:11.0;NULL
8099;8408;AZUL LLAMAS ROJO;17:11.0;17:11.0;NULL
8100;8409;AZUL LUZ METALIZADO;17:11.0;17:11.0;NULL
8101;8410;AZUL MARITIMO MICA;17:11.0;17:11.0;NULL
8102;8411;AZUL MARITIUS;17:11.0;17:11.0;NULL
8103;8412;AZUL MAURICIUS;17:11.0;17:11.0;NULL
8104;8413;AZUL MAURITIUS NACRE;17:11.0;17:11.0;NULL
8105;8414;AZUL MED METALIZADOY BLANCO;17:11.0;17:11.0;NULL
8106;8415;AZUL MEDIANO METALIZADO;17:11.0;17:11.0;NULL
8107;8416;AZUL MEDIANOCHE METALIZADO;17:11.0;17:11.0;NULL
8108;8417;AZUL MEDIO METALIZADO;17:11.1;17:11.1;NULL
8109;8418;AZUL MEDIUM;17:11.1;17:11.1;NULL
8110;8419;AZUL OSCURO MICA METALICO;17:11.1;17:11.1;NULL
8111;8420;AZUL METALIZADO ADRIATICO;17:11.1;17:11.1;NULL
8112;8421;AZUL METALIZADO BLANCO SOLIDO;17:11.1;17:11.1;NULL
8113;8422;AZUL METALIZADO GRIS PLATA;17:11.1;17:11.1;NULL
8114;8423;AZUL METALIZADO OSCURO;17:11.1;17:11.1;NULL
8115;8424;AZUL METALIZADO PLATA;17:11.2;17:11.2;NULL
8116;8425;AZUL METALIZADO PLATEADO;17:11.2;17:11.2;NULL
8117;8426;AZUL METALIZADO PLATEADO GRISACEO;17:11.2;17:11.2;NULL
8118;8427;AZUL METALIZADO VERDE;17:11.2;17:11.2;NULL
8119;8428;AZUL METALIZADO DORADO;17:11.2;17:11.2;NULL
8120;8429;AZUL METALIZADO DRAVA;17:11.2;17:11.2;NULL
8121;8430;AZUL MICA PLATEADO METALIZADO;17:11.2;17:11.2;NULL
8122;8431;AZUL MISTICO PERLA;17:11.2;17:11.2;NULL
8123;8432;AZUL MISTICO PERLADO;17:11.2;17:11.2;NULL
8124;8433;AZUL MOSAT METALIZADO;17:11.2;17:11.2;NULL
8125;8434;AZUL MULTIEFECTOS;17:11.2;17:11.2;NULL
8126;8435;AZUL MUNDIAL;17:11.2;17:11.2;NULL
8127;8436;AZUL NAVAL ALUMINIO FINO;17:11.2;17:11.2;NULL
8128;8437;AZUL NAVIO;17:11.2;17:11.2;NULL
8129;8438;AZUL NAVIO MICA;17:11.3;17:11.3;NULL
8130;8439;AZUL NEGRO CAMALEON;17:11.3;17:11.3;NULL
8131;8440;AZUL NOCHE PLATINO;17:11.3;17:11.3;NULL
8132;8441;AZUL NOCTURNO METALIZADO BLANCO;17:11.3;17:11.3;NULL
8133;8442;AZUL NUVOLA;17:11.3;17:11.3;NULL
8134;8443;AZUL OCEANO METALIZADO;17:11.3;17:11.3;NULL
8135;8444;AZUL ONIX METALIZADO PLATINO;17:11.3;17:11.3;NULL
8136;8445;AZUL ONIX PERLA MICA;17:11.3;17:11.3;NULL
8137;8446;AZUL OPTRA;17:11.3;17:11.3;NULL
8138;8447;AZUL ORIENT;17:11.4;17:11.4;NULL
8139;8448;AZUL ORIENT METALIZADO;17:11.4;17:11.4;NULL
8140;8449;AZUL ORIENTE;17:11.4;17:11.4;NULL
8141;8450;AZUL PACIFICO STRATO PLATA;17:11.4;17:11.4;NULL
8142;8451;AZUL PERLA REAL;17:11.4;17:11.4;NULL
8143;8452;AZUL PERLA STRATO;17:11.4;17:11.4;NULL
8144;8453;AZUL PLATA ROJO;17:11.4;17:11.4;NULL
8145;8454;AZUL PURPEREO;17:11.4;17:11.4;NULL
8146;8455;AZUL REALE;17:11.4;17:11.4;NULL
8147;8456;AZUL SANTORIN EFECTO PERLA;17:11.4;17:11.4;NULL
8148;8457;AZUL SAPHIRO METALIZADO;17:11.4;17:11.4;NULL
8149;8458;AZUL SAPHIRO OSCURO;17:11.4;17:11.4;NULL
8150;8459;AZUL SHAPIRO;17:11.4;17:11.4;NULL
8151;8460;AZUL SOLAR DOVE GRAY;17:11.4;17:11.4;NULL
8152;8461;AZUL STAMBUL PLANO;17:11.5;17:11.5;NULL
8153;8462;AZUL TAHITI PERLADO;17:11.5;17:11.5;NULL
8154;8463;AZUL TAIHI;17:11.5;17:11.5;NULL
8155;8464;AZUL TOPAZ;17:11.5;17:11.5;NULL
8156;8465;AZUL TOTAL;17:11.5;17:11.5;NULL
8157;8466;AZUL TRANQUIL;17:11.5;17:11.5;NULL
8158;8467;AZUL TRES TONOS GRIS;17:11.5;17:11.5;NULL
8159;8468;AZUL TUREK;17:11.5;17:11.5;NULL
8160;8469;AZUL TURQUESA ASTRAL;17:11.5;17:11.5;NULL
8161;8470;AZUL TURQUESA DEL CARIBE;17:11.5;17:11.5;NULL
8162;8471;AZUL UNIVERSO PERLADO;17:11.5;17:11.5;NULL
8163;8472;AZUL UNIVERSO POLICROMADO;17:11.5;17:11.5;NULL
8164;8473;AZUL VALMET;17:11.5;17:11.5;NULL
8165;8474;AZUL VERDOSO GRAFITO;17:11.5;17:11.5;NULL
8166;8475;AZUL VERDOSO MARFIL;17:11.5;17:11.5;NULL
8167;8476;AZUL VERDOSO POLICROMADO;17:11.5;17:11.5;NULL
8168;8477;AZUL VIP;17:11.5;17:11.5;NULL
8169;8478;AZUL ZAFIRO METALIZADO;17:11.5;17:11.5;NULL
8170;8479;AZUL ZAFIRO MICADO METALIZADO;17:11.5;17:11.5;NULL
8171;8480;AZUL ZAFIRO OSCURO;17:11.5;17:11.5;NULL
8172;8481;AZUL ZAFIRO OSCURO METALIZADO;17:11.6;17:11.6;NULL
8173;8482;AZUL ZAFIRO PERLADO;17:11.6;17:11.6;NULL
8174;8483;AZUL ZAPHIRODO;17:11.6;17:11.6;NULL
8175;8484;AZUL GRIS BRUMA;17:11.6;17:11.6;NULL
8176;8485;AZULOSO OSCURO METALIZADO;17:11.6;17:11.6;NULL
8177;8486;AZURIT METALIZADO;17:11.6;17:11.6;NULL
8178;8487;BAHAMA BEIGE;17:11.6;17:11.6;NULL
8179;8488;BAHAMA BEIGE METALIZADO;17:11.6;17:11.6;NULL
8180;8489;BLANCO HIELO NEGRO MATE ROJO PUNZO;17:11.6;17:11.6;NULL
8181;8490;BEGGE SCHEBERTH;17:11.6;17:11.6;NULL
8182;8491;BEIGE ANDICORA;17:11.6;17:11.6;NULL
8183;8492;BEIGE APERLADO;17:11.6;17:11.6;NULL
8184;8493;BEIGE ARENA OSCURO;17:11.6;17:11.6;NULL
8185;8494;BEIGE CAFE POLICROMADO;17:11.7;17:11.7;NULL
8186;8495;BEIGE CAMARA METALIZADO;17:11.7;17:11.7;NULL
8187;8496;BEIGE CAPUCHINO;17:11.7;17:11.7;NULL
8188;8497;BEIGE CARRARA PERLADO;17:11.7;17:11.7;NULL
8189;8498;BEIGE CARRARA POLICROMADO;17:11.7;17:11.7;NULL
8190;8499;BEIGE CLARO PERLADO METALIZADO;17:11.7;17:11.7;NULL
8191;8500;BEIGE CREMA PLANA;17:11.7;17:11.7;NULL
8192;8501;BEIGE ESTRACTO PERLA;17:11.7;17:11.7;NULL
8193;8502;BEIGE FRAILEJON METALIZADO;17:11.7;17:11.7;NULL
8194;8503;BEIGE GRIS OSCURO METALIZADO;17:11.7;17:11.7;NULL
8195;8504;BEIGE GRIS MEDIO METALIZADO;17:11.7;17:11.7;NULL
8196;8505;BEIGE IMPALA METALIZADO;17:11.7;17:11.7;NULL
8197;8506;BEIGE IV;17:11.7;17:11.7;NULL
8198;8507;BEIGE MARRIQUI;17:11.7;17:11.7;NULL
8199;8508;BEIGE MARROCO;17:11.8;17:11.8;NULL
8200;8509;BEIGE MAYFAIR;17:11.8;17:11.8;NULL
8201;8510;BEIGE MAYFAIR METALIZADO;17:11.8;17:11.8;NULL
8202;8511;BEIGE MEDIO METALIZADO;17:11.8;17:11.8;NULL
8203;8512;BEIGE METALIZADO ARENA;17:11.8;17:11.8;NULL
8204;8513;BEIGE METALIZADO BLANCO;17:11.8;17:11.8;NULL
8205;8514;BEIGE METALIZADO CAFE;17:11.8;17:11.8;NULL
8206;8515;BEIGE METALIZADO STRATO PERLA;17:11.8;17:11.8;NULL
8207;8516;BEIGE METALIZADO GRIS MEDIO MICA;17:11.8;17:11.8;NULL
8208;8517;BEIGE PERLA METALIZADO;17:11.8;17:11.8;NULL
8209;8518;BEIGE PUEBLO;17:11.8;17:11.8;NULL
8210;8519;BEIGE ROMA;17:11.8;17:11.8;NULL
8211;8520;BEIGE TAN;17:11.8;17:11.8;NULL
8212;8521;BERBELLON ZAPOTE;17:11.8;17:11.8;NULL
8213;8522;BLANCO BANQUISE METALIZADO;17:11.8;17:11.8;NULL
8214;8523;BLANCO ALBASTER;17:11.8;17:11.8;NULL
8215;8524;BLANCO ALFI;17:11.8;17:11.8;NULL
8216;8525;BLANCO ALPIN WEISS;17:11.8;17:11.8;NULL
8217;8526;BLANCO ALPINA;17:11.9;17:11.9;NULL
8218;8527;BLANCO ALPINWEISS;17:11.9;17:11.9;NULL
8219;8528;BLANCO ALUMINIO METALIZADO;17:11.9;17:11.9;NULL
8220;8529;BLANCO ARCO BICAPA VERDE AMAZONICO;17:11.9;17:11.9;NULL
8221;8530;BLANCO ARO;17:11.9;17:11.9;NULL
8222;8531;BLANCO AUTOMATICO;17:11.9;17:11.9;NULL
8223;8532;BLANCO AZUL MICA;17:12.0;17:12.0;NULL
8224;8533;BLANCO AZULADO TURQUESA VERDE;17:12.0;17:12.0;NULL
8225;8534;BLANCO BEIGE FRASER;17:12.0;17:12.0;NULL
8226;8535;BLANCO BERGE;17:12.0;17:12.0;NULL
8227;8536;BLANCO BLANQUISA METALIZADO;17:12.0;17:12.0;NULL
8228;8537;BLANCO BLANQUISE PASTEL;17:12.1;17:12.1;NULL
8229;8538;BLANCO CAFE CASTILLA METALIZADO;17:12.1;17:12.1;NULL
8230;8539;BLANCO CREMA PLATEADO;17:12.1;17:12.1;NULL
8231;8540;BLANCO DORADO NEGRO PERLA;17:12.1;17:12.1;NULL
8232;8541;BLANCO ESCARABAJO;17:12.1;17:12.1;NULL
8233;8542;BLANCO FRANJA AMARILLA ROJA VERDE;17:12.1;17:12.1;NULL
8234;8543;BLANCO FRANJA AZUL ROJA;17:12.1;17:12.1;NULL
8235;8544;BLANCO FRANJA DORADA;17:12.1;17:12.1;NULL
8236;8545;BLANCO FRANJA GRIS;17:12.2;17:12.2;NULL
8237;8546;BLANCO FRANJA ROJA;17:12.2;17:12.2;NULL
8238;8547;BLANCO FRANJA VERDE METALIZADO;17:12.2;17:12.2;NULL
8239;8548;BLANCO FRANJA;17:12.2;17:12.2;NULL
8240;8549;BLANCO FRANJAS A COLORES;17:12.2;17:12.2;NULL
8241;8550;BLANCO FRANJA AMARILLA NEGRO;17:12.2;17:12.2;NULL
8242;8551;BLANCO FRANJAS AMARILLAS;17:12.2;17:12.2;NULL
8243;8552;BLANCO FRANJAS AMARILLAS ROJAS;17:12.2;17:12.2;NULL
8244;8553;BLANCO FRANJAS AMARILLO VERDE;17:12.2;17:12.2;NULL
8245;8554;BLANCO FRANJAS AZULES GRIS;17:12.3;17:12.3;NULL
8246;8555;BLANCO FRANJAS GRIS;17:12.3;17:12.3;NULL
8247;8556;BLANCO FRANJAS NARANJAS VERDES;17:12.3;17:12.3;NULL
8248;8557;BLANCO FRANJAS NEGRAS;17:12.3;17:12.3;NULL
8249;8558;BLANCO FRANJAS ROJAS;17:12.3;17:12.3;NULL
8250;8559;BLANCO FRANJAS SICODELICAS;17:12.3;17:12.3;NULL
8251;8560;BLANCO FRANJAS VERDES;17:12.3;17:12.3;NULL
8252;8561;BLANCO FRANJAS VERDES AZULES;17:12.3;17:12.3;NULL
8253;8562;BLANCO FRANJAS VINOTINTO;17:12.3;17:12.3;NULL
8254;8563;BLANCO FROST;17:12.4;17:12.4;NULL
8255;8564;BLANCO GLACEADO;17:12.4;17:12.4;NULL
8256;8565;BLANCO GLACIAL METALIZADO;17:12.4;17:12.4;NULL
8257;8566;BLANCO GRIS METAL;17:12.4;17:12.4;NULL
8258;8567;BLANCO GRIS OSCURO METALICO;17:12.4;17:12.4;NULL
8259;8568;BLANCO MAGNESIO METALIZADO;17:12.4;17:12.4;NULL
8260;8569;BLANCO MAGNOLIA;17:12.4;17:12.4;NULL
8261;8570;BLANCO MAMEY;17:12.4;17:12.4;NULL
8262;8571;BLANCO MARIPA;17:12.4;17:12.4;NULL
8263;8572;BLANCO MENTA;17:12.4;17:12.4;NULL
8264;8573;BLANCO METALIZADO CHAMPAÑA;17:12.5;17:12.5;NULL
8265;8574;BLANCO METALIZADO VINOTINTO;17:12.5;17:12.5;NULL
8266;8575;BLANCO MULER;17:12.5;17:12.5;NULL
8267;8576;BLANCO MULTICOLOR;17:12.5;17:12.5;NULL
8268;8577;BLANCO NEGRO BERLIN;17:12.5;17:12.5;NULL
8269;8578;BLANCO NEGRO CUARZO;17:12.5;17:12.5;NULL
8270;8579;BLANCO NEGRO CUARZO METALIZADO;17:12.5;17:12.5;NULL
8271;8580;BLANCO NEGRO ROJO MONTANA;17:12.5;17:12.5;NULL
8272;8581;BLANCO NEGRO VERDE JADE;17:12.5;17:12.5;NULL
8273;8582;BLANCO NEGRO VERDE MANZANA;17:12.5;17:12.5;NULL
8274;8583;BLANCO NEVASCA;17:12.5;17:12.5;NULL
8275;8584;BLANCO NIEBLA;17:12.5;17:12.5;NULL
8276;8585;BLANCO NIEVE TURQUESA;17:12.5;17:12.5;NULL
8277;8586;BLANCO NOBLEZA;17:12.5;17:12.5;NULL
8278;8587;BLANCO PEPER;17:12.5;17:12.5;NULL
8279;8588;BLANCO PERLADO TRICAPA;17:12.5;17:12.5;NULL
8280;8589;BLANCO PLATA NIQUEL;17:12.5;17:12.5;NULL
8281;8590;BLANCO PLATEADO METALIZADO VERDE;17:12.5;17:12.5;NULL
8282;8591;BLANCO PLATINO;17:12.6;17:12.6;NULL
8283;8592;BLANCO POLICROMIAS;17:12.6;17:12.6;NULL
8284;8593;BLANCO RADIANTE;17:12.6;17:12.6;NULL
8285;8594;BLANCO RAYAS DE COLORES;17:12.6;17:12.6;NULL
8286;8595;BLANCO ROJO AMAPOLA;17:12.6;17:12.6;NULL
8287;8596;BLANCO ROJO METALICO;17:12.6;17:12.6;NULL
8288;8597;BLANCO ROJO VERDE ESMERALDA;17:12.6;17:12.6;NULL
8289;8598;BLANCO ROJO VERDE HIGS;17:12.6;17:12.6;NULL
8290;8599;BLANCO SAL CREMA;17:12.6;17:12.6;NULL
8291;8600;BLANCO SAL NIEVE;17:12.6;17:12.6;NULL
8292;8601;BLANCO SARANJEVO;17:12.6;17:12.6;NULL
8293;8602;BLANCO SATINADO PERLA;17:12.6;17:12.6;NULL
8294;8603;BLANCO SAVARIN;17:12.6;17:12.6;NULL
8295;8604;BLANCO SOPHI;17:12.6;17:12.6;NULL
8296;8605;BLANCO STAR;17:12.7;17:12.7;NULL
8297;8606;BLANCO SUCIO;17:12.7;17:12.7;NULL
8298;8607;BLANCO SUPER BLANCO;17:12.7;17:12.7;NULL
8299;8608;BLANCO VELOTAX;17:12.7;17:12.7;NULL
8300;8609;BLANCO VERDE MARINO;17:12.7;17:12.7;NULL
8301;8610;BLANCO VERDE METALICO;17:12.7;17:12.7;NULL
8302;8611;BLANCO VERDE NARANJA VERDE JADE;17:12.7;17:12.7;NULL
8303;8612;BLANCO VERDE ZAPOTE BERBELLON;17:12.7;17:12.7;NULL
8304;8613;BLANCO VERDOSO;17:12.7;17:12.7;NULL
8305;8614;BLANCO VIBRANTE;17:12.7;17:12.7;NULL
8306;8615;BLANCO WIMBLEDON;17:12.7;17:12.7;NULL
8307;8616;BLANCO MORADO PURPURA;17:12.7;17:12.7;NULL
8308;8617;BLANCO GRIS OSCURO METALIZADO;17:12.7;17:12.7;NULL
8309;8618;BLEU DE CHINE;17:12.7;17:12.7;NULL
8310;8619;BLEU DE CHINE MET;17:12.7;17:12.7;NULL
8311;8620;BLEU MAURITIUS;17:12.7;17:12.7;NULL
8313;8622;BLUE AZUL;17:12.7;17:12.7;NULL
8314;8623;BLUE BIRMAN;17:12.7;17:12.7;NULL
8315;8624;BLUE BUCKINGHAM;17:12.8;17:12.8;NULL
8316;8625;BLUE DE CHINE;17:12.8;17:12.8;NULL
8317;8626;BLUE GRAND PAVOI;17:12.8;17:12.8;NULL
8318;8627;BLUE MAURITTIUS;17:12.8;17:12.8;NULL
8319;8628;BLUE METALIZADO;17:12.8;17:12.8;NULL
8320;8629;BLUE SHAPIR;17:12.8;17:12.8;NULL
8321;8630;BLUE SILVER METALIZADO;17:12.8;17:12.8;NULL
8322;8631;BLUE STRATOS;17:12.8;17:12.8;NULL
8323;8632;BLUE STRATOS NAGRE;17:12.8;17:12.8;NULL
8324;8633;BLUISH GREEN;17:12.8;17:12.8;NULL
8325;8634;BORNIT;17:12.8;17:12.8;NULL
8326;8635;BORNITA;17:12.8;17:12.8;NULL
8327;8636;BRONCE APOLO ORO SINU;17:12.8;17:12.8;NULL
8328;8637;BRONCE METALIZADO NEGRO;17:12.8;17:12.8;NULL
8329;8638;BRONCEADO;17:12.9;17:12.9;NULL
8330;8639;BRONZE GREEN;17:12.9;17:12.9;NULL
8331;8640;BRONZIT METALIZADO;17:12.9;17:12.9;NULL
8332;8641;BRONZITBEIGE;17:12.9;17:12.9;NULL
8333;8642;BROWN BURGUNDY;17:12.9;17:12.9;NULL
8334;8643;BROWN CASTILLA;17:12.9;17:12.9;NULL
8335;8644;BROWN CORAL;17:12.9;17:12.9;NULL
8336;8645;BROWN DE TANA;17:12.9;17:12.9;NULL
8337;8646;BROWN MICA;17:12.9;17:12.9;NULL
8338;8647;CAFE CLARO CAPUCHINO;17:12.9;17:12.9;NULL
8339;8648;CAFE CLARO POLICROMADO;17:12.9;17:12.9;NULL
8340;8649;CAFE DORADO MULTICOLOR;17:12.9;17:12.9;NULL
8341;8650;CAFE METALIZADO HABANO;17:12.9;17:12.9;NULL
8342;8651;CAFE METALIZADO MARFIL;17:12.9;17:12.9;NULL
8343;8652;CAFE OCRE MATE;17:12.9;17:12.9;NULL
8344;8653;CAFE PERLA TABACO METALIZADO;17:12.9;17:12.9;NULL
8345;8654;CAFE ROSA METALIZADO;17:12.9;17:12.9;NULL
8346;8655;CAMEL METALIZADO HABANO;17:13.0;17:13.0;NULL
8347;8656;CAMPANILLA VIOLETA;17:13.0;17:13.0;NULL
8348;8657;CANELA MARFIL OSCURO;17:13.0;17:13.0;NULL
8349;8658;CANELA MARRON;17:13.0;17:13.0;NULL
8350;8659;CANELA NEGRO;17:13.0;17:13.0;NULL
8351;8660;CANELA VINILO;17:13.0;17:13.0;NULL
8352;8661;CAPE BLUE TITANIUM;17:13.0;17:13.0;NULL
8353;8662;CELESTE PLATINADO;17:13.0;17:13.0;NULL
8354;8663;CEREZA PERLADO;17:13.0;17:13.0;NULL
8355;8664;CEREZA PLATEADO;17:13.0;17:13.0;NULL
8356;8665;CERICE ROUGE;17:13.0;17:13.0;NULL
8357;8666;CHAMONIX;17:13.0;17:13.0;NULL
8358;8667;CHAMPAGNE MICA;17:13.0;17:13.0;NULL
8359;8668;CHAMPAÑA GRIS ALUMINIO;17:13.0;17:13.0;NULL
8360;8669;CHAMPAÑA GRIS PLATA;17:13.0;17:13.0;NULL
8361;8670;CHAMPAÃ‘A METALIZADO GRIS;17:13.0;17:13.0;NULL
8362;8671;CHAMPAÑA NEGRO CUARZO METALIZADO;17:13.0;17:13.0;NULL
8363;8672;CHERRY RED MICA;17:13.1;17:13.1;NULL
8364;8673;CHOCOLATE HABANO;17:13.1;17:13.1;NULL
8365;8674;COBALT BLUE;17:13.1;17:13.1;NULL
8366;8675;COBALT BLUE METALIZADO;17:13.1;17:13.1;NULL
8367;8676;COBALTO NEGRO;17:13.1;17:13.1;NULL
8368;8677;COBRE FUEGO;17:13.1;17:13.1;NULL
8369;8678;COBRE METALIZADO CREMA;17:13.1;17:13.1;NULL
8370;8679;COBRE METALIZADO OSCURO;17:13.1;17:13.1;NULL
8371;8680;COBRE NATURAL;17:13.1;17:13.1;NULL
8372;8681;COBRE PERLA;17:13.2;17:13.2;NULL
8373;8682;CORAL BROWN;17:13.2;17:13.2;NULL
8374;8683;CORAL CREMA;17:13.2;17:13.2;NULL
8375;8684;CORAL CROMADO;17:13.2;17:13.2;NULL
8376;8685;CORAL MARRON;17:13.2;17:13.2;NULL
8377;8686;CREMA FRANJA VERDE;17:13.2;17:13.2;NULL
8378;8687;CROMADO;17:13.2;17:13.2;NULL
8379;8688;DORADO ACRILICO;17:13.2;17:13.2;NULL
8380;8689;DORADO ARIZONA;17:13.2;17:13.2;NULL
8381;8690;DORADO NEGRO COOFE;17:13.2;17:13.2;NULL
8382;8691;DORADO VERDE MUSGO;17:13.2;17:13.2;NULL
8383;8692;DUSTI MAUVE;17:13.2;17:13.2;NULL
8384;8693;ESTRACTO PLATA;17:13.2;17:13.2;NULL
8385;8694;ESTRACTO PLATA PERLADO;17:13.2;17:13.2;NULL
8386;8695;ESTRATO GRIS PERLA;17:13.2;17:13.2;NULL
8387;8696;ESTRATO NIQUEL;17:13.2;17:13.2;NULL
8388;8697;ESTRATO PERLA ORANGE GOLD;17:13.2;17:13.2;NULL
8389;8698;ESTRATO PERLADO;17:13.2;17:13.2;NULL
8390;8699;ESTRATO PLATA CLARO;17:13.3;17:13.3;NULL
8391;8700;EXTRACTO DE CHAMPAÑA;17:13.3;17:13.3;NULL
8392;8701;EXTRACTO DE PLATA;17:13.3;17:13.3;NULL
8393;8702;EXTRATO PLATA;17:13.3;17:13.3;NULL
8394;8703;FRAMBUESA FRANJA GRIS;17:13.3;17:13.3;NULL
8395;8704;FRAMBUESA GRIS;17:13.3;17:13.3;NULL
8396;8705;FRESA METALICO NEGRO;17:13.3;17:13.3;NULL
8397;8706;GARNET MOUVE PLATA ALTAMIRA;17:13.3;17:13.3;NULL
8398;8707;GOLDEN;17:13.3;17:13.3;NULL
8399;8708;GOLDEN BEIGE;17:13.3;17:13.3;NULL
8400;8709;GOLDEN BEIGE PERLA;17:13.3;17:13.3;NULL
8401;8710;GOLDEN OCHER METALIZADOY BEIGE;17:13.3;17:13.3;NULL
8402;8711;GRAFITO SPARKLING METALIZADO;17:13.3;17:13.3;NULL
8403;8712;GRAY OPAL MEP;17:13.3;17:13.3;NULL
8404;8713;GREY;17:13.3;17:13.3;NULL
8405;8714;GREY GRIS METALIZADO;17:13.3;17:13.3;NULL
8406;8715;GREY GRIS PLATEADO;17:13.3;17:13.3;NULL
8407;8716;GREYISH BLUE METALIZADO;17:13.3;17:13.3;NULL
8408;8717;GRIS ACERO MICA;17:13.3;17:13.3;NULL
8409;8718;GRIS AGATA;17:13.4;17:13.4;NULL
8410;8719;GRIS AGATA METALIZADO;17:13.4;17:13.4;NULL
8411;8720;GRIS AMATISTA;17:13.4;17:13.4;NULL
8412;8721;GRIS ANDORITA;17:13.4;17:13.4;NULL
8413;8722;GRIS ARENA PERLADO;17:13.4;17:13.4;NULL
8414;8723;GRIS ASTER METALIZADO;17:13.4;17:13.4;NULL
8415;8724;GRIS ASTRAL METALIZADO;17:13.4;17:13.4;NULL
8416;8725;GRIS AZUL MICA METALIZADO;17:13.4;17:13.4;NULL
8417;8726;GRIS AZULADO METALIZADO;17:13.4;17:13.4;NULL
8418;8727;GRIS AZULOSO METALIZADO PLATA AZULOSO;17:13.4;17:13.4;NULL
8419;8728;GRIS AZURE;17:13.4;17:13.4;NULL
8420;8729;GRIS BASE METALIZADO;17:13.4;17:13.4;NULL
8421;8730;GRIS CAMALEON;17:13.5;17:13.5;NULL
8422;8731;GRIS CAPOTA BLANCA;17:13.5;17:13.5;NULL
8423;8732;GRIS BRONCE;17:13.5;17:13.5;NULL
8424;8733;GRIS CENIZA MICA;17:13.5;17:13.5;NULL
8425;8734;GRIS DIPLOMATICO EBANO METALIZADO;17:13.5;17:13.5;NULL
8426;8735;GRIS FERMETAL;17:13.5;17:13.5;NULL
8427;8736;GRIS FETR METALIZADO;17:13.5;17:13.5;NULL
8428;8737;GRIS GRAFITO PLATEADO;17:13.5;17:13.5;NULL
8429;8738;GRIS GRANITEZ;17:13.5;17:13.5;NULL
8430;8739;GRIS GRANIZO;17:13.5;17:13.5;NULL
8431;8740;GRIS GRFI;17:13.5;17:13.5;NULL
8432;8741;GRIS HUMO PLATEADO;17:13.5;17:13.5;NULL
8433;8742;GRIS HUMO POLICROMADO;17:13.5;17:13.5;NULL
8434;8743;GRIS JADE METALIZADO PLATA;17:13.5;17:13.5;NULL
8435;8744;GRIS JADE METALIZADO VERDE AMERICANO;17:13.5;17:13.5;NULL
8436;8745;GRIS JADE VERDE METALIZADO;17:13.5;17:13.5;NULL
8437;8746;GRIS METALIZADOCLARO GRIS METALIZADO OSCURO;17:13.5;17:13.5;NULL
8438;8747;GRIS METALIZADO GRIS OSCURO;17:13.5;17:13.5;NULL
8439;8748;GRIS METALIZADO GRIS PERLA;17:13.5;17:13.5;NULL
8440;8749;GRIS METALIZADO NEGRO;17:13.5;17:13.5;NULL
8441;8750;GRIS METALIZADO OPALO;17:13.5;17:13.5;NULL
8442;8751;GRIS METALIZADO OSCURO;17:13.5;17:13.5;NULL
8443;8752;GRIS METALIZADO PLATA;17:13.5;17:13.5;NULL
8444;8753;GRIS METALIZADO PLATA METALIZADO;17:13.6;17:13.6;NULL
8445;8754;GRIS METALIZADO ROJO;17:13.6;17:13.6;NULL
8446;8755;GRIS METALIZADO VERDE;17:13.6;17:13.6;NULL
8447;8756;GRIS METALIZADO VERDE CLARO;17:13.6;17:13.6;NULL
8448;8757;GRIS METALIZADO VERDE METALIZADO;17:13.6;17:13.6;NULL
8449;8758;GRIS METALIZADO VERDE MICA;17:13.6;17:13.6;NULL
8450;8759;GRIS METALIZADO VERDE OSCURO;17:13.6;17:13.6;NULL
8451;8760;GRIS METALIZADO VINO TINTO;17:13.6;17:13.6;NULL
8452;8761;GRIS METALIZADO MORADO;17:13.6;17:13.6;NULL
8453;8762;GRIS METALIZADO TITANIUM;17:13.6;17:13.6;NULL
8454;8763;GRIS METALIZADO VERDE CRISTAL;17:13.6;17:13.6;NULL
8455;8764;GRIS METALIZADO NIQUEL;17:13.6;17:13.6;NULL
8456;8765;GRIS NEBLINA MICA PLATA CLARO METALIZADO;17:13.6;17:13.6;NULL
8457;8766;GRIS NEBLINA MICA PLATA METALIZADO;17:13.6;17:13.6;NULL
8458;8767;GRIS NIEBLA METALIZADO;18:17.5;18:17.5;NULL
8459;8768;GRIS NIEBLA NEGRO CUARZO METALIZADO;18:17.5;18:17.5;NULL
8460;8769;GRIS OSCURO METALICO;18:17.6;18:17.6;NULL
8461;8770;GRIS OSCURO CLARO;18:17.6;18:17.6;NULL
8462;8771;GRIS PLANO;18:17.6;18:17.6;NULL
8463;8772;GRIS PLATEADO ASHGOLI METALIZADO;18:17.6;18:17.6;NULL
8464;8773;GRIS ROAD;18:17.6;18:17.6;NULL
8465;8774;GRIS TATANIO;18:17.6;18:17.6;NULL
8466;8775;GRIS TECNICO;18:17.6;18:17.6;NULL
8467;8776;GRIS TITANIO METALIZADO;18:17.6;18:17.6;NULL
8468;8777;GRIS UNIDO METALIZADO;18:17.6;18:17.6;NULL
8469;8778;GRIS UNITED METALIZADO;18:17.6;18:17.6;NULL
8470;8779;GRIS Y AZUL DE ANIL METALIZADO;18:17.6;18:17.6;NULL
8471;8780;GRIS Y NARANJA METALIZADO;18:17.6;18:17.6;NULL
8472;8781;GRISACEO;18:17.6;18:17.6;NULL
8473;8782;HABANO COMBINADO;18:17.6;18:17.6;NULL
8474;8783;LAVA METALIZADO;18:17.6;18:17.6;NULL
8475;8784;MAGNESIO OSCURO METALIZADO MATE;18:17.6;18:17.6;NULL
8476;8785;MALVA;18:17.6;18:17.6;NULL
8477;8786;MALVA METALICO;18:17.6;18:17.6;NULL
8478;8787;MARFIL FRANJA DE COLORES;18:17.6;18:17.6;NULL
8479;8788;MARFIL VD JAMAIQUINO VD JARDIN;18:17.6;18:17.6;NULL
8480;8789;MARRON CAPOTA VINILO;18:17.6;18:17.6;NULL
8481;8790;MARRON CLARO MARRON OSCURO;18:17.6;18:17.6;NULL
8482;8791;MARRON FRANJA FORMICA;18:17.7;18:17.7;NULL
8483;8792;MARRON METALIZADO PLATEADO;18:17.7;18:17.7;NULL
8484;8793;MARRON OSC METALIZADO;18:17.7;18:17.7;NULL
8485;8794;MARRON PARDILLO;18:17.7;18:17.7;NULL
8486;8795;MARRON PARDILLO CLARO;18:17.7;18:17.7;NULL
8487;8796;MARRON PARDILLO METALIZADO;18:17.7;18:17.7;NULL
8488;8797;MELANGE;18:17.7;18:17.7;NULL
8489;8798;NARANJA DE NAMIBIA;18:17.7;18:17.7;NULL
8490;8799;NARANJA HELIOGRAFIAS;18:17.7;18:17.7;NULL
8491;8800;NARANJA SAN POL;18:17.7;18:17.7;NULL
8492;8801;NEGRO METALIZADO;18:17.7;18:17.7;NULL
8493;8802;NEGRO AZ;18:17.7;18:17.7;NULL
8494;8803;NEGRO ASTRO METALIZADO;18:17.7;18:17.7;NULL
8495;8804;NEGRO AZABACHE;18:17.7;18:17.7;NULL
8496;8805;NEGRO AZULADO METALIZADO;18:17.8;18:17.8;NULL
8497;8806;NEGRO DIAM PLATA ARIANNE;18:17.8;18:17.8;NULL
8498;8807;NEGRO EBONY;18:17.8;18:17.8;NULL
8499;8811;NEGRO GRANADA PERLADO;18:17.8;18:17.8;NULL
8500;8812;NEGRO GRIS CARB;18:17.8;18:17.8;NULL
8501;8813;NEGRO GROSELLA;18:17.8;18:17.8;NULL
8502;8814;NEGRO INFERI;18:17.8;18:17.8;NULL
8504;8816;NEGRO JEREZ METALIZADO;18:17.8;18:17.8;NULL
8505;8817;NEGRO LEÑA;18:17.8;18:17.8;NULL
8506;8818;NEGRO MAJORCA;18:17.8;18:17.8;NULL
8507;8819;NEGRO METAL;18:17.8;18:17.8;NULL
8508;8820;NEGRO METALIZADO PLATEADO;18:17.8;18:17.8;NULL
8509;8821;NEGRO METALIZADO DECORADO;18:17.8;18:17.8;NULL
8510;8822;NEGRO METALICO;18:17.8;18:17.8;NULL
8511;8823;NEGRO MICA PLATA;18:17.8;18:17.8;NULL
8512;8824;NEGRO OBSI METAL;18:17.9;18:17.9;NULL
8513;8825;NEGRO OPACO;18:17.9;18:17.9;NULL
8514;8826;NEGRO OSCURO METALIZADO MATE;18:17.9;18:17.9;NULL
8515;8827;NEGRO PERLADO EFX;18:17.9;18:17.9;NULL
8516;8828;NEGRO PERLADO METALIZADO;18:17.9;18:17.9;NULL
8517;8829;NEGRO PLANO;18:17.9;18:17.9;NULL
8518;8830;NEGRO POLAR;18:17.9;18:17.9;NULL
8519;8831;NEGRO PRETO;18:17.9;18:17.9;NULL
8520;8832;NEGRO PRODUCTION;18:17.9;18:17.9;NULL
8521;8833;NEGRO ROJO ESCARLATA METALIZADO;18:17.9;18:17.9;NULL
8522;8834;NEGRO SAPPHIRE NEGRO;18:17.9;18:17.9;NULL
8523;8835;NEGRO SHAPHIRE METALIZADO;18:17.9;18:17.9;NULL
8524;8836;NEGRO SMARAGD;18:17.9;18:17.9;NULL
8525;8837;NEGRO TRICOLOR;18:17.9;18:17.9;NULL
8526;8838;NOBLE WHITE SOL;18:17.9;18:17.9;NULL
8527;8839;NOIR;18:17.9;18:17.9;NULL
8528;8840;NUEVO PLATA MED METALIZADO;18:18.0;18:18.0;NULL
8529;8841;ORO BRILLANTE PERLADO;18:18.0;18:18.0;NULL
8530;8842;ORO METALIZADO;18:18.0;18:18.0;NULL
8531;8843;PACIFIC BLUE;18:18.0;18:18.0;NULL
8532;8844;PLATA AMPLIACION;18:18.0;18:18.0;NULL
8533;8845;PLATA ATORNASOLADA;18:18.0;18:18.0;NULL
8534;8846;PLATA CASHIMERE METALIZADA;18:18.0;18:18.0;NULL
8535;8847;PLATA CELESTIAL METALIZADO;18:18.0;18:18.0;NULL
8536;8848;PLATA CHAMPAGNET DORADO;18:18.0;18:18.0;NULL
8537;8849;PLATA CROMO;18:18.0;18:18.0;NULL
8538;8850;PLATA ESCUDA;18:18.0;18:18.0;NULL
8539;8851;PLATA ESCUNA METALIZADO;18:18.0;18:18.0;NULL
8540;8852;PLATA ESTUNLA;18:18.0;18:18.0;NULL
8541;8853;PLATA GT;18:18.1;18:18.1;NULL
8542;8854;PLATA PLATEADO METALIZADO;18:18.1;18:18.1;NULL
8543;8855;PLATA TITAN SILBER METALIZADO;18:18.1;18:18.1;NULL
8544;8856;PLATA TITANIC;18:18.1;18:18.1;NULL
8545;8857;PLATEADO METAL;18:18.1;18:18.1;NULL
8546;8858;RED BLACK;18:18.1;18:18.1;NULL
8547;8859;RED PEARL;18:18.1;18:18.1;NULL
8548;8860;ROJO ADEN PLATE;18:18.1;18:18.1;NULL
8549;8861;ROJO ALAMBRA;18:18.1;18:18.1;NULL
8550;8862;ROJO AMAPOLA PERLADO;18:18.1;18:18.1;NULL
8551;8863;ROJO AUTUMN MAPLE;18:18.1;18:18.1;NULL
8552;8864;ROJO BERLIN PERLADO;18:18.1;18:18.1;NULL
8553;8865;ROJO BERVELION;18:18.1;18:18.1;NULL
8554;8866;ROJO BLAMA;18:18.1;18:18.1;NULL
8555;8867;ROJO BORDEO;18:18.2;18:18.2;NULL
8556;8868;ROJO BORDEO METALIZADO;18:18.2;18:18.2;NULL
8557;8869;ROJO BORDEY;18:18.2;18:18.2;NULL
8558;8870;ROJO BORDOS;18:18.2;18:18.2;NULL
8559;8871;ROJO BOROLO;18:18.2;18:18.2;NULL
8560;8872;ROJO BOURDEAUX POLICROMADO;18:18.2;18:18.2;NULL
8561;8873;ROJO BRILLANTROT;18:18.2;18:18.2;NULL
8562;8874;ROJO BURBO;18:18.2;18:18.2;NULL
8563;8875;ROJO BURDOX;18:18.2;18:18.2;NULL
8564;8876;ROJO CAANET;18:18.2;18:18.2;NULL
8565;8877;ROJO CARDENAL PERLECENTE;18:18.2;18:18.2;NULL
8566;8878;ROJO CAY PER NEGRO EB METALIZADO;18:18.2;18:18.2;NULL
8567;8879;ROJO CIMSON;18:18.2;18:18.2;NULL
8568;8880;ROJO COBRE PERLADO;18:18.2;18:18.2;NULL
8569;8881;ROJO CORAL PERLADO;18:18.2;18:18.2;NULL
8570;8882;ROJO DORADO MULTI EFECTO;18:18.2;18:18.2;NULL
8571;8883;ROJO ELECTRICIDAD PERLADO;18:18.3;18:18.3;NULL
8572;8884;ROJO ELECTRICO METALIZADO;18:18.3;18:18.3;NULL
8573;8885;ROJO ELECTRICO PERLADO;18:18.3;18:18.3;NULL
8574;8886;ROJO ESCARLATA CAMALEON;18:18.3;18:18.3;NULL
8575;8887;ROJO ETRUSCAN;18:18.3;18:18.3;NULL
8576;8888;ROJO FERREIRO;18:18.3;18:18.3;NULL
8577;8889;ROJO FILANO PERLADO;18:18.3;18:18.3;NULL
8578;8890;ROJO FINO;18:18.4;18:18.4;NULL
8579;8891;ROJO FRANJAS BLANCAS;18:18.4;18:18.4;NULL
8580;8892;ROJO FRANJAS DE COLORES;18:18.4;18:18.4;NULL
8581;8893;ROJO FRANJAS DORADO ROJO VINO;18:18.4;18:18.4;NULL
8582;8894;ROJO GRANATE BRILL MET;18:18.4;18:18.4;NULL
8583;8895;ROJO GRANATE BRILLANTE MET;18:18.4;18:18.4;NULL
8584;8896;ROJO GRANATE OSCURO;18:18.4;18:18.4;NULL
8585;8897;ROJO GREMA;18:18.4;18:18.4;NULL
8586;8898;ROJO GRIS OSCURO;18:18.4;18:18.4;NULL
8587;8899;ROJO GTS;18:18.4;18:18.4;NULL
8588;8900;ROJO IMPERIAL PERLADO;18:18.4;18:18.4;NULL
8589;8901;ROJO INTENSO METALIZADO;18:18.5;18:18.5;NULL
8590;8902;ROJO MERLOT PERLADO;18:18.5;18:18.5;NULL
8591;8903;ROJO MICA OSCURO;18:18.5;18:18.5;NULL
8592;8904;ROJO MICA PERLADO;18:18.5;18:18.5;NULL
8593;8905;ROJO MISANO;18:18.5;18:18.5;NULL
8594;8906;ROJO MONTE;18:18.5;18:18.5;NULL
8595;8907;ROJO NEGRO PERLA;18:18.5;18:18.5;NULL
8596;8908;ROJO OSCURO MICA METALIZADO;18:18.5;18:18.5;NULL
8597;8909;ROJO PERLADO ATARDECER;18:18.5;18:18.5;NULL
8598;8910;ROJO PERLADO PEUGEOT;18:18.5;18:18.5;NULL
8599;8911;ROJO PERLADO REMBRANDT;18:18.5;18:18.5;NULL
8600;8912;ROJO PLAYA;18:18.5;18:18.5;NULL
8601;8913;ROJO POLARIZADO;18:18.5;18:18.5;NULL
8602;8914;ROJO PRODUCTION;18:18.5;18:18.5;NULL
8603;8915;ROJO RENBLAN;18:18.5;18:18.5;NULL
8604;8916;ROJO ROUGE;18:18.5;18:18.5;NULL
8605;8917;ROJO RUBEN PLATA LIMPIA;18:18.5;18:18.5;NULL
8606;8918;ROJO RUBI PERLADO;18:18.6;18:18.6;NULL
8607;8919;ROJO RUBIO;18:18.6;18:18.6;NULL
8608;8920;ROJO SOL;18:18.6;18:18.6;NULL
8609;8921;ROJO TECHO NEGRO;18:18.6;18:18.6;NULL
8610;8922;ROJO TORINO METALIZADO;18:18.6;18:18.6;NULL
8611;8923;ROJO VINO PLATA CENIZA METALIZADO;18:18.6;18:18.6;NULL
8612;8924;ROJO VINO PERLADO;18:18.6;18:18.6;NULL
8613;8925;RUBIN METALIZADO;18:18.6;18:18.6;NULL
8614;8926;RUBY MICA;18:18.6;18:18.6;NULL
8615;8927;RUBY RED;18:18.6;18:18.6;NULL
8616;8928;SCARLET RED SOLID;18:18.6;18:18.6;NULL
8617;8929;SCARLET RED SOLIN;18:18.6;18:18.6;NULL
8618;8930;SHORELINE MIST METALIZADO;18:18.6;18:18.6;NULL
8619;8931;SILVER ASTRAL METALIZADO;18:18.6;18:18.6;NULL
8620;8932;SILVER PERLA METALIZADO;18:18.6;18:18.6;NULL
8621;8933;SILVER PERLADO;18:18.6;18:18.6;NULL
8622;8934;SILVERM;18:18.7;18:18.7;NULL
8623;8935;STEEL GRAY MICA;18:18.7;18:18.7;NULL
8624;8936;STEEL GREEN MICA;18:18.7;18:18.7;NULL
8625;8937;STRATOS;18:18.7;18:18.7;NULL
8626;8938;SUPER AZUL;18:18.7;18:18.7;NULL
8627;8939;SUPER NEGRO;18:18.7;18:18.7;NULL
8628;8940;TABACO OSCURO;18:18.7;18:18.7;NULL
8629;8941;TAHITI BLUE;18:18.7;18:18.7;NULL
8630;8942;TANGORINE;18:18.7;18:18.7;NULL
8631;8943;TEAL GREEN DOVE GRAY;18:18.7;18:18.7;NULL
8632;8944;TELL GREEN;18:18.7;18:18.7;NULL
8633;8945;TERRACOTA MARFIL FRANJA NEGRA;18:18.7;18:18.7;NULL
8634;8946;TROPICAL RED;18:18.7;18:18.7;NULL
8635;8947;VERDE ABSIN;18:18.7;18:18.7;NULL
8636;8948;VERDE ACARAZADO;18:18.8;18:18.8;NULL
8637;8949;VERDE ACEITUNA METALIZADO NEGRO;18:18.8;18:18.8;NULL
8638;8950;VERDE ACUARELA VERDE PINO;18:18.8;18:18.8;NULL
8639;8951;VERDE ACUEDUCTO;18:18.8;18:18.8;NULL
8640;8952;VERDE AGUA VERDE SELVA;18:18.8;18:18.8;NULL
8641;8953;VERDE AGUAMARINA CROMADO;18:18.8;18:18.8;NULL
8642;8954;VERDE AGUARUZ;18:18.8;18:18.8;NULL
8643;8955;VERDE AMAZONICO PERLADO;18:18.8;18:18.8;NULL
8644;8956;VERDE AMERICANO METALIZADO;18:18.8;18:18.8;NULL
8645;8957;VERDE ANARANJADO;18:18.8;18:18.8;NULL
8646;8958;VERDE ARREAFE ANDINO;18:18.8;18:18.8;NULL
8647;8959;VERDE ASTOR;18:18.8;18:18.8;NULL
8648;8960;VERDE ASTOR METALIZADO;18:18.8;18:18.8;NULL
8649;8961;VERDE ASTOR SOFASA METAL;18:18.8;18:18.8;NULL
8650;8962;VERDE BEIGE POLICROMADO;18:18.8;18:18.8;NULL
8651;8963;VERDE BILLAR;18:18.9;18:18.9;NULL
8652;8964;VERDE BLANCO VERDE JADE;18:18.9;18:18.9;NULL
8653;8965;VERDE CAFE CAMALEON;18:18.9;18:18.9;NULL
8654;8966;VERDE CGR;18:18.9;18:18.9;NULL
8655;8967;VERDE CIPRES PERLADO;18:18.9;18:18.9;NULL
8656;8968;VERDE COMBINADO;18:18.9;18:18.9;NULL
8657;8969;VERDE COMO METALICO;18:18.9;18:18.9;NULL
8658;8970;VERDE CON FRANJAS;18:18.9;18:18.9;NULL
8659;8971;VERDE CRISTALINO;18:18.9;18:18.9;NULL
8660;8972;VERDE CRISTALINO METALIZADO;18:18.9;18:18.9;NULL
8661;8973;VERDE DEPORTIVO;18:19.0;18:19.0;NULL
8662;8974;VERDE ENTONADOR;18:19.0;18:19.0;NULL
8663;8975;VERDE ESMERALDA PERLECENTE;18:19.0;18:19.0;NULL
8664;8976;VERDE ESMERALDAPROFUNDO;18:19.0;18:19.0;NULL
8665;8977;VERDE EUCALIPTO PERLADO;18:19.0;18:19.0;NULL
8666;8978;VERDE FILLI;18:19.0;18:19.0;NULL
8667;8979;VERDE FIOGUI;18:19.0;18:19.0;NULL
8668;8980;VERDE METALICO;18:19.0;18:19.0;NULL
8669;8981;VERDE GRIS OSCURO METALIZADO;18:19.0;18:19.0;NULL
8670;8982;VERDE GLASS;18:19.0;18:19.0;NULL
8671;8983;VERDE HABA;18:19.0;18:19.0;NULL
8672;8984;VERDE INGLES PERLADO;18:19.0;18:19.0;NULL
8673;8985;VERDE INGLES POLICROMADO;18:19.1;18:19.1;NULL
8674;8986;VERDE JADE MICA METALIZADO;18:19.1;18:19.1;NULL
8675;8987;VERDE JADE POLICROMADO;18:19.1;18:19.1;NULL
8676;8988;VERDE LUJOSO;18:19.1;18:19.1;NULL
8677;8989;VERDE MANZANA PERLADO;18:19.1;18:19.1;NULL
8678;8990;VERDE MANZANA VERDE OLIVA;18:19.1;18:19.1;NULL
8679;8991;VERDE MARINO PERL;18:19.1;18:19.1;NULL
8680;8992;VERDE MAYERLINE;18:19.1;18:19.1;NULL
8681;8993;VERDE MEDITERRANEO PERLADO;18:19.1;18:19.1;NULL
8682;8994;VERDE MENTA PERLADO;18:19.1;18:19.1;NULL
8683;8995;VERDE MER;18:19.1;18:19.1;NULL
8684;8996;VERDE METALIZADO;18:19.1;18:19.1;NULL
8685;8997;VERDE METALIZADO CLARO;18:19.1;18:19.1;NULL
8686;8998;VERDE METALIZADO DOS TONOS;18:19.1;18:19.1;NULL
8687;8999;VERDE METALIZADO PERLADO;18:19.2;18:19.2;NULL
8688;9000;VERDE METALIZADO SELVA;18:19.2;18:19.2;NULL
8689;9001;VERDE MICA GRIS MEDIO MICA;18:19.2;18:19.2;NULL
8690;9002;VERDE MORESTA;18:19.2;18:19.2;NULL
8691;9003;VERDE NAUTICO;18:19.2;18:19.2;NULL
8692;9004;VERDE NUEVA ZELANDIA MET;18:19.2;18:19.2;NULL
8693;9005;VERDE OLIVA POLICROMADO;18:19.2;18:19.2;NULL
8694;9006;VERDE OPTRA POLICROMADO;18:19.2;18:19.2;NULL
8695;9007;VERDE OSCURO FRANJAS;18:19.2;18:19.2;NULL
8696;9008;VERDE OSCURO METALIZADO PLATA CLARO;18:19.2;18:19.2;NULL
8697;9009;VERDE OSCURO PERLADO;18:19.2;18:19.2;NULL
8698;9010;VERDE OSCURO PERLECENTE;18:19.2;18:19.2;NULL
8699;9011;VERDE OSCURO VERDE METALIZADO;18:19.2;18:19.2;NULL
8700;9012;VERDE OSCURO BRILLANTE;18:19.2;18:19.2;NULL
8701;9013;VERDE OSCURO CAMALEON;18:19.3;18:19.3;NULL
8702;9014;VERDE OSCURO METALICO;18:19.3;18:19.3;NULL
8703;9015;VERDE OSCURO MICA METALIZADO;18:19.3;18:19.3;NULL
8704;9016;VERDE PACIFICO PERLADO;18:19.3;18:19.3;NULL
8705;9017;VERDE PASTARIZADO;18:19.3;18:19.3;NULL
8706;9018;VERDE PERLA METALIZADO;18:19.3;18:19.3;NULL
8707;9019;VERDE PERLA OSCURO;18:19.3;18:19.3;NULL
8708;9020;VERDE PERLADO METALIZADO;18:19.3;18:19.3;NULL
8709;9021;VERDE PETROL PERLECENTE;18:19.3;18:19.3;NULL
8710;9022;VERDE PINUS;18:19.3;18:19.3;NULL
8711;9023;VERDE POLYNESIAN;18:19.3;18:19.3;NULL
8712;9024;VERDE PRIMAVERA CROMADO;18:19.3;18:19.3;NULL
8713;9025;VERDE RAC BRIT METALIZADO;18:19.3;18:19.3;NULL
8714;9026;VERDE RESCATE METALIZADO;18:19.3;18:19.3;NULL
8715;9027;VERDE RESCUE;18:19.4;18:19.4;NULL
8716;9028;VERDE RESEDA;18:19.4;18:19.4;NULL
8717;9029;VERDE SALVAJE METALIZADO;18:19.4;18:19.4;NULL
8718;9030;VERDE SAVANNAH;18:19.4;18:19.4;NULL
8719;9031;VERDE SEIVA METALIZADO;18:19.4;18:19.4;NULL
8720;9032;VERDE SERAN;18:19.4;18:19.4;NULL
8721;9033;VERDE SETA;18:19.4;18:19.4;NULL
8722;9034;VERDE STANDAR;18:19.4;18:19.4;NULL
8723;9035;VERDE STEPA;18:19.4;18:19.4;NULL
8724;9036;VERDE TARANIO;18:19.4;18:19.4;NULL
8725;9037;VERDE TARTANO;18:19.4;18:19.4;NULL
8726;9038;VERDE TELL GREEN;18:19.4;18:19.4;NULL
8727;9039;VERDE TIE BREAK;18:19.4;18:19.4;NULL
8728;9040;VERDE TROPICAL METALIZADO;18:19.4;18:19.4;NULL
8729;9041;VERDE TUNA;18:19.4;18:19.4;NULL
8730;9042;VERDE TURQUI;18:19.4;18:19.4;NULL
8731;9043;VERDEOLIVAMETALIZADOGRISESTRATOPLATA;18:19.5;18:19.5;NULL
8732;9044;VINO MICA;18:19.5;18:19.5;NULL
8733;9045;VIOLA;18:19.5;18:19.5;NULL
8734;9046;AMARILLO PLATA ROJO;18:19.5;18:19.5;NULL
8735;9047;AZUL BALTICO BLANCO;18:19.5;18:19.5;NULL
8736;9048;AZUL CLARO TROPICO;18:19.5;18:19.5;NULL
8737;9049;CEREZA ROJO;18:19.5;18:19.5;NULL
8738;9050;CREMA PARTHENON;18:19.5;18:19.5;NULL
8739;9051;GRIS ASTER;18:19.5;18:19.5;NULL
8740;9052;GRIS NOFRE;18:19.5;18:19.5;NULL
8741;9053;GRIS OSCURO CROMADO;18:19.5;18:19.5;NULL
8742;9054;GRIS PLATA TECHO BLANCO;18:19.5;18:19.5;NULL
8743;9055;HABANO NARANJA VERDE;18:19.5;18:19.5;NULL
8744;9056;NEGRO CAPOT PLATA NIQUEL;18:19.5;18:19.5;NULL
8745;9057;PLATA NACARADO MET;18:19.6;18:19.6;NULL
8746;9058;ROJO FUERTE;18:19.6;18:19.6;NULL
8747;9059;ROJO GOTTINI;18:19.6;18:19.6;NULL
8748;9060;ROJO PIEDRA CRISTAL;18:19.6;18:19.6;NULL
8749;9061;BRANDY LIMON;18:19.6;18:19.6;NULL
8750;9062;AZUL OSCURO MICA METALIZADO;18:19.6;18:19.6;NULL
8751;9063;GRIS OSCURO MICA METALICO;18:19.6;18:19.6;NULL
8752;9064;MARRON GRISACEO METALICO;18:19.6;18:19.6;NULL
8753;9065;PLATA MICA METALIZADO;18:19.6;18:19.6;NULL
8754;9066;SUPER ROJO 2;18:19.6;18:19.6;NULL
8755;9067;TURQUESA MICA METALIZADO;18:19.6;18:19.6;NULL
8756;9068;VERDE OSCURO MICA METALICO;18:19.6;18:19.6;NULL
8757;9069;VERDE PORSCHE CARRERA;18:19.6;18:19.6;NULL
8758;9070;VERDE OLIVO OSCURO;18:19.7;18:19.7;NULL
8759;9071;VERDE JET;18:19.7;18:19.7;NULL
8760;9072;MACADAMIA;18:19.7;18:19.7;NULL
8761;9073;CAFÉ TOPACIO;18:19.7;18:19.7;NULL
8762;9074;COGNAC;18:19.7;18:19.7;NULL
8763;9075;BEIGE LUXOR;18:19.7;18:19.7;NULL
8764;9076;BEIGE JARAMA;18:19.7;18:19.7;NULL
8765;9077;DORADO NORDICO;18:19.7;18:19.7;NULL
8766;9078;AMARILLO SPEED;18:19.7;18:19.7;NULL
8767;9079;AMARILLO ATARDECER NEGRO SATIN;18:19.7;18:19.7;NULL
8768;9080;AMARILLO ATARDECER NEGRO SEDA BRILLANTE;18:19.7;18:19.7;NULL
8769;9081;AMARILLO BRILLANTE METALIZADO;18:19.7;18:19.7;NULL
8770;9082;AMARILLO INTERCHANGE;18:19.7;18:19.7;NULL
8771;9093;AMARILLO INTERCHANGE NEGRO;18:19.7;18:19.7;NULL
8772;9094;AMARILLO MELLOW;18:19.8;18:19.8;NULL
8773;9095;AMARILLO MELLOW NEGRO;18:19.8;18:19.8;NULL
8774;9096;AMARILLO PHOENIX METALIZADO;18:19.8;18:19.8;NULL
8775;9097;AVENTURINA METALIZADO;18:19.8;18:19.8;NULL
8776;9098;AZUL AQUA METALIZADO;18:19.8;18:19.8;NULL
8777;9099;AZUL AZUR METALIZADO;18:19.8;18:19.8;NULL
8778;9100;AZUL HORIZON;18:19.8;18:19.8;NULL
8779;9101;AZUL HORIZON BLANCO;18:19.8;18:19.8;NULL
8780;9102;AZUL HORIZON NEGRO;18:19.8;18:19.8;NULL
8781;9103;AZUL INDIGO METALIZADO;18:19.8;18:19.8;NULL
8782;9104;AZUL LASER BLANCO;18:19.8;18:19.8;NULL
8783;9105;AZUL LASER NEGRO;18:19.8;18:19.8;NULL
8784;9106;AZUL LIGHTING BLANCO;18:19.8;18:19.8;NULL
8785;9107;AZUL LIGHTING NEGRO;18:19.8;18:19.8;NULL
8786;9108;AZUL LIGHTING METALIZADO;18:19.8;18:19.8;NULL
8787;9109;AZUL MIDNIGHT METALIZADO;18:19.8;18:19.8;NULL
8788;9110;AZUL MONTEGO METALIZADO;18:19.8;18:19.8;NULL
8789;9111;AZUL NEPTUN METALIZADO;18:19.9;18:19.9;NULL
8790;9112;AZUL ONIX METALIZADO;18:19.9;18:19.9;NULL
8791;9113;AZUL OXIYGEN;18:19.9;18:19.9;NULL
8792;9114;BEIGE ARENA METALIZADO;18:19.9;18:19.9;NULL
8793;9115;BEIGE KALAHARI METALIZADO;18:19.9;18:19.9;NULL
8794;9116;BLANCO ALUMINIO METALICO;18:19.9;18:19.9;NULL
8795;9117;BLANCO AURA;18:19.9;18:19.9;NULL
8796;9118;BLANCO AURA MAGNESIO METALIZADO;18:19.9;18:19.9;NULL
8797;9119;BLANCO BRILLANTE METALIZADO;18:19.9;18:19.9;NULL
8798;9120;BLANCO PEPPER;18:19.9;18:19.9;NULL
8799;9121;BLANCO PEPPER NEGRO;18:19.9;18:19.9;NULL
8800;9122;BLANCO RACING;18:19.9;18:19.9;NULL
8801;9123;BRONZE SEPANG METALIZADO;18:19.9;18:19.9;NULL
8802;9124;CAFÉ HAVANNA METALIZADO;18:19.9;18:19.9;NULL
8803;9125;GRIS CRISTAL METALIZADO;18:19.9;18:19.9;NULL
8804;9126;GRIS GRANITO METALIZADO;18:19.9;18:19.9;NULL
8805;9127;GRIS HUMO METALIZADO NEGRO;18:20.0;18:20.0;NULL
8806;9128;GRIS HUMO METALIZADO PLATA;18:20.0;18:20.0;NULL
8807;9129;GRIS LAHAR METALIZADO;18:20.0;18:20.0;NULL
8808;9130;GRIS METALICO ROJO;18:20.0;18:20.0;NULL
8809;9131;GRIS OSCURO BLANCO;18:20.0;18:20.0;NULL
8810;9132;GRIS PLATA BLANCO;18:20.0;18:20.0;NULL
8811;9133;GRIS PLATIN METALIZADO;18:20.0;18:20.0;NULL
8812;9134;GRIS TITAN METALIZADO;18:20.0;18:20.0;NULL
8813;9135;AZUL MANANTIAL;18:20.0;18:20.0;NULL
8814;9136;GRIS MICA PLATA COOL;18:20.0;18:20.0;NULL
8815;9137;VERDE CLARO METALICO;18:20.0;18:20.0;NULL
8816;9138;PURPURA METALICO;18:20.0;18:20.0;NULL
8817;9139;PLATA OSCURECIDO;18:20.0;18:20.0;NULL
8818;9140;SATINADO MEISAI;18:20.0;18:20.0;NULL
8819;9141;VERDE MICA GRIS;18:20.0;18:20.0;NULL
8820;9142;ROJO RALLY;18:20.0;18:20.0;NULL
8821;9143;ROJO METALIZADO GRIS;18:20.1;18:20.1;NULL
8822;9144;BEIGE METALIZADO BEIGE;18:20.1;18:20.1;NULL
8823;9145;AZUL CON PLATA;18:20.1;18:20.1;NULL
8824;9146;VERDE ACUARIOS;18:20.1;18:20.1;NULL
8825;9147;CARMELITO PLATE;18:20.1;18:20.1;NULL
8826;9148;AMARILLO CORREIO;18:20.1;18:20.1;NULL
8827;9149;AMARILLO INGA;18:20.1;18:20.1;NULL
8828;9150;AMARILLO ITAJAI;18:20.1;18:20.1;NULL
8829;9151;AMARILLO PETROPOLIS;18:20.1;18:20.1;NULL
8830;9152;AMARILLO SATURNO;18:20.1;18:20.1;NULL
8831;9153;AMARILLO SHANGAI;18:20.2;18:20.2;NULL
8832;9154;AMARILLO SKOL;18:20.2;18:20.2;NULL
8833;9155;AMARILLO SUNNY;18:20.2;18:20.2;NULL
8834;9156;AMARILLO TRANSNOVAG;18:20.2;18:20.2;NULL
8835;9157;AMARILLO VIVALDI;18:20.2;18:20.2;NULL
8836;9158;AZUL AMBEV;18:20.2;18:20.2;NULL
8837;9159;AZUL ANTEL;18:20.2;18:20.2;NULL
8838;9160;AZUL LUNAR;18:20.2;18:20.2;NULL
8839;9161;AZUL PARAGUAS;18:20.2;18:20.2;NULL
8840;9162;AZUL PEPSI;18:20.2;18:20.2;NULL
8841;9163;AZUL SAFIRA;18:20.2;18:20.2;NULL
8842;9164;AZUL UNIQUE;18:20.2;18:20.2;NULL
8843;9165;BEIGE ALBASTRO;18:20.2;18:20.2;NULL
8844;9166;BEIGE COMING;18:20.2;18:20.2;NULL
8845;9167;BLANCO GEADA METALIZADO;18:20.2;18:20.2;NULL
8846;9168;AMARILLO BEM TI VI;18:20.2;18:20.2;NULL
8847;9169;AMARILLO CALCITA;18:20.3;18:20.3;NULL
8848;9170;NARANJA NEPAL;18:20.3;18:20.3;NULL
8849;9171;NARANJA UTE;18:20.3;18:20.3;NULL
8850;9172;VERDE AMERICANA;18:20.3;18:20.3;NULL
8851;9173;VERDE ANTARTICA;18:20.3;18:20.3;NULL
8852;9174;VERDE ECOVIAS;18:20.3;18:20.3;NULL
8853;9175;VERDE FORTALEZA;18:20.3;18:20.3;NULL
8854;9176;VERDE ITANHANGA;18:20.3;18:20.3;NULL
8855;9177;VERDE BOMBEIRO;18:20.3;18:20.3;NULL
8856;9178;VERDE BRAHMA;18:20.4;18:20.4;NULL
8857;9179;ROJO DAYTONA;18:20.4;18:20.4;NULL
8858;9180;ROJO PETROPOLIS;18:20.4;18:20.4;NULL
8859;9181;ROJO PIRAQUE;18:20.4;18:20.4;NULL
8860;9182;ROJO PRINCE;18:20.4;18:20.4;NULL
8861;9183;ROJO TAM;18:20.4;18:20.4;NULL
8862;9184;BLANCO GLACIER;18:20.4;18:20.4;NULL
8863;9185;AZUL ISRAEL;18:20.4;18:20.4;NULL
8864;9186;AMARILLO RYDER;18:20.4;18:20.4;NULL
8865;9187;BLANCO MACK;18:20.4;18:20.4;NULL
8866;9188;AMARILLO SANDERS;18:20.4;18:20.4;NULL
8867;9189;ANARANJADO BOUYGUES;18:20.4;18:20.4;NULL
8868;9190;AZUL CAPRI;18:20.4;18:20.4;NULL
8869;9191;AZUL HUSSARD;18:20.4;18:20.4;NULL
8870;9192;AZUL MACK;18:20.4;18:20.4;NULL
8871;9193;AZUL RAVE;18:20.4;18:20.4;NULL
8872;9194;AZUL SAFTER;18:20.5;18:20.5;NULL
8873;9195;GRIS DANES;18:20.5;18:20.5;NULL
8875;9197;GRIS OLLOQUIEGUI;18:20.5;18:20.5;NULL
8876;9198;GRIS SETE;18:20.5;18:20.5;NULL
8877;9199;NANRANJA BLUT;18:20.5;18:20.5;NULL
8878;9200;ROJO FLECHE BRESSANNE;18:20.5;18:20.5;NULL
8879;9201;VERDE SERRANA ESPAÑA;18:20.5;18:20.5;NULL
8880;9202;AZUL BIARRITZ METALIZADO BLANCO ALUMINIO METALIZADO;18:20.5;18:20.5;NULL
8881;9203;AZUL MICHIGAN METALIZADO;18:20.5;18:20.5;NULL
8882;9204;AZUL MONACO METALIZADO;18:20.5;18:20.5;NULL
8883;9205;AZUL TANZANIA;18:20.5;18:20.5;NULL
8884;9206;LAVA ORANGE METALIZADO;18:20.5;18:20.5;NULL
8885;9207;MAGNESIO METALIZADO;18:20.5;18:20.5;NULL
8886;9208;MAGNESIO OSCURO METALIZADO;18:20.5;18:20.5;NULL
8887;9209;NARANJA NAMIBIA;18:20.5;18:20.5;NULL
8888;9210;NEGRO BLANCO ALUMINIO METALIZADO;18:20.5;18:20.5;NULL
8889;9211;NEGRO DIOPSIDE METALIZADO;18:20.5;18:20.5;NULL
8890;9212;NEGRO NOCHE CON RAYADO;18:20.5;18:20.5;NULL
8891;9213;NEGRO OPAL METALIZADO;18:20.5;18:20.5;NULL
8892;9214;NEGRO OSCURO BLANCO ALUMINIO METALIZADO;18:20.6;18:20.6;NULL
8893;9215;NEGRO SAPPHIRE METALIZADO;18:20.6;18:20.6;NULL
8894;9216;PIZARRA OSCURA METALIZADO MATE;18:20.6;18:20.6;NULL
8895;9217;PLATA ARTICO METALIZADO;18:20.6;18:20.6;NULL
8896;9218;PLATA AVENTURINE METALIZADO;18:20.6;18:20.6;NULL
8897;9219;PLATA BRONZE METALIZADO;18:20.6;18:20.6;NULL
8898;9220;PLATA DIAMANTE METALIZADO;18:20.6;18:20.6;NULL
8899;9221;PLATA MOON METALIZADO;18:20.6;18:20.6;NULL
8900;9222;PLATA PEARL METALIZADO;18:20.6;18:20.6;NULL
8901;9223;PLATA TITAN METALIZADO;18:20.6;18:20.6;NULL
8902;9224;PLATA TITANIO METALIZADO;18:20.6;18:20.6;NULL
8903;9225;PLATA TITANIO METALIZADO AZUL COSMICO METALIZADO NEGRO NOCHE;18:20.6;18:20.6;NULL
8904;9226;PLATA TITANIO METALIZADO ROJO MAGMA;18:20.6;18:20.6;NULL
8905;9227;PIZARRA MATE;18:20.6;18:20.6;NULL
8906;9228;ROJO FLAMENCO METALIZADO;18:20.7;18:20.7;NULL
8907;9229;ROJO INDIANAPOLIS METALIZADO;18:20.7;18:20.7;NULL
8908;9230;ROJO MELBOURNE METALIZADO;18:20.7;18:20.7;NULL
8909;9231;ROJO SEDONA METALIZADO;18:20.7;18:20.7;NULL
8910;9232;ROJO VERMILION METALIZADO;18:20.7;18:20.7;NULL
8911;9233;BEIGE ARENA METALIZADO BLANCO ALUMINIO METALIZADO;18:20.7;18:20.7;NULL
8912;9234;VERDE MALACHITE METALIZADO;18:20.7;18:20.7;NULL
8913;9235;VERDE MANZANA METALIZADO;18:20.7;18:20.7;NULL
8914;9236;VERDE MINERAL METALIZADO;18:20.7;18:20.7;NULL
8915;9237;VERDE PATAGONIA METALIZADO;18:20.7;18:20.7;NULL
8916;9238;VERDE TAHITI METALIZADO;18:20.7;18:20.7;NULL
8917;9239;VERDE TIEF METALIZADO;18:20.7;18:20.7;NULL
8918;9240;AZUL LASER METALIZADO;18:20.7;18:20.7;NULL
8919;9241;PLATA SPARKLING METALIZADO;18:20.7;18:20.7;NULL
8920;9242;ROJO CHILI NEGRO;18:20.7;18:20.7;NULL
8921;9243;ROJO CHILI BLANCO;18:20.7;18:20.7;NULL
8922;9244;ROJO CHILI ROJO;18:20.7;18:20.7;NULL
8923;9245;ROJO NOCHE FUEGO NEGRO;18:20.7;18:20.7;NULL
8924;9246;VERDE BRITISH RACING NEGRO;18:20.8;18:20.8;NULL
8925;9247;VERDE BRITISH RACING BLANCO;18:20.8;18:20.8;NULL
8926;9248;VERDE BRITISH RACING;18:20.8;18:20.8;NULL
8927;9249;NEGRO MIDNIGHT;18:20.8;18:20.8;NULL
8928;9250;NEGRO MIDNIGHT BLANCO;18:20.8;18:20.8;NULL
8929;9251;BLANCO MATE;18:20.8;18:20.8;NULL
8930;9252;AZUL DINAMICO;18:20.8;18:20.8;NULL
8931;9253;AZUL FLAMA;18:20.8;18:20.8;NULL
8932;9254;MARRON COBRIZO;18:20.8;18:20.8;NULL
8933;9255;NEGRO GALA;18:20.8;18:20.8;NULL
8934;9256;ROJO ROYAL;18:20.8;18:20.8;NULL
8935;9257;VERDE MEDUSA;18:20.8;18:20.8;NULL
8936;9258;DORADO AMBAR;18:20.8;18:20.8;NULL
8937;9259;ROJO SUIZO;18:20.9;18:20.9;NULL
8938;9260;VERDE HORIZONTE;18:20.9;18:20.9;NULL
8939;9261;AZUL PURO;18:20.9;18:20.9;NULL
8940;9262;PLATA PURO;18:20.9;18:20.9;NULL
8941;9263;BLANCO ARENA;18:20.9;18:20.9;NULL
8942;9264;BLANCO NITRO;18:20.9;18:20.9;NULL
8943;9265;ROJO ANTORCHA;18:20.9;18:20.9;NULL
8944;9266;VERDE MAGAGORI;18:20.9;18:20.9;NULL
8945;9267;BEIGE BRULEE;18:20.9;18:20.9;NULL
8946;9268;AZUL IPANEMA;18:20.9;18:20.9;NULL
8947;9269;GRIS GRAFITO METALIZADO;18:20.9;18:20.9;NULL
8948;9270;AZUL TAURANGA;18:20.9;18:20.9;NULL
8949;9271;GRIS THORIUM;18:20.9;18:20.9;NULL
8950;9272;GRIS ALUMINIO METALIZADO;18:20.9;18:20.9;NULL
8951;9273;NARANJA SALAMANCA;18:20.9;18:20.9;NULL
8952;9274;AMARILLO QUEMADO METALIZADO;18:20.9;18:20.9;NULL
8953;9275;GRIS SOFISTO ACABADO BRILLO;18:20.9;18:20.9;NULL
8954;9276;BLANCO CANDY;18:20.9;18:20.9;NULL
10446;10774;PURPURA AZUL;26:09.0;26:09.0;NULL
10447;10775;QUARTZ;26:09.0;26:09.0;NULL
10448;10776;QUARTZ PLATA METALIZADO;26:09.0;26:09.0;NULL
10449;10777;QUARTZ SILVER METALIZADO;26:09.0;26:09.0;NULL
10450;10778;ROJO ACEITUNA METALIZADO PLATA;26:09.0;26:09.0;NULL
10451;10779;ROJO ACEITUNA METALIZADO PLATA MACEIO;26:09.0;26:09.0;NULL
10452;10780;ROJO ACERO;26:09.0;26:09.0;NULL
10453;10781;ROJO ACERO MICA;26:09.0;26:09.0;NULL
10454;10782;ROJO AGAPITO;26:09.0;26:09.0;NULL
10455;10783;ROJO AGUA MARINA;26:09.0;26:09.0;NULL
10456;10784;ROJO ANDINO;26:09.0;26:09.0;NULL
10457;10785;ROJO ANDINO PERLADO;26:09.0;26:09.0;NULL
10458;10786;ROJO ARMONIA;26:09.1;26:09.1;NULL
10459;10787;ROJO BABILONIA;26:09.1;26:09.1;NULL
10460;10788;ROJO BLAZE CANDY;26:09.1;26:09.1;NULL
10461;10789;ROJO BOMBAY;26:09.1;26:09.1;NULL
10462;10790;ROJO BRAHMA;26:09.1;26:09.1;NULL
10463;10791;ROJO CANTIL;26:09.1;26:09.1;NULL
10464;10792;ROJO CELESTE;26:09.1;26:09.1;NULL
10465;10793;ROJO CENIZO;26:09.1;26:09.1;NULL
8956;9278;AZUL ADA;19:55.4;19:55.4;NULL
8957;9279;CITRUS;19:55.4;19:55.4;NULL
8958;9280;AMARILLO CRONO;19:55.4;19:55.4;NULL
8959;9281;PLATA DORADO;19:55.4;19:55.4;NULL
8960;9282;ROJO SOLIDO AZUL CLARO AZUL OSCURO REY BLANCO POLAR;19:55.4;19:55.4;NULL
8961;9283;AZUL DYNOPERLA;19:55.5;19:55.5;NULL
8962;9284;VERDE PROFUNDO;19:55.5;19:55.5;NULL
8963;9285;AMARILLO TOPACIO;19:55.5;19:55.5;NULL
8964;9286;AZUL BISCAIA;19:55.5;19:55.5;NULL
8965;9287;AZUL S PARTIDO;19:55.5;19:55.5;NULL
8966;9288;NEGRO IGNEOUS;19:55.5;19:55.5;NULL
8967;9289;PLATA SPACE;19:55.5;19:55.5;NULL
8968;9290;ROJO PASSION;19:55.5;19:55.5;NULL
8969;9291;ROJO RACE;19:55.5;19:55.5;NULL
8970;9292;AMARILLO FLASH;19:55.5;19:55.5;NULL
8971;9293;AZUL SIREUS;19:55.5;19:55.5;NULL
8972;9294;BLANCO LECHE;19:55.5;19:55.5;NULL
8973;9295;ROJO ESMERALDA;19:55.5;19:55.5;NULL
8974;9296;VERDE DIAMANTE;19:55.6;19:55.6;NULL
8975;9297;AZUL SOLIDO;19:55.6;19:55.6;NULL
8976;9298;AZUL TURQUESA;19:55.6;19:55.6;NULL
8977;9299;PLATEADO MICA METALICO;19:55.6;19:55.6;NULL
8978;9300;TURQUESA MICA METALICO;19:55.6;19:55.6;NULL
8979;9301;VERDE CEDRE;19:55.6;19:55.6;NULL
8980;9302;VERDE COBRE;19:55.6;19:55.6;NULL
8981;9303;VERDE ESPUMA;19:55.6;19:55.6;NULL
8982;9304;VERDE GIVERNY;19:55.6;19:55.6;NULL
8983;9305;VERDE GUEPA;19:55.6;19:55.6;NULL
8984;9306;VIOLETA NACARADO;19:55.6;19:55.6;NULL
8985;9307;AMARILLO CL;19:55.6;19:55.6;NULL
8986;9308;AMARILLO HIGHWAY;19:55.6;19:55.6;NULL
8987;9309;AMARILLO URBANO;19:55.6;19:55.6;NULL
8988;9310;APPLE GREEN;19:55.6;19:55.6;NULL
8989;9311;AZUL GAVIOTA PERLADO;19:55.6;19:55.6;NULL
8990;9312;AZUL IMPRESSION;19:55.6;19:55.6;NULL
8991;9313;AZUL ISLANDIA;19:55.6;19:55.6;NULL
8992;9314;AZUL MARINO PERLECENTE;19:55.6;19:55.6;NULL
8993;9315;AZUL MARRUECOS;19:55.6;19:55.6;NULL
8994;9316;AZUL NORUEGA;19:55.6;19:55.6;NULL
8995;9317;AZUL OCEANO CLARO;19:55.6;19:55.6;NULL
8996;9318;AZUL PETROL PERLECENTE;19:55.7;19:55.7;NULL
8997;9319;AZUL SUPERIOR METALIZADO;19:55.7;19:55.7;NULL
8998;9320;BEIGE ARENA METALICO;19:55.7;19:55.7;NULL
8999;9321;BLANCO OLIMPICO;19:55.7;19:55.7;NULL
9000;9322;BRIGHT RED 2;19:55.7;19:55.7;NULL
9001;9323;CRISTAL CLARET;19:55.7;19:55.7;NULL
9002;9324;DORADO NIEBLA;19:55.7;19:55.7;NULL
9003;9325;DORADO NIEBLA METALICO;19:55.7;19:55.7;NULL
9004;9326;GALAXY WHITE;19:55.7;19:55.7;NULL
9005;9327;GRAPHITE GRAY PEARL METALLIC;19:55.7;19:55.7;NULL
9006;9328;GRIS CUBERLAND METALIZADO;19:55.7;19:55.7;NULL
9007;9329;GRIS CUMBERLAND METALIZADO;19:55.7;19:55.7;NULL
9008;9330;GRIS ESTAÑO;19:55.7;19:55.7;NULL
9009;9331;GRIS GALAPAGO;19:55.7;19:55.7;NULL
9010;9332;GRIS PERLA METALICO;19:55.8;19:55.8;NULL
9011;9333;GRIS PLACIDO;19:55.8;19:55.8;NULL
9012;9334;GRIS TECHNO;19:55.8;19:55.8;NULL
9013;9335;JAZZ BLUE;19:55.8;19:55.8;NULL
9014;9336;KASHMIR BLUE PEARL METALLIC;19:55.8;19:55.8;NULL
9015;9337;NARANJA SUPERNOVA;19:55.8;19:55.8;NULL
9016;9338;NEGRO CARBONO;19:55.8;19:55.8;NULL
9017;9339;NEGRO ESPECIAL;19:55.8;19:55.8;NULL
9018;9340;PEACH ORANGE;19:55.8;19:55.8;NULL
9019;9341;PEARL BLACK;19:55.8;19:55.8;NULL
9020;9342;PLATA BLADE;19:55.8;19:55.8;NULL
9021;9343;PLATA SABLE;19:55.9;19:55.9;NULL
9022;9344;ROJO BURDEAUX PERLECENTE;19:55.9;19:55.9;NULL
9023;9345;ROJO BURDEO PERLECENTE;19:55.9;19:55.9;NULL
9024;9346;ROJO CEMERUCA METALIZADO;19:55.9;19:55.9;NULL
9025;9347;ROJO CEMERUCA-BEIGE METALIZADO;19:55.9;19:55.9;NULL
9026;9348;ROJO CRISTAL;19:55.9;19:55.9;NULL
9027;9349;ROJO LISBOA;19:55.9;19:55.9;NULL
9028;9350;ROJO MARTE PERLADO;19:55.9;19:55.9;NULL
9029;9351;ROJO VELVET;19:55.9;19:55.9;NULL
9030;9352;VERDE COCKTAIL;19:55.9;19:55.9;NULL
9031;9353;VERDE PLATA METALICO;19:55.9;19:55.9;NULL
9032;9354;VERDE REGATA PERLECENTE;19:55.9;19:55.9;NULL
9033;9355;ACERO;19:55.9;19:55.9;NULL
9034;9356;AGUA MARINA;19:55.9;19:55.9;NULL
9035;9357;BANANO;19:55.9;19:55.9;NULL
9036;9358;BASE RIMER;19:55.9;19:55.9;NULL
9037;9359;BOSQUE;19:55.9;19:55.9;NULL
9038;9360;BREMA;19:55.9;19:55.9;NULL
9039;9361;BRUMA;19:56.0;19:56.0;NULL
9040;9362;CAHOBA;19:56.0;19:56.0;NULL
9041;9363;CARDENAL;19:56.0;19:56.0;NULL
9042;9364;CARIBE;19:56.0;19:56.0;NULL
9043;9365;CASTAYO;19:56.0;19:56.0;NULL
9044;9366;CERESA;19:56.0;19:56.0;NULL
9045;9367;CITRONELA;19:56.0;19:56.0;NULL
9046;9368;CLARETE;19:56.0;19:56.0;NULL
9047;9369;CLARO;19:56.0;19:56.0;NULL
9048;9370;CLASICO;19:56.0;19:56.0;NULL
9049;9371;COLONIAL;19:56.0;19:56.0;NULL
9050;9372;COMBINADO;19:56.0;19:56.0;NULL
9051;9373;COMETA;19:56.0;19:56.0;NULL
9052;9374;DALI;19:56.1;19:56.1;NULL
9053;9375;DE SEVRES;19:56.1;19:56.1;NULL
9054;9376;DIPLOMATICO;19:56.1;19:56.1;NULL
9055;9377;DIVISA EMPRESA;19:56.1;19:56.1;NULL
9056;9378;FIESTA;19:56.1;19:56.1;NULL
9057;9379;FIRMAMENTO;19:56.1;19:56.1;NULL
9058;9380;FRANBUESA;19:56.1;19:56.1;NULL
9059;9381;FUEGO METALIZADO;19:56.1;19:56.1;NULL
9060;9382;GINEBRA;19:56.2;19:56.2;NULL
9061;9383;GRAY H;19:56.2;19:56.2;NULL
9062;9384;HINDU;19:56.2;19:56.2;NULL
9063;9385;HOJA SECA;19:56.2;19:56.2;NULL
9064;9386;HUESO;19:56.2;19:56.2;NULL
9065;9387;IMPERIAL;19:56.2;19:56.2;NULL
9066;9388;JADE;19:56.2;19:56.2;NULL
9067;9389;LILAC;19:56.2;19:56.2;NULL
9068;9390;LIMA BRILLANTE;19:56.2;19:56.2;NULL
9069;9391;LIMON;19:56.2;19:56.2;NULL
9070;9392;LLAMA;19:56.2;19:56.2;NULL
9071;9393;MENTA;19:56.3;19:56.3;NULL
9072;9394;METALIZADO ALUMINIO;19:56.3;19:56.3;NULL
9073;9395;MOCHA MICA;19:56.3;19:56.3;NULL
9074;9396;MULTICOLOR;19:56.3;19:56.3;NULL
9075;9397;OSCURO;19:56.3;19:56.3;NULL
9076;9398;PREMIER;19:56.4;19:56.4;NULL
9077;9399;QUARZO;19:56.4;19:56.4;NULL
9078;9400;ROSA CLARO;19:56.4;19:56.4;NULL
9079;9401;RUSET;19:56.4;19:56.4;NULL
9080;9402;SAFARI;19:56.4;19:56.4;NULL
9081;9403;SALMON;19:56.4;19:56.4;NULL
9082;9404;SAUCE;19:56.4;19:56.4;NULL
9083;9405;SECO;19:56.4;19:56.4;NULL
9084;9406;SEQUIA;19:56.5;19:56.5;NULL
9085;9407;TERRANOVA;19:56.5;19:56.5;NULL
9086;9408;TEXACO;19:56.5;19:56.5;NULL
9087;9409;TOLEDANO;19:56.5;19:56.5;NULL
9088;9410;TOMATE;19:56.5;19:56.5;NULL
9089;9411;TURQUEZA;19:56.5;19:56.5;NULL
9090;9412;TURQUEZA ASTRAL METALIZADO;19:56.6;19:56.6;NULL
9091;9413;AMARILLO ROJO BLANCO NEGRO;19:56.6;19:56.6;NULL
9092;9414;AMARILLO ROJO BLANCO VERDE;19:56.6;19:56.6;NULL
9093;9415;ARENA DORADO;19:56.6;19:56.6;NULL
9094;9416;BEIGE NEGRO ALUMINIO DORADO CAFÉ;19:56.6;19:56.6;NULL
9095;9417;BLANCO AMARILLO MARRON GRIS;19:56.6;19:56.6;NULL
9096;9418;BLANCO AMARILLO ROJO AZUL VERDE;19:56.6;19:56.6;NULL
9097;9419;BLANCO AMARILLO ROJO VERDE;19:56.6;19:56.6;NULL
9098;9420;BLANCO AMARILLO VERDE ROSADO CAFÉ;19:56.6;19:56.6;NULL
9099;9421;BLANCO AZUL NARANJA ROJO;19:56.6;19:56.6;NULL
9100;9422;BLANCO AZUL PLATEADO;19:56.7;19:56.7;NULL
9101;9423;BLANCO AZUL VINOTINTO;19:56.7;19:56.7;NULL
9102;9424;BLANCO GRIS AZUL ROJO;19:56.7;19:56.7;NULL
9103;9425;BLANCO LILA VERDE;19:56.7;19:56.7;NULL
9104;9426;BLANCO ROJO GRIS;19:56.7;19:56.7;NULL
9105;9427;BLANCO VERDE CAFÉ AMARILLO;19:56.7;19:56.7;NULL
9106;9428;CREMA VERDE NARANJA;19:56.7;19:56.7;NULL
9107;9429;GRIS ROJO AMARILLO VERDE;19:56.7;19:56.7;NULL
9108;9430;NARANJA CREMA NEGRO;19:56.7;19:56.7;NULL
9109;9431;NARANJA DORADO;19:56.7;19:56.7;NULL
9110;9432;ROJO GRIS NEGRO VINOTINTO;19:56.7;19:56.7;NULL
9111;9433;VERDE AZUL CREMA FUCCSIA BLANCO;19:56.7;19:56.7;NULL
9112;9434;VERDE CREMA NARANJA AZUL;19:56.7;19:56.7;NULL
9113;9435;AZUL FORTUNA;19:56.7;19:56.7;NULL
9114;9436;VERDE LIBERTA;19:56.7;19:56.7;NULL
9115;9437;ROJO SUEÑO;19:56.7;19:56.7;NULL
9116;9438;AZUL BAJO;19:56.7;19:56.7;NULL
9117;9439;ABANO;19:56.7;19:56.7;NULL
9118;9440;ABANO NEGRO;19:56.7;19:56.7;NULL
9119;9441;ABANO ROJO;19:56.7;19:56.7;NULL
9120;9442;ACEITUNA BLANCO;19:56.8;19:56.8;NULL
9121;9443;ACERO GRIS;19:56.8;19:56.8;NULL
9122;9444;ACERO PLATA;19:56.8;19:56.8;NULL
9123;9445;ACERO PLATA METALICO;19:56.8;19:56.8;NULL
9124;9446;ACERO VINOTINTO;19:56.8;19:56.8;NULL
9125;9447;ACUATICA MICA;19:56.8;19:56.8;NULL
9126;9448;AGUA MARINA ROJO;19:56.8;19:56.8;NULL
9127;9449;ALUMINIO AZUL;19:56.8;19:56.8;NULL
9128;9450;ALUMINIO AZUL LILA;19:56.8;19:56.8;NULL
9129;9451;ALUMINIO BLANCO VERDE;19:56.8;19:56.8;NULL
9130;9452;ALUMINIO CHAMPAGNE;19:56.8;19:56.8;NULL
9131;9453;ALUMINIO DORADO;19:56.8;19:56.8;NULL
9132;9454;ALUMINIO HOJA;19:56.8;19:56.8;NULL
9133;9455;ALUMINIO LILA;19:56.8;19:56.8;NULL
9134;9456;ALUMINIO NARANJA VERDE;19:56.9;19:56.9;NULL
9135;9457;ALUMINIO NEGRO VERDE;19:56.9;19:56.9;NULL
9136;9458;ALUMINIO PLATA BLANCO;19:56.9;19:56.9;NULL
9137;9459;ALUMINIO PLATA NIQUEL;19:56.9;19:56.9;NULL
9138;9460;ALUMINIO POLICROMADO;19:56.9;19:56.9;NULL
9139;9461;ALUMINIO SILICE;19:56.9;19:56.9;NULL
9140;9462;AMARILLO AZUL BLANCO GRIS;19:56.9;19:56.9;NULL
9141;9463;AMARILLO AZUL BLANCO MARFIL ROJO;19:56.9;19:56.9;NULL
9142;9464;AMARILLO AZUL CREMA NARANJA VERDE;19:56.9;19:56.9;NULL
9143;9465;AMARILLO AZUL GRIS ROJO BLANCO;19:56.9;19:56.9;NULL
9144;9466;AMARILLO AZUL GRIS ROJO VERDE;19:56.9;19:56.9;NULL
9145;9467;AMARILLO AZUL NARANJA;19:56.9;19:56.9;NULL
9146;9468;AMARILLO AZUL ROJO NARANJA;19:56.9;19:56.9;NULL
9147;9469;AMARILLO AZUL ROJO NEGRO;19:56.9;19:56.9;NULL
9148;9470;AMARILLO AZUL ROJO NEGRO ZANAHORIA BLANCO;19:56.9;19:56.9;NULL
9149;9471;AMARILLO AZUL ROJO VERDE BLANCO;19:56.9;19:56.9;NULL
9150;9472;AMARILLO AZUL VERDE BLANCO ROJO;19:56.9;19:56.9;NULL
9151;9473;AMARILLO AZUL VERDE NEGRO;19:56.9;19:56.9;NULL
9152;9474;AMARILLO AZUL VERDE ROJO;19:57.0;19:57.0;NULL
9153;9475;AMARILLO AZUL VERDE ROJO BLANCO;19:57.0;19:57.0;NULL
9154;9476;AMARILLO BEIGE NARANJA ROJO;19:57.0;19:57.0;NULL
9155;9477;AMARILLO BEIGE VERDE ROJO;19:57.0;19:57.0;NULL
9156;9478;AMARILLO BLANCO AZUL ROJO;19:57.0;19:57.0;NULL
9157;9479;AMARILLO BLANCO AZUL ROJO VERDE;19:57.0;19:57.0;NULL
9158;9480;AMARILLO BLANCO AZUL VERDE;19:57.0;19:57.0;NULL
9159;9481;AMARILLO BLANCO AZUL ROJO METALIZADO;19:57.0;19:57.0;NULL
9160;9482;AMARILLO BLANCO GRIS VERDE;19:57.0;19:57.0;NULL
9161;9483;AMARILLO BLANCO MARFIL VERDE;19:57.0;19:57.0;NULL
9162;9484;AMARILLO BLANCO VERDE MANZANA;19:57.0;19:57.0;NULL
9163;9485;AMARILLO BLANCO VERDE MORADO;19:57.0;19:57.0;NULL
9164;9486;AMARILLO BLANCO VERDE ROJO AZUL;19:57.0;19:57.0;NULL
9165;9487;AMARILLO BLANCO VERDE ROJO MORADO;19:57.0;19:57.0;NULL
9166;9488;AMARILLO BLANCO VERDE ROJO NARANJA;19:57.1;19:57.1;NULL
9167;9489;AMARILLO BLANCO VERDE ROJO SALMON;19:57.1;19:57.1;NULL
9168;9490;AMARILLO BLANCO VERDE ROJO NEGRO;19:57.1;19:57.1;NULL
9169;9491;AMARILLO BLANCO VERDE ZAPOTE;19:57.1;19:57.1;NULL
9170;9492;AMARILLO BLANCO VINOTINTO;19:57.1;19:57.1;NULL
9171;9493;AMARILLO CAFE AZUL VERDE BLANCO;19:57.1;19:57.1;NULL
9172;9494;AMARILLO CAFE CROMO;19:57.1;19:57.1;NULL
9173;9495;AMARILLO CAFE HUESO;19:57.1;19:57.1;NULL
9174;9496;AMARILLO CAFE ROJO MORADO;19:57.2;19:57.2;NULL
9175;9497;AMARILLO CLARO MARFIL;19:57.2;19:57.2;NULL
9176;9498;AMARILLO CLARO NEGRO;19:57.2;19:57.2;NULL
9177;9499;AMARILLO CLARO VERDE;19:57.2;19:57.2;NULL
9178;9500;AMARILLO CORAL;19:57.2;19:57.2;NULL
9179;9501;AMARILLO CREMA NARANJA ROJO;19:57.2;19:57.2;NULL
9180;9502;AMARILLO DAKAR NEGRO;19:57.2;19:57.2;NULL
9181;9503;AMARILLO EUROPA;19:57.2;19:57.2;NULL
9182;9504;AMARILLO FUEGO;19:57.2;19:57.2;NULL
9183;9505;AMARILLO GRIS AZUL ELECTRICO;19:57.2;19:57.2;NULL
9184;9506;AMARILLO GRIS BLANCO;19:57.2;19:57.2;NULL
9185;9507;AMARILLO GRIS NARANJA VERDE;19:57.2;19:57.2;NULL
9186;9508;AMARILLO GRIS ROJO AZUL;19:57.2;19:57.2;NULL
9187;9509;AMARILLO HABANO VERDE;19:57.2;19:57.2;NULL
9188;9510;AMARILLO HABANO ZAPOTE;19:57.2;19:57.2;NULL
9189;9511;AMARILLO HINDU;19:57.2;19:57.2;NULL
9190;9512;AMARILLO HOJASECA;19:57.2;19:57.2;NULL
9191;9513;AMARILLO HUESO;19:57.3;19:57.3;NULL
9192;9514;AMARILLO ICARAI LUNA;19:57.3;19:57.3;NULL
9193;9515;AMARILLO INDU;19:57.3;19:57.3;NULL
9194;9516;AMARILLO JUNGLA;19:57.3;19:57.3;NULL
9195;9517;AMARILLO LADRILLO BLANCO HUESO;19:57.3;19:57.3;NULL
9196;9518;AMARILLO LASER;19:57.3;19:57.3;NULL
9197;9519;AMARILLO LILA CREMA ROJO SALMON;19:57.3;19:57.3;NULL
9198;9520;AMARILLO LILA NEGRO;19:57.3;19:57.3;NULL
9199;9521;AMARILLO LIMON AZUL LAGO;19:57.3;19:57.3;NULL
9200;9522;AMARILLO MALGRAT;19:57.3;19:57.3;NULL
9201;9523;AMARILLO MAPLE LEAF;19:57.3;19:57.3;NULL
9202;9524;AMARILLO MARFIL CAFE;19:57.3;19:57.3;NULL
9203;9525;AMARILLO MARFIL NARANJA;19:57.3;19:57.3;NULL
9204;9526;AMARILLO MARFIL ROJO NEGRO;19:57.3;19:57.3;NULL
9205;9527;AMARILLO MARFIL ZAPOTE;19:57.3;19:57.3;NULL
9206;9528;AMARILLO MARRON BLANCO;19:57.4;19:57.4;NULL
9207;9529;AMARILLO MARRON GRIS;19:57.4;19:57.4;NULL
9208;9530;AMARILLO MORADO BLANCO VERDE;19:57.4;19:57.4;NULL
9209;9531;AMARILLO MORADO VERDE;19:57.4;19:57.4;NULL
9210;9532;AMARILLO MORADO VERDE BLANCO;19:57.4;19:57.4;NULL
9211;9533;AMARILLO MOSTAZA AZUL;19:57.4;19:57.4;NULL
9212;9534;AMARILLO NARANJA CREMA VERDE TURQUESA;19:57.4;19:57.4;NULL
9213;9535;AMARILLO NARANJA MARFIL;19:57.4;19:57.4;NULL
9214;9536;AMARILLO NARANJA ROJO BLANCO NEGRO;19:57.4;19:57.4;NULL
9215;9537;AMARILLO NARANJA ROJO NEGRO;19:57.4;19:57.4;NULL
9216;9538;AMARILLO NARANJA ROJO VERDE BLANCO;19:57.4;19:57.4;NULL
9217;9539;AMARILLO NARANJA VINOTINTO;19:57.4;19:57.4;NULL
9218;9540;AMARILLO NEGRO AZUL ROJO;19:57.4;19:57.4;NULL
9219;9541;AMARILLO NEGRO BLANCO MARFIL;19:57.4;19:57.4;NULL
9220;9542;AMARILLO NEGRO CREMA;19:57.4;19:57.4;NULL
9221;9543;AMARILLO NEGRO GRIS;19:57.4;19:57.4;NULL
9222;9544;AMARILLO NEGRO HABANO;19:57.5;19:57.5;NULL
9223;9545;AMARILLO NEGRO MARFIL;19:57.5;19:57.5;NULL
9224;9546;AMARILLO NEGRO MARRON;19:57.5;19:57.5;NULL
9225;9547;AMARILLO NEGRO ROJO BLANCO;19:57.5;19:57.5;NULL
9226;9548;AMARILLO NEGRO ROJO MARFIL;19:57.5;19:57.5;NULL
9227;9549;AMARILLO NEGRO ROJO MORADO;19:57.5;19:57.5;NULL
9228;9550;AMARILLO NEGRO ZAPOTE;19:57.5;19:57.5;NULL
9229;9551;AMARILLO OCRE AZUL ROJO;19:57.5;19:57.5;NULL
9230;9552;AMARILLO OCRE BLANCO;19:57.5;19:57.5;NULL
9231;9553;AMARILLO OCRE CAFE;19:57.5;19:57.5;NULL
9232;9554;AMARILLO OCRE DAMASCO;19:57.5;19:57.5;NULL
9233;9555;AMARILLO OCRE MARRON;19:57.5;19:57.5;NULL
9234;9556;AMARILLO OPALO;19:57.5;19:57.5;NULL
9235;9557;AMARILLO ORO BLANCO MARFIL;19:57.5;19:57.5;NULL
9236;9558;AMARILLO ORO CAFE;19:57.5;19:57.5;NULL
9237;9559;AMARILLO ORO MARRON;19:57.5;19:57.5;NULL
9238;9560;AMARILLO ORO NEGRO;19:57.6;19:57.6;NULL
9239;9561;AMARILLO ORO SINU;19:57.6;19:57.6;NULL
9240;9562;AMARILLO OSCURO VERDE;19:57.6;19:57.6;NULL
9241;9563;AMARILLO OTOÑAL;19:57.6;19:57.6;NULL
9242;9564;AMARILLO PERLA;19:57.6;19:57.6;NULL
9243;9565;AMARILLO PERLA ROJO STRATO;19:57.6;19:57.6;NULL
9244;9566;AMARILLO PLATA AZUL;19:57.6;19:57.6;NULL
9245;9567;AMARILLO PLATA TITANIO;19:57.6;19:57.6;NULL
9246;9568;AMARILLO PLATEADO ROJO AZUL;19:57.6;19:57.6;NULL
9247;9569;AMARILLO PURPURA;19:57.6;19:57.6;NULL
9248;9570;AMARILLO RAVANA;19:57.6;19:57.6;NULL
9249;9571;AMARILLO ROJO AZUL GRIS BLANCO;19:57.6;19:57.6;NULL
9250;9572;AMARILLO ROJO AZUL BLANCO;19:57.6;19:57.6;NULL
9251;9573;AMARILLO ROJO AZUL BLANCO VERDE;19:57.7;19:57.7;NULL
9252;9574;AMARILLO ROJO AZUL MARFIL;19:57.7;19:57.7;NULL
9253;9575;AMARILLO ROJO AZUL VERDE;19:57.7;19:57.7;NULL
9254;9576;AMARILLO ROJO AZUL VERDE BLANCO;19:57.7;19:57.7;NULL
9255;9577;AMARILLO ROJO BEIGE VERDE;19:57.7;19:57.7;NULL
9256;9578;AMARILLO ROJO BLANCO AZUL;19:57.7;19:57.7;NULL
9257;9579;AMARILLO ROJO BLANCO AZUL VERDE;19:57.7;19:57.7;NULL
9258;9580;AMARILLO ROJO BLANCO GRIS;19:57.7;19:57.7;NULL
9259;9581;AMARILLO ROJO BLANCO VERDE AZUL;19:57.7;19:57.7;NULL
9260;9582;AMARILLO ROJO BLANCO VERDE NEGRO;19:57.7;19:57.7;NULL
9261;9583;AMARILLO ROJO BLANCO VERDE SALMON;19:57.8;19:57.8;NULL
9262;9584;AMARILLO ROJO BLANCO AZUL METALIZADO;19:57.8;19:57.8;NULL
9263;9585;AMARILLO ROJO CREMA AZUL;19:57.8;19:57.8;NULL
9264;9586;AMARILLO ROJO CREMA AZUL NEGRO;19:57.8;19:57.8;NULL
9265;9587;AMARILLO ROJO CREMA NARANJA VERDE;19:57.8;19:57.8;NULL
9266;9588;AMARILLO ROJO CREMA SALMON;19:57.8;19:57.8;NULL
9267;9589;AMARILLO ROJO DORADO BRONCE;19:57.8;19:57.8;NULL
9268;9590;AMARILLO ROJO GRIS NEGRO;19:57.8;19:57.8;NULL
9269;9591;AMARILLO ROJO INDIGO;19:57.8;19:57.8;NULL
9270;9592;AMARILLO ROJO LILA BLANCO SALMON;19:57.8;19:57.8;NULL
9271;9593;AMARILLO ROJO NARANJA BEIGE;19:57.9;19:57.9;NULL
9272;9594;AMARILLO ROJO NARANJA CREMA;19:57.9;19:57.9;NULL
9273;9595;AMARILLO ROJO NARANJA CREMA VERDE;19:57.9;19:57.9;NULL
9274;9596;AMARILLO ROJO NARANJA NEGRO;19:57.9;19:57.9;NULL
9275;9597;AMARILLO ROJO NARANJA VERDE;19:57.9;19:57.9;NULL
9276;9598;AMARILLO ROJO NARANJA VERDE CREMA;19:57.9;19:57.9;NULL
9277;9599;AMARILLO ROJO NEGRO BLANCO;19:57.9;19:57.9;NULL
9278;9600;AMARILLO ROJO NEGRO BLANCO METALIZADO;19:57.9;19:57.9;NULL
9279;9601;AMARILLO ROJO PASION;19:57.9;19:57.9;NULL
9280;9602;AMARILLO ROJO SALMON;19:57.9;19:57.9;NULL
9281;9603;AMARILLO ROJO SALMON CREMA;19:57.9;19:57.9;NULL
9282;9604;AMARILLO ROJO SALMON VERDE CREMA;19:57.9;19:57.9;NULL
9283;9605;AMARILLO ROJO SOLIDO;19:57.9;19:57.9;NULL
9284;9606;AMARILLO ROJO VERDE AZUL;19:57.9;19:57.9;NULL
9285;9607;AMARILLO ROJO VERDE AZUL BLANCO;19:57.9;19:57.9;NULL
9286;9608;AMARILLO ROJO VERDE BEIGE;19:57.9;19:57.9;NULL
9287;9609;AMARILLO ROJO VERDE CREMA;19:58.0;19:58.0;NULL
9288;9610;AMARILLO ROJO VERDE FIDJI BLANCO;19:58.0;19:58.0;NULL
9289;9611;AMARILLO ROJO VERDE GRIS;19:58.0;19:58.0;NULL
9290;9612;AMARILLO ROJO VERDE MARFIL AZUL;19:58.0;19:58.0;NULL
9291;9613;AMARILLO ROJO VERDE NARANJA;19:58.0;19:58.0;NULL
9292;9614;AMARILLO ROJO VERDE NARANJA CREMA;19:58.0;19:58.0;NULL
9293;9615;AMARILLO ROJO VERDE NEGRO;19:58.0;19:58.0;NULL
9294;9616;AMARILLO ROSADO;19:58.0;19:58.0;NULL
9295;9617;AMARILLO ROSS LUNA;19:58.1;19:58.1;NULL
9296;9618;AMARILLO SAFARI MARFIL;19:58.1;19:58.1;NULL
9297;9619;AMARILLO SALMON AZUL;19:58.1;19:58.1;NULL
9298;9620;AMARILLO SALMON BLANCO;19:58.1;19:58.1;NULL
9299;9621;AMARILLO SALMON CREMA;19:58.1;19:58.1;NULL
9300;9622;AMARILLO SALMON CREMA ROJO;19:58.1;19:58.1;NULL
9301;9623;AMARILLO SALMON ROJO BLANCO;19:58.1;19:58.1;NULL
9302;9624;AMARILLO SALMON VERDE;19:58.1;19:58.1;NULL
9303;9625;AMARILLO SHORELINE;19:58.1;19:58.1;NULL
9304;9626;AMARILLO TOLEDAMO MARFIL;19:58.2;19:58.2;NULL
9305;9627;AMARILLO TOLEDANO;19:58.2;19:58.2;NULL
9306;9628;AMARILLO TOSTADO;19:58.2;19:58.2;NULL
9307;9629;AMARILLO TRANSITO BLANCO NEGRO METALIZADO;19:58.2;19:58.2;NULL
9308;9630;AMARILLO VERDE ACEITUNA;19:58.2;19:58.2;NULL
9309;9631;AMARILLO VERDE ACEITUNA BLANCO;19:58.2;19:58.2;NULL
9310;9632;AMARILLO VERDE ANARANJADO;19:58.2;19:58.2;NULL
9311;9633;AMARILLO VERDE AZUL BLANCO;19:58.2;19:58.2;NULL
9312;9634;AMARILLO VERDE AZUL CREMA;19:58.2;19:58.2;NULL
9313;9635;AMARILLO VERDE AZUL NARANJA;19:58.2;19:58.2;NULL
9314;9636;AMARILLO VERDE AZUL ROJO;19:58.2;19:58.2;NULL
9315;9637;AMARILLO VERDE BICAPA;19:58.3;19:58.3;NULL
9316;9638;AMARILLO VERDE BLANCO MARFIL;19:58.3;19:58.3;NULL
9317;9639;AMARILLO VERDE BLANCO MORADO;19:58.3;19:58.3;NULL
9318;9640;AMARILLO VERDE BLANCO NEGRO;19:58.3;19:58.3;NULL
9319;9641;AMARILLO VERDE BLANCO ROJO;19:58.3;19:58.3;NULL
9320;9642;AMARILLO VERDE FIDJI AZUL;19:58.3;19:58.3;NULL
9321;9643;AMARILLO VERDE FIDJI AZUL BLANCO ROJO;19:58.4;19:58.4;NULL
9322;9644;AMARILLO VERDE FIDJI BLANCO;19:58.4;19:58.4;NULL
9323;9645;AMARILLO VERDE FIDJI MORADO;19:58.4;19:58.4;NULL
9324;9646;AMARILLO VERDE FIDJI ROJO;19:58.4;19:58.4;NULL
9325;9647;AMARILLO VERDE GRIS ROJO BLANCO;19:58.4;19:58.4;NULL
9326;9648;AMARILLO VERDE INGLES NEGRO;19:58.4;19:58.4;NULL
9327;9649;AMARILLO VERDE LIMON;19:58.4;19:58.4;NULL
9328;9650;AMARILLO VERDE MARFIL;19:58.4;19:58.4;NULL
9329;9651;AMARILLO VERDE MORADO;19:58.4;19:58.4;NULL
9330;9652;AMARILLO VERDE MORADO BLANCO;19:58.5;19:58.5;NULL
9331;9653;AMARILLO VERDE NARANJA AZUL;19:58.5;19:58.5;NULL
9332;9654;AMARILLO VERDE PLATEADO;19:58.5;19:58.5;NULL
9333;9655;AMARILLO VERDE PRIMAVERA;19:58.5;19:58.5;NULL
9334;9656;AMARILLO VERDE ROJO AZUL BLANCO;19:58.5;19:58.5;NULL
9335;9657;AMARILLO VERDE ROJO BLANCO;19:58.5;19:58.5;NULL
9336;9658;AMARILLO VERDE ROJO BLANCO AZUL;19:58.5;19:58.5;NULL
9337;9659;AMARILLO VERDE ROJO BLANCO NEGRO;19:58.5;19:58.5;NULL
9338;9660;AMARILLO VERDE ROJO CREMA BLANCO;19:58.6;19:58.6;NULL
9339;9661;AMARILLO VERDE ROJO NARANJA BLANCO;19:58.6;19:58.6;NULL
9340;9662;AMARILLO VERDE ROJO NARANJA CREMA;19:58.6;19:58.6;NULL
9341;9663;AMARILLO VERDE ROJO NEGRO;19:58.6;19:58.6;NULL
9342;9664;AMARILLO VERDE VINOTINTO;19:58.6;19:58.6;NULL
9343;9665;AMARILLO VERDE VIOLETA;19:58.6;19:58.6;NULL
9344;9666;AMARILLO VICTORIA;19:58.6;19:58.6;NULL
9345;9667;AMARILLO VINO;19:58.6;19:58.6;NULL
9346;9668;AMARILLO VINOTINTO CREMA;19:58.6;19:58.6;NULL
9347;9669;AMARILLO ZANAHORIA;19:58.6;19:58.6;NULL
9348;9670;AMARILLO ZINC;19:58.6;19:58.6;NULL
9349;9671;AMARILLO ALUMINIO METALIZADO;19:58.6;19:58.6;NULL
9350;9672;AMARILLO AZUL LAGUNA;19:58.6;19:58.6;NULL
9351;9673;AMARILLO ESTRATO PERLA;19:58.6;19:58.6;NULL
9352;9674;AMARILLO ROJO FERRARI;19:58.6;19:58.6;NULL
9353;9675;AMARILLO ROJO FUEGO;19:58.6;19:58.6;NULL
16701;17498;NEGRO/202;55:40.1;55:40.1;NULL
9354;9676;AMARILLO ROJO GAMBERRA;19:58.7;19:58.7;NULL
9355;9677;AMARILLO ROJO PERLADO;19:58.7;19:58.7;NULL
9356;9678;AMARILLO ROJO AZUL BLANCO METALIZADO;19:58.7;19:58.7;NULL
9357;9679;AMARILLO STRATO PERLA;19:58.7;19:58.7;NULL
9358;9680;AMARILLO STRATO PLATA;19:58.7;19:58.7;NULL
9359;9681;AMARILLO VERDE ARRECIFE;19:58.7;19:58.7;NULL
9360;9682;AMARILLO VERDE CHAMPAÑA;19:58.7;19:58.7;NULL
9361;9683;AMARILLO VERDE CRISTAL;19:58.7;19:58.7;NULL
9362;9684;AMARILLO VERDE MANZANA;19:58.7;19:58.7;NULL
9363;9685;AMARILLO VERDE MARMOL;19:58.7;19:58.7;NULL
9364;9686;AMARILLO VERDE METALIZADO;19:58.7;19:58.7;NULL
9365;9687;AMARRILLO VERDE ROJO BLANCO;19:58.7;19:58.7;NULL
9366;9688;AMRILLO CADAQUES;19:58.8;19:58.8;NULL
9367;9689;ANARANJADO MARFIL;19:58.8;19:58.8;NULL
9368;9690;ANARANJADO TERRACOTA;19:58.8;19:58.8;NULL
9369;9691;AMARILLO CADAQUES;19:58.8;19:58.8;NULL
9370;9692;AZUL CANDY;19:58.8;19:58.8;NULL
9371;9693;AZUL IBIUNA;19:58.8;19:58.8;NULL
9372;9694;BEIGE CLARO METALICO;19:58.8;19:58.8;NULL
9373;9695;AZUL ROSS;19:58.8;19:58.8;NULL
9374;9696;AZUL TRANSITO;19:58.8;19:58.8;NULL
9375;9697;AZUL TRANSITO ROJO TAHITI;19:58.8;19:58.8;NULL
9376;9698;ARENA CASTAÑO DORADO;19:58.8;19:58.8;NULL
9377;9699;ARENA CLARO;19:58.8;19:58.8;NULL
9378;9700;ARENA DORADO CAFE;19:58.8;19:58.8;NULL
9379;9701;ARENA NEVADA;19:58.8;19:58.8;NULL
9380;9702;ARENA POLICROMATICO;19:58.8;19:58.8;NULL
9381;9703;ARGENTINO TITANIO;19:58.8;19:58.8;NULL
9382;9704;ASTILLA BLANCO;19:58.9;19:58.9;NULL
9383;9705;ASTRO;19:58.9;19:58.9;NULL
9384;9706;ASTRO SILVER PLATA;19:58.9;19:58.9;NULL
9385;9707;AZUL ACUARELA;19:58.9;19:58.9;NULL
9386;9708;AZUL ADRATICO PERLECENTE;19:58.9;19:58.9;NULL
9387;9709;AZUL ADRIATICO PLATA;19:58.9;19:58.9;NULL
9388;9710;AZUL AGUA SILVER;19:58.9;19:58.9;NULL
9389;9711;AZUL ALBORADA NEGRO;19:58.9;19:58.9;NULL
9390;9712;AZUL ALBORADA POLICROMADA;19:58.9;19:58.9;NULL
9391;9713;AZUL AMARILLO BLANCO ROJO;19:58.9;19:58.9;NULL
9392;9714;AZUL AMARILLO GRIS;19:58.9;19:58.9;NULL
9393;9715;AZUL AMARILLO MARFIL;19:58.9;19:58.9;NULL
9394;9716;AZUL AMARILLO NEGRO AZUL;19:58.9;19:58.9;NULL
9395;9717;AZUL AMARILLO ROJO BLANCO VERDE;19:58.9;19:58.9;NULL
9396;9718;AZUL AMARILLO ROJO GRIS;19:58.9;19:58.9;NULL
9397;9719;AZUL AMARILLO ROJO VERDE BLANCO;19:58.9;19:58.9;NULL
9398;9720;AZUL AMARILLO VERDE BLANCO;19:59.0;19:59.0;NULL
9399;9721;AZUL AMARILLO VERDE BLANCO ROJO;19:59.0;19:59.0;NULL
9400;9722;AZUL AMARILLO VERDE ROJO;19:59.0;19:59.0;NULL
9401;9723;AZUL AMARILLO VERDE ROJO BLANCO;19:59.0;19:59.0;NULL
9402;9724;AZUL ANARANJADO;19:59.0;19:59.0;NULL
9403;9725;AZUL ANTARTIDA;19:59.0;19:59.0;NULL
9404;9726;AZUL ARCO BICAPA CANDY PLATA;19:59.0;19:59.0;NULL
9405;9727;AZUL ARTICA AZUL SAIRA;19:59.0;19:59.0;NULL
9406;9728;AZUL ASTRAL GLACIAR TIANJIN;19:59.0;19:59.0;NULL
9407;9729;AZUL ASTRAL GLACIAR TIANJIN TORMENTA TAHITI;19:59.1;19:59.1;NULL
9408;9730;AZUL ATLANTICO MARFIL;19:59.1;19:59.1;NULL
9409;9731;AZUL ATLANTICO METALIZADO MARFIL;19:59.1;19:59.1;NULL
9410;9732;AZUL AZAFATA BLANCO;19:59.1;19:59.1;NULL
9411;9733;AZUL BAHIA GRIS;19:59.1;19:59.1;NULL
9412;9734;AZUL BAMBOO BLANCO;19:59.1;19:59.1;NULL
9413;9735;AZUL BAVARIA;19:59.1;19:59.1;NULL
9414;9736;AZUL BAVARO BLANCO;19:59.2;19:59.2;NULL
9415;9737;AZUL BEIGE NARANJA;19:59.2;19:59.2;NULL
9416;9738;AZUL BEIGE SALMON;19:59.2;19:59.2;NULL
9417;9739;AZUL BICAPA;19:59.2;19:59.2;NULL
9418;9740;AZUL BICAPA Y VERDE BLAZE;19:59.2;19:59.2;NULL
9419;9741;AZUL BLANCO AMARILLO NEGRO;19:59.2;19:59.2;NULL
9420;9742;AZUL BLANCO AMARILLO VERDE ROJO;19:59.3;19:59.3;NULL
9421;9743;AZUL BLANCO BLANCO CRISTAL;19:59.3;19:59.3;NULL
9422;9744;AZUL BLANCO CAOBA;19:59.3;19:59.3;NULL
9423;9745;AZUL BLANCO CAOBA ROJO;19:59.3;19:59.3;NULL
9424;9746;AZUL BLANCO CLARO;19:59.3;19:59.3;NULL
9425;9747;AZUL BLANCO CRISTAL;19:59.3;19:59.3;NULL
9426;9748;AZUL BLANCO GRIS VERDE;19:59.3;19:59.3;NULL
9427;9749;AZUL BLANCO MARFIL ROJO VERDE;19:59.3;19:59.3;NULL
9428;9750;AZUL BLANCO MARFIL VERDE;19:59.3;19:59.3;NULL
9429;9751;AZUL BLANCO NEGRO AMARILLO ROJO;19:59.3;19:59.3;NULL
9430;9752;AZUL BLANCO NEGRO PLATEADO;19:59.3;19:59.3;NULL
9431;9753;AZUL BLANCO OCRE;19:59.4;19:59.4;NULL
9432;9754;AZUL BLANCO ROJO AMARILLO;19:59.4;19:59.4;NULL
9433;9755;AZUL BLANCO ROJO AMARILLO VERDE;19:59.4;19:59.4;NULL
9434;9756;AZUL BLANCO ROJO MARRON;19:59.4;19:59.4;NULL
9435;9757;AZUL BLANCO ROJO MORADO;19:59.4;19:59.4;NULL
9436;9758;AZUL BLANCO ROJO MORADO NARANJ;19:59.4;19:59.4;NULL
9437;9759;AZUL BLANCO ROJO NARANJA;19:59.4;19:59.4;NULL
9438;9760;AZUL BLANCO ROJO NEGRO;19:59.4;19:59.4;NULL
9439;9761;AZUL BLANCO TURQUESA;19:59.4;19:59.4;NULL
9440;9762;AZUL BLANCO VERDE MORADO;19:59.4;19:59.4;NULL
9441;9763;AZUL BLANCO VERDE ROJO;19:59.4;19:59.4;NULL
9442;9764;AZUL BLANCO VERDE ROJO AMARILLO;19:59.4;19:59.4;NULL
9443;9765;AZUL BLANCO VERDE ROJO NEGRO;19:59.4;19:59.4;NULL
9444;9766;AZUL BLANCO ZAPOTE;19:59.4;19:59.4;NULL
9446;9768;AZUL CAOBA ROJO;19:59.5;19:59.5;NULL
9447;9769;AZUL CAOBA ROJO BLANCO;19:59.5;19:59.5;NULL
9448;9770;AZUL CAPE;19:59.5;19:59.5;NULL
9449;9771;AZUL CARAI;19:59.5;19:59.5;NULL
9450;9772;AZUL CARIBE CREMA;19:59.5;19:59.5;NULL
9451;9773;AZUL CATALANA;19:59.5;19:59.5;NULL
9452;9774;AZUL CENIT;23:25.1;23:25.1;NULL
9453;9775;AZUL CEREZA CREMA;23:25.1;23:25.1;NULL
9454;9776;AZUL CREMA MARFIL ROJO;23:25.1;23:25.1;NULL
9455;9777;AZUL CREMA MARFIL ROJO VERDE;23:25.1;23:25.1;NULL
9456;9778;AZUL CREMA NEGRO ROJO;23:25.1;23:25.1;NULL
9457;9779;AZUL CREMA ROJO BLANCO;23:25.1;23:25.1;NULL
9458;9780;AZUL CREMA ROJO MARFIL;23:25.1;23:25.1;NULL
9459;9781;AZUL CREMA ROJO NARANJA;23:25.1;23:25.1;NULL
9460;9782;AZUL CREMA ZAPOTE;23:25.1;23:25.1;NULL
9461;9783;AZUL EUROPA NEGRO;23:25.1;23:25.1;NULL
9462;9784;AZUL GRIS CREMA;23:25.1;23:25.1;NULL
9463;9785;AZUL GRIS GRANITO;23:25.1;23:25.1;NULL
9464;9786;AZUL GRIS HUMO;23:25.1;23:25.1;NULL
9465;9787;AZUL GRIS MARFIL ROJO MORADO;23:25.1;23:25.1;NULL
9466;9788;AZUL GRIS METALICO BLANCO;23:25.1;23:25.1;NULL
9467;9789;AZUL GRIS ROJO BLANCO;23:25.2;23:25.2;NULL
9468;9790;AZUL GRIS ROJO VINOTINTO;23:25.2;23:25.2;NULL
9469;9791;AZUL GRIS ZAPOTE;23:25.2;23:25.2;NULL
9470;9792;AZUL MARFIL MANDARINA;23:25.2;23:25.2;NULL
9471;9793;AZUL MARFIL NARANJA;23:25.2;23:25.2;NULL
9472;9794;AZUL MARFIL NEGRO VINILO;23:25.2;23:25.2;NULL
9473;9795;AZUL MARFIL PLATA ROJO VERDE;23:25.2;23:25.2;NULL
9474;9796;AZUL MARFIL ROJO BLANCO;23:25.2;23:25.2;NULL
9475;9797;AZUL MARFIL ROJO FUCSIA;23:25.2;23:25.2;NULL
9476;9798;AZUL MARFIL ROJO MORADO;23:25.2;23:25.2;NULL
9477;9799;AZUL MARFIL SALMON;23:25.2;23:25.2;NULL
9478;9800;AZUL MARFIL ZAPOTE;23:25.2;23:25.2;NULL
9479;9801;AZUL MARGARITA;23:25.2;23:25.2;NULL
9480;9802;AZUL METALIZADO CREMA;23:25.2;23:25.2;NULL
9481;9803;AZUL METALIZADO PERLA;23:25.2;23:25.2;NULL
9482;9804;AZUL METALIZADO PERLECENTE;23:25.2;23:25.2;NULL
9484;9806;AZUL METALIZADO ZAFIRO;23:25.2;23:25.2;NULL
9485;9807;AZUL MONITOBA;23:25.2;23:25.2;NULL
9486;9808;AZUL MONTANA METALIZADO;23:25.3;23:25.3;NULL
9487;9809;AZUL MORADO BLANCO ROJO;23:25.3;23:25.3;NULL
9488;9810;AZUL MORADO BLANCO VERDE;23:25.3;23:25.3;NULL
9489;9811;AZUL MORADO CORDOBES;23:25.3;23:25.3;NULL
9490;9812;AZUL MORENO METALICO;23:25.3;23:25.3;NULL
9491;9813;AZUL NACARADO;23:25.3;23:25.3;NULL
9492;9814;AZUL NACARADO GRIS CROMO;23:25.3;23:25.3;NULL
9493;9815;AZUL NARANJA BEIGE;23:25.3;23:25.3;NULL
9494;9816;AZUL NARANJA BLANCO ROJO;23:25.3;23:25.3;NULL
9495;9817;AZUL NARANJA ITAJAI;23:25.3;23:25.3;NULL
9496;9818;AZUL NARANJA MARFIL;23:25.3;23:25.3;NULL
9497;9819;AZUL NAUTICO BLANCO;23:25.3;23:25.3;NULL
9498;9820;AZUL NAUTICO GRIS;23:25.3;23:25.3;NULL
9499;9821;AZUL NEGRO AZUL;23:25.4;23:25.4;NULL
9500;9822;AZUL NEGRO BLANCO;23:25.4;23:25.4;NULL
9501;9823;AZUL NEGRO BLANCO VERDE;23:25.4;23:25.4;NULL
9502;9824;AZUL NEGRO BLAZE;23:25.4;23:25.4;NULL
9503;9825;AZUL NEGRO GRIS;23:25.4;23:25.4;NULL
9504;9826;AZUL NEGRO ITAJAI;23:25.4;23:25.4;NULL
9505;9827;AZUL NEGRO ITAJAI TAHITI;23:25.4;23:25.4;NULL
9506;9828;AZUL NEGRO MARFIL;23:25.4;23:25.4;NULL
9507;9829;AZUL NEGRO MORADO;23:25.4;23:25.4;NULL
9508;9830;AZUL NEGRO NUBE PASSION PLATA;23:25.4;23:25.4;NULL
9509;9831;AZUL NEGRO TAHITI;23:25.4;23:25.4;NULL
9510;9832;AZUL NEGRO VERDE;23:25.4;23:25.4;NULL
9511;9833;AZUL NEGRO VINILO;23:25.4;23:25.4;NULL
9512;9834;AZUL NIAGARA GRIS;23:25.4;23:25.4;NULL
9513;9835;AZUL NIEBLA NEGRO TAHITI;23:25.5;23:25.5;NULL
9514;9836;AZUL NIQUEL IPIRANGA NEGRO;23:25.5;23:25.5;NULL
9515;9837;AZUL NIQUEL NEGRO;23:25.5;23:25.5;NULL
9516;9838;AZUL NIQUEL ORO;23:25.5;23:25.5;NULL
9517;9839;AZUL NIQUEL PLATINO;23:25.5;23:25.5;NULL
9519;9841;AZUL NUBE BLAZE;23:25.5;23:25.5;NULL
9520;9842;AZUL NUBE ESTRATO TAHITI;23:25.5;23:25.5;NULL
9521;9843;AZUL NUBE ESTRATO TAHITI BURITI;23:25.5;23:25.5;NULL
9522;9844;AZUL NUBE ICARAI;23:25.5;23:25.5;NULL
9523;9845;AZUL NUBE ITAJAI;23:25.5;23:25.5;NULL
9524;9846;AZUL NUBE TAHITI;23:25.5;23:25.5;NULL
9525;9847;AZUL ROJO AMARILLO VERDE;23:25.5;23:25.5;NULL
9526;9848;AZUL ROJO AMARILLO VERDE BEIGE;23:25.5;23:25.5;NULL
9527;9849;AZUL ROJO AMARILLO VERDE BLANCO;23:25.5;23:25.5;NULL
9528;9850;AZUL ROJO BEIGE;23:25.6;23:25.6;NULL
9529;9851;AZUL ROJO BEIGE VERDE;23:25.6;23:25.6;NULL
9530;9852;AZUL ROJO BLANCO AMARILLO;23:25.6;23:25.6;NULL
9531;9853;AZUL ROJO BLANCO ARTICO;23:25.6;23:25.6;NULL
9532;9854;AZUL ROJO BLANCO CREMA;23:25.6;23:25.6;NULL
9533;9855;AZUL ROJO BLANCO MARFIL;23:25.6;23:25.6;NULL
9534;9856;AZUL ROJO BLANCO MARRON;23:25.6;23:25.6;NULL
9535;9857;AZUL ROJO BLANCO NARANJA;23:25.6;23:25.6;NULL
9536;9858;AZUL ROJO BLANCO NEGRO;23:25.6;23:25.6;NULL
9537;9859;AZUL ROJO BLANCO PLATEADO;23:25.6;23:25.6;NULL
9538;9860;AZUL ROJO BLANCO SALMON;23:25.6;23:25.6;NULL
9539;9861;AZUL ROJO BLANCO VERDE;23:25.6;23:25.6;NULL
9540;9862;AZUL ROJO BLANCO VIOLETA;23:25.6;23:25.6;NULL
9541;9863;AZUL ROJO CAFE;23:25.6;23:25.6;NULL
9542;9864;AZUL ROJO CREMA AMARILLO;23:25.6;23:25.6;NULL
9543;9865;AZUL ROJO CREMA BLANCO;23:25.6;23:25.6;NULL
9544;9866;AZUL ROJO CREMA PLATE;23:25.6;23:25.6;NULL
9545;9867;AZUL ROJO CREMA PLATEADO;23:25.6;23:25.6;NULL
9546;9868;AZUL ROJO CREMA VERDE;23:25.7;23:25.7;NULL
9547;9869;AZUL ROJO GRIS VERDE VINOTINTO;23:25.7;23:25.7;NULL
9548;9870;AZUL ROJO MARFIL;23:25.7;23:25.7;NULL
9549;9871;AZUL ROJO MARFIL PLATEADO;23:25.7;23:25.7;NULL
9550;9872;AZUL ROJO MARRON;23:25.7;23:25.7;NULL
9551;9873;AZUL ROJO MARRON BLANCO;23:25.7;23:25.7;NULL
9552;9874;AZUL ROJO MORADO;23:25.7;23:25.7;NULL
9553;9875;AZUL ROJO NARANJA AMARILLO VERDE;23:25.7;23:25.7;NULL
9554;9876;AZUL ROJO NARANJA BLANCO;23:25.7;23:25.7;NULL
9555;9877;AZUL ROJO NARANJA CREMA;23:25.7;23:25.7;NULL
9556;9878;AZUL ROJO NEGRO AMARILLO BLANCO;23:25.7;23:25.7;NULL
9557;9879;AZUL ROJO NEGRO CREMA;23:25.7;23:25.7;NULL
9558;9880;AZUL ROJO VERDE ACEITUNA BLANCO;23:25.7;23:25.7;NULL
9559;9881;AZUL ROJO VERDE AMARILLO;23:25.7;23:25.7;NULL
9560;9882;AZUL ROJO VERDE BEIGE;23:25.7;23:25.7;NULL
9561;9883;AZUL ROJO VERDE BLANCO AMARILLO;23:25.7;23:25.7;NULL
9562;9884;AZUL ROJO VERDE CREMA;23:25.7;23:25.7;NULL
9563;9885;AZUL ROJO VERDE GRIS;23:25.7;23:25.7;NULL
9564;9886;AZUL ROJO VERDE NARANJA;23:25.8;23:25.8;NULL
9565;9887;AZUL ROJO VINO GRIS PERLA;23:25.8;23:25.8;NULL
9566;9888;AZUL ROJO VINOTINTO GRIS VERDE;23:25.8;23:25.8;NULL
9567;9889;AZUL ROJO VINOTINTO VERDE;23:25.8;23:25.8;NULL
9568;9890;AZUL ROJO ZANAHORIA;23:25.8;23:25.8;NULL
9569;9891;AZUL SHORELINE;23:25.8;23:25.8;NULL
9570;9892;AZUL SONATA METALIZADO;23:25.8;23:25.8;NULL
9571;9893;AZUL TROPICAL;23:25.8;23:25.8;NULL
9572;9894;AZUL VERDE ACERO;23:25.8;23:25.8;NULL
9573;9895;AZUL VERDE ACUARELA;23:25.8;23:25.8;NULL
9574;9896;AZUL VERDE AMARILLO;23:25.8;23:25.8;NULL
9575;9897;AZUL VERDE BLANCO AMARILLO;23:25.8;23:25.8;NULL
9576;9898;AZUL VERDE BLANCO ROJO;23:25.8;23:25.8;NULL
9577;9899;AZUL VERDE CREMA;23:25.8;23:25.8;NULL
9578;9900;AZUL VERDE FIDJI VINO TINTO GRIS;23:25.8;23:25.8;NULL
9579;9901;AZUL VERDE GRIS ROJO MORADO;23:25.8;23:25.8;NULL
9580;9902;AZUL VERDE GRIS VINOTINTO ROJO;23:25.8;23:25.8;NULL
9581;9903;AZUL VERDE MARMOL METALIZADO AZUL;23:25.9;23:25.9;NULL
9582;9904;AZUL VERDE METALIZADO;23:25.9;23:25.9;NULL
9583;9905;AZUL VERDE PERLADO;23:25.9;23:25.9;NULL
9584;9906;AZUL VERDE ROJO;23:25.9;23:25.9;NULL
9585;9907;AZUL VERDE ROJO AMARILLO;23:25.9;23:25.9;NULL
9586;9908;AZUL VERDE ROJO BEIGE;23:25.9;23:25.9;NULL
9587;9909;AZUL VERDE ROJO CREMA;23:25.9;23:25.9;NULL
9588;9910;AZUL VERDE ROJO GRIS VINOTINTO;23:25.9;23:25.9;NULL
9589;9911;AZUL VERDE ROJO VINO GRIS;23:25.9;23:25.9;NULL
9590;9912;AZUL VERDE VINOTINTO;23:25.9;23:25.9;NULL
9591;9913;AZUL VERDE VINOTINTO GRIS;23:25.9;23:25.9;NULL
9592;9914;AZUL VERDE VINOTINTO ROJO GRIS;23:25.9;23:25.9;NULL
9593;9915;AZUL VERDE AMARILLO METALIZADO;23:25.9;23:25.9;NULL
9594;9916;BASE VERDE CLARO BLANCO;23:25.9;23:25.9;NULL
9595;9917;BEIGE ACUARELA;23:25.9;23:25.9;NULL
9596;9918;BEIGE AMARILLO;23:25.9;23:25.9;NULL
9597;9919;BEIGE AMARILLO AZUL ROJO VERDE;23:25.9;23:25.9;NULL
9598;9920;BEIGE AMARILLO CROMADO;23:25.9;23:25.9;NULL
9599;9921;BEIGE AMARILLO LILA;23:26.0;23:26.0;NULL
9600;9922;BEIGE AMARILLO ROJO;23:26.0;23:26.0;NULL
9601;9923;BEIGE AMARILLO ROJO NARANJA VERDE;23:26.0;23:26.0;NULL
9602;9924;BEIGE AMARILLO ROJO VERDE;23:26.0;23:26.0;NULL
9603;9925;BEIGE AMARILLO VERDE;23:26.0;23:26.0;NULL
9604;9926;BEIGE AMBAR;23:26.0;23:26.0;NULL
9605;9927;BEIGE ANGO;23:26.0;23:26.0;NULL
9606;9928;BEIGE AZUL AMARILLO ROJO VERDE;23:26.0;23:26.0;NULL
9607;9929;BEIGE AZUL BLANCO VERDE AMARILLO;23:26.0;23:26.0;NULL
9608;9930;BEIGE AZUL NARANJA;23:26.0;23:26.0;NULL
9609;9931;BEIGE AZUL ROJO AMARILLO VERDE;23:26.0;23:26.0;NULL
9610;9932;BEIGE AZUL ROJO VERDE;23:26.0;23:26.0;NULL
9611;9933;BEIGE AZUL ROJO VERDE AMARILLO;23:26.0;23:26.0;NULL
9612;9934;BEIGE AZUL TURQUESA;23:26.0;23:26.0;NULL
9613;9935;BEIGE AZUL VERDE ROJO;23:26.0;23:26.0;NULL
9614;9936;BEIGE BLANCO CREMA ROJO VERDE;23:26.1;23:26.1;NULL
9615;9937;BEIGE BLANCO HUESO;23:26.1;23:26.1;NULL
9616;9938;BEIGE BLANCO VERDE VINOTINTO;23:26.1;23:26.1;NULL
9617;9939;BEIGE CAFE CLARO;23:26.1;23:26.1;NULL
9618;9940;BEIGE CARRARA ROJO AMARILLO;23:26.1;23:26.1;NULL
9619;9941;BEIGE CARRARA VERDE;23:26.1;23:26.1;NULL
9620;9942;BEIGE CARRARA VERDE AMARILLO;23:26.1;23:26.1;NULL
9621;9943;BEIGE CARRARA VERDE ROJO AMARILLO;23:26.2;23:26.2;NULL
9622;9944;BEIGE CARRARA VINO TINTO;23:26.2;23:26.2;NULL
9623;9945;BEIGE CLARO PLATA IBIUNA;23:26.2;23:26.2;NULL
9624;9946;BEIGE CLARO SHORELINE;23:26.2;23:26.2;NULL
9625;9947;BEIGE CONSTELACION METALIZADO;23:26.2;23:26.2;NULL
9626;9948;BEIGE CORAL;23:26.3;23:26.3;NULL
9627;9949;BEIGE DAINO;23:26.3;23:26.3;NULL
9628;9950;BEIGE DURAZNO METAL;23:26.3;23:26.3;NULL
9629;9951;BEIGE ELECTRICO AMARILLO;23:26.3;23:26.3;NULL
9630;9952;BEIGE GUAYABA;23:26.3;23:26.3;NULL
9631;9953;BEIGE LADRILLO MARFIL;23:26.3;23:26.3;NULL
9632;9954;BEIGE LATIN;23:26.3;23:26.3;NULL
9633;9955;BEIGE LILA PERLADO;23:26.4;23:26.4;NULL
9634;9956;BEIGE LIMESTONE MARRON;23:26.4;23:26.4;NULL
9635;9957;BEIGE LIMON BLANCO;23:26.4;23:26.4;NULL
9636;9958;BEIGE MARFIL MARRON;23:26.4;23:26.4;NULL
9637;9959;BEIGE MARFIL NEGRO;23:26.4;23:26.4;NULL
9638;9960;BEIGE MARFIL ROJO;23:26.4;23:26.4;NULL
9639;9961;BEIGE MARFIL ROJO NEGRO;23:26.4;23:26.4;NULL
9640;9962;BEIGE METALIZADO SAHARA;23:26.5;23:26.5;NULL
9641;9963;BEIGE MORADO;23:26.5;23:26.5;NULL
9642;9964;BEIGE MOSTAZA;23:26.5;23:26.5;NULL
9643;9965;BEIGE NARANJA NEGRO;23:26.5;23:26.5;NULL
9644;9966;BEIGE NARANJA VERDE;23:26.5;23:26.5;NULL
9645;9967;BEIGE NEGRO NARANJA;23:26.5;23:26.5;NULL
9646;9968;BEIGE NEGRO SHORELINE;23:26.6;23:26.6;NULL
9647;9969;BEIGE NEPTUNO;23:26.6;23:26.6;NULL
9648;9970;BEIGE OSCURO NEGRO;23:26.6;23:26.6;NULL
9649;9971;BEIGE ROJO AMARILLO;23:26.6;23:26.6;NULL
9650;9972;BEIGE ROJO AZUL;23:26.6;23:26.6;NULL
9651;9973;BEIGE ROJO AZUL VERDE;23:26.6;23:26.6;NULL
9652;9974;BEIGE ROJO MARFIL;23:26.6;23:26.6;NULL
9653;9975;BEIGE ROJO NARANJA;23:26.6;23:26.6;NULL
9654;9976;BEIGE ROJO NEGRO AZUL;23:26.6;23:26.6;NULL
9655;9977;BEIGE ROJO VERDE AMARILLO;23:26.6;23:26.6;NULL
9656;9978;BEIGE ROJO VERDE AZUL;23:26.7;23:26.7;NULL
9657;9979;BEIGE ROJO VERDE AZUL AMARILLO;23:26.7;23:26.7;NULL
9658;9980;BEIGE SAHARA BLANCO MARFIL;23:26.7;23:26.7;NULL
9659;9981;BEIGE SAHARA VERDE;23:26.8;23:26.8;NULL
9660;9982;BEIGE SALMON;23:26.8;23:26.8;NULL
9661;9983;BEIGE SALMON AMARILLO;23:26.8;23:26.8;NULL
9662;9984;BEIGE SALMON MORADO;23:26.8;23:26.8;NULL
9663;9985;BEIGE VIOLETA;23:26.8;23:26.8;NULL
9664;9986;CAMUFLADO MILITAR;23:26.9;23:26.9;NULL
9665;9987;GRANATE BLANCO;23:27.0;23:27.0;NULL
9666;9988;GRANATE CREMA;23:27.1;23:27.1;NULL
9667;9989;NARANJA VIOLETA;23:27.1;23:27.1;NULL
9668;9990;NEGRO MARRON;23:27.1;23:27.1;NULL
9669;9991;ROSADO NEGRO;23:27.1;23:27.1;NULL
9670;9992;TERRACOTA DORADO;23:27.1;23:27.1;NULL
9671;9993;VERDE MARRON;23:27.1;23:27.1;NULL
9672;9994;AMARILLO MIEL;23:27.1;23:27.1;NULL
9673;9995;AZUL MARFIL OSCURO;23:27.1;23:27.1;NULL
9674;9996;BEIGE SHORELINE;23:27.2;23:27.2;NULL
9675;9997;BEIGE SILICE TORNADO;23:27.2;23:27.2;NULL
9676;9998;BEIGE STRATO PERLA;23:27.2;23:27.2;NULL
9677;9999;BEIGE VIOLETA METALIZADO;23:27.2;23:27.2;NULL
9678;10000;BEIGE Y CAFE;23:27.2;23:27.2;NULL
9679;10001;BEIGE ZANDALO;23:27.2;23:27.2;NULL
9680;10002;BEIGE ZING;23:27.2;23:27.2;NULL
9681;10003;BEIGE/G OSCURO;23:27.2;23:27.2;NULL
9682;10004;BEIGECAOBA;23:27.2;23:27.2;NULL
9683;10005;BEIGECHAMPAÑA;23:27.2;23:27.2;NULL
9684;10006;BEIGEVERDE ACUARELA;23:27.2;23:27.2;NULL
9686;10008;BERMELLON CREMA;23:27.2;23:27.2;NULL
9687;10009;BERMELLON CREMA NEGRO;23:27.3;23:27.3;NULL
9688;10010;BERNELLON CREMA;23:27.3;23:27.3;NULL
9689;10011;BICAPA;23:27.3;23:27.3;NULL
9690;10012;BICAPA ARTICO;23:27.3;23:27.3;NULL
9691;10013;BIEGE CAFÉ;23:27.3;23:27.3;NULL
9692;10014;BLANCO ABANO;23:27.3;23:27.3;NULL
9693;10015;BLANCO ALABASTER;23:27.3;23:27.3;NULL
9694;10016;BLANCO ALMA;23:27.3;23:27.3;NULL
9695;10017;BLANCO ANTARTICO;23:27.4;23:27.4;NULL
9696;10018;BLANCO ANTARTIDA VERDE;23:27.4;23:27.4;NULL
9697;10019;BLANCO ARACO BICAPA;23:27.4;23:27.4;NULL
9698;10020;BLANCO ARAYA GRIS;23:27.4;23:27.4;NULL
9699;10021;BLANCO ARCO AZUL;23:27.4;23:27.4;NULL
9700;10022;BLANCO ARCO IRIS;23:27.4;23:27.4;NULL
9701;10023;BLANCO ARCO ROJO;23:27.4;23:27.4;NULL
9702;10024;BLANCO ARICO;23:27.4;23:27.4;NULL
9703;10025;BLANCO ARION;23:27.4;23:27.4;NULL
9704;10026;BLANCO ARKTIS;23:27.4;23:27.4;NULL
9705;10029;BLANCO AZUL NEGRO ROJO;23:27.5;23:27.5;NULL
9706;10030;BLANCO AZUL NEGRO ROJO VERDE;23:27.5;23:27.5;NULL
9707;10031;BLANCO AZUL NIAGARA BLANCO;23:27.5;23:27.5;NULL
9708;10032;BLANCO AZUL NOCHE METALIZADO;23:27.5;23:27.5;NULL
9709;10033;BLANCO AZUL ROJO SALMON;23:27.5;23:27.5;NULL
9710;10034;BLANCO AZUL ROJO VIOLETA;23:27.5;23:27.5;NULL
9711;10035;BLANCO AZUL ROJO AMARILLO;23:27.5;23:27.5;NULL
9712;10038;BLANCO AZUL ROSADO ROJO;23:27.6;23:27.6;NULL
9713;10039;BLANCO AZUL VERDE AMARILLO;23:27.7;23:27.7;NULL
9714;10040;BLANCO AZUL VERDE ACEITUNA VERDE;23:27.7;23:27.7;NULL
9715;10041;BLANCO AZUL VERDE AMARILLO METALIZADO;23:27.7;23:27.7;NULL
9716;10042;BLANCO AZUL VERDE AMARILLO ROJO;23:27.8;23:27.8;NULL
9717;10043;BLANCO AZUL VERDE AMARILLO ROSS;23:27.8;23:27.8;NULL
9718;10044;BLANCO AZUL VERDE GRIS;23:27.8;23:27.8;NULL
9719;10045;BLANCO AZUL VERDE NEGRO;23:27.9;23:27.9;NULL
9720;10046;BLANCO BANQUESINE METÁLICO;23:27.9;23:27.9;NULL
9721;10047;BLANCO BEIGE CHAMPANA;23:27.9;23:27.9;NULL
9722;10048;BLANCO BEIGE CLARO;23:28.0;23:28.0;NULL
9723;10049;BLANCO BEIGE DORADO;23:28.0;23:28.0;NULL
9724;10050;BLANCO BEIGE MARRUECO BLANCO;23:28.0;23:28.0;NULL
9725;10051;BLANCO BEIGE VERDE;23:28.0;23:28.0;NULL
9726;10052;BLANCO BICAPA VERDE;23:28.0;23:28.0;NULL
9727;10053;BLANCO BONLE;23:28.0;23:28.0;NULL
9728;10054;BLANCO BORDEAUX;23:28.1;23:28.1;NULL
9729;10055;BLANCO BURUTI ROSS;23:28.1;23:28.1;NULL
9730;10056;BLANCO CAHOBA;23:28.1;23:28.1;NULL
9731;10057;BLANCO CAIMAN;23:28.1;23:28.1;NULL
9732;10058;BLANCO CALAMA;23:28.1;23:28.1;NULL
9733;10059;BLANCO CAMPANA;23:28.1;23:28.1;NULL
9734;10060;BLANCO CARO;23:28.1;23:28.1;NULL
9735;10061;BLANCO CHOCOLATE;23:28.1;23:28.1;NULL
9736;10062;BLANCO COSMICO MET;23:28.1;23:28.1;NULL
9737;10063;BLANCO CRUISER;23:28.1;23:28.1;NULL
9738;10064;BLANCO CURUBA;23:28.1;23:28.1;NULL
9739;10065;BLANCO DINAMO;23:28.2;23:28.2;NULL
9740;10066;BLANCO DIRECTO;23:28.2;23:28.2;NULL
9741;10067;BLANCO EBRES;23:28.2;23:28.2;NULL
9742;10068;BLANCO FUEGO;23:28.2;23:28.2;NULL
9743;10069;BLANCO FUEGO ROJO;23:28.2;23:28.2;NULL
9744;10070;BLANCO GOLD;23:28.2;23:28.2;NULL
9745;10071;BLANCO GOSCURO;23:28.2;23:28.2;NULL
9746;10072;BLANCO GRANATE;23:28.2;23:28.2;NULL
9747;10073;BLANCO GRIS PLUTON;23:28.2;23:28.2;NULL
9748;10074;BLANCO HOJA;23:28.2;23:28.2;NULL
9749;10075;BLANCO HORTACHA;23:28.2;23:28.2;NULL
9750;10076;BLANCO IBIUNA ROJO;23:28.3;23:28.3;NULL
9751;10077;BLANCO IRION;23:28.3;23:28.3;NULL
9752;10078;BLANCO IRIS;23:28.3;23:28.3;NULL
9753;10079;BLANCO LAUREL;23:28.3;23:28.3;NULL
9754;10080;BLANCO LOCTUS;23:28.3;23:28.3;NULL
9755;10081;BLANCO LOTTO;23:28.3;23:28.3;NULL
9756;10082;BLANCO LUNA;23:28.3;23:28.3;NULL
9757;10083;BLANCO MADRIL;23:28.4;23:28.4;NULL
9758;10084;BLANCO MAGENTA;23:28.4;23:28.4;NULL
9759;10085;BLANCO MANHATAN;23:28.4;23:28.4;NULL
9760;10086;BLANCO MARFIL AZUL;23:28.4;23:28.4;NULL
9761;10087;BLANCO MERCURY;23:28.4;23:28.4;NULL
9762;10088;BLANCO MONTANA;23:28.4;23:28.4;NULL
9763;10089;BLANCO NACARADO;23:28.4;23:28.4;NULL
9764;10090;BLANCO NARANJA AMARILLO;23:28.5;23:28.5;NULL
9765;10091;BLANCO NARANJA AZUL CREMA;23:28.5;23:28.5;NULL
9766;10092;BLANCO NARANJA AZUL ROJO;23:28.5;23:28.5;NULL
9767;10093;BLANCO NARANJA CAFE;23:28.5;23:28.5;NULL
9768;10094;BLANCO NARANJA GRIS;23:28.5;23:28.5;NULL
9769;10095;BLANCO NARANJA ROJO AZUL;23:28.5;23:28.5;NULL
9770;10096;BLANCO NARANJA ROJO LILA;23:28.5;23:28.5;NULL
9771;10097;BLANCO NARANJA VERDE VIOLETA;23:28.6;23:28.6;NULL
9772;10098;BLANCO NEGRO AZUL;23:28.6;23:28.6;NULL
9773;10099;BLANCO NEGRO AZUL ROJO;23:28.6;23:28.6;NULL
9774;10100;BLANCO NEGRO BICAPA;23:28.6;23:28.6;NULL
9775;10101;BLANCO NEVADO METALIZADO;23:28.6;23:28.6;NULL
9776;10102;BLANCO NOVEL;23:28.6;23:28.6;NULL
9777;10103;BLANCO NUBE;23:28.6;23:28.6;NULL
9778;10104;BLANCO NUBE AZUL;23:28.6;23:28.6;NULL
9779;10105;BLANCO ORIN;23:28.6;23:28.6;NULL
9780;10106;BLANCO ORTON BLANCO ORTON;23:28.6;23:28.6;NULL
9781;10107;BLANCO OSCURO;23:28.7;23:28.7;NULL
9782;10108;BLANCO OSTRA;23:28.7;23:28.7;NULL
9783;10109;BLANCO OTONAL;23:28.7;23:28.7;NULL
9784;10110;BLANCO PALMA;23:28.7;23:28.7;NULL
9785;10111;BLANCO PLANA;23:28.7;23:28.7;NULL
9786;10112;BLANCO PLATA METALIZADO;23:28.7;23:28.7;NULL
9787;10113;BLANCO PLATA NEGRO;23:28.7;23:28.7;NULL
9788;10114;BLANCO PLATA ROSS;23:28.7;23:28.7;NULL
9789;10115;BLANCO PLATA SORRENTO;23:28.7;23:28.7;NULL
9790;10116;BLANCO PLATINA;23:28.7;23:28.7;NULL
9791;10117;BLANCO PLOMADO;23:28.7;23:28.7;NULL
9792;10118;BLANCO POPULAR;23:28.7;23:28.7;NULL
9793;10119;BLANCO ROJO AMARILLO AZUL;23:28.7;23:28.7;NULL
9794;10120;BLANCO ROJO AMARILLO AZUL VERDE;23:28.7;23:28.7;NULL
9795;10121;BLANCO ROJO AMARILLO BLANCO ROJO;23:28.8;23:28.8;NULL
9796;10122;BLANCO ROJO AMARILLO DORADO;23:28.8;23:28.8;NULL
9797;10123;BLANCO ROJO AMARILLO NARANJA VERDE;23:28.8;23:28.8;NULL
9798;10124;BLANCO ROJO AMARILLO NEGRO;23:28.8;23:28.8;NULL
9799;10125;BLANCO ROJO BEIGE;23:28.8;23:28.8;NULL
9800;10126;BLANCO ROJO BEIGE NARANJA;23:28.8;23:28.8;NULL
9801;10127;BLANCO ROJO GRIS NEGRO;23:28.8;23:28.8;NULL
9802;10128;BLANCO ROJO GRIS PLATA;23:28.8;23:28.8;NULL
9803;10129;BLANCO ROJO MARFIL;23:28.8;23:28.8;NULL
9804;10130;BLANCO ROJO NARANJA AZUL;23:28.8;23:28.8;NULL
9805;10131;BLANCO ROJO NARANJA BEIGE;23:28.8;23:28.8;NULL
9806;10132;BLANCO ROJO NARANJA NEGRO;23:28.8;23:28.8;NULL
9807;10133;BLANCO ROJO NEGRO AMARILLO;23:28.8;23:28.8;NULL
9808;10134;BLANCO ROJO NEGRO NARANJA;23:28.8;23:28.8;NULL
9809;10135;BLANCO ROJO NEGRO VERDE;23:28.9;23:28.9;NULL
9810;10136;BLANCO ROJO NEGRO VINOTINTO;23:28.9;23:28.9;NULL
9811;10137;BLANCO ROJO PURPURA;23:28.9;23:28.9;NULL
9812;10138;BLANCO ROJO RUBI;23:28.9;23:28.9;NULL
9813;10139;BLANCO ROJO SHORELINE;23:28.9;23:28.9;NULL
9814;10140;BLANCO ROJO SOLIDO;23:28.9;23:28.9;NULL
9815;10141;BLANCO ROJO VERDE ACEITUNA;23:28.9;23:28.9;NULL
9816;10142;BLANCO ROJO VERDE AMARILLO AZUL;23:28.9;23:28.9;NULL
9817;10143;BLANCO ROJO VERDE AMARILLO GRIS;23:28.9;23:28.9;NULL
9818;10144;BLANCO ROJO VERDE AMARILLO NARANJA;23:28.9;23:28.9;NULL
9819;10145;BLANCO ROJO VERDE AZUL AMARILLO;23:28.9;23:28.9;NULL
9820;10146;BLANCO ROJO VERDE GRIS;23:28.9;23:28.9;NULL
9821;10147;BLANCO ROJO VERDE NARANJA;23:28.9;23:28.9;NULL
9822;10148;BLANCO ROMANCE;23:28.9;23:28.9;NULL
9823;10149;BLANCO ROSADO ROJO VERDE;23:28.9;23:28.9;NULL
9824;10150;BLANCO ROSADO VERDE AMARILLO;23:28.9;23:28.9;NULL
9825;10151;BLANCO ROSADO VERDE ROJO;23:28.9;23:28.9;NULL
9826;10152;BLANCO SAHARA;23:29.0;23:29.0;NULL
9827;10153;BLANCO SARAJEVO;23:29.0;23:29.0;NULL
9828;10154;BLANCO SEGEBRE;23:29.0;23:29.0;NULL
9829;10155;BLANCO SERVES DORADA;23:29.0;23:29.0;NULL
9830;10156;BLANCO SHORELINE;23:29.0;23:29.0;NULL
9831;10157;BLANCO SHORELINE GOLD;23:29.0;23:29.0;NULL
9832;10158;BLANCO SILVESTRE;23:29.0;23:29.0;NULL
9833;10159;BLANCO SOFIA AMARILLO VERDE;23:29.0;23:29.0;NULL
9834;10160;BLANCO SOFIA PLATA SATELITE;23:29.0;23:29.0;NULL
9835;10161;BLANCO SOLAR;23:29.0;23:29.0;NULL
9836;10162;BLANCO SOLFERINO;23:29.1;23:29.1;NULL
9837;10163;BLANCO SONORA METALIZAD;23:29.1;23:29.1;NULL
9838;10164;BLANCO SUPER;23:29.1;23:29.1;NULL
9839;10165;BLANCO TAHITI ROSS;23:29.1;23:29.1;NULL
9840;10166;BLANCO TIZA;23:29.1;23:29.1;NULL
9841;10167;BLANCO TRAFICO;23:29.1;23:29.1;NULL
9842;10168;BLANCO TURQUESA VERDE;23:29.1;23:29.1;NULL
9843;10169;BLANCO TURQUEZA;23:29.2;23:29.2;NULL
9844;10170;BLANCO VERDE ACERO;23:29.2;23:29.2;NULL
9845;10171;BLANCO VERDE AMARILLO AZUL ROJO;23:29.2;23:29.2;NULL
9846;10172;BLANCO VERDE AMARILLO GRIS;23:29.2;23:29.2;NULL
9847;10173;BLANCO VERDE AMARILLO LILA;23:29.2;23:29.2;NULL
9848;10174;BLANCO VERDE AMARILLO MARRON;23:29.2;23:29.2;NULL
9849;10175;BLANCO VERDE AMARILLO MORADO;23:29.2;23:29.2;NULL
9850;10176;BLANCO VERDE AMARILLO NARANJA ROJO;23:29.2;23:29.2;NULL
9851;10177;BLANCO VERDE AMARILLO ROJO AZUL;23:29.2;23:29.2;NULL
9852;10178;BLANCO VERDE AMARILLO ROJO NARANJA;23:29.2;23:29.2;NULL
9853;10179;BLANCO VERDE AMARILLO ROJO OTROS;23:29.2;23:29.2;NULL
9854;10180;BLANCO VERDE AMARILLO AZUL METALIZADO;23:29.3;23:29.3;NULL
9855;10181;BLANCO VERDE AMARILLO ZAPOTE;23:29.3;23:29.3;NULL
9856;10182;BLANCO VERDE AMARILLOROJO;23:29.3;23:29.3;NULL
9857;10183;BLANCO VERDE AZUL GRIS;23:29.3;23:29.3;NULL
9858;10184;BLANCO VERDE AZUL NARANJA;23:29.3;23:29.3;NULL
9859;10185;BLANCO VERDE AZUL ROJO AMARILLO;23:29.3;23:29.3;NULL
9860;10186;BLANCO VERDE CAFE AMARILLO;23:29.3;23:29.3;NULL
9861;10187;BLANCO VERDE CAFE NEGRO;23:29.3;23:29.3;NULL
9862;10188;BLANCO VERDE GRIS DORADO;23:29.3;23:29.3;NULL
9863;10189;BLANCO VERDE MORADO AMARILLO;23:29.3;23:29.3;NULL
9864;10190;BLANCO VERDE MOSTAZA;23:29.3;23:29.3;NULL
9865;10191;BLANCO VERDE NEGRO AMARILLO;23:29.3;23:29.3;NULL
9866;10192;BLANCO VERDE NEGRO NARANJA;23:29.3;23:29.3;NULL
9867;10193;BLANCO VERDE NEGRO ROJO;23:29.4;23:29.4;NULL
9868;10194;BLANCO VERDE ROJO AMARILLO AZUL;23:29.4;23:29.4;NULL
9869;10195;BLANCO VERDE ROJO AMARILLO CREMA NARANJA;23:29.4;23:29.4;NULL
9870;10196;BLANCO VERDE ROJO AMARILLO NARANJA;23:29.4;23:29.4;NULL
9871;10197;BLANCO VERDE ROJO NARANJA;23:29.4;23:29.4;NULL
9872;10198;BLANCO VERDE ROSADO;23:29.4;23:29.4;NULL
9873;10199;BLANCO VERDE SALMON;23:29.4;23:29.4;NULL
9874;10200;BLANCO VIALACTEA;23:29.4;23:29.4;NULL
9875;10201;BLANCO VINILO;23:29.4;23:29.4;NULL
9876;10202;BLANCO VIOLETA VERDE;23:29.4;23:29.4;NULL
9877;10203;BLANCO VERDE ROSS ROSS;23:29.4;23:29.4;NULL
9878;10204;BLANCO ZINC;23:29.4;23:29.4;NULL
9879;10205;BLANCO BOTUA;23:29.4;23:29.4;NULL
9880;10206;BLANCO CERAMICA;23:29.4;23:29.4;NULL
9881;10207;BLANCO NOCHE;23:29.5;23:29.5;NULL
9882;10208;BLNCO AZUL VERDE ROJO;23:29.5;23:29.5;NULL
9883;10209;BRONCE BEIGE;23:29.5;23:29.5;NULL
9884;10210;BRONCE BLANCO CAFE;23:29.5;23:29.5;NULL
9885;10211;BRONCE BLANCO MARFIL;23:29.5;23:29.5;NULL
9886;10212;BRONCE CAFE;23:29.5;23:29.5;NULL
9887;10213;BRONCE CROMADO NEGRO;23:29.5;23:29.5;NULL
9888;10214;BRONCE ELECTRICO NEGRO;23:29.5;23:29.5;NULL
9889;10215;BRONCE MANGLAR;23:29.5;23:29.5;NULL
9890;10216;BRONCE MARRON;23:29.5;23:29.5;NULL
9891;10217;BRONCE METAL;23:29.5;23:29.5;NULL
9892;10218;BRONCE METALICO;23:29.5;23:29.5;NULL
9893;10219;BRONCE METALIZADO;23:29.5;23:29.5;NULL
9894;10220;BRONCE NEGRO MARFIL;23:29.5;23:29.5;NULL
9895;10221;BRONCE NIQUEL;23:29.6;23:29.6;NULL
9896;10222;BRONCE PLATEADO;23:29.6;23:29.6;NULL
9897;10223;CAFE ABANO;23:29.6;23:29.6;NULL
9898;10224;CAFE AMARILLO ROJO;23:29.6;23:29.6;NULL
9899;10225;CAFE BLANCO AMARILLO NARANJA;23:29.6;23:29.6;NULL
9900;10226;CAFE BLANCO HUESO;23:29.7;23:29.7;NULL
9901;10227;CAFE BLANCO MARFIL;23:29.7;23:29.7;NULL
9902;10228;CAFE BLANCO NARANJA;23:29.7;23:29.7;NULL
9903;10229;CAFE CAOBA;23:29.7;23:29.7;NULL
9904;10230;CAFÉ CAOBA REAL;23:29.7;23:29.7;NULL
9905;10231;CAFE CEREZA;23:29.7;23:29.7;NULL
9906;10232;CAFE CREMA BLANCO;23:29.8;23:29.8;NULL
9907;10233;CAFE CREMA MARFIL;23:29.8;23:29.8;NULL
9908;10234;CAFE CREMA ROJO;23:29.8;23:29.8;NULL
9909;10235;CAFÉ CROMADO;23:29.8;23:29.8;NULL
9910;10236;CAFE DURO;23:29.8;23:29.8;NULL
9911;10237;CAFE GRIS PLATA;23:29.8;23:29.8;NULL
9912;10238;CAFE MARRON METALIZADO;23:29.8;23:29.8;NULL
9913;10239;CAFÉ MARRON NIQUEL;23:29.8;23:29.8;NULL
9914;10240;CAFE MENTA;23:29.8;23:29.8;NULL
9915;10241;CAFE MOSTAZA ROJO;23:29.8;23:29.8;NULL
9916;10242;CAFE NARANJA AMARILLO;23:29.8;23:29.8;NULL
9917;10243;CAFE NARANJA BLANCO;23:29.8;23:29.8;NULL
9918;10244;CAFE NIQUEL;23:29.8;23:29.8;NULL
9919;10245;CAFE ROJO BLANCO;23:29.9;23:29.9;NULL
9920;10246;CAFE ROJO NIQUEL;23:29.9;23:29.9;NULL
9921;10247;CAFE VERDE CROMADO;23:29.9;23:29.9;NULL
9922;10248;CAFE VINILO;23:29.9;23:29.9;NULL
9923;10249;CAFE ZAPOTE;23:29.9;23:29.9;NULL
9924;10250;CAMUFLADO AMARILLO;23:29.9;23:29.9;NULL
9925;10251;CAMUFLADO CAFE;23:29.9;23:29.9;NULL
9926;10252;CAMUFLADO CAMO;23:29.9;23:29.9;NULL
9927;10253;CAMUFLADO TIPO SELVA;23:29.9;23:29.9;NULL
9928;10254;CANELA CLARO;23:29.9;23:29.9;NULL
9929;10255;CANELA MARFIL;23:29.9;23:29.9;NULL
9930;10256;CANTERA;23:29.9;23:29.9;NULL
9931;10257;CAOBA CLARO BLANCO CREMA;23:29.9;23:29.9;NULL
9932;10258;CAOBA ROJO;23:29.9;23:29.9;NULL
9933;10259;CAPRI AZUL CLARO;23:29.9;23:29.9;NULL
9934;10260;CAQUI;23:30.0;23:30.0;NULL
9935;10261;CARAMELO CAFE;23:30.0;23:30.0;NULL
9936;10262;CARAMELO CLARO BLANCO;23:30.0;23:30.0;NULL
9937;10263;CARAMELO CREMA;23:30.0;23:30.0;NULL
9938;10264;CARBON METALIZADO;23:30.1;23:30.1;NULL
9939;10266;CARDO PLATEADO METALICO;23:30.1;23:30.1;NULL
9940;10267;CARMELITA AMARILLO;23:30.1;23:30.1;NULL
9941;10268;CARMELITO PLATE VERDE;23:30.1;23:30.1;NULL
9942;10269;CARMIN;23:30.1;23:30.1;NULL
9943;10270;CELESTE AZUL;23:30.1;23:30.1;NULL
9944;10271;CELESTE CRISTAL;23:30.1;23:30.1;NULL
9945;10272;CELESTE MT;23:30.1;23:30.1;NULL
9946;10273;CELESTE NARANJA AZUL;23:30.1;23:30.1;NULL
9947;10274;CELESTE VERDE;23:30.1;23:30.1;NULL
9948;10275;CENIZA AZUL;23:30.1;23:30.1;NULL
9949;10276;CENIZA BROWN METALIZADO;24:14.6;24:14.6;NULL
9950;10277;CENIZA GRAFITO METALIZADO;24:14.6;24:14.6;NULL
9951;10278;CENIZA GRAPITO;24:14.7;24:14.7;NULL
9952;10279;CENIZA GRIS;24:14.7;24:14.7;NULL
9953;10280;CENIZO;24:14.7;24:14.7;NULL
9954;10281;CENIZO EJECUTIVO;24:14.7;24:14.7;NULL
9955;10282;CENIZO GRAFITO;24:14.7;24:14.7;NULL
9956;10283;CENIZO GRAFITO BLANCO;24:14.7;24:14.7;NULL
9957;10284;CENIZO GRAFITO METALIZADO;24:14.7;24:14.7;NULL
9958;10285;CEREZA BLANCO;24:14.7;24:14.7;NULL
9959;10286;CEREZA BLANCO NARANJA AZUL;24:14.7;24:14.7;NULL
9960;10287;CEREZA CLARO BLANCO;24:14.7;24:14.7;NULL
9961;10288;CEREZA CROMO;24:14.7;24:14.7;NULL
9962;10289;CEREZA MARRON;24:14.7;24:14.7;NULL
9963;10290;CEREZA METAL;24:14.7;24:14.7;NULL
9964;10291;CEREZA METALICO NEGRO;24:14.7;24:14.7;NULL
9965;10292;CEREZA METALIZADO;24:14.7;24:14.7;NULL
9966;10293;CEREZA METALIZADO CREMA;24:14.7;24:14.7;NULL
9967;10294;CEREZA METALIZADO OTONAL;24:14.7;24:14.7;NULL
9968;10295;CEREZA METALIZADO ROJO;24:14.7;24:14.7;NULL
9969;10296;CEREZA METALIZADO CREMA METALIZADO;24:14.7;24:14.7;NULL
9970;10297;CEREZA MORADO PLATEADO;24:14.7;24:14.7;NULL
9971;10298;CEREZA OTONAL METALIZADO;24:14.7;24:14.7;NULL
9972;10299;CEREZA OTOÑAL METAL;24:14.7;24:14.7;NULL
9973;10300;CEREZA SHORELINE;24:14.8;24:14.8;NULL
9974;10301;CHAMPAGNE SILVER;24:14.8;24:14.8;NULL
9975;10302;CHAMPANA AZUL LILA;24:14.8;24:14.8;NULL
9976;10303;CHAMPANA VINOTINTO;24:14.8;24:14.8;NULL
9977;10304;CHAMPAÑA CREMA;24:14.8;24:14.8;NULL
9978;10305;CHAMPAÑA GRIS METALIZADO;24:14.8;24:14.8;NULL
9979;10306;CHAMPAÑA GRIS PLATA METALZDO;24:14.8;24:14.8;NULL
9980;10307;CHAMPAÑA VINO TINO;24:14.8;24:14.8;NULL
9981;10308;CHOCOLATE CREMA;24:14.8;24:14.8;NULL
9982;10309;CHOCOLATE METALICO;24:14.8;24:14.8;NULL
9983;10310;CLARO BLANCO;24:14.8;24:14.8;NULL
9984;10311;CLARO GRIS;24:14.8;24:14.8;NULL
9985;10312;CLARO GRIS OSCURO;24:14.8;24:14.8;NULL
9986;10313;CLARO HABANO;24:14.8;24:14.8;NULL
9987;10314;CLARO METAL;24:14.8;24:14.8;NULL
9988;10315;CLARO METALIZADO ROJO;24:14.8;24:14.8;NULL
9989;10316;CLARO METALIZADO VERDE;24:14.8;24:14.8;NULL
9990;10317;CLARO NARANJA;24:14.9;24:14.9;NULL
9991;10318;CLARO OSCURO VERDE;24:14.9;24:14.9;NULL
9992;10319;CLARO PLATA;24:14.9;24:14.9;NULL
9993;10320;CLARO ROJO;24:14.9;24:14.9;NULL
9994;10321;CLARO ROJO VERDE;24:14.9;24:14.9;NULL
9995;10322;CLARO SILVER;24:14.9;24:14.9;NULL
9996;10323;CLARO VERDE;24:14.9;24:14.9;NULL
9997;10324;CLASICO GRIS;24:14.9;24:14.9;NULL
9998;10325;CLASICO GRIS METALIZADO;24:14.9;24:14.9;NULL
9999;10326;CLASICO METALIZADO VERDE;24:14.9;24:14.9;NULL
10000;10327;CLASICO ROJO;24:14.9;24:14.9;NULL
10001;10328;CLASICO VERDE;24:14.9;24:14.9;NULL
10002;10329;COBRE BEIGE;24:14.9;24:14.9;NULL
10003;10330;COBRE BLANCO;24:14.9;24:14.9;NULL
10004;10331;COBRE ENCENDIDO BEIGE CAMEL;24:14.9;24:14.9;NULL
10005;10332;COBRE ESCUTER;24:15.0;24:15.0;NULL
10006;10333;COBRE MARFIL;24:15.0;24:15.0;NULL
10007;10334;COBRE BLANCO METALIZADO;24:15.0;24:15.0;NULL
10008;10335;CORAL BLANCO;24:15.0;24:15.0;NULL
10009;10336;CORAL BLANCO MARFIL;24:15.0;24:15.0;NULL
10010;10337;CORAL METALIZADO;24:15.0;24:15.0;NULL
10011;10338;CORAL VERDE CLARO;24:15.0;24:15.0;NULL
10012;10339;CORAL ZAPOTE MARFIL;24:15.0;24:15.0;NULL
10013;10340;COROZO;24:15.0;24:15.0;NULL
10014;10341;COSMICO;24:15.0;24:15.0;NULL
10015;10342;COSMOS;24:15.0;24:15.0;NULL
10016;10343;CREMA AUSTRALIA;24:15.0;24:15.0;NULL
10017;10344;CREMA AZUL BEIGE;24:15.0;24:15.0;NULL
10018;10345;CREMA AZUL CLARO;24:15.0;24:15.0;NULL
10019;10346;CREMA AZUL NARANJA ROJO;24:15.0;24:15.0;NULL
10020;10347;CREMA AZUL NARANJA ROJO OTROS;24:15.1;24:15.1;NULL
10021;10348;CREMA AZUL NEGRO;24:15.1;24:15.1;NULL
10022;10349;CREMA AZUL ROJO AMARILLO;24:15.1;24:15.1;NULL
10023;10350;CREMA AZUL ROJO BLANCO;24:15.1;24:15.1;NULL
10024;10351;CREMA AZUL ROJO NARANJA;24:15.1;24:15.1;NULL
10025;10352;CREMA AZUL ROJO VERDE;24:15.1;24:15.1;NULL
10026;10353;CREMA AZUL ROJO VERDE ACEITUNA;24:15.1;24:15.1;NULL
10027;10354;CREMA AZUL ROJO VERDE AMARILLO;24:15.2;24:15.2;NULL
10028;10355;CREMA BEIGE;24:15.2;24:15.2;NULL
10029;10356;CREMA BEIGE VERDE;24:15.2;24:15.2;NULL
10030;10357;CREMA CAMUFLADO;24:15.2;24:15.2;NULL
10031;10358;CREMA CARMELITA;24:15.3;24:15.3;NULL
10032;10359;CREMA CELESTE NARANJA;24:15.3;24:15.3;NULL
10033;10360;CREMA CORAL;24:15.3;24:15.3;NULL
10034;10361;CREMA CORAL NEGRO;24:15.3;24:15.3;NULL
10035;10362;CREMA DAMASCO;24:15.3;24:15.3;NULL
10036;10363;CREMA GRIS VERDE ROJO;24:15.3;24:15.3;NULL
10037;10364;CREMA LILA;24:15.3;24:15.3;NULL
10038;10365;CREMA LILA VERDE;24:15.3;24:15.3;NULL
10039;10366;CREMA MANDARINA AMARILLO ROJO;24:15.3;24:15.3;NULL
10040;10367;CREMA MANDARINA VERDE;24:15.4;24:15.4;NULL
10041;10368;CREMA MANDARINA VERDE ESMERALDA;24:15.4;24:15.4;NULL
10042;10369;CREMA MARFIL ROJO;24:15.4;24:15.4;NULL
10043;10370;CREMA MARFIL VERDE;24:15.4;24:15.4;NULL
10044;10371;CREMA MORADO VINO TINTO;24:15.4;24:15.4;NULL
10045;10372;CREMA NARANJA AZUL ROJO;24:15.4;24:15.4;NULL
10046;10373;CREMA NARANJA BLANCO;24:15.4;24:15.4;NULL
10047;10374;CREMA NARANJA BLANCO ROJO;24:15.4;24:15.4;NULL
10048;10375;CREMA OSCURO;24:15.4;24:15.4;NULL
10049;10376;CREMA ROJO AMARILLO LILA;24:15.4;24:15.4;NULL
10050;10377;CREMA SALMON;24:15.4;24:15.4;NULL
10051;10378;CREMA SALMON AMARILLO;24:15.5;24:15.5;NULL
10052;10379;CREMA SALMON AMARILLO LILA;24:15.5;24:15.5;NULL
10053;10380;CREMA SALMON AZUL;24:15.5;24:15.5;NULL
10054;10381;CREMA SALMON AZUL BLANCO;24:15.5;24:15.5;NULL
10055;10382;CREMA SALMON AZUL ROJO;24:15.5;24:15.5;NULL
10056;10383;CREMA SALMON BLANCO ROJO;24:15.5;24:15.5;NULL
10057;10384;CREMA SALMON CREMA;24:15.5;24:15.5;NULL
10058;10385;CREMA SALMON LILA ROJO;24:15.5;24:15.5;NULL
10059;10386;CREMA SALMON ROJO;24:15.5;24:15.5;NULL
10060;10387;CREMA SALMON ROJO AMARILLO;24:15.5;24:15.5;NULL
10061;10388;CREMA SALMON ROJO AMARILLO LILA;24:15.5;24:15.5;NULL
10062;10389;CREMA SALMON ROJO AZUL;24:15.5;24:15.5;NULL
10063;10390;CREMA SALMON ROJO LILA AMARILLO;24:15.5;24:15.5;NULL
10064;10391;CREMA SALMON VERDE;24:15.5;24:15.5;NULL
10065;10392;CREMA TOPACIO;24:15.5;24:15.5;NULL
10066;10393;CREMA TURQUEZA;24:15.5;24:15.5;NULL
10067;10394;CREMA TURQUEZA VERDE;24:15.5;24:15.5;NULL
10068;10395;CREMA VERDE ACEITUNA;24:15.5;24:15.5;NULL
10069;10396;CREMA VERDE AMARILLO ROJO NARANJA;24:15.5;24:15.5;NULL
10070;10397;CREMA VERDE BLANCO ROJO;24:15.6;24:15.6;NULL
10071;10398;CREMA VERDE ROJO AMARILLO;24:15.6;24:15.6;NULL
10072;10399;CREMA VERDE ROJO AZUL;24:15.6;24:15.6;NULL
10073;10400;CREMA VERDE ROJO BLANCO;24:15.6;24:15.6;NULL
10074;10401;DIAMANTE PLATA;24:15.6;24:15.6;NULL
10075;10402;DIAMANTE PLATA METALICO;24:15.6;24:15.6;NULL
10076;10403;DORADO AMARILLO ROJO;24:15.6;24:15.6;NULL
10077;10404;DORADO AMARILLO VERDE ROJO;24:15.6;24:15.6;NULL
10078;10405;DORADO AMARLLO ROJO;24:15.6;24:15.6;NULL
10080;10407;DORADO AZUL BLANCO;24:15.6;24:15.6;NULL
10081;10408;DORADO BLANCO MARFIL;24:15.6;24:15.6;NULL
10082;10409;DORADO CAFE;24:15.6;24:15.6;NULL
10083;10410;DORADO COBRE;24:15.6;24:15.6;NULL
10084;10411;DORADO COBRE BLANCO;24:15.7;24:15.7;NULL
10085;10412;DORADO CREMA;24:15.7;24:15.7;NULL
10086;10413;DORADO CROMADO;24:15.7;24:15.7;NULL
10087;10414;DORADO JUPITER;24:15.7;24:15.7;NULL
10088;10415;DORADO MADERA;24:15.7;24:15.7;NULL
10089;10416;DORADO MARRON AMARILLO;24:15.7;24:15.7;NULL
10090;10417;DORADO METALIZADO BLANCO;24:15.7;24:15.7;NULL
10092;10419;DORADO METALIZADO CREMA;24:15.7;24:15.7;NULL
10093;10420;DORADO METALIZADO MARFIL;24:15.7;24:15.7;NULL
10094;10421;DORADO NEGRO Y BLANCO;24:15.7;24:15.7;NULL
10095;10422;DORADO PLATA VERDE;24:15.7;24:15.7;NULL
10096;10423;DORADO RIVERA;24:15.7;24:15.7;NULL
10097;10424;DORADO ROJO AMARILLO;24:15.7;24:15.7;NULL
10098;10425;DORADO ROJO NARANJA;24:15.7;24:15.7;NULL
10099;10426;DORADO VALENCIA;24:15.7;24:15.7;NULL
10100;10427;DORADO VERDE AMARILLO;24:15.8;24:15.8;NULL
10101;10428;DORADO BLANCO METALIZADO;24:15.8;24:15.8;NULL
10102;10429;ESTRACTO PLATA METALIZADO;24:15.8;24:15.8;NULL
10103;10430;ESTRATO;24:15.8;24:15.8;NULL
10104;10431;ESTRATO DORADO;24:15.8;24:15.8;NULL
10105;10432;ESTRATO PERLA GRIS;24:15.8;24:15.8;NULL
10106;10433;ESTRATO PLATA AZUL;24:15.8;24:15.8;NULL
10107;10434;ESTRATO PLATA NEGRO;24:15.8;24:15.8;NULL
10108;10435;EXTRACTO PERLA VINOTINTO;24:15.8;24:15.8;NULL
10109;10436;FRESA PERLADA;24:15.8;24:15.8;NULL
10110;10437;FUCSIA AZUL BLANCO;24:15.8;24:15.8;NULL
10111;10438;FUCSIA BLANCO;24:15.8;24:15.8;NULL
10112;10439;FUCSIA GRIS PLATEADO;24:15.8;24:15.8;NULL
10113;10440;FUCSIA MARFIL VERDE;24:15.8;24:15.8;NULL
10114;10441;FUCSIA NEGRO;24:15.8;24:15.8;NULL
10115;10442;FUCSIA NEON GRIS;24:15.8;24:15.8;NULL
10116;10443;FUCSIA ROJO;24:15.8;24:15.8;NULL
10117;10444;FUCSIA VERDE;24:15.9;24:15.9;NULL
10118;10445;GRANATE AMARILLO VERDE;24:15.9;24:15.9;NULL
10119;10446;GRANATE BLANCO METALIZADO;24:15.9;24:15.9;NULL
10120;10447;GRANATE CREMA METALIZADO;24:15.9;24:15.9;NULL
10121;10448;GRANATE NEGRO;24:15.9;24:15.9;NULL
10122;10449;GRANATE PLATA;24:15.9;24:15.9;NULL
10123;10450;GRIS ACEITUNA;24:15.9;24:15.9;NULL
10124;10451;GRIS ACRE;24:15.9;24:15.9;NULL
10125;10452;GRIS AGENA;24:15.9;24:15.9;NULL
10126;10453;GRIS AGUAMARINA;24:15.9;24:15.9;NULL
10127;10454;GRIS ALASKA;24:15.9;24:15.9;NULL
10128;10455;GRIS ALTRACIDA;24:15.9;24:15.9;NULL
10129;10456;GRIS AMARILLO AZUL;24:15.9;24:15.9;NULL
10130;10457;GRIS AMARILLO AZUL BLANCO;24:15.9;24:15.9;NULL
10131;10458;GRIS AMARILLO AZUL ROJO;24:15.9;24:15.9;NULL
10132;10459;GRIS AMARILLO AZUL ROJO BLANCO;24:15.9;24:15.9;NULL
10133;10460;GRIS AMARILLO NEGRO;24:15.9;24:15.9;NULL
10134;10461;GRIS AMARILLO ROJO AZUL;24:16.0;24:16.0;NULL
10135;10462;GRIS AMARILLO VERDE;24:16.0;24:16.0;NULL
10136;10463;GRIS AMARILLO VERDE AZUL Y NARANJA;24:16.0;24:16.0;NULL
10137;10464;GRIS ATLANTICO METALIZADO;24:16.0;24:16.0;NULL
10138;10465;GRIS BLAZE PLATA ESTRATO;24:16.0;24:16.0;NULL
10139;10466;GRIS BRILLANTE;24:16.0;24:16.0;NULL
10140;10467;GRIS CALIDO;24:16.0;24:16.0;NULL
10141;10468;GRIS CAMBERRA Y NARANJA;24:16.0;24:16.0;NULL
10142;10469;GRIS CIRRUS METALIZADO;24:16.0;24:16.0;NULL
10143;10470;GRIS CURUBA;24:16.0;24:16.0;NULL
10144;10471;GRIS EJECUTIVOBLANCO;24:16.0;24:16.0;NULL
10145;10472;GRIS ELECTRICO BLANCO;24:16.0;24:16.0;NULL
10146;10473;GRIS ELECTRICO CAFE;24:16.0;24:16.0;NULL
10147;10474;GRIS ESTELL;24:16.0;24:16.0;NULL
10148;10475;GRIS FONTANA;24:16.1;24:16.1;NULL
10149;10476;GRIS GENOVES;24:16.1;24:16.1;NULL
10150;10477;GRIS HOLOGRAMA;24:16.1;24:16.1;NULL
10151;10478;GRIS HUMO AZUL;24:16.1;24:16.1;NULL
10152;10479;GRIS HUMO GRIS HUMO;24:16.1;24:16.1;NULL
10153;10480;GRIS HUMO ROJO;24:16.1;24:16.1;NULL
10154;10481;GRIS IMPERIAL ROJO;24:16.1;24:16.1;NULL
10155;10482;GRIS MAGENTA;24:16.1;24:16.1;NULL
10156;10483;GRIS MARRUECOS;24:16.1;24:16.1;NULL
10157;10484;GRIS MATE;24:16.1;24:16.1;NULL
10158;10485;GRIS MOSTAZA;24:16.1;24:16.1;NULL
10159;10486;GRIS NARANJA AZUL;24:16.2;24:16.2;NULL
10160;10487;GRIS NARANJA BLANCO;24:16.2;24:16.2;NULL
10161;10488;GRIS NAVAL BLANCO;24:16.2;24:16.2;NULL
10162;10489;GRIS NEGRO AMARILLO;24:16.2;24:16.2;NULL
10163;10490;GRIS NEGRO CROMO;24:16.2;24:16.2;NULL
10164;10491;GRIS NEGRO DORADO;24:16.2;24:16.2;NULL
10165;10492;GRIS NEVADO METALIZADO;24:16.2;24:16.2;NULL
10166;10493;GRIS OPACO;24:16.3;24:16.3;NULL
10167;10494;GRIS OSUMA;24:16.3;24:16.3;NULL
10168;10495;GRIS PETROLEO;24:16.3;24:16.3;NULL
10169;10496;GRIS PLATA ARABE;24:16.4;24:16.4;NULL
10170;10497;GRIS PLATA INTENSO;24:16.4;24:16.4;NULL
10171;10498;GRIS PLATA MARFIL;24:16.4;24:16.4;NULL
10172;10499;GRIS PLATA NUBE;24:16.4;24:16.4;NULL
10173;10500;GRIS PLATA PERLECENTE;24:16.4;24:16.4;NULL
10174;10501;GRIS PLATA REFLEX;24:16.5;24:16.5;NULL
10175;10502;GRIS PLATA ROJO AMARILLO BLANCO;24:16.5;24:16.5;NULL
10176;10503;GRIS PLATA ROJO VERDE;24:16.5;24:16.5;NULL
10177;10504;GRIS PLATA ROJO VERDE AMARILLO;24:16.5;24:16.5;NULL
10178;10505;GRIS PLATA SIERRA;24:16.5;24:16.5;NULL
10179;10506;GRIS PLATA VERDE BLACO;24:16.5;24:16.5;NULL
10180;10507;GRIS PLATEADO BLANCO;24:16.5;24:16.5;NULL
10181;10508;GRIS PLATON;24:16.5;24:16.5;NULL
10182;10509;GRIS POLARIS METALIZADO;24:16.5;24:16.5;NULL
10183;10510;GRIS POLVA;24:16.5;24:16.5;NULL
10184;10511;GRIS PRIMAVERAL;24:16.5;24:16.5;NULL
10185;10512;GRIS PURO;24:16.5;24:16.5;NULL
10186;10513;GRIS SABRE METAL;24:16.5;24:16.5;NULL
10187;10514;GRIS SERRING METALICO;24:16.5;24:16.5;NULL
10188;10515;GRIS SHORELINE;24:16.5;24:16.5;NULL
10189;10516;GRIS SORUX;24:16.5;24:16.5;NULL
10190;10517;GRIS TAHITI NEGRO NUBE ESTRATO;24:16.6;24:16.6;NULL
10191;10518;GRIS TEKIT METALICO;24:16.6;24:16.6;NULL
10192;10519;GRIS TIANJIN ESTRATO;24:16.6;24:16.6;NULL
10194;10521;GRIS TURQUEZA;24:16.6;24:16.6;NULL
10195;10522;GUAYABA BLANCO;24:16.6;24:16.6;NULL
10196;10523;GUAYABA CREMA;24:16.6;24:16.6;NULL
10197;10524;GUAYABA GRIS;24:16.6;24:16.6;NULL
10198;10525;GUAYABA ROSADO ROJO;24:16.6;24:16.6;NULL
10199;10526;GUAYABAL AZUL;24:16.6;24:16.6;NULL
10200;10527;GUAYABO;24:16.6;24:16.6;NULL
10201;10528;GUAYANA;24:16.6;24:16.6;NULL
10202;10529;HABANO CARMELITANO;24:16.6;24:16.6;NULL
10203;10530;HABANO CARMELITO;24:16.6;24:16.6;NULL
10204;10531;HABANO CEREZA;24:16.6;24:16.6;NULL
10205;10532;HABANO CHOCOLATE;24:16.6;24:16.6;NULL
10206;10533;HABANO CLARO METALICO;24:16.6;24:16.6;NULL
10207;10534;HABANO CREMA VERDE;24:16.6;24:16.6;NULL
10208;10535;HABANO CROMO;24:16.6;24:16.6;NULL
10209;10536;HABANO ELECTRICO;24:16.7;24:16.7;NULL
10210;10537;HABANO ORO AMARILLO;24:16.7;24:16.7;NULL
10211;10538;HABANO ROJO NEGRO;24:16.7;24:16.7;NULL
10212;10539;HABANO ROJO TRES TONOS;24:16.7;24:16.7;NULL
10213;10540;HABANO SAFARI;24:16.7;24:16.7;NULL
10214;10541;HABANO SHORELINE;24:16.7;24:16.7;NULL
10215;10542;HABANO VERDE FRANJA MARRON;24:16.7;24:16.7;NULL
10216;10543;HABANO VERDE VERDE;24:16.7;24:16.7;NULL
10217;10544;HIELO;24:16.7;24:16.7;NULL
10218;10545;HOJA SECA BLANCO;24:16.7;24:16.7;NULL
10219;10546;HOJA SECA CROMADO MARFIL;24:16.7;24:16.7;NULL
10220;10547;HOJA SECA NARANJA;24:16.7;24:16.7;NULL
10221;10548;HOJASECA BLANCO;24:16.7;24:16.7;NULL
10222;10549;HOJASECA BLANCO MARFIL;24:16.7;24:16.7;NULL
10223;10550;HOJASECA ELECTRICO;24:16.8;24:16.8;NULL
10224;10551;HOJASECA ELECTRICO AZUL;24:16.8;24:16.8;NULL
10225;10552;HOJASECA MARFIL;24:16.8;24:16.8;NULL
10226;10553;HOJASECAALUMINIO;24:16.8;24:16.8;NULL
10227;10554;HUESO HABANO;24:16.8;24:16.8;NULL
10228;10555;HUESO LADRILLO;24:16.8;24:16.8;NULL
10229;10556;HUESO ROJO;24:16.8;24:16.8;NULL
10230;10557;HUESO VERDE;24:16.8;24:16.8;NULL
10231;10558;HUESO VERDE ACEITUNA;24:16.8;24:16.8;NULL
10232;10559;ICARE METAL;24:16.8;24:16.8;NULL
10233;10560;ICARO;24:16.8;24:16.8;NULL
10234;10561;IRIS;24:16.8;24:16.8;NULL
10235;10562;IRIS DORADO;24:16.8;24:16.8;NULL
10236;10563;KAKI;24:16.8;24:16.8;NULL
10237;10564;KAKI NATURAL;24:16.8;24:16.8;NULL
10238;10565;KALAHARI BEIGE;24:16.8;24:16.8;NULL
10239;10566;LADRILLO ROJISO;24:16.8;24:16.8;NULL
10240;10567;LADRILLO ROJO;24:16.9;24:16.9;NULL
10241;10568;LIGHT;24:16.9;24:16.9;NULL
10242;10569;LIGHT CAMEL;24:16.9;24:16.9;NULL
10243;10570;LIGHT PEARL STONE;24:16.9;24:16.9;NULL
10244;10571;LIGHT SILVER MET;24:16.9;24:16.9;NULL
10245;10572;LILA AZUL;24:16.9;24:16.9;NULL
10246;10573;LILA BEIGE;24:16.9;24:16.9;NULL
10247;10574;LILA BEIGE BLANCO;24:16.9;24:16.9;NULL
10248;10575;LILA CREMA;24:16.9;24:16.9;NULL
10249;10576;MADERA;24:16.9;24:16.9;NULL
10250;10577;MADERA AMARILLO;24:16.9;24:16.9;NULL
10251;10578;MANZANA;24:16.9;24:16.9;NULL
10252;10580;MARFIL AGUA MARINA ROJO;24:16.9;24:16.9;NULL
10253;10581;MARFIL AZTECA;24:16.9;24:16.9;NULL
10254;10582;MARFIL BEIGE;24:16.9;24:16.9;NULL
10255;10583;MARFIL BERMELON;24:17.0;24:17.0;NULL
10256;10584;MARFIL BRONCE;24:17.0;24:17.0;NULL
10257;10585;MARFIL CARMELITO;24:17.0;24:17.0;NULL
10258;10586;MARFIL CEREZA;24:17.0;24:17.0;NULL
10259;10587;MARFIL CHOCOLATE;24:17.0;24:17.0;NULL
10260;10588;MARFIL ELECTRICO;24:17.0;24:17.0;NULL
10261;10589;MARFIL METALIZADO PLATEADO;24:17.0;24:17.0;NULL
10262;10590;MARFIL NIQUEL;24:17.0;24:17.0;NULL
10263;10591;MARFIL OLIVE;24:17.0;24:17.0;NULL
10264;10592;MARMOL;24:17.0;24:17.0;NULL
10265;10593;MARMOL METALIZADO;24:17.0;24:17.0;NULL
10266;10594;MARON VIOLETA;24:17.0;24:17.0;NULL
10267;10595;MARRON AGATA;24:17.0;24:17.0;NULL
10268;10596;MARRON AHUMADO;24:17.0;24:17.0;NULL
10269;10597;MARRON ALPICA;24:17.0;24:17.0;NULL
10270;10598;MARRON AZUL;24:17.0;24:17.0;NULL
10271;10599;MARRON AZUL BLANCO ROJO;24:17.0;24:17.0;NULL
10272;10600;MARRON AZUL MARFIL;24:17.1;24:17.1;NULL
10273;10601;MARRON AZUL ROJO;24:17.1;24:17.1;NULL
10274;10602;MARRON AZUL ROJO BLANCO;24:17.1;24:17.1;NULL
10275;10603;MARRON BON;24:17.1;24:17.1;NULL
10276;10604;MARRON BRONCE;24:17.1;24:17.1;NULL
10277;10605;MARRON CHAMPAGNE;24:17.1;24:17.1;NULL
10278;10606;MARRON CIENA;24:17.1;24:17.1;NULL
10279;10607;MARRON DORADO;24:17.1;24:17.1;NULL
10280;10608;MARRON DORADO NEGRO;24:17.1;24:17.1;NULL
10281;10609;MARRON FUERTE;24:17.1;24:17.1;NULL
10282;10610;MARRON HIENA;24:17.2;24:17.2;NULL
10283;10611;MARRON HOJA SECA;24:17.2;24:17.2;NULL
10284;10612;MARRON MADERA;24:17.2;24:17.2;NULL
10285;10613;MARRON MORADO;24:17.2;24:17.2;NULL
10286;10614;MARRON MOSTAZA;24:17.2;24:17.2;NULL
10287;10615;MARRON ORADO;24:17.2;24:17.2;NULL
10288;10616;MARRON ORION;24:17.2;24:17.2;NULL
10289;10617;MARRON ROSADO;24:17.2;24:17.2;NULL
10290;10618;MARRON SUDAM METALICO;24:17.2;24:17.2;NULL
10291;10619;MARRON TEJA;24:17.2;24:17.2;NULL
10292;10620;MARRON TURQUEZA;24:17.2;24:17.2;NULL
10293;10621;MATE ROCA;24:17.2;24:17.2;NULL
10294;10622;METALALICO PURPURA;24:17.2;24:17.2;NULL
10295;10623;METALALICO VERDE OSCURO;24:17.2;24:17.2;NULL
10296;10624;METALIZADO NEGRO PLATA;24:17.2;24:17.2;NULL
10297;10625;METALIZADO NIQUEL PLATA;24:17.3;24:17.3;NULL
10298;10626;METALIZADO OCRE VERDE;24:17.3;24:17.3;NULL
10299;10627;METALIZADO PERLA STRATO;24:17.3;24:17.3;NULL
10300;10628;METALIZADO PERLA VERDE;24:17.3;24:17.3;NULL
10301;10629;METALIZADO SILICE;24:17.3;24:17.3;NULL
10302;10630;METALIZADO SILVER VERDE;24:17.3;24:17.3;NULL
10303;10631;METALIZADO SONORA;24:17.3;24:17.3;NULL
10304;10632;METALIZADO STRATO;24:17.3;24:17.3;NULL
10305;10633;METROPOLITANO;24:17.3;24:17.3;NULL
10306;10634;METROPOLITANO PREMIER;24:17.3;24:17.3;NULL
10307;10635;MOKA METAL;24:17.3;24:17.3;NULL
10308;10636;MORA METAL;24:17.3;24:17.3;NULL
10309;10637;MORA METALICO;24:17.3;24:17.3;NULL
10310;10638;MORA METALIZADO;24:17.3;24:17.3;NULL
10311;10639;MORADA;24:17.3;24:17.3;NULL
10312;10640;MORADO AMARILLO VERDE;24:17.3;24:17.3;NULL
10313;10641;MORADO BEIGE;24:17.3;24:17.3;NULL
10314;10642;MORADO CARNAUVA;24:17.4;24:17.4;NULL
10315;10643;MORADO CORDOBES NEGRO;24:17.4;24:17.4;NULL
10316;10644;MORADO DORADO;24:17.4;24:17.4;NULL
10317;10645;MORADO FUCSIA;24:17.4;24:17.4;NULL
10318;10646;MORADO FUSIA;24:17.4;24:17.4;NULL
10319;10647;MORADO MARRON;24:17.4;24:17.4;NULL
10320;10648;MORADO METALIZADO BLANCO;24:17.4;24:17.4;NULL
10321;10649;MORADO MORADO;24:17.4;24:17.4;NULL
10322;10650;MORADO NIQUEL;24:17.4;24:17.4;NULL
10323;10651;MORADO PERLA;24:17.4;24:17.4;NULL
10324;10652;MORADO PLATA;24:17.4;24:17.4;NULL
10325;10653;MORADO POLICROMATICO;24:17.4;24:17.4;NULL
10326;10654;MORADO PURPURA;24:17.5;24:17.5;NULL
10327;10655;MORADO PURPURA AMARILLO;24:17.5;24:17.5;NULL
10328;10656;MORADO UVA;24:17.5;24:17.5;NULL
10329;10657;MORADO VINO TINTO NIQUEL;24:17.5;24:17.5;NULL
10330;10658;MORADO PLATEADO METALIZADO;24:17.5;24:17.5;NULL
10331;10659;MOSTAZA CAFE;24:17.5;24:17.5;NULL
10332;10660;MOSTAZA HABANO;24:17.5;24:17.5;NULL
10333;10661;MOSTAZA ROJO;24:17.5;24:17.5;NULL
10334;10662;MOSTAZA VINO TINTO CAFE;24:17.5;24:17.5;NULL
10335;10663;MOSTAZA ZAPOTE;24:17.5;24:17.5;NULL
10336;10664;NARANA AZUL Y NEGRO;24:17.5;24:17.5;NULL
10337;10665;NARANJA BEIGE;24:17.5;24:17.5;NULL
10338;10666;NARANJA BEIGE CAFE METALIZAD;24:17.5;24:17.5;NULL
10339;10667;NARANJA BEIGE ROJO AMARILLO;24:17.5;24:17.5;NULL
10340;10668;NARANJA COCTEL;24:17.5;24:17.5;NULL
10341;10669;NARANJA CRISTAL;24:17.5;24:17.5;NULL
10342;10670;NARANJA CURUBA;24:17.5;24:17.5;NULL
10343;10671;NARANJA DINAMICA;24:17.5;24:17.5;NULL
10344;10672;NARANJA METAL MARFIL;24:17.5;24:17.5;NULL
10345;10673;NARANJA METALIZADO NEGRO;24:17.5;24:17.5;NULL
10346;10674;NARANJA MORADO;24:17.5;24:17.5;NULL
10347;10675;NARANJA NARANJA BEIGE BEIGE;24:17.6;24:17.6;NULL
10348;10676;NARANJA PURPURA;24:17.6;24:17.6;NULL
10349;10677;NARANJA ZAPOTE;24:17.6;24:17.6;NULL
10350;10678;NARANJA SOLAR;24:17.6;24:17.6;NULL
10351;10679;NARANJA TORNASOL;24:17.6;24:17.6;NULL
10352;10680;NARANJA TURQUESA;24:17.6;24:17.6;NULL
10353;10681;NARANJA UVA;24:17.6;24:17.6;NULL
10354;10682;NARANJA VIOLETA METALIZADO;24:17.6;24:17.6;NULL
10355;10683;NEGRO CELESTE;24:17.6;24:17.6;NULL
10356;10684;NEGRO CHAMPAGNA;24:17.6;24:17.6;NULL
10357;10685;NEGRO CROMADO;24:17.6;24:17.6;NULL
10358;10686;NEGRO DEPP;24:17.6;24:17.6;NULL
10359;10687;NEGRO ELECTRICO;24:17.6;24:17.6;NULL
10360;10688;NEGRO ELECTRICO AMARILLO;24:17.6;24:17.6;NULL
10361;10689;NEGRO ELECTRICO BLANCO;24:17.6;24:17.6;NULL
10362;10690;NEGRO ELECTRICO ROJO;24:17.6;24:17.6;NULL
10363;10691;NEGRO FLORESTAL;24:17.6;24:17.6;NULL
10364;10692;NEGRO FUNEBRE;24:17.7;24:17.7;NULL
10365;10693;NEGRO GOSCURO;24:17.7;24:17.7;NULL
10366;10694;NEGRO GOTA;24:17.7;24:17.7;NULL
10367;10695;NEGRO GRAMIDA;24:17.7;24:17.7;NULL
10368;10696;NEGRO HUESO;24:17.7;24:17.7;NULL
10369;10697;NEGRO LILA;24:17.7;24:17.7;NULL
10370;10698;NEGRO LILA VERDE;24:17.7;24:17.7;NULL
10371;10699;NEGRO MARINO;24:17.7;24:17.7;NULL
10372;10700;NEGRO MARRON METALIZADO;24:17.7;24:17.7;NULL
10373;10701;NEGRO MARRON BEIGE;24:17.7;24:17.7;NULL
10374;10702;NEGRO MARRON NIQUEL;24:17.7;24:17.7;NULL
10375;10703;NEGRO MARRON ROJO NARANJA;24:17.7;24:17.7;NULL
10376;10704;NEGRO MARRON ZAPOTE CREMA;24:17.7;24:17.7;NULL
10377;10705;NEGRO MONZA NUBE PLATA;24:17.7;24:17.7;NULL
10378;10706;NEGRO NIAGARA;24:17.7;24:17.7;NULL
10379;10707;NEGRO NUBE MATE;24:17.7;24:17.7;NULL
10380;10708;NEGRO PARIA ROSS MATE;24:17.7;24:17.7;NULL
10381;10709;NEGRO PERLECENTE;24:17.7;24:17.7;NULL
10382;10710;NEGRO PIEDRA;24:17.8;24:17.8;NULL
10383;10711;NEGRO QUARZO;24:17.8;24:17.8;NULL
10384;10712;NEGRO SALMON;24:17.8;24:17.8;NULL
10385;10713;NEGRO SPORT;24:17.8;24:17.8;NULL
10386;10714;NEGRO STRATO PERLA;24:17.8;24:17.8;NULL
10387;10715;NEGRO TAHITI PLATA;24:17.8;24:17.8;NULL
10388;10716;NEGRO TIERRA;24:17.8;24:17.8;NULL
10389;10717;NEGRO TORNASOL;24:17.8;24:17.8;NULL
10390;10718;NEGRO VARNIZ;24:17.8;24:17.8;NULL
10391;10719;NEGRO VINILO BEIGE;24:17.8;24:17.8;NULL
10392;10720;NIQUEL AMARILLO;24:17.8;24:17.8;NULL
10393;10721;NIQUEL AZUL;24:17.8;24:17.8;NULL
10394;10722;NIQUEL GRIS;24:17.8;24:17.8;NULL
10395;10723;NIQUEL GRIS METALIZADO;24:17.8;24:17.8;NULL
10396;10724;NIQUEL MARRON;24:17.8;24:17.8;NULL
10397;10725;NIQUEL NARANJA;24:17.9;24:17.9;NULL
10398;10726;NIQUEL NEGRO;24:17.9;24:17.9;NULL
10399;10727;NIQUEL VERDE;24:17.9;24:17.9;NULL
10400;10728;ORQUIDEA;24:17.9;24:17.9;NULL
10401;10729;ORQUIDEA METALIZADO;24:17.9;24:17.9;NULL
10402;10730;OSCURO PERLA ROJO;24:17.9;24:17.9;NULL
10403;10731;PALO VIOLETA;24:17.9;24:17.9;NULL
10404;10732;PARDO MARRON;24:17.9;24:17.9;NULL
10405;10733;PASSION;24:17.9;24:17.9;NULL
10406;10734;PASTEL;24:17.9;24:17.9;NULL
10407;10735;PERLA BLANCO;24:17.9;24:17.9;NULL
10408;10736;PERLA BORDEUX;24:17.9;24:17.9;NULL
10409;10737;PERLA CELESTE;24:17.9;24:17.9;NULL
10410;10738;PERLA ROJO AMARILLO;24:17.9;24:17.9;NULL
10411;10739;PERLA ROJO TIERRA;24:17.9;24:17.9;NULL
10412;10740;PERLA VERDE;24:17.9;24:17.9;NULL
10413;10741;PERLADO VERDE AMERICA;24:17.9;24:17.9;NULL
10414;10742;PLATA ACERO;24:18.0;24:18.0;NULL
10415;10743;PLATA ACERO METALICO;24:18.0;24:18.0;NULL
10416;10744;PLATA AGUA;24:18.0;24:18.0;NULL
10417;10745;PLATA ESTRACTO;24:18.0;24:18.0;NULL
10418;10746;PLATA GRANATE;24:18.0;24:18.0;NULL
10419;10747;PLATA GRANATE MALVA;24:18.0;24:18.0;NULL
10420;10748;PLATA LEGATO NUBE;24:18.0;24:18.0;NULL
10421;10749;PLATA MACEIO IBIUNA;24:18.0;24:18.0;NULL
10422;10750;PLATA MACEIO IBIUNA IBIUNA;24:18.0;24:18.0;NULL
10423;10751;PLATA MACEIO IBIUNA IBIUNA IBIUNA;24:18.0;24:18.0;NULL
10424;10752;PLATA MARFIL;24:18.0;24:18.0;NULL
10425;10753;PLATA MONZA NUBE;24:18.0;24:18.0;NULL
10426;10754;PLATA NEVADA;24:18.0;24:18.0;NULL
10427;10755;PLATA NIEBLA NEGRO;24:18.0;24:18.0;NULL
10428;10756;PLATA NIEBLA NEGRO TAHITI NUBE;24:18.0;24:18.0;NULL
10429;10757;PLATA NIEBLA NEGRO TAHITI NUBE IBIUNA;24:18.0;24:18.0;NULL
10430;10758;PLATA NOCTURNO METALIZADO IBIUNA;24:18.0;24:18.0;NULL
10431;10759;PLATA OSTRO;24:18.0;24:18.0;NULL
10432;10760;PLATA PALIDO METALIZADO;24:18.1;24:18.1;NULL
10433;10761;PLATA CAFE NEGRO;24:18.1;24:18.1;NULL
10434;10762;PLATA VIOLETA;24:18.1;24:18.1;NULL
10435;10763;PLATEADO ARENA;24:18.1;24:18.1;NULL
10436;10764;PLATEADO AUTENTICO;24:18.1;24:18.1;NULL
10437;10765;PLATEADO LILA;24:18.1;24:18.1;NULL
10438;10766;PLATEADO LUNAR;24:18.1;24:18.1;NULL
10439;10767;PLATEADO MARFIL;24:18.1;24:18.1;NULL
10440;10768;PLATEADO NIEVE;24:18.1;24:18.1;NULL
10441;10769;PLATEADO ORO;24:18.1;24:18.1;NULL
10442;10770;PLATEADO ZAPOTE;24:18.1;24:18.1;NULL
10443;10771;PLATEADO MARFIL METALIZADO;24:18.1;24:18.1;NULL
10444;10772;POLICROMADO NEGRO;24:18.1;24:18.1;NULL
10445;10773;PURPURA ROJO;24:18.2;24:18.2;NULL
10466;10794;ROJO CHAMPAÑA;26:09.1;26:09.1;NULL
10467;10795;ROJO COCTEL;26:09.2;26:09.2;NULL
10468;10796;ROJO COMET;26:09.2;26:09.2;NULL
10469;10797;ROJO DALI BLANCO;26:09.2;26:09.2;NULL
10470;10798;ROJO DALI METALIZADO;26:09.2;26:09.2;NULL
10471;10799;ROJO DIABLO;26:09.2;26:09.2;NULL
10472;10800;ROJO ELIECTRICID;26:09.2;26:09.2;NULL
10473;10801;ROJO ESPACIO;26:09.2;26:09.2;NULL
10474;10802;ROJO ESTRATO;26:09.2;26:09.2;NULL
10475;10803;ROJO ESTRATO MACEIO;26:09.2;26:09.2;NULL
10476;10804;ROJO ESTRATO MACEIO CANDY;26:09.2;26:09.2;NULL
10477;10805;ROJO GARZA;26:09.2;26:09.2;NULL
10478;10806;ROJO GOLD;26:09.2;26:09.2;NULL
10479;10807;ROJO GRAND PRIX;26:09.2;26:09.2;NULL
10480;10808;ROJO INDIO PERLADO;26:09.2;26:09.2;NULL
10481;10809;ROJO LASER METALIZADO;26:09.2;26:09.2;NULL
10482;10810;ROJO LILA;26:09.2;26:09.2;NULL
10483;10811;ROJO LUNA CANDY;26:09.3;26:09.3;NULL
10484;10812;ROJO LUNA MONZA;26:09.3;26:09.3;NULL
10485;10813;ROJO LUNA MONZA CANDY;26:09.3;26:09.3;NULL
10486;10814;ROJO MADERA;26:09.3;26:09.3;NULL
10487;10815;ROJO MATADOR;26:09.3;26:09.3;NULL
10488;10816;ROJO MENTA;26:09.3;26:09.3;NULL
10489;10817;ROJO METROPOLITANO;26:09.3;26:09.3;NULL
10490;10818;ROJO MILENIO;26:09.3;26:09.3;NULL
10491;10819;ROJO NISSAN;26:09.3;26:09.3;NULL
10492;10820;ROJO OCRE;26:09.3;26:09.3;NULL
10493;10821;CREMA SALMON AMARILLO ROJO;26:09.3;26:09.3;NULL
10494;10822;CREMA VINO;26:09.3;26:09.3;NULL
10495;10823;CREMA ZANAHORIA;26:09.3;26:09.3;NULL
10496;10824;CROMADA NEGRO;26:09.3;26:09.3;NULL
10497;10825;CROMADO PLATA;26:09.3;26:09.3;NULL
10498;10826;CROMO AZUL;26:09.3;26:09.3;NULL
10499;10827;CROSS NEGRO;26:09.3;26:09.3;NULL
10500;10828;CURUBA DURAZNO;26:09.3;26:09.3;NULL
10501;10829;CURUBA MANDARINA;26:09.3;26:09.3;NULL
10502;10830;CURUBA ROJO;26:09.4;26:09.4;NULL
10503;10831;GRIS NARANJA PLATA VERDE;26:09.4;26:09.4;NULL
10504;10832;NARANJA ZAPOTE CREMA;26:09.4;26:09.4;NULL
10505;10833;NEGRO AGUA CRISTAL;26:09.4;26:09.4;NULL
10506;10834;NEGRO ALMENDRA;26:09.4;26:09.4;NULL
10507;10835;NEGRO ALUMINIO;26:09.4;26:09.4;NULL
10508;10836;NEGRO CANELA;26:09.4;26:09.4;NULL
10509;10837;VERDE CREMA SALMON;26:09.4;26:09.4;NULL
10510;10838;ALUMINIO PLATA METALICA;26:09.4;26:09.4;NULL
10511;10839;PLATA HIELO METALIZADO;26:09.4;26:09.4;NULL
10512;10840;GRIS CUARZO METALIZADO;26:09.4;26:09.4;NULL
10513;10841;NEGRO PROFUNDO PERLADO;26:09.4;26:09.4;NULL
10514;10842;AZUL GRAFITO PERLADO;26:09.4;26:09.4;NULL
10515;10843;GRIS PIEDRA METALICO;26:09.4;26:09.4;NULL
10516;10844;AZUL INARI;26:09.4;26:09.4;NULL
10517;10845;ROJO ERYTHREE;26:09.4;26:09.4;NULL
10518;10846;CHAMPAÑA PLATA;26:09.4;26:09.4;NULL
10519;10848;AZUL CIELO GRIS PLATA;26:09.4;26:09.4;NULL
10520;10849;AZUL PLATA METALICO;26:09.5;26:09.5;NULL
10521;10851;GRIS CENDRE METALIZADO;26:09.5;26:09.5;NULL
10523;10853;AZUL ANTARTICA;26:09.5;26:09.5;NULL
10524;10856;NEGRO CLASSIC;26:09.5;26:09.5;NULL
10525;10857;AMARILLO VERANO;26:09.5;26:09.5;NULL
10526;10858;AMARILLO PERLADO;26:09.5;26:09.5;NULL
10527;10859;NARANJA SAHARA;26:09.5;26:09.5;NULL
10528;10860;NARANJA ELECTRICO;26:09.5;26:09.5;NULL
10529;10862;GRIS STERLING;26:09.5;26:09.5;NULL
10530;10864;AZUL ANTÁRTICA;26:09.5;26:09.5;NULL
10531;10865;ROJO ESTELAR;26:09.5;26:09.5;NULL
10532;10866;NEGRO NEBULOSA;26:09.5;26:09.5;NULL
10533;10870;GRIS MEDIANOCHE;26:09.5;26:09.5;NULL
10534;10871;ESTRATO PERLA ROJO Y AMARILLO;26:09.6;26:09.6;NULL
10535;10872;ROJO AMARILLO BLANCO AZUL;26:09.6;26:09.6;NULL
10536;10874;NUEVO PLATA SUAVE;26:09.6;26:09.6;NULL
10537;10875;CAMO;26:09.6;26:09.6;NULL
10538;10876;VERDE MICA METALICO;26:09.6;26:09.6;NULL
10539;10877;NEGRO DIAMANTE GRIS METROLITANO;26:09.6;26:09.6;NULL
10540;10878;NEGRO DIAMANTE PLATA ARIANNE;26:09.6;26:09.6;NULL
10541;10879;NEGRO TITAN PLATA;26:09.6;26:09.6;NULL
10542;10880;NEGRO PROVOCATORE;26:09.6;26:09.6;NULL
10543;10881;AMARILLO DINAMICO;26:09.6;26:09.6;NULL
10544;10882;BLANCO ARCO BICAPA ROJO;26:09.6;26:09.6;NULL
10545;10884;AZUL ANTARTICO;26:09.6;26:09.6;NULL
10546;10885;LUMIAR SILVER METALLIC;26:09.6;26:09.6;NULL
10547;10886;FUEGO ANARANJADO;26:09.6;26:09.6;NULL
10548;10887;METALICO RADIANTE;26:09.7;26:09.7;NULL
10549;10888;NARANJA LAVA-METALIZADA / NEGRA SEDABRILLANTE;26:09.7;26:09.7;NULL
10550;10889;ROJO DINAMO METALIZADO;26:09.7;26:09.7;NULL
10551;10890;ROJO CONSUL;26:09.7;26:09.7;NULL
10552;10891;GRIS TITANE;26:09.7;26:09.7;NULL
10553;10892;BEIGE METALICO;26:09.7;26:09.7;NULL
10554;10893;GRIS METROPOLITANO PLATA SORRENTO;26:09.7;26:09.7;NULL
10555;10894;GRIS MICA OSCURO METALICO;26:09.8;26:09.8;NULL
10556;10985;SUROIT;26:09.8;26:09.8;NULL
10557;10986;AMARILLO BLANCO DORADO ROJO NEGRO;26:09.8;26:09.8;NULL
10558;10987;VERDE RESCATE;26:09.8;26:09.8;NULL
10559;10989;BLANCO CHERY;26:09.8;26:09.8;NULL
10560;10990;CAMELLIA RED PEARL;26:09.8;26:09.8;NULL
10561;10991;DIAMON GRAY;26:09.8;26:09.8;NULL
10562;10992;ROJO BLANCO AZUL MARRON;26:09.8;26:09.8;NULL
10563;10993;CERAMIC WHITE;26:09.8;26:09.8;NULL
10564;10994;PLATA CONTINENTAL METALICO;26:09.8;26:09.8;NULL
10565;10995;DIAMOND GRAY;26:09.8;26:09.8;NULL
10566;10996;GRIS TITANIO PERLADO;26:09.8;26:09.8;NULL
10567;10997;ULTRA SILVER;26:09.9;26:09.9;NULL
10568;10998;PLATA SUAVE;26:09.9;26:09.9;NULL
10569;11000;GRIS MAGNUN METALIZADO;26:09.9;26:09.9;NULL
10570;11001;AVALON MICATALLIC;26:09.9;26:09.9;NULL
10571;11002;BURLAT;26:09.9;26:09.9;NULL
10572;11003;LACHSSILBER;26:09.9;26:09.9;NULL
10573;11004;GRIS LAGO;26:09.9;26:09.9;NULL
10574;11005;VINOTINTO;26:09.9;26:09.9;NULL
10575;11006;ACERO OSCURO MICA;26:09.9;26:09.9;NULL
10576;11007;SEDA METALIZADO;26:09.9;26:09.9;NULL
10577;11008;NEGRO NARANJA PLATA;26:09.9;26:09.9;NULL
10578;11009;PLATA NACAR Y NEGRO;26:09.9;26:09.9;NULL
10579;11010;MOCHA METALLIC;26:09.9;26:09.9;NULL
10580;11011;ROSSO BRUNELLO;26:10.0;26:10.0;NULL
10581;11012;AZUL NAYARA;26:10.0;26:10.0;NULL
10582;11013;GRIS NIMBO;26:10.0;26:10.0;NULL
10583;11014;NEGRO ORCA;26:10.0;26:10.0;NULL
10584;11015;MARRÓN TECA;26:10.0;26:10.0;NULL
10585;11016;VERDE ONTARIO;26:10.0;26:10.0;NULL
10586;11017;GRIS NATURAL;26:10.0;26:10.0;NULL
10587;11018;AZUL ESTRELLA;26:10.0;26:10.0;NULL
10588;11019;CAFÉ MENDOZA;26:10.0;26:10.0;NULL
10589;11020;PLATA SIRIUS METALICO;26:10.0;26:10.0;NULL
10590;11021;NARANJA LAVA METALIZADO;26:10.0;26:10.0;NULL
10591;11022;GREEN GRAY METALLIC;26:10.0;26:10.0;NULL
10592;11023;GRIS LAVA EFECTO PERLA;26:10.0;26:10.0;NULL
10593;11024;DOLOMITES;26:10.1;26:10.1;NULL
10594;11025;OBSIDIAN BLACK PEARL;26:10.1;26:10.1;NULL
10595;11026;GRIS ACERO OSCURO MICA;26:10.1;26:10.1;NULL
10596;11027;AMARILLO VERDES GRISES Y OCRES;26:10.1;26:10.1;NULL
10597;11028;BLANCO PERLADO CS;26:10.1;26:10.1;NULL
10598;11029;AZUL GRISACEO METALICO;26:10.1;26:10.1;NULL
10599;11030;ROJO OSCURO MICA METALICO;26:10.1;26:10.1;NULL
10600;11031;BEIGE MICA METALICO;26:10.1;26:10.1;NULL
10601;11032;AZUL GALACTICO;26:10.1;26:10.1;NULL
10602;11033;MATIVOIRE METAL;26:10.1;26:10.1;NULL
10603;11034;BOURRASQUE META;26:10.1;26:10.1;NULL
10604;11035;ROJO LUCIFER METALIZADO;26:10.1;26:10.1;NULL
10605;11036;NOCCIOLA METAL;26:10.2;26:10.2;NULL
10606;11037;AZUL KYANOS;26:10.2;26:10.2;NULL
10607;11038;AZUL PANAME MET;26:10.2;26:10.2;NULL
10608;11039;GRIS FER;26:10.2;26:10.2;NULL
10609;11040;HIPERMETALICO;26:10.2;26:10.2;NULL
10610;11041;VERDE ECOLOGICO;26:10.2;26:10.2;NULL
10611;11042;GRIS TORMENTA BLANCO;26:10.2;26:10.2;NULL
10612;11043;GRIS PROFUNDO;26:10.2;26:10.2;NULL
10613;11044;PLATEADO GRIS METALICO;26:10.2;26:10.2;NULL
10614;11045;BRONCE GRIS PLATA;26:10.2;26:10.2;NULL
10616;11047;NEGRO ALPACA;26:10.2;26:10.2;NULL
10617;11048;AZUL VITALITY;26:10.2;26:10.2;NULL
10618;11049;MIDNIGHT BLACK METALLIC BLANCO;26:10.2;26:10.2;NULL
10619;11050;NEGRO FANTASMA;26:10.3;26:10.3;NULL
10620;11051;CAFE MARRAKESCH METALIZADO;26:10.3;26:10.3;NULL
10621;11052;SILVER BLACK;26:10.3;26:10.3;NULL
10622;11053;SPARK SILVER METALLIC;26:10.3;26:10.3;NULL
10623;11054;ROJO PERLADO METALIZADO;26:10.3;26:10.3;NULL
10624;11055;AZUL CIELO METALICO;26:10.3;26:10.3;NULL
10625;11056;ROJO BOURDEAUX PERLADO METALIZADO;26:10.3;26:10.3;NULL
10626;11057;GRIS METEORO EFECTO PERLA;26:10.3;26:10.3;NULL
10627;11058;AMARILLO URBANO NEGRO;26:10.3;26:10.3;NULL
10628;11059;AZUL ONIX PERLADO;26:10.3;26:10.3;NULL
10629;11060;ROJO PASION SOLIDO;26:10.4;26:10.4;NULL
10630;11061;OPAL FUEGO;26:10.4;26:10.4;NULL
10631;11062;MARRON CUPRITA METALIZADO;26:10.4;26:10.4;NULL
10632;11063;AZUL LOTO METALIZADO;26:10.4;26:10.4;NULL
10633;11064;AZUL OLTREMARE;26:10.4;26:10.4;NULL
10634;11065;BLANCO GARDENIA;26:10.4;26:10.4;NULL
10635;11066;BLANCOSPINO;26:10.4;26:10.4;NULL
10636;11067;GRIS INDACO;26:10.4;26:10.4;NULL
10637;11068;GRIS STROMBOLI;26:10.4;26:10.4;NULL
10638;11069;NEGRO CARBONIO;26:10.4;26:10.4;NULL
10639;11070;PLATA ALFA;26:10.4;26:10.4;NULL
10640;11071;ROJO GIULIETTA;26:10.5;26:10.5;NULL
10641;11072;TAIGA;26:10.5;26:10.5;NULL
10642;11073;BRONCE SUAVE;26:10.5;26:10.5;NULL
10643;11074;GRIS SIRIO;26:10.5;26:10.5;NULL
10644;11075;GRIS ESTANNITA METALIZADO;26:10.5;26:10.5;NULL
10645;11076;GRIS DE HUMO METALIZADO MATE;26:10.5;26:10.5;NULL
10646;11077;PLATA HOJA METALICO;26:10.5;26:10.5;NULL
10647;11078;GRIS PARDO METALICO;26:10.5;26:10.5;NULL
10648;11079;NEGRO VESUVIO;26:10.5;26:10.5;NULL
10649;11080;JET BLACK;26:10.5;26:10.5;NULL
10650;11081;PLATA PURO METALICO;26:10.5;26:10.5;NULL
10651;11082;PLATA REFLEX METALICO;26:10.5;26:10.5;NULL
10652;11083;BOUGAINVILLIER;26:10.5;26:10.5;NULL
10653;11084;DELPHIN;26:10.5;26:10.5;NULL
10654;11085;RED LAND;26:10.5;26:10.5;NULL
10655;11086;VERDE AZUL METALIZADO;26:10.5;26:10.5;NULL
10656;11087;PLATA MATE;26:10.5;26:10.5;NULL
10657;11088;NEGRO MATE NEGRO;26:10.5;26:10.5;NULL
10658;11089;NEGRO DENIM;26:10.5;26:10.5;NULL
10659;11090;COBALTO OSCURO;26:10.5;26:10.5;NULL
10660;11091;AZUL DOS TONOS;26:10.5;26:10.5;NULL
10661;11092;NARANJA ROJO CREMA;26:10.6;26:10.6;NULL
10662;11093;VERDE AMAZONAS PERLADO;26:10.6;26:10.6;NULL
10663;11094;VERDE MARQUEZ;26:10.6;26:10.6;NULL
10664;11095;VERDE IPANEMA;26:10.6;26:10.6;NULL
10665;11096;ROJO NAVAJA;26:10.6;26:10.6;NULL
10666;11097;ROJO ITALIA;26:10.6;26:10.6;NULL
10667;11098;PURE SILVER;26:10.6;26:10.6;NULL
10668;11099;NARANJA CITRUS;26:10.6;26:10.6;NULL
10669;11100;BLANCO SUED;26:10.6;26:10.6;NULL
10670;11101;ROJO CARRERA SOLIDO;26:10.6;26:10.6;NULL
10671;11102;ROJO SPICE PERLADO;26:10.6;26:10.6;NULL
10672;11103;AZUL GRAFITO METALIZADO;26:10.6;26:10.6;NULL
10673;11104;PLATA IRIDIO METALIZADO;26:10.6;26:10.6;NULL
10674;11105;SABLE PHENICIEN;26:10.6;26:10.6;NULL
10675;11106;SAVARIN WHITE;26:10.6;26:10.6;NULL
10676;11107;VERDE DOS TONOS AMARILLO;26:10.6;26:10.6;NULL
10677;11108;GYPSE NACRE;26:10.6;26:10.6;NULL
10678;11109;MARRON GRISACEO MICA METALICO;26:10.6;26:10.6;NULL
10679;11110;DORADO ATARDECER;26:10.7;26:10.7;NULL
10680;11111;SUNLIGHT GOLD OPAL;26:10.7;26:10.7;NULL
10681;11112;BLANCO NORDICO;26:10.7;26:10.7;NULL
10682;11113;AZUL AURORA METALICO;26:10.7;26:10.7;NULL
10683;11114;ORO ESTELAR;26:10.7;26:10.7;NULL
10684;11115;PLATA METALICA;26:10.7;26:10.7;NULL
10685;11116;BRONCE NOCHE;26:10.7;26:10.7;NULL
10686;11117;NEGRO SILICE;26:10.7;26:10.7;NULL
10687;11118;VERMELHO ICARAI;26:10.7;26:10.7;NULL
10688;11119;VERELHO ARPOADOR;26:10.8;26:10.8;NULL
10689;11120;PRATA ENSEADA;26:10.8;26:10.8;NULL
10690;11121;CINZA CAMBURA;26:10.8;26:10.8;NULL
10691;11123;BLANCO CALCITA;26:10.8;26:10.8;NULL
10692;11124;VERDE CANADIENSE;26:10.8;26:10.8;NULL
10693;11125;ROJO MARRON MARFIL;26:10.8;26:10.8;NULL
10694;11126;ROJO ICARAI;26:10.8;26:10.8;NULL
10695;11127;AZUL MARAO;26:10.8;26:10.8;NULL
10696;11128;CHOCOLATE HOT, BLANCO;26:10.8;26:10.8;NULL
10697;11129;AZUL MIRAGE;26:10.8;26:10.8;NULL
10698;11130;SALMON AZUL BLANCO;26:10.8;26:10.8;NULL
10699;11131;TELA ELEKTRA NEGRO;26:10.8;26:10.8;NULL
10700;11132;GRIS METRO PLATA SORR;26:10.8;26:10.8;NULL
10701;11133;NEGRO OBSIDIANA METALIZADO;26:10.8;26:10.8;NULL
10702;11134;BLANCO SATIN;26:10.9;26:10.9;NULL
10703;11135;AZUL UNIVE;26:10.9;26:10.9;NULL
10704;11136;ORANGE FLAME METALIZADO;26:10.9;26:10.9;NULL
10705;11137;ROJO CALIENTE;26:10.9;26:10.9;NULL
10706;11138;PLATA IRIDIUM;26:10.9;26:10.9;NULL
10707;11139;GRIS TENORITA METALIZADO;26:10.9;26:10.9;NULL
10708;11140;PLATA FUERTE;26:10.9;26:10.9;NULL
10709;11141;POLARIS;26:10.9;26:10.9;NULL
10710;11142;AZUL FUTURISTA;26:10.9;26:10.9;NULL
10711;11143;AMARILLO ROJO FUEGO VIOLETA AZUL;26:10.9;26:10.9;NULL
10712;11144;VERDE SELVA PERLADO;26:10.9;26:10.9;NULL
10713;11145;AZUL JUPITER METALIZADO;26:10.9;26:10.9;NULL
10714;11146;PLATA ESTRELLA METALIZADO;26:10.9;26:10.9;NULL
10715;11147;GRIS SIDERAL METALIZADO;26:10.9;26:10.9;NULL
10716;11148;ROJO VIÑEDO;26:10.9;26:10.9;NULL
10717;11149;AZUL MISTICO PERLECENTE;26:10.9;26:10.9;NULL
10718;11150;AZUL CONSTELACION METALIZADO;26:10.9;26:10.9;NULL
10719;11151;AZUL KASHMIR PERLADO;26:10.9;26:10.9;NULL
10720;11152;PLATEADO ESTRELLA METALIZADO;26:11.0;26:11.0;NULL
10721;11153;DORADO ROCIO;26:11.0;26:11.0;NULL
10722;11154;BLANCO PURO SOLIDO;26:11.0;26:11.0;NULL
10723;11155;BLANCO HIELO SOLIDO;26:11.0;26:11.0;NULL
10724;11156;GRAY MOCHA;26:11.0;26:11.0;NULL
10725;11157;AZUL INDIGO PERLADO;26:11.0;26:11.0;NULL
10726;11158;GRIS TITANICO METALICO;26:11.0;26:11.0;NULL
10727;11159;NEGRO PERLADO Y PLATA METALIZADO;26:11.0;26:11.0;NULL
10728;11161;SILVERSKI;26:11.0;26:11.0;NULL
10729;11162;PLATA CUBANITA METALIZADO;26:11.0;26:11.0;NULL
10730;11163;MARRON PERIDOTO METALIZADO;26:11.0;26:11.0;NULL
10731;11164;GRIS PEDERNAL METALIZADO;26:11.0;26:11.0;NULL
10732;11165;ROJO SATURNO METALIZADO;26:11.0;26:11.0;NULL
10733;11166;NEGRO COSMOS METALIZADO;26:11.0;26:11.0;NULL
10734;11167;GRIS CUBANITA METALIZADO;26:11.1;26:11.1;NULL
10735;11168;AZUL LAZURITA METALIZADO;26:11.1;26:11.1;NULL
10736;11169;PLATA POLAR METALIZADO;26:11.1;26:11.1;NULL
10737;11170;ROJO THULITA METALIZADO;26:11.1;26:11.1;NULL
10738;11171;NEGRO CROMITA METALIZADO;26:11.1;26:11.1;NULL
10739;11172;MARRON ESTEPA METALIZADO;26:11.1;26:11.1;NULL
10740;11173;BLANCO DIAMANTE BRIGHT;26:11.1;26:11.1;NULL
10741;11174;BLANCO CIRRO;26:11.1;26:11.1;NULL
10742;11175;AZUL INDIGOLITA METALIZADO;26:11.1;26:11.1;NULL
10743;11176;ROJO OPALO;26:11.1;26:11.1;NULL
10744;11177;ROJO CARNEOLITA METALIZADO;26:11.2;26:11.2;NULL
10745;11178;GRIS MONTAÑA METALIZADO;26:11.2;26:11.2;NULL
10746;11179;PAPIRO;26:11.2;26:11.2;NULL
10747;11180;NEGRO INTENSO PERLADO;26:11.2;26:11.2;NULL
10748;11181;NEGRO TUXEDO METALICO;26:11.2;26:11.2;NULL
10749;11182;ROJO CANDY METALICO;26:11.2;26:11.2;NULL
10750;11183;LIMA METALICO;26:11.2;26:11.2;NULL
10751;11184;MAGENTA  METALICO;26:11.2;26:11.2;NULL
10752;11185;VERDE BORNEO;26:11.2;26:11.2;NULL
10753;11186;AZUL DE CHINA METALICO;26:11.3;26:11.3;NULL
10754;11187;BEIGE MINERAL;26:11.3;26:11.3;NULL
10755;11188;GRIS CAMUFLADO;26:11.3;26:11.3;NULL
10756;11189;CHAMPAGNAT Y NEGRO;26:11.3;26:11.3;NULL
10757;11190;PLATA HOJA METALIZADO;26:11.3;26:11.3;NULL
10758;11191;GRIS CONDER METALIZADO;26:11.3;26:11.3;NULL
10759;11192;NEGRO PHANTOM EFECTO PERLA;26:11.3;26:11.3;NULL
10760;11193;GRIS CONDOR METALIZADO;26:11.3;26:11.3;NULL
10761;11194;HAVANNA METALIZADO;26:11.3;26:11.3;NULL
10762;11195;VERDE LIBELULA;26:11.3;26:11.3;NULL
10763;11196;KHAKI;26:11.4;26:11.4;NULL
10764;11197;BRONCE BRILLANTE METALIZADO;26:11.4;26:11.4;NULL
10765;11198;VERDE Y BLANCO FLUORESCENTE;26:11.4;26:11.4;NULL
10766;11199;ROJO TOURMALINE;26:11.4;26:11.4;NULL
10767;11200;MARRON METALICO;26:11.4;26:11.4;NULL
10768;11202;NEGRO LIVIANO;26:11.4;26:11.4;NULL
10769;11203;PLATA APPALOSA;26:11.4;26:11.4;NULL
10770;11204;GRIS VULCANO METALICO;26:11.4;26:11.4;NULL
10771;11205;BLANCO CREMA NARANJA AMARILLO ROJO LILA;26:11.4;26:11.4;NULL
10772;11206;NEGRO ETNA;26:11.4;26:11.4;NULL
10773;11207;CRYSTAL BLACK SILICA;26:11.4;26:11.4;NULL
10774;11208;PAPRIKA RED PEARL;26:11.5;26:11.5;NULL
10775;11209;VERDE LAGOON;26:11.5;26:11.5;NULL
10776;11210;GRIS SFRENATO;26:11.5;26:11.5;NULL
10777;11211;AZUL MONTECARLO;26:11.5;26:11.5;NULL
10778;11212;NEGRO SOLIDO VERDE;26:11.5;26:11.5;NULL
10779;11214;BLANCO FUNK;26:11.5;26:11.5;NULL
10780;11215;VERDE DIESEL;26:11.5;26:11.5;NULL
10781;11216;ROJO PASODOBLE;26:11.5;26:11.5;NULL
10782;11217;NEGRO CROSSOVER;26:11.5;26:11.5;NULL
10783;11218;PLATA BREAKBEAT;26:11.5;26:11.5;NULL
10784;11219;BLANCO BOSSA NOVA;26:11.5;26:11.5;NULL
10785;11220;PLATA GRIGIO;26:11.5;26:11.5;NULL
10786;11221;BEIGE Y MADERA;26:11.5;26:11.5;NULL
10787;11222;GRIS TORMENTA METALIZADO;26:11.5;26:11.5;NULL
10788;11223;GRIS OSCURO MINCA METÁLICO CLARO;26:11.5;26:11.5;NULL
10789;11224;ROJO PAVOT;26:11.5;26:11.5;NULL
10790;11225;GRIS ETOILE;26:11.5;26:11.5;NULL
10791;11226;GRIS COMET;26:11.5;26:11.5;NULL
10792;11227;PLATA OSCURO METALIZADO BLANCO;26:11.5;26:11.5;NULL
10793;11228;NEGRO MEDIANOCHE METALIZADO;26:11.5;26:11.5;NULL
10794;11229;GRIS SOPHISTO EFECTO DE BRILLO METALIZADO;26:11.5;26:11.5;NULL
10795;11230;GRIS OFF ROAD METALICO;26:11.6;26:11.6;NULL
10796;11231;NACRE WHITE;26:11.6;26:11.6;NULL
10797;11232;BOTTICELLI;26:11.6;26:11.6;NULL
10798;11233;AZUL VERDE AGUA MARINA BLANCO Y FRANJA FUCSIA;26:11.6;26:11.6;NULL
10799;11235;PLATA PLANET;26:11.6;26:11.6;NULL
10800;11236;GRIS PIZARRA METALICO;26:11.6;26:11.6;NULL
10801;11237;PLATA REFLEX METALIZADO;26:11.6;26:11.6;NULL
10802;11238;FUNK WHITE;26:11.6;26:11.6;NULL
10803;11239;AZUL ALPINO;26:11.6;26:11.6;NULL
10804;11240;PLATA OSCURO METALIZADO NEGRO;26:11.6;26:11.6;NULL
10805;11241;AZUL SCUBA EFECTO PERLA;26:11.6;26:11.6;NULL
10806;11242;AZUL AVENTURIN EFECTO PERLA;26:11.6;26:11.6;NULL
10807;11243;AZUL POLAR METALIZADO;26:11.6;26:11.6;NULL
10808;11244;AZUL MAR EFECTO PERLA;26:11.6;26:11.6;NULL
10809;11245;AZUL COBALTO METALIZADO;26:11.6;26:11.6;NULL
10810;11246;AZUL NOCHE EFECTO PERLA;26:11.7;26:11.7;NULL
10811;11247;AZUL SPRINT EFECTO PERLA;26:11.7;26:11.7;NULL
10812;11248;AZUL ESFERA METALIZADO;26:11.7;26:11.7;NULL
10813;11249;ROJO VOLCANO METALIZADO;26:11.8;26:11.8;NULL
10814;11250;ROJO GRANATE EFECTO PERLA;26:11.8;26:11.8;NULL
10815;11251;AMARILLO IMOLA;26:11.8;26:11.8;NULL
10816;11252;MARRON TECA METALIZADO;26:11.8;26:11.8;NULL
10817;11253;BEIGE DAKAR METALIZADO;26:11.8;26:11.8;NULL
10818;11254;BEIGE IMPALA EFECTO PERLA;26:11.8;26:11.8;NULL
10819;11255;NEGRO PANTERA EFECTO CRISTALIZADO;26:11.9;26:11.9;NULL
10820;11256;NEGRO ESMERALDA METALIZADO;26:11.9;26:11.9;NULL
10821;11257;NEGRO HAVANNA METALIZADO;26:11.9;26:11.9;NULL
10822;11258;NEGRO ORCA METALIZADO;26:11.9;26:11.9;NULL
10823;11259;GRIS DAKOTA METALIZADO;26:11.9;26:11.9;NULL
10824;11260;GRIS OOLONG METALIZADO;26:11.9;26:11.9;NULL
10825;11261;GRIS AMATISTA METALIZADO;26:11.9;26:11.9;NULL
10826;11262;PLATA SAHARA METALIZADO;26:11.9;26:11.9;NULL
10827;11263;VERDE INTENSO EFECTO PERLA;26:11.9;26:11.9;NULL
10828;11264;AZUL MAR METALIZADO;26:11.9;26:11.9;NULL
10829;11265;AMARILLO RADIANTE;26:11.9;26:11.9;NULL
10830;11266;VIOLETA METALICO;26:11.9;26:11.9;NULL
10831;11267;DORADO ECOLOGICO;26:11.9;26:11.9;NULL
10832;11268;VERDE VENECIA PERLADO;26:11.9;26:11.9;NULL
10833;11269;VERDE MARINO METALICO;26:11.9;26:11.9;NULL
10834;11270;ROJO SPICE METALICO;26:11.9;26:11.9;NULL
10835;11271;ROJO SIERRA PERLADO;26:11.9;26:11.9;NULL
10836;11272;ROJO ROCA METALICO;26:11.9;26:11.9;NULL
10837;11273;ROJO CEREZA METALICO;26:12.0;26:12.0;NULL
10838;11274;GRIS STONE METALICO;26:12.0;26:12.0;NULL
10839;11275;GRIS PLATINO METALICO;26:12.0;26:12.0;NULL
10840;11276;GRIS MONTAÑA METALICO;26:12.0;26:12.0;NULL
10841;11277;BEIGE LUNA ESTIVAL;26:12.0;26:12.0;NULL
10842;11278;BEIGE DORADO PERLADO;26:12.0;26:12.0;NULL
10843;11279;AZUL SOMBRA METALICO;26:12.0;26:12.0;NULL
10844;11280;AMARILLO SUNFLOWER;26:12.0;26:12.0;NULL
10845;11282;AZUL FIJI VERDE CANDY;26:12.0;26:12.0;NULL
10846;11285;PLATA SIGMA AZUL GEMINI ROJO LUCY;26:12.0;26:12.0;NULL
10847;11286;GRIS NATURAL METALIZADO;26:12.0;26:12.0;NULL
10848;11287;CAFÉ MENDOZA METALIZADO;26:12.0;26:12.0;NULL
10849;11288;ROJO CARAMELO METALICO;26:12.0;26:12.0;NULL
10850;11289;AZUL CASPIAN PERLADO;26:12.0;26:12.0;NULL
10851;11290;PLATA ELECTRICA METALIZADO;26:12.0;26:12.0;NULL
10852;11291;ROJO ESCUDERIA;26:12.0;26:12.0;NULL
10853;11292;GRIS NINBUZ;26:12.1;26:12.1;NULL
10854;11293;ROJO PAPRIKA;26:12.1;26:12.1;NULL
10855;11294;ORO OPAL;26:12.1;26:12.1;NULL
10856;11295;AZUL SILICA;26:12.1;26:12.1;NULL
10857;11296;GRIS LILA METALIZADO;26:12.1;26:12.1;NULL
10858;11297;AZUL IMPERIAL EFECTO DE BRILLO METALIZADO;26:12.1;26:12.1;NULL
10859;11298;ROJO ECLIPSE;26:12.2;26:12.2;NULL
10860;11299;BEIGE LUNA;26:12.2;26:12.2;NULL
10861;11300;AZUL TRUE METALIZADO;26:12.2;26:12.2;NULL
10862;11301;BLANCO LIGHT;26:12.2;26:12.2;NULL
10863;11302;DARK GRAY METALLIC;26:12.2;26:12.2;NULL
10864;11303;CHA CHA CHA AZURE;26:12.2;26:12.2;NULL
10865;11304;SAGE GREEN METALLIC;26:12.2;26:12.2;NULL
10866;11305;NEGRO OSCURO;26:12.2;26:12.2;NULL
10867;11306;BRONCE METALICO BRILLANTE;26:12.2;26:12.2;NULL
10868;11307;VERDE MANZANA Y ROJO;26:12.2;26:12.2;NULL
10869;11308;PLATA ESCUNA NEGRO Y ROJO;26:12.2;26:12.2;NULL
10870;11309;GALAXY BLUE SILICA;26:12.2;26:12.2;NULL
10871;11310;AMARILLO BRILLANTE;26:12.2;26:12.2;NULL
10872;11311;SCANIA METALICA;26:12.2;26:12.2;NULL
10873;11313;NEGRO SEDA BRILLANTE;26:12.2;26:12.2;NULL
10874;11314;AZUL MARAU;26:12.3;26:12.3;NULL
10875;11315;BEIGE INTENSO;26:12.3;26:12.3;NULL
10876;11316;VERDE ARTICO;26:12.3;26:12.3;NULL
10877;11317;NEGRO STAR;26:12.3;26:12.3;NULL
10878;11318;COBRE ENCENDIDO GRIS;26:12.3;26:12.3;NULL
10879;11319;AZUL FIJI;26:12.3;26:12.3;NULL
10880;11320;VERDE CANDY;26:12.3;26:12.3;NULL
10881;11321;LIGHTNING RED;26:12.3;26:12.3;NULL
10882;11322;FLUENCE PRIVILEGE;26:12.3;26:12.3;NULL
10883;11323;FLUENCE CONFORT;26:12.3;26:12.3;NULL
10884;11324;BLANCO GIOIOSO;26:12.4;26:12.4;NULL
10885;11325;ROJO ARDENT;26:12.4;26:12.4;NULL
10886;11326;GRILYNE;26:12.4;26:12.4;NULL
10887;11327;NARANJA SANGUINE;26:12.4;26:12.4;NULL
10888;11328;AZUL GEMINI;26:12.4;26:12.4;NULL
10889;11329;PLATA SIGMA;26:12.4;26:12.4;NULL
10890;11330;NEGRO JET METALIZADO;26:12.4;26:12.4;NULL
10891;11331;GRIS METROPOLITAN;26:12.4;26:12.4;NULL
10892;11332;AZUL TORMENTA PLATA METALIZADO;26:12.4;26:12.4;NULL
10893;11333;BLANCO LUZ DE LUNA;26:12.4;26:12.4;NULL
10894;11334;GRIS FJORD;26:12.4;26:12.4;NULL
10895;11335;ROSADO KATHY;26:12.5;26:12.5;NULL
10896;11336;AZUL MICA COSMICO;26:12.5;26:12.5;NULL
10897;11337;CHOCOLATE HOT NEGRO;26:12.5;26:12.5;NULL
10898;11338;BLANCO ALPINO AZUL LUPINO ROJO MAGMA;26:12.5;26:12.5;NULL
10899;11339;GRIS GRANITO METALIZADO NEGRA SEDA;26:12.5;26:12.5;NULL
10900;11340;HOT CHOCOLATE;26:12.5;26:12.5;NULL
10901;11341;AZUL KONA;26:12.5;26:12.5;NULL
10902;11342;ROJO BURDEOS;26:12.5;26:12.5;NULL
10903;11343;DEEP GREEN PEARL;26:12.5;26:12.5;NULL
10904;11344;AZUL NEGRO METALIZADO;26:12.5;26:12.5;NULL
10905;11345;NARANJA SPICE METALIZADO;26:12.5;26:12.5;NULL
10906;11346;VERDE CRISTAL METALIZADO;26:12.5;26:12.5;NULL
10907;11347;COÑAC METALIZADO;26:12.5;26:12.5;NULL
10908;11348;GRIS CARBONO METALIZADO;26:12.5;26:12.5;NULL
10909;11349;CAOBA METALIZADO;26:12.5;26:12.5;NULL
10910;11350;AZUL YATE METALIZADO;26:12.5;26:12.5;NULL
10911;11351;MARRON TOPAZ METALIZADO;26:12.5;26:12.5;NULL
10912;11352;AMARILLO ARENA;26:12.5;26:12.5;NULL
10913;11353;SOMBRA METALIZADO;26:12.5;26:12.5;NULL
10914;11354;PLATA CLASSIC METALIZADO;26:12.5;26:12.5;NULL
10915;11355;VERDE JET METALIZADO;26:12.6;26:12.6;NULL
10916;11356;PLATA GT METALIZADO;26:12.6;26:12.6;NULL
10918;11358;AMATISTA METALIZADO;26:12.6;26:12.6;NULL
10919;11359;ROJO RUBY METALIZADO;26:12.6;26:12.6;NULL
10920;11360;VERDE PORSCHE RACING METALIZADO;26:12.6;26:12.6;NULL
10921;11361;AZUL HIELO METALIZADO;26:12.6;26:12.6;NULL
10922;11362;MACADAMIA METALIZADO;26:12.6;26:12.6;NULL
10923;11363;GRIS METEORO METALIZADO;26:12.6;26:12.6;NULL
10924;11364;PLATINO METALIZADO;26:12.6;26:12.6;NULL
10925;11365;PLATA CLASICO METALIZADO;26:12.6;26:12.6;NULL
10926;11366;ROJO ALFA MET;26:12.6;26:12.6;NULL
10927;11367;NEGRO NEBULOS;26:12.6;26:12.6;NULL
10928;11368;AZUL ESTRATO EFECTO PERLA;26:12.6;26:12.6;NULL
10929;11369;AZUL TRUE;26:12.6;26:12.6;NULL
10930;11370;ROJO OMEGA;26:12.6;26:12.6;NULL
10931;11371;AMARILLO METALIZADO;26:12.7;26:12.7;NULL
10932;11372;NEGRO TINTA;26:12.7;26:12.7;NULL
10933;11373;AZUL EGEO;26:12.7;26:12.7;NULL
10934;11374;PLATA PURE METALIZADO NEGRO;26:12.7;26:12.7;NULL
10935;11375;ROJO MISANO PLATA HIELO;26:12.7;26:12.7;NULL
10936;11376;NARANJA SEDONA;26:12.7;26:12.7;NULL
10937;11377;HYPER METALICO;26:12.7;26:12.7;NULL
10938;11378;ROJO PURO BLANCO;26:12.7;26:12.7;NULL
10939;11379;ROJO PURO NEGRO;26:12.7;26:12.7;NULL
10940;11380;BLANCO LIGHT NEGRO;26:12.7;26:12.7;NULL
10941;11381;AZUL TRUE  BLANCO;26:12.7;26:12.7;NULL
10942;11382;AZUL TRUE NEGRO;26:12.7;26:12.7;NULL
10943;11383;ROJO SUPERIOR METALICO;26:52.7;26:52.7;NULL
10944;11384;MAGENTA VERDE LIMON;26:52.7;26:52.7;NULL
10945;11386;GRIS ALUMINIUM BLANCO;26:52.7;26:52.7;NULL
10946;11387;GRIS THORIUM ROJO;26:52.7;26:52.7;NULL
10947;11388;NEGRO OBSIDIEN ROJO;26:52.7;26:52.7;NULL
10948;11389;NEGRO OBSIDIEN BLANCO;26:52.7;26:52.7;NULL
10949;11390;BLANCO BOTICEL;26:52.7;26:52.7;NULL
10950;11391;ROJO ADEN NEGRO;26:52.7;26:52.7;NULL
10951;11392;AZUL ARANDANO;26:52.7;26:52.7;NULL
10952;11393;COÑAC;26:52.7;26:52.7;NULL
10953;11394;MARRON TOPAZ;26:52.7;26:52.7;NULL
10954;11395;SOMBRA;26:52.7;26:52.7;NULL
10955;11396;PLATA CLASSIC;26:52.7;26:52.7;NULL
10956;11397;VERDE PORSCHE RACING;26:52.8;26:52.8;NULL
10957;11398;ROSEBUD;26:52.8;26:52.8;NULL
10958;11399;GRIS ATENA;26:52.8;26:52.8;NULL
10959;11400;BLANCO TIMO;26:52.8;26:52.8;NULL
10960;11401;ROJO FRANCES;26:52.8;26:52.8;NULL
10961;11402;AMARILLO BRASIL;26:52.8;26:52.8;NULL
10962;11403;MALTA OSCURO  MALTA CLARO;26:52.8;26:52.8;NULL
10963;11404;BLACK;26:52.8;26:52.8;NULL
10964;11405;RED;26:52.8;26:52.8;NULL
10965;11406;ORANGE BLACK;26:52.8;26:52.8;NULL
10966;11407;BLUE BLACK;26:52.8;26:52.8;NULL
10967;11408;ROJO MARONELLO;26:52.8;26:52.8;NULL
10968;11409;NEGRO JET;26:52.9;26:52.9;NULL
10969;11410;AZUL NOCHE METALICO;26:52.9;26:52.9;NULL
10970;11411;AZUL TAUNAKE;26:52.9;26:52.9;NULL
10971;11412;AMARILLO PEGASO NEGRO;26:52.9;26:52.9;NULL
10972;11413;PLATA CLASICO;26:52.9;26:52.9;NULL
10973;11414;AMARILLO INTENSO;26:52.9;26:52.9;NULL
10974;11417;PLATA BROCADO;26:52.9;26:52.9;NULL
10975;11423;ROJO CONFORT;26:52.9;26:52.9;NULL
10976;11428;ROJO ESCOCIA;26:52.9;26:52.9;NULL
10977;11429;NEGRO GOTICO;26:52.9;26:52.9;NULL
10978;11435;NARANJO METALICO;26:52.9;26:52.9;NULL
10979;11440;BFIGE DORADO;26:52.9;26:52.9;NULL
10980;11441;BG/SS;26:52.9;26:52.9;NULL
10981;11442;BGREEN;26:53.0;26:53.0;NULL
10982;11443;ROJO ARCE;26:53.0;26:53.0;NULL
10983;11449;VERDE VIVO;26:53.0;26:53.0;NULL
10984;11452;NARANJO COBRE;26:53.0;26:53.0;NULL
10985;11453;ROJO RUBI PLATA;26:53.0;26:53.0;NULL
10986;11455;NEGRO ENCANTO;26:53.0;26:53.0;NULL
10987;11458;PLATA ANGEL;26:53.0;26:53.0;NULL
10988;11463;ROJO JOYA;26:53.0;26:53.0;NULL
10989;11464;AZUL LASER METALIZADO NEGRO;26:53.0;26:53.0;NULL
10990;11465;SATINADO VERDE;26:53.0;26:53.0;NULL
12484;13240;DOVE GRAY;29:48.6;29:48.6;NULL
10991;11466;AZUL METALLIC PAINT 2;26:53.0;26:53.0;NULL
10992;11467;ROJO DAKOTA;26:53.0;26:53.0;NULL
10993;11468;PLATA ORIÓN METALIZADO;26:53.0;26:53.0;NULL
10994;11469;CAFÉ CLARO NEGRO;26:53.0;26:53.0;NULL
10995;11470;VERDE BRITISH RACING METALIZADO NEGRO;26:53.0;26:53.0;NULL
10996;11471;PERLA NEGRA METALIZADO;26:53.1;26:53.1;NULL
10997;11472;MARRON CREMA NARANJA;26:53.1;26:53.1;NULL
10998;11473;AZUL NORUEGA BLANCO;26:53.1;26:53.1;NULL
10999;11474;ANARANJADO HEMI;26:53.1;26:53.1;NULL
11000;11475;AZUL RALLY;26:53.1;26:53.1;NULL
11001;11476;SMOKY TOPAZ;26:53.1;26:53.1;NULL
11002;11477;VIBRANT COPPER;26:53.1;26:53.1;NULL
11003;11478;CONCHA METALIZADO;26:53.1;26:53.1;NULL
11004;11479;VERDE MORADO ROSADO;26:53.1;26:53.1;NULL
11005;11480;GRIGIO ARGENTO VIVO;26:53.1;26:53.1;NULL
11006;11481;GRIS ROYAL METALIZADO NEGRO;26:53.1;26:53.1;NULL
11007;11482;ROJO VITAMINA;26:53.1;26:53.1;NULL
11008;11483;GRIS SABLE;26:53.1;26:53.1;NULL
11009;11484;GRIS TONICO;26:53.2;26:53.2;NULL
11010;11485;PLATA SILENT;26:53.2;26:53.2;NULL
11011;11486;AZUL COSMIC METALIZADO BLANCO;26:53.2;26:53.2;NULL
11012;11487;BLANCO COSMICO METALIZADO;26:53.2;26:53.2;NULL
11013;11488;AZUL CASPIAN;26:53.2;26:53.2;NULL
11014;11489;CHAMELEON BLUE;26:53.2;26:53.2;NULL
11015;11490;GRIS SAVILA PERLADO;26:53.2;26:53.2;NULL
11016;11491;NEGRO AMBAR PERLADO METALIZADO;26:53.2;26:53.2;NULL
11017;11492;NEGRO EMBER PERLADO;26:53.2;26:53.2;NULL
11018;11493;NEGRO ZAFIRO METALIZADO;26:53.2;26:53.2;NULL
11019;11494;ROJO FLAMENCO PERLADO;26:53.2;26:53.2;NULL
11020;11495;VERDE CAPER PERLADO;26:53.2;26:53.2;NULL
11021;11496;VERDE LIMON PERLADO;26:53.2;26:53.2;NULL
11022;11497;VIBRANT COPPER METALIZADO;26:53.2;26:53.2;NULL
11023;11498;VIBRANT COPPER PERLADO;26:53.2;26:53.2;NULL
11024;11499;NARANJA METÁLICO;26:53.2;26:53.2;NULL
11025;11500;GRIS GRANITO METALIZADO NEGRA SEDA  BRILLANTE;26:53.2;26:53.2;NULL
11026;11501;CINZA;26:53.2;26:53.2;NULL
11027;11502;AZUL SUAVE NEGRO;26:53.3;26:53.3;NULL
11028;11503;ROJO LUCY;26:53.3;26:53.3;NULL
11029;11504;BLANCO ALPIN SEDA BRILLO NEGRO;26:53.3;26:53.3;NULL
11030;11505;NEGRO MIDNIGHT METALIZADO;26:53.3;26:53.3;NULL
11031;11506;GRIS TORMENTA CON NEGRO;26:53.3;26:53.3;NULL
11032;11507;NEGRO ABSOLUTO METALIZADO;26:53.3;26:53.3;NULL
11033;11508;AMARILLO INCA;26:53.3;26:53.3;NULL
11034;11509;VERDE HELIODORO;26:53.3;26:53.3;NULL
11035;11510;AZUL RIVERA;26:53.3;26:53.3;NULL
11036;11511;NARANJA SPICE METALIZADO BLANCO;26:53.3;26:53.3;NULL
11037;11512;VERDE HELIODORO METALIZADO;26:53.3;26:53.3;NULL
11038;11513;BEIGE AUREO METALIZADO;26:53.3;26:53.3;NULL
11039;11514;ROJO FIGH;26:53.3;26:53.3;NULL
11040;11515;ROJO FIGHT;26:53.3;26:53.3;NULL
11041;11516;AMAR CAMUFLADO;26:53.3;26:53.3;NULL
11042;11517;ACERO MOCA METALICO;26:53.3;26:53.3;NULL
11043;11518;ROJO SOLIDO PASION;26:53.3;26:53.3;NULL
11044;11520;GRIS PLATINO METALIZADO;26:53.3;26:53.3;NULL
11045;11521;VERDE ROBLE METALIZADO;26:53.4;26:53.4;NULL
11046;11523;NEGRO EMBER PERLA METALIZADO;26:53.4;26:53.4;NULL
11047;11524;PHANTOM BLACK;26:53.4;26:53.4;NULL
11048;11525;FUSIÓN WHITE;26:53.4;26:53.4;NULL
11049;11526;NEW ENGLAND WHITE;26:53.4;26:53.4;NULL
11050;11527;MERIDAN BLUE;26:53.4;26:53.4;NULL
11051;11528;CASPIAN BLUE;26:53.4;26:53.4;NULL
11052;11529;CRYSTAL WHITE;26:53.4;26:53.4;NULL
11053;11530;MATT BLACK;26:53.4;26:53.4;NULL
11054;11531;MATT GRAPHITE;26:53.4;26:53.4;NULL
11055;11532;BLAZING ORANGE;26:53.4;26:53.4;NULL
11056;11533;DIABLO RED;26:53.4;26:53.4;NULL
11057;11534;MATT ORANGE;26:53.4;26:53.4;NULL
11058;11535;MATT KHAKI GREEN;26:53.4;26:53.4;NULL
11059;11536;INTENSE ORANGE;26:53.4;26:53.4;NULL
11060;11537;HICKORY;26:53.4;26:53.4;NULL
11061;11538;PLATA ORION METALIZADO;26:53.4;26:53.4;NULL
11062;11539;PLATEADO TITANIO METALIZADO;26:53.5;26:53.5;NULL
11063;11540;NARANJA FLAMA METALIZADO;26:53.5;26:53.5;NULL
11064;11541;AZUL LINARIT MICA METALIZADO;26:53.5;26:53.5;NULL
11065;11542;GULFSTREAM;26:53.5;26:53.5;NULL
11066;11543;GRIS ECILPSE METALIZADO BLANCO;26:53.5;26:53.5;NULL
11067;11544;GRIS ECLIPSE METALIZADO NEGRO;26:53.5;26:53.5;NULL
11068;11545;CHOCOLATE HOT METALIZADO NEGRO;26:53.5;26:53.5;NULL
11069;11546;CHOCOLATE HOT METALIZADO BLANCO;26:53.5;26:53.5;NULL
11070;11547;NEGRO CON LLAMAS;26:53.5;26:53.5;NULL
11071;11548;BEIGE AVELLANA;26:53.5;26:53.5;NULL
11072;11549;BEIGE ENSUEÑO;26:53.5;26:53.5;NULL
11073;11550;VERDE ACERO METALICO;26:53.5;26:53.5;NULL
11074;11551;BLANCO CUSPIDE;26:53.6;26:53.6;NULL
11075;11552;BLANCO DIAMANTE BRIGHT METALIZADO;26:53.6;26:53.6;NULL
11076;11553;NEGRO MAGNETITA METALIZADO;26:53.6;26:53.6;NULL
11077;11554;AZUL CAVANSITA METALIZADO;26:53.6;26:53.6;NULL
11078;11555;GRIS ALABANDINA METALIZADO;26:53.6;26:53.6;NULL
11079;11556;ROJO BUICK;26:53.6;26:53.6;NULL
11080;11557;GRIS MATE METALIZADO;26:53.6;26:53.6;NULL
11081;11558;AZUL GRIS OCRE;26:53.6;26:53.6;NULL
11082;11559;GRIS ESPECTRO METALICO;26:53.6;26:53.6;NULL
11083;11560;ROJO CORSA;26:53.6;26:53.6;NULL
11084;11561;NARANJA SPICE METALIZADO NEGRO;26:53.6;26:53.6;NULL
11085;11562;GRIS ALUMINIO BLANC;26:53.6;26:53.6;NULL
11086;11563;CAFÉ CLARO BLANCO;26:53.7;26:53.7;NULL
11087;11564;CAFE CLARO NEGRO;26:53.7;26:53.7;NULL
11088;11565;VERDE INGLES METALIZADO NEGRO;26:53.7;26:53.7;NULL
11089;11566;AMARILLO BIRICHINO;26:53.7;26:53.7;NULL
12485;13241;CORALLIN;29:48.6;29:48.6;NULL
11090;11567;FUCSIA AMARILLO CROMO AZUL AGUAMARINA;26:53.7;26:53.7;NULL
11091;11568;BLANCO PLATA METALIZADO BLANCO;26:53.7;26:53.7;NULL
11092;11569;BLANCO PLATA METALIZADO NEGRO;26:53.7;26:53.7;NULL
11093;11570;GRIS ALFIERI;26:53.7;26:53.7;NULL
11094;11571;OSTRA METALIZADO;26:53.7;26:53.7;NULL
11095;11572;ORO GOLD;26:53.7;26:53.7;NULL
11096;11573;ROJO MOCA;26:53.7;26:53.7;NULL
11097;11574;PLATA SUIZO;26:53.7;26:53.7;NULL
11098;11575;VERDE ACIDO METALIZADO;26:53.7;26:53.7;NULL
11099;11576;GRIS MANITOBA METALIZADO;26:53.7;26:53.7;NULL
11100;11577;JUJUBE RED;26:53.7;26:53.7;NULL
11101;11578;NARANJA CANDY;26:53.7;26:53.7;NULL
11102;11579;VERDE ACIDO METALIZADO NEGRO SEDA BRILLANTE;26:53.7;26:53.7;NULL
11103;11580;NEGRO MIDNIGHT  ROJO METALIZADO;26:53.8;26:53.8;NULL
11104;11581;NEGRO DAYTONA;26:53.8;26:53.8;NULL
11105;11582;NEGRO PERLADO MICA;26:53.8;26:53.8;NULL
11106;11583;VERDE FRESCO METALIZADO;26:53.8;26:53.8;NULL
11107;11584;BLANCO VERDE NEGRO GRIS;26:53.8;26:53.8;NULL
11108;11585;AMARILLO OCRE NEGRO;26:53.8;26:53.8;NULL
11109;11586;AZUL BORRASQUE;26:53.8;26:53.8;NULL
11110;11587;ROJO SCARLET;26:53.8;26:53.8;NULL
11111;11588;NEGRO CALDERA;26:53.8;26:53.8;NULL
11112;11589;AZUL FORCLAZ;26:53.8;26:53.8;NULL
11113;11590;BLANCO LIPIZAN;26:53.8;26:53.8;NULL
11114;11591;AZUL ELECTRA;26:53.8;26:53.8;NULL
11115;11592;BEACH GOLD;26:53.8;26:53.8;NULL
11116;11593;GRIS GALLIUM;26:53.8;26:53.8;NULL
11117;11594;GRIS CARLINET;26:53.8;26:53.8;NULL
11118;11595;VERDE ARRECIFE METALICO NEGRO;26:53.8;26:53.8;NULL
11119;11596;PHANTOM RED HAZE;26:53.8;26:53.8;NULL
11120;11597;BLANCO AMALFI CON GRIS DAYTONA;26:53.9;26:53.9;NULL
11121;11598;AZUL ESCUBA CON PLATA HIELO;26:53.9;26:53.9;NULL
11122;11599;AZUL ESFERA CON NEGRO BRILLANTE;26:53.9;26:53.9;NULL
11123;11600;KAKI OSCURO METALIZADO;26:53.9;26:53.9;NULL
11124;11601;NEGRO PHANTOM CON PLATA HIELO;26:53.9;26:53.9;NULL
11125;11602;ROJO SHIRAZ CON PLATA HIELO;26:53.9;26:53.9;NULL
11126;11603;MARRON TECA  BLANCO AMALFI;26:53.9;26:53.9;NULL
11127;11604;GRIS DAYTONA EFECTO PERLA;26:53.9;26:53.9;NULL
11128;11605;MANGO TANGO;26:53.9;26:53.9;NULL
11129;11606;BLANCO NACRE;26:53.9;26:53.9;NULL
11130;11607;AZUL BOREAL METALICO;26:53.9;26:53.9;NULL
11131;11608;NARANJA ATACAMA;26:53.9;26:53.9;NULL
11132;11609;CAFE MATO;26:54.0;26:54.0;NULL
11133;11610;NEGRO MAGICO PERLADO;26:54.0;26:54.0;NULL
11134;11611;PLATA POLY;26:54.0;26:54.0;NULL
11135;11612;DESERT BLUE;26:54.0;26:54.0;NULL
11136;11613;NARANJA VALENCIA METALIZADO;26:54.0;26:54.0;NULL
11137;11614;BLANCO IBIS CON NEGRO;26:54.0;26:54.0;NULL
11138;11615;HIELO PLATA;26:54.0;26:54.0;NULL
11139;11616;NOIR CALDERA;26:54.0;26:54.0;NULL
11140;11617;ROSADO  CHAMPAÑA;26:54.0;26:54.0;NULL
11141;11618;BEIGE ÁUREO CON ROJO;26:54.0;26:54.0;NULL
11142;11619;BEIGE ÁUREO CON AZUL;26:54.0;26:54.0;NULL
11143;11620;BEIGE ÁUREO CON MARRÓN;26:54.0;26:54.0;NULL
11144;11621;BEIGE ÁUREO CON NEGRO;26:54.0;26:54.0;NULL
11145;11622;BEIGE ÁUREO;26:54.0;26:54.0;NULL
11146;11623;BEIGE METAL;26:54.0;26:54.0;NULL
11147;11624;NEGRO MIDNIGHT METALIZADO BLANCO;26:54.0;26:54.0;NULL
11148;11625;VERDE OXFORD METALIZADO NEGRO;26:54.0;26:54.0;NULL
11149;11626;MARRON HICKORY;26:54.0;26:54.0;NULL
11150;11627;AZUL BORACAY;26:54.0;26:54.0;NULL
11151;11628;CAFE GRAN CAÑON;26:54.1;26:54.1;NULL
11152;11630;GRIS ASFALTO;26:54.1;26:54.1;NULL
11153;11631;GRIS  SCANDIUM  METALIZADO;26:54.1;26:54.1;NULL
11154;11632;ROJO DINAMO PERLADO METALIZADO;26:54.1;26:54.1;NULL
11155;11633;PLATA BARI METALIZADO;26:54.1;26:54.1;NULL
11156;11634;AZUL BELLE-ILE;26:54.1;26:54.1;NULL
11157;11635;BLANCO COSMICO;26:54.1;26:54.1;NULL
11158;11636;AZUL COSMIC METALIZADO NEGRO;26:54.1;26:54.1;NULL
11159;11637;AZUL DE CHINA METALIZADO;26:54.1;26:54.1;NULL
11160;11638;BLANCO PLATINO ARIANNE;26:54.1;26:54.1;NULL
11161;11639;AZUL COSMIC METALIZADO;26:54.1;26:54.1;NULL
11162;11640;AMARILLO RALLY;26:54.1;26:54.1;NULL
11163;11641;NEGRO PERLA NER;26:54.1;26:54.1;NULL
11164;11642;ROJO NARANJA NEGRO GRIS;26:54.2;26:54.2;NULL
11165;11643;AZUL LUNAR METALIZADO;26:54.2;26:54.2;NULL
11166;11644;GRIS MONSOON;26:54.2;26:54.2;NULL
11167;11645;GRIS MONSOON METALIZADO;26:54.2;26:54.2;NULL
11168;11646;AZUL SCUBA;26:54.2;26:54.2;NULL
11169;11647;AZUL SCUBA METALIZADO;26:54.2;26:54.2;NULL
11170;11648;AZUL MUGELLO EFECTO PERLA;26:54.2;26:54.2;NULL
11171;11649;AZUL MUGELLO;26:54.2;26:54.2;NULL
11172;11650;AZUL LAVA;26:54.3;26:54.3;NULL
11173;11651;BLANCO AMALFI;26:54.3;26:54.3;NULL
11174;11652;BLANCO MENTA METALIZADO;26:54.3;26:54.3;NULL
11175;11653;PLATA CUVEE METALIZADO;26:54.3;26:54.3;NULL
11176;11654;PLATA PRISMA EFECTO CRISTALIZADO;26:54.3;26:54.3;NULL
11177;11655;PLATA MONZA METALIZADO;26:54.3;26:54.3;NULL
11178;11656;GRIS OLONG METALIZADO;26:54.3;26:54.3;NULL
11179;11657;GRIS SUZUKA METALIZADO;26:54.3;26:54.3;NULL
11180;11658;NEGRO HAVANA METALIZADO;26:54.3;26:54.3;NULL
11181;11659;BEIGE BAHÍA METALIZADO;26:54.3;26:54.3;NULL
11182;11660;BEIGE AURA METALIZADO;26:54.3;26:54.3;NULL
11183;11661;MARRON CARIBOU METALIZADO;26:54.3;26:54.3;NULL
11184;11662;MARRON CARIBU METALIZADO;26:54.3;26:54.3;NULL
11185;11663;MARRON JAVA METALIZADO;26:54.3;26:54.3;NULL
11186;11664;BEIGE PLATINO METALIZADO;26:54.4;26:54.4;NULL
11187;11665;NARANJA PASION;26:54.4;26:54.4;NULL
11188;11666;NARANJA CALIENTE;26:54.4;26:54.4;NULL
11189;11667;ROJO POMEGRANATE EFECTO PERLA;26:54.4;26:54.4;NULL
11190;11668;ROJO MISANO EFECTO PERLA;26:54.4;26:54.4;NULL
11191;11669;ROJO SHIRAZ METALIZADO;26:54.4;26:54.4;NULL
11192;11670;AZUL JET METALIZADO;26:54.4;26:54.4;NULL
11193;11671;AZUL ESTORIL EFECTO CRISTALIZADO;26:54.4;26:54.4;NULL
11194;11672;AZUL AVIATUR METALIZADO;26:54.4;26:54.4;NULL
11195;11673;AZUL CUMULO;26:54.4;26:54.4;NULL
11196;11674;VERDE PROFUNDO EFECTO PERLA;26:54.4;26:54.4;NULL
11197;11675;CRANBERRY RED;26:54.4;26:54.4;NULL
11198;11676;RED RACER;26:54.4;26:54.4;NULL
11199;11677;BLANCO PEPPER CHOCOLATE;26:54.4;26:54.4;NULL
11200;11678;NEGRO TITANIT;26:54.4;26:54.4;NULL
11201;11679;NEGRO MATE METALIZADO;26:54.4;26:54.4;NULL
11202;11680;AZUL BELLA;26:54.5;26:54.5;NULL
11203;11681;BRUN HICKORY;26:54.5;26:54.5;NULL
11204;11682;BEIGE BALEA;26:54.5;26:54.5;NULL
11205;11683;BRONZE;26:54.5;26:54.5;NULL
11206;11684;ELECTRUM GOLD;26:54.5;26:54.5;NULL
11207;11685;ORO ELECTRUM;26:54.5;26:54.5;NULL
11208;11686;AZUL HIELO BLANCO;26:54.5;26:54.5;NULL
11209;11687;PLATA EGIPTO METALICO;26:54.5;26:54.5;NULL
11210;11688;GRIS DAYTONAGRIS CLARO;26:54.5;26:54.5;NULL
11211;11689;GRIS DAYTONA EFECTO PERLA GRIS CLARO;26:54.5;26:54.5;NULL
11212;11690;CAFE CARAMELO;26:54.5;26:54.5;NULL
11213;11691;PLATA PERBENE;26:54.5;26:54.5;NULL
11214;11692;GRIS MARMOL METALICO;26:54.5;26:54.5;NULL
11215;11693;ROJO BORDEAUX PERLECENTE;26:54.5;26:54.5;NULL
11216;11694;PLATA BRILLANTE   METALICO;26:54.5;26:54.5;NULL
11217;11695;AZUL HIELO NEGRO;26:54.5;26:54.5;NULL
11218;11696;ROJO SHIRAZ CON GRIS DAYTONA;26:54.5;26:54.5;NULL
11219;11697;AZUL SCUBA CON GRIS DAYTONA;26:54.5;26:54.5;NULL
11220;11698;ROJO MISANO CON GRIS DAYTONA;26:54.5;26:54.5;NULL
11221;11699;AZUL ESFERA CON GRIS DAYTONA;26:54.6;26:54.6;NULL
11222;11700;BLANCO GLACIAR GRIS DAYTONA;26:54.6;26:54.6;NULL
11223;11701;AZUL CUMULO CON BLANCO AMALFI;26:54.6;26:54.6;NULL
11224;11702;NEGRO BRILLANTE CON BLANCO AMALFI;26:54.6;26:54.6;NULL
11225;11703;PLATA HIELO CON BLANCO AMALFI;26:54.6;26:54.6;NULL
11226;11704;NEGRO PHANTOM CON BLANCO AMALFI;26:54.6;26:54.6;NULL
11227;11705;ROJO SHIRAZ CON BLANCO AMALFI;26:54.6;26:54.6;NULL
11228;11706;AZUL SCUBA CON BLANCO AMALFI;26:54.6;26:54.6;NULL
11229;11707;ROJO MISANO CON BLANCO AMALFI;26:54.6;26:54.6;NULL
11230;11708;AZUL ESFERA CON BLANCO AMALFI;26:54.6;26:54.6;NULL
11231;11709;BLANCO GLACIAR BLANCO AMALFI;26:54.6;26:54.6;NULL
11232;11710;BLANCO AMALFI CON NEGRO BRILLANTE;26:54.6;26:54.6;NULL
11233;11711;AZUL CUMULO CON NEGRO BRILLANTE;26:54.6;26:54.6;NULL
11234;11712;PLATA HIELO CON NEGRO BRILLANTE;26:54.6;26:54.6;NULL
11235;11713;NEGRO PHANTOM CON NEGRO BRILLANTE;26:54.6;26:54.6;NULL
11236;11714;MARRÓN TECA CON NEGRO BRILLANTE;26:54.7;26:54.7;NULL
11237;11715;ROJO SHIRAZ CON NEGRO BRILLANTE;26:54.7;26:54.7;NULL
11238;11716;AZUL SCUBA  NEGRO BRILLANTE;26:54.7;26:54.7;NULL
11239;11717;ROJO MISANO CON NEGRO BRILLANTE;26:54.7;26:54.7;NULL
11240;11718;BLANCO GLACIAR NEGRO BRILLANTE;26:54.7;26:54.7;NULL
11241;11719;BLANCO AMALFI CON PLATA HIELO;26:54.7;26:54.7;NULL
11242;11720;AZUL CUMULO CON PLATA HIELO;26:54.7;26:54.7;NULL
11243;11721;NEGRO BRILLANTE CON PLATA HIELO;26:54.7;26:54.7;NULL
11244;11722;MARRÓN TECA CON PLATA HIELO;26:54.7;26:54.7;NULL
11245;11723;AZUL ESFERA CON PLATA HIELO;26:54.7;26:54.7;NULL
11246;11724;BLANCO GLACIAR PLATA HIELO;26:54.7;26:54.7;NULL
11247;11725;AZUL CUMULO CON GRIS DAYTONA;26:54.7;26:54.7;NULL
11248;11726;NEGRO BRILLANTE CON GRIS DAYTONA;26:54.7;26:54.7;NULL
11249;11727;PLATA HIELO CON GRIS DAYTONA;26:54.7;26:54.7;NULL
11250;11728;NEGRO PHANTOM CON GRIS DAYTONA;26:54.7;26:54.7;NULL
11251;11729;MARRÓN TECA CON GRIS DAYTONA;26:54.7;26:54.7;NULL
11252;11730;VELVET SILVER  BLANCO;26:54.7;26:54.7;NULL
11253;11731;VELVET SILVER  NEGRO;26:54.8;26:54.8;NULL
11254;11732;CHAMPAN METALIZADO;26:54.8;26:54.8;NULL
11255;11733;CAFE CREMA HABANO;26:54.8;26:54.8;NULL
11256;11734;AZUL AVIADOR EFECTO PERLA;26:54.8;26:54.8;NULL
11257;11735;AZUL TRINIDAD;26:54.8;26:54.8;NULL
11258;11736;PLATA METALIZADO NEGRO;26:54.8;26:54.8;NULL
11259;11737;SHOW ROJO METAL;26:54.8;26:54.8;NULL
11260;11738;PLATINO METALICO;26:54.8;26:54.8;NULL
11261;11739;PURPURA FANTASIA;26:54.8;26:54.8;NULL
11262;11740;BEIGE PIEDRA;26:54.8;26:54.8;NULL
11263;11741;BLACK RACER;26:54.8;26:54.8;NULL
11264;11742;BRUN CAJOU;26:54.9;26:54.9;NULL
11265;11743;NARANJA CAYENNE;26:54.9;26:54.9;NULL
11266;11744;GRIS MARTE;26:54.9;26:54.9;NULL
11267;11745;GRIS COSMO METALICO;26:54.9;26:54.9;NULL
11268;11746;AZUL DRAVA PERLADO;26:54.9;26:54.9;NULL
11269;11747;PLATA RIVIERA;26:54.9;26:54.9;NULL
11270;11748;ROJO LUCIFER METALICO;26:54.9;26:54.9;NULL
11271;11749;VELVET SILVER;26:54.9;26:54.9;NULL
11272;11750;ROJO SFRONTATO;26:54.9;26:54.9;NULL
11273;11751;ROJO LISBOA NEGRO EBONY;26:54.9;26:54.9;NULL
11274;11752;AZUL ISLANDIA BLANCO OLIMPICO;26:54.9;26:54.9;NULL
11275;11753;GRIS GALAPAGO BLANCO OLIMPICO;26:54.9;26:54.9;NULL
11276;11754;BLANCO OLIMPICO NEGRO EBONY;26:54.9;26:54.9;NULL
11277;11755;NEGRO EBONY PLATA BRILLANTE;26:54.9;26:54.9;NULL
11278;11756;AZUL ISLANDIA PLATA BRILLANTE;26:54.9;26:54.9;NULL
11279;11757;GRIS GALAPAGO PLATA BRILLANTE;26:54.9;26:54.9;NULL
11280;11758;ROJO LISBOA PLATA BRILLANTE;26:55.0;26:55.0;NULL
11281;11759;BLANCO PEPPER DEMIN BLUE;26:55.0;26:55.0;NULL
11282;11760;GRIS QUARZO METALIZADO;26:55.0;26:55.0;NULL
11283;11761;BLANCO BANCHISA;26:55.0;26:55.0;NULL
11284;11762;BLANCO DIAMANTE TRICAPA;26:55.0;26:55.0;NULL
11285;11763;OCEAN BLUE;26:55.0;26:55.0;NULL
11286;11764;VERDE DORADO NEGRO SABLE;26:55.0;26:55.0;NULL
11287;11765;ORO COSECHA CAFÉ OSCURO;26:55.0;26:55.0;NULL
11288;11766;PLATA METÁLICO ROJO LADRILLO;26:55.0;26:55.0;NULL
11289;11767;AZUL CARAMELO;26:55.0;26:55.0;NULL
11290;11768;NARANJA METALIZADO;26:55.0;26:55.0;NULL
11291;11769;ROJO BLANCO SOLIDO;26:55.0;26:55.0;NULL
11292;11770;BLANCO ALPINO ARENA;26:55.0;26:55.0;NULL
11293;11771;GRIS PIMIENTA METALICO;26:55.1;26:55.1;NULL
11294;11772;ROJO LISBOA BLANCO OLIMPICO;26:55.1;26:55.1;NULL
11295;11773;GRIS VIOLETA METALIZADO;26:55.1;26:55.1;NULL
11296;11774;BEIGE SAHARA METALICO;26:55.1;26:55.1;NULL
11297;11775;ROJO TORERO;26:55.1;26:55.1;NULL
11298;11776;GRIS METEORITO;26:55.1;26:55.1;NULL
11300;11778;BLANCO COMBINADO CON VERDE Y LISTAS NEGRAS;26:55.2;26:55.2;NULL
11301;11779;AZUL ENERGIA;26:55.2;26:55.2;NULL
11302;11780;GRIS CARLINITE;26:55.2;26:55.2;NULL
11303;11781;AZUL RECIFE METALICO;26:55.2;26:55.2;NULL
11304;11782;AZUL ISLANDIA NEGRO EBONY;26:55.2;26:55.2;NULL
11305;11783;GRIS HURRICANE;26:55.2;26:55.2;NULL
11306;11784;VENOM YELOW;26:55.2;26:55.2;NULL
11307;11785;GRIS BROWN;26:55.2;26:55.2;NULL
11308;11786;PLATA GALENA;26:55.2;26:55.2;NULL
11309;11787;VERDE POLICROMADO;26:55.3;26:55.3;NULL
11310;11788;VERDE ASIATICO;26:55.3;26:55.3;NULL
11311;11789;BLANCO MINERAL METALIZADO;26:55.3;26:55.3;NULL
11312;11790;AZUL BOURRASQUE;26:55.3;26:55.3;NULL
11313;11791;GRIS HARIA;26:55.3;26:55.3;NULL
11314;11792;AZUL BORRASCA METALIZADO;26:55.3;26:55.3;NULL
11315;11793;AZUL VERDOSO METALIZADO;26:55.3;26:55.3;NULL
11316;11794;GRIS MARSELLA;26:55.3;26:55.3;NULL
11317;11795;NEGRO PERLADO PLATA BRILLANTE;26:55.4;26:55.4;NULL
11318;11796;BLANCO GHIACCIO;26:55.4;26:55.4;NULL
11319;11797;CAFÉ CARAMELO METÁLICO;26:55.4;26:55.4;NULL
11320;11798;ORO SEDOSO;26:55.4;26:55.4;NULL
11321;11799;BLANCO GLACIAR METALIZADO;26:55.5;26:55.5;NULL
11322;11800;BLANCO GLACIAR;26:55.5;26:55.5;NULL
11323;11801;SHORELINE MIST;26:55.5;26:55.5;NULL
11324;11802;MANDARINA METALIZADO;26:55.5;26:55.5;NULL
11325;11803;AZUL LUXO;26:55.5;26:55.5;NULL
11326;11804;ORO CONVOY;26:55.5;26:55.5;NULL
11327;11805;ROJO ATRACTIVO;26:55.5;26:55.5;NULL
11328;11806;GRIS ICELAND METALICO;26:55.6;26:55.6;NULL
11329;11807;VERDE ARRECIFE AZUL BLANCO;26:55.6;26:55.6;NULL
11330;11808;NARANJA METALICO;26:55.6;26:55.6;NULL
11331;11809;AZUL DESIERTO;26:55.6;26:55.6;NULL
11332;11810;NEGRO OSCURO GRIS GRANITO METALIZADO;26:55.7;26:55.7;NULL
11333;11811;PLUM MIST;26:55.7;26:55.7;NULL
11334;11812;VERDE INGLES ATLANTICS;26:55.8;26:55.8;NULL
11335;11813;MIDNIGHT BLACK METALIZADO ROJO;26:55.8;26:55.8;NULL
11336;11814;GRIS DORADO NARANJA;26:55.8;26:55.8;NULL
11337;11815;WRBLUE MICA;26:55.8;26:55.8;NULL
11338;11816;ROJO ERYTHRY NEGRO;26:55.9;26:55.9;NULL
11339;11817;GRIS THORIUM BLANCO;26:55.9;26:55.9;NULL
11340;11818;TUNGSTEN METALIZADO;26:55.9;26:55.9;NULL
11341;11819;SUNSET NARANGA;26:55.9;26:55.9;NULL
11342;11820;BLANCO CON FRANJAS VERDE Y AMARILLA;26:55.9;26:55.9;NULL
11343;11821;VINO TINTO PERLADO CON FRANJAS VERDES Y AMARILLAS;26:55.9;26:55.9;NULL
11344;11823;PLATA BRILLANTE GRIS GALAPAGO;26:55.9;26:55.9;NULL
11345;11825;AZUL FIRMAMENTO METALIZADO;26:55.9;26:55.9;NULL
11346;11827;MOCCA METALICO;26:55.9;26:55.9;NULL
11347;11828;GRIS PIRINEOS;26:55.9;26:55.9;NULL
11348;11829;BLANCO NEVADA;26:55.9;26:55.9;NULL
11349;11830;PLATA GLACIAR METALIZADO;26:56.0;26:56.0;NULL
11350;11831;ROJO FUEGO METALIZADO;26:56.0;26:56.0;NULL
11351;11832;BLANCO AZUL TURQUEZA FRANJA ROJA;26:56.0;26:56.0;NULL
11352;11833;GRIS SIDOBRE METALICO;26:56.1;26:56.1;NULL
11353;11834;VERDE SUBLIME;26:56.1;26:56.1;NULL
11354;11835;BLANCO VERDE SUBLIME;26:56.2;26:56.2;NULL
11355;11836;GRIS DAYTONA GRIS OSCURO;26:56.2;26:56.2;NULL
11356;11837;NARANJA QUEMADO;26:56.2;26:56.2;NULL
11357;11838;AZUL MING;26:56.3;26:56.3;NULL
11358;11839;AZUL IMPERIAL METALICO;26:56.3;26:56.3;NULL
11359;11840;BLANCO OLIMPICO AMARILLO;26:56.3;26:56.3;NULL
11360;11841;BRONCE TAYRONA;26:56.3;26:56.3;NULL
11361;11842;BRONCE CAYU;26:56.3;26:56.3;NULL
11362;11843;ROJO VIPER;26:56.3;26:56.3;NULL
11363;11844;VERMILION;26:56.3;26:56.3;NULL
11364;11845;GRIS SOPHISTO II EFECTO DE BRILLO METALIZADO;26:56.3;26:56.3;NULL
11365;11846;ROJO ADEN BLANCO;26:56.4;26:56.4;NULL
11366;11847;BLANCO VERDE CON FRANJAS NEGRAS;26:56.4;26:56.4;NULL
11367;11848;AMARILLO VERDE CON FRANJAS GRISES;26:56.4;26:56.4;NULL
11368;11849;MONTPELLIER;26:56.4;26:56.4;NULL
11369;11850;MARRON METALIZADO;26:56.4;26:56.4;NULL
11370;11851;AMARILLO CELESTE;26:56.4;26:56.4;NULL
11371;11852;BLANCO ATENAS;26:56.4;26:56.4;NULL
11372;11853;BLANCO PLATA ARIANNE;26:56.4;26:56.4;NULL
11373;11854;AZUL MACAW;26:56.5;26:56.5;NULL
11374;11855;AMARILLO BRITANICO;26:56.5;26:56.5;NULL
11375;11856;CHAMPAGNE;26:56.5;26:56.5;NULL
11376;11857;ROJO SATURNO NEGRO;26:56.5;26:56.5;NULL
11377;11858;DORADO VERDE VINOTINTO BLANCO;26:56.5;26:56.5;NULL
11378;11859;PLATA GRIS COMBINADO;26:56.5;26:56.5;NULL
11379;11860;VERDE AGUAMARINA METALIZADA;26:56.5;26:56.5;NULL
11380;11861;GRIS CHAMPAN;26:56.5;26:56.5;NULL
11381;11862;CAFE CARAMELO METALICO;26:56.5;26:56.5;NULL
11382;11863;ORO AZTECA;26:56.5;26:56.5;NULL
11383;11864;AZUL DESIERTO BLANCO ALPINO;26:56.5;26:56.5;NULL
11384;11865;AZUL GRANITO METALICO;26:56.5;26:56.5;NULL
11385;11866;ROJO VIGOR;26:56.6;26:56.6;NULL
11386;11867;PLATA GALENA METALIZADO;26:56.6;26:56.6;NULL
11387;11868;GRIS CHAMP;26:56.6;26:56.6;NULL
11388;11869;ROSADO UVA METALICO;26:56.6;26:56.6;NULL
11389;11870;ACERO OSCURO;26:56.6;26:56.6;NULL
11390;11871;AMARILLO DOZER;26:56.6;26:56.6;NULL
11391;11872;NARANJA CRUSH;26:56.6;26:56.6;NULL
11392;11873;ESTRATO PLATA;26:56.6;26:56.6;NULL
11393;11874;LGT ARCENICA METALICO;26:56.6;26:56.6;NULL
11394;11875;VERDE ARMY;26:56.6;26:56.6;NULL
11395;11876;PLATA ALUMINIO;26:56.6;26:56.6;NULL
11396;11877;BLANCO SALMON NEGRO AZUL;26:56.7;26:56.7;NULL
11397;11878;NEGRO PERLADO AZUL SUAVE;26:56.7;26:56.7;NULL
11398;11879;BLANCO LILA SALMON ROJO;26:56.7;26:56.7;NULL
11399;11880;VERDE MARFIL MANDARINA;26:56.7;26:56.7;NULL
11400;11881;PLATEADO OLLIN;26:56.7;26:56.7;NULL
11401;11882;GRIS HARIA2;26:56.7;26:56.7;NULL
11402;11883;MOCHA MOCA;26:56.7;26:56.7;NULL
11403;11884;VERDE MORADO COMBINADO;26:56.7;26:56.7;NULL
11404;11885;GRIS MAGNETICO;26:56.7;26:56.7;NULL
11405;11886;PLATA GEDA METALICO;26:56.7;26:56.7;NULL
11406;11887;AZUL SANTORIN METALICO;26:56.7;26:56.7;NULL
11407;11889;GRIS PERLITA METALIZADO;26:56.7;26:56.7;NULL
11408;11890;AZUL TITAN;26:56.7;26:56.7;NULL
11409;11891;ROJO FUEGO METALICO;26:56.7;26:56.7;NULL
11410;11892;TURQUEZA METALICO;26:56.7;26:56.7;NULL
11411;11893;DORADO MICA METALICO;26:56.7;26:56.7;NULL
11412;11894;GRIS FER METALIZADO;26:56.8;26:56.8;NULL
11413;11895;GRIS SINGAPUR METALIZADO;26:56.8;26:56.8;NULL
11414;11896;GRIS ALBORADA METALIZADO;26:56.8;26:56.8;NULL
11415;11897;BLANCO VERDE TEAL COMBINADO;26:56.8;26:56.8;NULL
11416;11898;BLANCO ARCO BICAPA NEGRO;26:56.8;26:56.8;NULL
11417;11899;VERDE AMAZONIE;26:56.8;26:56.8;NULL
11418;11900;AZUL BRILLANTE METALICO;26:56.8;26:56.8;NULL
11419;11901;AZUL SURF NEGRO;26:56.8;26:56.8;NULL
11420;11902;BLANCO ALPINO ROJO;26:56.8;26:56.8;NULL
11421;11903;GRIS ALUMINIO BLANCO;26:56.8;26:56.8;NULL
11422;11904;ROJO PALMA NEGRO;26:56.8;26:56.8;NULL
11423;11905;BLANCO CANDY NEGRO;26:56.8;26:56.8;NULL
11424;11906;ROJO CORRIDA NEGRO;26:56.8;26:56.8;NULL
11425;11907;AZUL SPLASH;26:56.8;26:56.8;NULL
11426;11908;AMARILLO FUGAZ;26:56.9;26:56.9;NULL
11427;11909;BLANCO AZUL AMARILLO ROJO VERDE;26:56.9;26:56.9;NULL
11428;11910;AZUL ZAFIRO OSCURO METALIZADO BLANCO SOLIDO;26:56.9;26:56.9;NULL
11429;11911;VERDE MARMARA;26:56.9;26:56.9;NULL
11430;11912;BLANCO PERLA CRISTAL;26:56.9;26:56.9;NULL
11431;11913;ROJO MILLET;26:56.9;26:56.9;NULL
11432;11914;BLANCO SALMON ROJO LILA;26:56.9;26:56.9;NULL
11433;11915;ROJO BORDEAUX DORADO;26:56.9;26:56.9;NULL
11434;11916;AZUL SQUADRA;26:56.9;26:56.9;NULL
11435;11917;BLANCO CLADO;26:56.9;26:56.9;NULL
11436;11918;CAFE EXPRESSO;26:56.9;26:56.9;NULL
11437;11919;CAFE MOCCA;26:56.9;26:56.9;NULL
11438;11920;NARANJA RAME;26:56.9;26:56.9;NULL
11439;11921;PLATA ARGENTO;26:56.9;26:56.9;NULL
11440;11922;VERDE CHIARO;27:58.3;27:58.3;NULL
11441;11923;BLANCO CALDO;27:58.3;27:58.3;NULL
11442;11924;ROJO TERRANOVA BEIGE;27:58.3;27:58.3;NULL
11443;11925;DESERT BEIGE;27:58.3;27:58.3;NULL
11444;11926;VERDE ZAPOTE MARFIL;27:58.3;27:58.3;NULL
11445;11927;GRAPHITE;27:58.3;27:58.3;NULL
11446;11928;SAPHIRE BLUE;27:58.3;27:58.3;NULL
11447;11929;AZUL NOCTURNO METALICO;27:58.4;27:58.4;NULL
11448;11930;GRIS CAÑON METALICO;27:58.4;27:58.4;NULL
11449;11931;GRIS GALAPAGOS ANTRACITA METALICO;27:58.4;27:58.4;NULL
11450;11932;GRIS SILEX METALICO;27:58.4;27:58.4;NULL
11451;11933;PLATA COOL METALICO;27:58.4;27:58.4;NULL
11452;11934;PLATA TUNGSTENO METALICO;27:58.4;27:58.4;NULL
11453;11935;VERDE HIGHLAND METALICO;27:58.4;27:58.4;NULL
11454;11936;AZUL OCEANO PROFUNDO;27:58.4;27:58.4;NULL
11455;11937;VERDE NEGRO SABLEM;27:58.4;27:58.4;NULL
11456;11938;WILLOC METALLIC;27:58.5;27:58.5;NULL
11457;11939;VERDE CRISTALIZADO;27:58.5;27:58.5;NULL
11458;11940;GRIS TUNSTENO METALIZADO;27:58.5;27:58.5;NULL
11459;11941;SILVER METALICA;27:58.5;27:58.5;NULL
11460;11942;BERENJENA;27:58.5;27:58.5;NULL
11461;11943;MIDNIGHT BLACK METALLIC NEGRO;27:58.5;27:58.5;NULL
11462;11944;ROJO HOJA OTOÑAL;27:58.5;27:58.5;NULL
11463;11945;GRIS MEDIO METALICO;27:58.5;27:58.5;NULL
11464;11946;BEIGE TRIGO METALICO;27:58.5;27:58.5;NULL
11465;11947;AZUL IMPERIAL PERLADO;27:58.5;27:58.5;NULL
11466;11948;BEIGE BAHIA;27:58.5;27:58.5;NULL
11467;11949;AZUL VIOLETA PLATA;27:58.5;27:58.5;NULL
11468;11950;PLATA ROCA LUNAR METALICO;27:58.5;27:58.5;NULL
11469;11951;PLATA HIELO METALICO;27:58.5;27:58.5;NULL
11470;11952;PLATA TOPACIO;27:58.5;27:58.5;NULL
11471;11953;NEGRO NARANJADO;27:58.6;27:58.6;NULL
11472;11954;NARANJA AZUL NEGRO PLATA;27:58.6;27:58.6;NULL
11473;11955;ESMALTE VERDE ESMERALDA;27:58.6;27:58.6;NULL
11474;11956;PLATA CHAMPAN;27:58.6;27:58.6;NULL
11475;11957;VERDE BIRMANIA;27:58.6;27:58.6;NULL
11476;11958;WHISPER GREEN;27:58.6;27:58.6;NULL
11477;11959;AZUL PERSA;27:58.6;27:58.6;NULL
11478;11960;VERDE SUBLIME NEGRO ESMERALDA EFECTO;27:58.6;27:58.6;NULL
11479;11961;SALMON MARRON;27:58.6;27:58.6;NULL
11480;11962;ROJA;27:58.6;27:58.6;NULL
11481;11963;VERDE HIGHWAY METALICO;27:58.6;27:58.6;NULL
11482;11964;AMULET;27:58.6;27:58.6;NULL
11483;11965;AZUL FLOOP;27:58.6;27:58.6;NULL
11484;11966;AZUL UNIQUE ORO;27:58.7;27:58.7;NULL
11485;11967;VERDE METALIZADO GRIS PLATEADO;27:58.7;27:58.7;NULL
11486;11968;AZUL AMIRAL;27:58.7;27:58.7;NULL
11487;11969;ROJO FRENESI;27:58.7;27:58.7;NULL
11488;11970;LAVANDA PURPURA;27:58.7;27:58.7;NULL
11489;11971;VERDE ESMERALDA VERDE TURQUEZA;27:58.7;27:58.7;NULL
11490;11972;EFECTO CARBON;27:58.7;27:58.7;NULL
11491;11973;GRIS FER METAL;27:58.7;27:58.7;NULL
11492;11974;SPECIAL WINE;27:58.7;27:58.7;NULL
11493;11975;NEGRO PHANTOM;27:58.7;27:58.7;NULL
11494;11976;ROSA PERLADO;27:58.7;27:58.7;NULL
11495;11977;GRIS ROYAL BLANCO METALIZADO;27:58.7;27:58.7;NULL
11496;11978;AZUL LUPINO METALIZADO;27:58.8;27:58.8;NULL
11497;11979;BLANCO AURA AZUL RIO;27:58.8;27:58.8;NULL
11498;11980;SILVER SKY METALLIC;27:58.8;27:58.8;NULL
11499;11981;AZUL ACEITE MINERAL;27:58.8;27:58.8;NULL
11500;11982;NEGRO GRANITO;27:58.8;27:58.8;NULL
11501;11983;VERDE AVERO METALICO;27:58.8;27:58.8;NULL
11502;11984;ACERO MOCHA METALICO;27:58.8;27:58.8;NULL
11503;11985;AZUL HIELO METALICO;27:58.8;27:58.8;NULL
11504;11986;WILLOW MICATALLIC;27:58.8;27:58.8;NULL
11505;11987;GRIS TUNGSTENO METALIZADO;27:58.8;27:58.8;NULL
11506;11988;ROSADO MORADO COMBINADO;27:58.8;27:58.8;NULL
11507;11989;MANDARINA PERLA;27:58.8;27:58.8;NULL
11508;11990;PLATA SIRIO;27:58.8;27:58.8;NULL
11509;11991;GRIS MARINO;27:58.8;27:58.8;NULL
11510;11992;PLATA POLARIS;27:58.9;27:58.9;NULL
11511;11993;AZUL OCEANICO;27:58.9;27:58.9;NULL
11512;11994;ROJO INDIO;27:58.9;27:58.9;NULL
11513;11995;AZUL BRIO METALICO;27:58.9;27:58.9;NULL
11514;11996;AZUL MARINO METALIZADO;27:58.9;27:58.9;NULL
11515;11997;BEIGE SIWA;27:58.9;27:58.9;NULL
11516;11998;BRONCE MICA METALICO;27:58.9;27:58.9;NULL
11517;12000;GRIS ACERO SATINADO;27:58.9;27:58.9;NULL
11518;12001;GRIS RUSK;27:58.9;27:58.9;NULL
11519;12002;BEIGE BAHIA METALIZADO;27:58.9;27:58.9;NULL
11520;12003;MARRON BELUGA METALIZADO;27:59.0;27:59.0;NULL
11521;12004;MARRON MAYA METALIZADO;27:59.0;27:59.0;NULL
11522;12005;NARANJA SAMOA METALIZADO;27:59.0;27:59.0;NULL
11523;12006;ROJO VOLCAN METALIZADO;27:59.0;27:59.0;NULL
11524;12007;AZUL AVIADOR METALIZADO;27:59.0;27:59.0;NULL
11525;12008;AZUL SEPANG EFECTO PERLA;27:59.0;27:59.0;NULL
11526;12009;AZUL SEPANG EFECTO MATE;27:59.0;27:59.0;NULL
11527;12010;AZUL ATLANTIS METALIZADO;27:59.0;27:59.0;NULL
11528;12011;NEGRO FANTASMA EFECTO PERLA;27:59.0;27:59.0;NULL
11529;12012;AZ ORIENTAL;27:59.0;27:59.0;NULL
11530;12013;MORADO EFECTO ORQUIDEA CON NEGRO;27:59.1;27:59.1;NULL
11531;12014;GRIS QUARZO METALICO;27:59.1;27:59.1;NULL
11532;12015;GRIS CHATEAU;27:59.1;27:59.1;NULL
11533;12016;CHAMPAÑA  PLATEADO METALICO;27:59.1;27:59.1;NULL
11534;12017;VERDE INTENSO;27:59.1;27:59.1;NULL
11535;12018;ROJO ALBAICIN;27:59.2;27:59.2;NULL
11536;12019;VIOLETA NEGRO;27:59.2;27:59.2;NULL
11537;12020;MARRON CACHEMIRA METALICO;27:59.2;27:59.2;NULL
11538;12021;RIS ESPECTRO METALICO;27:59.2;27:59.2;NULL
11539;12022;AZUL MISTICO METALICO;27:59.2;27:59.2;NULL
11540;12023;AZUL TEMPESTAD METALICO;27:59.2;27:59.2;NULL
11541;12024;VERDE GECKO METALICO;27:59.2;27:59.2;NULL
11542;12025;BEIGE TITANIO METALICO;27:59.2;27:59.2;NULL
11543;12026;AZUL ACAPULCO METALICO;27:59.2;27:59.2;NULL
11544;12028;GRIS ATACAMA METALICO;27:59.2;27:59.2;NULL
11545;12029;GRIS OFFROAD METALICO;27:59.2;27:59.2;NULL
11546;12030;PLATA ARTICO METALICO;27:59.2;27:59.2;NULL
11547;12031;VERDE CAÑA METALICO;27:59.3;27:59.3;NULL
11548;12032;AZUL VIZCAYA PERLADO;27:59.3;27:59.3;NULL
11549;12033;MARRON SUAVE METALICO;27:59.3;27:59.3;NULL
11550;12034;GRIS HIERRO METALICO;27:59.3;27:59.3;NULL
11551;12035;AZUL GLACIAR METALICO;27:59.3;27:59.3;NULL
11552;12036;GRIS MOCCA PERLADO;27:59.3;27:59.3;NULL
11553;12037;GRIS ISLANDIA PERLADO;27:59.4;27:59.4;NULL
11554;12038;AZUL MEDIANOCHE PERLADO;27:59.4;27:59.4;NULL
11555;12039;AZUL NAVONA METALIZADO;27:59.4;27:59.4;NULL
11556;12040;GANACHE METALL;27:59.4;27:59.4;NULL
11557;12041;METALIZADO GRIS FER;27:59.4;27:59.4;NULL
11558;12042;GREEN;27:59.4;27:59.4;NULL
11559;12043;VERDE AZULOSO;27:59.5;27:59.5;NULL
11560;12044;PLATA ESPACIO;27:59.5;27:59.5;NULL
11561;12045;AMARILLO RACING;27:59.5;27:59.5;NULL
11562;12046;GRIS ALUMINIUM METALICO;27:59.5;27:59.5;NULL
11563;12047;ROJO OTOÑO;27:59.5;27:59.5;NULL
11564;12048;ROJO DORADO VINOTINTO;27:59.5;27:59.5;NULL
11565;12049;VERDE K;27:59.5;27:59.5;NULL
11566;12050;ROJO MAGMA METALIZADO;27:59.5;27:59.5;NULL
11567;12051;AMATISTA CON PURPURA;27:59.6;27:59.6;NULL
11568;12052;ROJO GARNET MICA;27:59.6;27:59.6;NULL
11569;12053;VERDE BLANCO AZUL ROJO;27:59.6;27:59.6;NULL
11570;12054;NARANJA INFIERNO;27:59.6;27:59.6;NULL
11571;12055;VERDE ABISAL NEGRO;27:59.6;27:59.6;NULL
11572;12056;BRONZE PLATIN METALIZADO;27:59.6;27:59.6;NULL
11573;12057;AZUL CAMALEON;27:59.6;27:59.6;NULL
11574;12058;VERDE OAKLAND METALICO;27:59.6;27:59.6;NULL
11575;12059;AZUL MONTEBELLO METALIZADO;27:59.6;27:59.6;NULL
11576;12060;ALUMINIUM SILVER Y BROOKLANDS GREEN;27:59.6;27:59.6;NULL
11577;12061;GRIS NATURAL METALICO;27:59.7;27:59.7;NULL
11578;12062;AZUL STARLIGHT METALICO;27:59.7;27:59.7;NULL
11579;12063;BROOKLANDS GREEN;27:59.7;27:59.7;NULL
11580;12064;ALUMINIUM SILVER;27:59.7;27:59.7;NULL
11581;12065;ROJO JAPAN;27:59.7;27:59.7;NULL
11582;12066;ROJO IMPERIAL METALIZADO;27:59.7;27:59.7;NULL
11583;12067;AZUL ORAGE;27:59.7;27:59.7;NULL
11584;12068;VERDE ABYSSE NACAR;27:59.7;27:59.7;NULL
11585;12069;AZUL RECIFE METALIZADO;27:59.7;27:59.7;NULL
11586;12070;ROJO SEMINOLE;27:59.7;27:59.7;NULL
11587;12071;ROJA PT;27:59.7;27:59.7;NULL
11588;12072;ROJO MAGMA;27:59.7;27:59.7;NULL
11589;12073;NARANJA PURO;27:59.7;27:59.7;NULL
11590;12074;WHITE NIGHT;27:59.7;27:59.7;NULL
11591;12075;GRIS FER METALICO;27:59.7;27:59.7;NULL
11592;12076;BLANCO MAT;27:59.7;27:59.7;NULL
11593;12077;AZUL SCUBA METALIZADO CON PLATA HIELO METALIZADO.;27:59.7;27:59.7;NULL
11594;12078;PLATA HIELO METALIZADO NEGRO BRILLANTE;27:59.7;27:59.7;NULL
11595;12079;BEIGE MYFAIR METALICO;27:59.8;27:59.8;NULL
11596;12080;NEGRO STANDARD BLACK CLEARCOAT;27:59.8;27:59.8;NULL
11597;12081;PANTONI AZUL;27:59.8;27:59.8;NULL
11598;12082;AZUL ABISAL;27:59.8;27:59.8;NULL
11599;12083;ROJO TENTACION;27:59.8;27:59.8;NULL
11600;12084;GRIS DAKOTA CON NEGRO;27:59.8;27:59.8;NULL
11601;12085;PLATA CUVEE CON NEGRO;27:59.8;27:59.8;NULL
11602;12086;GRIS AMATISTA CON NEGRO;27:59.8;27:59.8;NULL
11603;12087;BLANCO GLACIAL CON NEGRO;27:59.8;27:59.8;NULL
11604;12088;AZUL MAR CON NEGRO;27:59.8;27:59.8;NULL
11605;12089;AZUL MAR CON AZUL;27:59.8;27:59.8;NULL
11606;12090;PLATA SHARA CON MARRON;27:59.9;27:59.9;NULL
11607;12091;NEGRO BRILLANTE CON NEGRO;27:59.9;27:59.9;NULL
11608;12092;BEIGE AURUM  CON MARRON;27:59.9;27:59.9;NULL
11609;12093;ROJO BRILLANTE CON NEGRO;27:59.9;27:59.9;NULL
11610;12094;PLATA HIELO CON NEGRO;27:59.9;27:59.9;NULL
11611;12095;BLANCO IBIZA CON MARRON;27:59.9;27:59.9;NULL
11612;12096;BLANCO IBIS CON ROJO;27:59.9;27:59.9;NULL
11613;12097;AZUL LUNA CON NEGRO;27:59.9;27:59.9;NULL
11614;12098;AZUL NEVIS;27:59.9;27:59.9;NULL
11615;12099;CORINTO CON GRIS;27:59.9;27:59.9;NULL
11616;12100;STEEL SILVER METALLIC;27:59.9;27:59.9;NULL
11617;12101;ROJO AMBAR NEGRO;27:59.9;27:59.9;NULL
11618;12102;VERDE HURLEMENT;28:00.0;28:00.0;NULL
11619;12103;VINOTINTO SONOMA;28:00.0;28:00.0;NULL
11620;12104;AZUL SONIC;28:00.0;28:00.0;NULL
11621;12105;GRIS REAL;28:00.0;28:00.0;NULL
11622;12106;NEGRO SAFIRO;28:00.0;28:00.0;NULL
11623;12107;ROJO CANDELA;28:00.0;28:00.0;NULL
11624;12108;CAFE MOCA;28:00.0;28:00.0;NULL
11625;12109;AZUL MONTAÑA;28:00.0;28:00.0;NULL
11626;12110;VERDE LENZ;28:00.0;28:00.0;NULL
11627;12111;ROJO MONTSANT;28:00.0;28:00.0;NULL
11628;12112;AZUL APOLO;28:00.0;28:00.0;NULL
11629;12113;NEGRO UNIVERSO;28:00.0;28:00.0;NULL
11630;12114;AZUL SPEED;28:00.1;28:00.1;NULL
11631;12115;GRIS FURIA;28:00.1;28:00.1;NULL
11632;12116;ROJO MISANO EFECTO PERLA CON PLATA HIELO METALIZADO;28:00.1;28:00.1;NULL
11633;12117;ROSSO ORGOGLIOSO;28:00.1;28:00.1;NULL
11634;12118;NEGRO PHANTOM EFECTO PERLA CON PLATA HIELO METALIZADO;28:00.1;28:00.1;NULL
11635;12119;AZUL BONIT ISLA;28:00.2;28:00.2;NULL
11636;12120;NEGRO MAGICO METALIZADO;28:00.2;28:00.2;NULL
11637;12121;PRATA GEDA METALICO;28:00.2;28:00.2;NULL
11638;12122;AMETHYST VIOLET METALLIC;28:00.2;28:00.2;NULL
11639;12123;GRIS OSTRA METALIZADO MATE NEGRO SAPHIRE;28:00.2;28:00.2;NULL
11640;12124;AZUL LIGHTNING METALIZADO BLANCO;28:00.2;28:00.2;NULL
11641;12125;NEGRO PHANTOM CON NEGRO;28:00.2;28:00.2;NULL
11642;12126;GRIS CORSE METALICO;28:00.3;28:00.3;NULL
11643;12127;VERDE DOS TONOS;28:00.3;28:00.3;NULL
11644;12128;ROJO SHIRAZ METALIZADO GRIS DAYTONA EFECTO PERLA;28:00.3;28:00.3;NULL
11645;12129;NEGRO PHANTOM EFECTO PERLA GRIS DAYTONA;28:00.3;28:00.3;NULL
11646;12130;CAFE MONTURA;28:00.3;28:00.3;NULL
11647;12131;NEGRO TITAN PERLA COBRE;28:00.4;28:00.4;NULL
11648;12132;AZUL SERPENS;28:00.4;28:00.4;NULL
11649;12133;ROJO MISANO CON PLATA HIELO;28:00.4;28:00.4;NULL
11650;12134;AZUL ULTRA METALIZADO;28:00.4;28:00.4;NULL
11651;12135;BEIGE CANYON;28:00.4;28:00.4;NULL
11652;12136;GRIS MONOLITO;28:00.4;28:00.4;NULL
11653;12137;SHORELINE PLATA METALIZADO;28:00.4;28:00.4;NULL
11654;12138;ROJO MISANO EFECTO PERLA BLANCO AMALFY;28:00.4;28:00.4;NULL
11655;12139;GRIS DAYTONA PLATA HIELO;28:00.5;28:00.5;NULL
11656;12140;GRIS MONSUN METALIZADO;28:00.5;28:00.5;NULL
11657;12141;MARRON TERRA;28:00.5;28:00.5;NULL
11658;12142;AZUL HELADO;28:00.5;28:00.5;NULL
11659;12143;NARANJA GP;28:00.5;28:00.5;NULL
11660;12144;AZUL SCUBA CON PLATA HIELO;28:00.5;28:00.5;NULL
11661;12145;GRIS HIGHCLASS BLANCO;28:00.5;28:00.5;NULL
11662;12146;FUCSIA BEIGE;28:00.5;28:00.5;NULL
11663;12147;CARBON METALICO;28:00.6;28:00.6;NULL
11664;12148;GRIS DAYTONA;28:00.6;28:00.6;NULL
11665;12149;ESTRATO PERLA ROJO DORADO MORADO;28:00.6;28:00.6;NULL
11666;12150;GRIS NEGRO VERDE AZUL;28:00.7;28:00.7;NULL
11667;12151;NEGRO PHAMTON EFECTO PERLA;28:00.7;28:00.7;NULL
11668;12152;NEGRO PHAMTON CON NEGRO;28:00.7;28:00.7;NULL
11669;12153;AZUL LUNAR CON NEGRO;28:00.7;28:00.7;NULL
11670;12154;ROJO MICA METALICO;28:00.7;28:00.7;NULL
11671;12155;VERDE INGLES PLATEADO METALIZADO;28:00.7;28:00.7;NULL
11672;12156;CAMALEON;28:00.7;28:00.7;NULL
11673;12157;BLANCO CALA;28:00.7;28:00.7;NULL
11674;12158;CINZA CAMBURI;28:00.7;28:00.7;NULL
11675;12159;MARRON SIENA BEIGE PERLADO;28:00.7;28:00.7;NULL
11676;12160;NARANJA PERLADO;28:00.7;28:00.7;NULL
11677;12161;BLANCO BANQUISE METALICO;28:00.7;28:00.7;NULL
11678;12162;GRIS DAYTONA NEGRO BRILLANTE;28:00.7;28:00.7;NULL
11679;12163;GRIS DAYTONA BLANCO AMALFI;28:00.7;28:00.7;NULL
11680;12164;MARRON TECA PLATA HIELO;28:00.7;28:00.7;NULL
11681;12166;BLANCO GLACIAR NEGRO;28:00.7;28:00.7;NULL
11682;12167;GRIS MONSOON NEGRO;28:00.8;28:00.8;NULL
11683;12168;GRIS LAVA NEGRO;28:00.8;28:00.8;NULL
11684;12169;NARANJA SAMOA GRIS DAYTONA;28:00.8;28:00.8;NULL
11685;12170;PLATA SAHARA NEGRO;28:00.8;28:00.8;NULL
11686;12171;AZUL SCUBA NEGRO;28:00.8;28:00.8;NULL
11687;12172;BLANCO MINT METALIZADO;28:00.8;28:00.8;NULL
11688;12173;NARANJA MAGMA;28:00.8;28:00.8;NULL
11689;12174;BLANCO STANDARD;28:00.8;28:00.8;NULL
11690;12175;GRIS CONDOR;28:00.8;28:00.8;NULL
11691;12176;BLANCO CON FRANJAS VERDES AMARILLAS ROJAS;28:00.8;28:00.8;NULL
11692;12177;MORADO METALIZADO;28:00.8;28:00.8;NULL
11693;12178;PAPYRUS;28:00.8;28:00.8;NULL
11694;12179;GRIS SHARK ROJO;28:00.8;28:00.8;NULL
11695;12180;CHALK;28:00.8;28:00.8;NULL
11696;12181;FLY;28:00.9;28:00.9;NULL
11697;12182;GRAPE;28:00.9;28:00.9;NULL
11698;12183;LIGHT BLUE;28:00.9;28:00.9;NULL
11699;12185;LILY;28:00.9;28:00.9;NULL
11700;12186;MARASHINO;28:00.9;28:00.9;NULL
11701;12187;MINT;28:00.9;28:00.9;NULL
11702;12188;NIGHT;28:00.9;28:00.9;NULL
11703;12189;PINK;28:00.9;28:00.9;NULL
11704;12191;STRAWBERRY;28:00.9;28:00.9;NULL
11705;12192;VIOLET;28:00.9;28:00.9;NULL
11706;12193;BANANA;28:00.9;28:00.9;NULL
11707;12194;ROJO LISBOA NEGRO;28:00.9;28:00.9;NULL
11708;12195;ROJO ERYTHRE META;28:00.9;28:00.9;NULL
11709;12196;AZUL PHARAON;28:00.9;28:00.9;NULL
11710;12197;NEGRO PANTERA;28:00.9;28:00.9;NULL
11711;12198;MARRON DOLOMITA METALIZADO;28:01.0;28:01.0;NULL
11712;12199;AZUL MONTEBELLO METALICO;28:01.0;28:01.0;NULL
11714;12201;NEGRO 2 ROAD;28:01.0;28:01.0;NULL
11715;12202;BEIGE CLARO METAL;28:01.0;28:01.0;NULL
11716;12203;VERDE CRISTAL PERLADO;28:01.0;28:01.0;NULL
11717;12204;PLATA ESCOCES;28:01.0;28:01.0;NULL
11718;12205;NEGRO OPALO;28:01.0;28:01.0;NULL
11719;12206;DORADO CHAMPAGNE;28:01.0;28:01.0;NULL
11720;12207;NARANJA INGLES;28:01.0;28:01.0;NULL
11721;12208;ROJO MANCHESTER;28:01.0;28:01.0;NULL
11722;12209;DORADO ELEGANCE;28:01.0;28:01.0;NULL
11723;12210;PLATA CAVALIER;28:01.0;28:01.0;NULL
11724;12211;NEGRO NOBLE;28:01.0;28:01.0;NULL
11725;12212;ROJO YORK;28:01.0;28:01.0;NULL
11726;12213;AZUL VICTORIA;28:01.0;28:01.0;NULL
11727;12214;AMARILLO TUDOR;28:01.0;28:01.0;NULL
11728;12215;MORADO BRILLANTE;28:01.1;28:01.1;NULL
11729;12216;NEGRO EMBER;28:01.1;28:01.1;NULL
11730;12217;AMARILLO SOLIDO;28:01.1;28:01.1;NULL
11731;12218;AZUL REBEL;28:01.1;28:01.1;NULL
11732;12219;GRIS SABILA;28:01.1;28:01.1;NULL
11733;12220;NACAR;28:01.1;28:01.1;NULL
11734;12221;AZUL RIO;28:01.1;28:01.1;NULL
11735;12222;BLANCO TRICOLOR;28:01.1;28:01.1;NULL
11736;12223;PLATA VELVET NEGRO METALIZADO;28:01.1;28:01.1;NULL
11737;12224;BLANCO FUCSIA PLATEADO;28:01.1;28:01.1;NULL
11738;12225;ROJO PASION PLATEADO;28:01.1;28:01.1;NULL
11739;12226;AZUL FANTASIA METALIZADA;28:01.1;28:01.1;NULL
11740;12227;AZUL UNIVERSO METALLIC;28:01.2;28:01.2;NULL
11741;12228;GRIS MONOLITO METALLIC;28:01.2;28:01.2;NULL
11742;12229;NARANJA CREMA ROJO VINOTINTO;28:01.2;28:01.2;NULL
11743;12230;BLANCO LUNA CAFE AMARILLO BEIGE;28:01.2;28:01.2;NULL
11744;12231;FUSION WHITE;28:01.2;28:01.2;NULL
11745;12232;SULPHUR YELLOW;28:01.2;28:01.2;NULL
11746;12233;MARRON CITRINA METALIZADO;28:01.2;28:01.2;NULL
11747;12234;AZUL ALUMINIO;28:01.2;28:01.2;NULL
11748;12235;ROJO CHIANTI;28:01.3;28:01.3;NULL
11749;12236;ORO COSECHA;28:01.3;28:01.3;NULL
11750;12237;BLANCO MAHLER NEGRO;28:01.3;28:01.3;NULL
11751;12238;MANDARINA DURZNO GRIS;28:01.3;28:01.3;NULL
11752;12239;ROJO RACING BLANCO ALPINO;28:01.3;28:01.3;NULL
11753;12240;AZUL UNIVERSO METALIZADO;28:01.3;28:01.3;NULL
11754;12241;BLANCO NEGRO ROJO AMARILLO VERDE;28:01.3;28:01.3;NULL
11755;12242;BEIGE MARRUECOS NEGRO;28:01.3;28:01.3;NULL
11756;12243;TERRA BRONCE;28:01.3;28:01.3;NULL
11757;12244;AVALON MICA;28:01.3;28:01.3;NULL
11758;12245;BLANCO PLATA NEGRO METALIZADO;28:01.4;28:01.4;NULL
11759;12246;BLANCO CON ROSADO COMBINADO;28:01.4;28:01.4;NULL
11760;12247;GRIS ECLIPSE PLATEADO METALIZADO;28:01.4;28:01.4;NULL
11761;12248;ROJO BAVARIA AMARILLO;28:01.4;28:01.4;NULL
11762;12251;NEGRO OSCURO BASTIDOR GRIS GRANITO METALIZADO MATE;28:01.4;28:01.4;NULL
11763;12252;PLUM;28:01.4;28:01.4;NULL
11764;12253;SIWA;28:01.4;28:01.4;NULL
11765;12254;MARRON BORDEAUX;28:01.4;28:01.4;NULL
11766;12255;CAFE HAVANNA METALIZADO;28:01.4;28:01.4;NULL
11767;12256;ROJO VULCANO METALIZADO;28:01.4;28:01.4;NULL
11768;12257;GRIS SHARK BLANCO;28:01.4;28:01.4;NULL
11769;12258;CARIBBEAN BLUE;28:01.5;28:01.5;NULL
11770;12259;PLATA STORM;28:01.5;28:01.5;NULL
11771;12260;NEGRO ESTRATO PERLA;28:01.5;28:01.5;NULL
11772;12261;ROJO BRUNELLO;28:01.5;28:01.5;NULL
11773;12262;ROJO ROJA;28:01.5;28:01.5;NULL
11774;12264;COBRE SILICE;28:01.5;28:01.5;NULL
11775;12265;AZUL MARTIN EFECTO PERLA;28:01.5;28:01.5;NULL
11776;12266;AZUL AMARILLO NARANJA NEGRO AEROGRAFITADO;28:01.5;28:01.5;NULL
11777;12267;GRIS GRAFITO METALICO;28:01.5;28:01.5;NULL
11778;12268;VERDE MAORI METALICO;28:01.5;28:01.5;NULL
11779;12269;GRIS QUARTZ METALICO;28:01.5;28:01.5;NULL
11780;12270;PORTOFINO RED;28:01.6;28:01.6;NULL
11781;12271;METALICO OLIVA;28:01.6;28:01.6;NULL
11782;12272;AZUL ESPLENDOR;28:01.6;28:01.6;NULL
11783;12273;ROJO MISTICO;28:01.6;28:01.6;NULL
11784;12274;NEGRO FUGAZ;28:01.6;28:01.6;NULL
11785;12275;BLANCO NIEVE PERLADO;28:01.6;28:01.6;NULL
11786;12276;VERDE BLANCO AZUL DURAZNO;28:01.6;28:01.6;NULL
11787;12277;MARASCHIN;28:01.6;28:01.6;NULL
11788;12278;AZUL AMETISTA;28:01.6;28:01.6;NULL
11789;12279;GRIS GABION;28:01.6;28:01.6;NULL
11790;12280;AZUL TITANIO METALIZADO;28:01.6;28:01.6;NULL
11791;12281;BLANCO CROMADO;28:01.7;28:01.7;NULL
11792;12282;BLANCO PURO NEGRO;28:01.7;28:01.7;NULL
11793;12283;ROYAL BROWN;28:01.7;28:01.7;NULL
11794;12284;AZUL CORCEGA BLANCO;28:01.7;28:01.7;NULL
11795;12285;AZUL LIGHTNING METALIZADO NEGRO;28:01.7;28:01.7;NULL
11796;12286;ROJO SUPER / NEGRO;28:01.7;28:01.7;NULL
11797;12287;TURQUESA ROJO NEGRO;28:01.7;28:01.7;NULL
11798;12288;POPPY SOLID;28:01.7;28:01.7;NULL
11799;12289;ROJO VALLELUNGA METALICO;28:01.7;28:01.7;NULL
11800;12290;GOLD STRIPE;28:01.7;28:01.7;NULL
11801;12291;BLANCO GLACIAR CON NEGRO;28:01.8;28:01.8;NULL
11802;12292;TURQUESA OSCURO METALIZADO;28:01.8;28:01.8;NULL
11803;12293;GRIS TELLURIUM;28:01.8;28:01.8;NULL
11804;12294;VERDE BOX;28:01.8;28:01.8;NULL
11805;12295;AZUL COSMICO METALIZADO;28:01.8;28:01.8;NULL
11806;12296;AZUL TOSSABLAU METALICO;28:01.9;28:01.9;NULL
11807;12297;BRONCE SOLID;28:01.9;28:01.9;NULL
11808;12298;PINK MET;28:01.9;28:01.9;NULL
11809;12299;ROJO ESCARCHA;28:01.9;28:01.9;NULL
11810;12300;VERDE ESCARCHA;28:01.9;28:01.9;NULL
11811;12301;DORADO ESCARCHA;28:01.9;28:01.9;NULL
11812;12302;BURDEO METALICO;28:01.9;28:01.9;NULL
11813;12303;PLATA SORRENTO Y NEGRO;28:01.9;28:01.9;NULL
11814;12304;POPPY;28:01.9;28:01.9;NULL
11815;12305;VERDE OSCURO Y NEGRO;28:02.0;28:02.0;NULL
11816;12306;BLANCO OLIMPICO Y VIOLETA;28:02.0;28:02.0;NULL
11817;12307;AZUL TITANIO METALICO;28:02.0;28:02.0;NULL
11818;12308;SKY BLUE;28:02.0;28:02.0;NULL
11819;12309;GRIS HIGHCLASS NEGRO;28:02.0;28:02.0;NULL
11820;12310;AZUL VIRTUAL;28:02.0;28:02.0;NULL
11821;12311;GRIS SPIRIT;28:02.0;28:02.0;NULL
11822;12312;GRIS BLOSSOM;28:02.0;28:02.0;NULL
11823;12313;GRIS NOVARA;28:02.0;28:02.0;NULL
11824;12314;AZUL TORMENTA METALIZADO;28:02.0;28:02.0;NULL
11825;12315;BLANCO AZUL ROJO MARRON;28:02.0;28:02.0;NULL
11826;12316;PLATA MORADO NEGRO BLANCO;28:02.0;28:02.0;NULL
11827;12317;ROSSO SFRONTATO;28:02.0;28:02.0;NULL
11828;12318;ROJO SEDA;28:02.1;28:02.1;NULL
11829;12319;LOIRE GREEN;28:02.1;28:02.1;NULL
11830;12320;AMBAR DORADO;28:02.1;28:02.1;NULL
11831;12321;ROJO ELECTRICID;28:02.1;28:02.1;NULL
11832;12322;PLATA REFLEX METALICO NEGRO;28:02.1;28:02.1;NULL
11833;12323;BEIGE CARRARA AMARILLO;28:02.1;28:02.1;NULL
11834;12324;PLATA HIELO PERLADO;28:02.1;28:02.1;NULL
11835;12325;NUEVO PLATA MEDIO METALICO;28:02.1;28:02.1;NULL
11836;12327;AMARILLO PERSEPOLIS METALIZADO;28:02.2;28:02.2;NULL
11837;12328;NEGRO PERLADO  AZUL CORCEGA;28:02.2;28:02.2;NULL
11838;12329;GRIS CENIZA METALICO;28:02.2;28:02.2;NULL
11839;12330;GRIS DOS TONOS;28:02.2;28:02.2;NULL
11840;12331;CYBER GREY;28:02.2;28:02.2;NULL
11841;12332;NEGRO DIAMANTE DORADO;28:02.2;28:02.2;NULL
11842;12334;AZUL CENIZO;28:02.2;28:02.2;NULL
11843;12335;VERDE LIMON POLICIA;28:02.2;28:02.2;NULL
11844;12336;GRIS MODERNO;28:02.2;28:02.2;NULL
11845;12337;BLANCO GALAXIA NARANJA;28:02.2;28:02.2;NULL
11846;12338;AZUL TOSSA METALICO;28:02.2;28:02.2;NULL
11847;12339;VERDE COMANDO;28:02.2;28:02.2;NULL
11848;12340;BEIGE SAVANNAH METALIZADO;28:02.2;28:02.2;NULL
11849;12341;AZUL LEMAN;28:02.2;28:02.2;NULL
11850;12342;ROJO PABOT;28:02.2;28:02.2;NULL
11851;12343;ROJO CARAMELO PERLADO;28:02.2;28:02.2;NULL
11852;12344;ROJO BERONA;28:02.3;28:02.3;NULL
11853;12345;AMBAR;28:02.3;28:02.3;NULL
11854;12346;PLATA OSCUNA NARANJA;28:02.3;28:02.3;NULL
11855;12347;ARCE ROJO METALIZADO;28:02.3;28:02.3;NULL
11856;12348;GREEN GRASS;28:02.3;28:02.3;NULL
11857;12349;FUEGO AZUL;28:02.3;28:02.3;NULL
11858;12350;KALAMATA METALICO;28:02.3;28:02.3;NULL
11859;12351;KASCHMIR;28:02.3;28:02.3;NULL
11860;12352;AZUL MAURITIUS BLANCO;28:02.3;28:02.3;NULL
11861;12353;AZUL WIDSOR METALIZADO;28:02.3;28:02.3;NULL
11862;12354;CAFE KALAMATA METALIZADO MATE;28:02.3;28:02.3;NULL
11863;12356;NEGRO ZAFIRO METALIZADO BLANCO ALPINO;28:02.4;28:02.4;NULL
11864;12357;AZUL CORDOBA;28:02.4;28:02.4;NULL
11865;12359;TRICOLOR;28:02.4;28:02.4;NULL
11866;12360;PLATA METAL NEGRO;28:02.4;28:02.4;NULL
11867;12361;WINE RED;28:02.4;28:02.4;NULL
11868;12362;MANDARINA DURAZNO GRIS;28:02.4;28:02.4;NULL
11869;12363;AZUL RIO TECHO NEGRO;28:02.4;28:02.4;NULL
11870;12364;AZUL REEF METALIZADO;28:02.4;28:02.4;NULL
11871;12365;ROJO CORSA NEGRO;28:02.4;28:02.4;NULL
11872;12366;NEGRO TITAN ESPECIAL;28:02.4;28:02.4;NULL
11873;12367;AZUL TIVOLI METALICO;28:02.5;28:02.5;NULL
11874;12368;NEGRO PERLADO PLATA;28:02.5;28:02.5;NULL
11875;12369;GRIS ECLIPSE METALIZADO;28:02.5;28:02.5;NULL
11876;12370;BLANCO GLACIAR METALIZADO GRIS DAYTONA EFECTO PERLA;28:02.5;28:02.5;NULL
11877;12371;PLATA MERCURIO METALICO;28:02.5;28:02.5;NULL
11878;12372;GRIS TEKTIT METALICO;28:02.5;28:02.5;NULL
11879;12373;BLANCO PLATA METALIZADO ROJO;28:02.5;28:02.5;NULL
11880;12374;NEGRO TITAN GRIS;28:02.5;28:02.5;NULL
11881;12375;BLANCO SEDA ARTICO;28:02.5;28:02.5;NULL
11882;12376;ROJO CARBON MATE;28:02.5;28:02.5;NULL
11883;12377;GRIS CONTINENTAL;28:02.5;28:02.5;NULL
11884;12378;NAVY AZUL OSCURO;28:02.5;28:02.5;NULL
11885;12379;NEGRO FUCSIA BLANCO VERDE;28:02.5;28:02.5;NULL
11886;12380;SILICE TORNADO ROJO;28:02.5;28:02.5;NULL
11887;12381;ROJO ELEGANT PERLADO;28:02.5;28:02.5;NULL
11888;12382;GRIS STRATO PLATA NEGRO;28:02.5;28:02.5;NULL
11889;12383;DRIFWOOD;28:02.5;28:02.5;NULL
11890;12384;ROJO PETRUS;28:02.5;28:02.5;NULL
11891;12385;GRIS BAMBU;28:02.6;28:02.6;NULL
11892;12386;VERDE MUNA;28:02.6;28:02.6;NULL
11893;12387;VERDE KOLETA;28:02.6;28:02.6;NULL
11894;12388;NARANJA TNT;28:02.6;28:02.6;NULL
11895;12389;BLANCO ALBINO;28:02.6;28:02.6;NULL
11896;12390;AZUL ESTRATOSFERICO;28:02.6;28:02.6;NULL
11897;12391;GRIS XEROX ROJO;28:02.6;28:02.6;NULL
11898;12392;ULTRA PLATA NEGRO;28:02.6;28:02.6;NULL
11899;12393;GRIS SEBRING METALICO NEGRO;28:02.6;28:02.6;NULL
11900;12394;BLANCO ROCOCO;28:02.6;28:02.6;NULL
11901;12395;GRIS THUNDER METALIZADO;28:02.6;28:02.6;NULL
11902;12396;AZUL PRUSIA METALIZADO;28:02.6;28:02.6;NULL
11903;12397;AZUL SUPERIOR BLANCO;28:02.6;28:02.6;NULL
11904;12398;POLICROMIA;28:02.6;28:02.6;NULL
11905;12399;SAVANNAH MICA;28:02.6;28:02.6;NULL
11906;12400;CIRRUSBLAU METALICO;28:02.6;28:02.6;NULL
11907;12401;AZUL REY AZUL FANTASIA;28:02.7;28:02.7;NULL
11908;12402;VERDENO;28:02.7;28:02.7;NULL
11909;12403;BEIGE CHAMPANG;28:02.7;28:02.7;NULL
11910;12404;SILVER STREAK MICA;28:02.7;28:02.7;NULL
11911;12405;BLANCO SIRIO;28:02.7;28:02.7;NULL
11912;12406;NEGRO VERDE NARANJA;28:02.7;28:02.7;NULL
11913;12407;WILDBERRY RED;28:02.7;28:02.7;NULL
11914;12408;CANDY LUCID RED;28:02.7;28:02.7;NULL
11915;12409;CANDY ARUJA BLUE;28:02.7;28:02.7;NULL
11916;12410;PURE RED;28:02.7;28:02.7;NULL
11917;12411;GLINT WAVE BLUE;28:02.7;28:02.7;NULL
11918;12412;METALLIC;28:02.7;28:02.7;NULL
11919;12413;FORCE SILVER METALLIC;28:02.7;28:02.7;NULL
11920;12414;PEARL CANCER WHITE;28:02.7;28:02.7;NULL
11921;12415;PEARL COTTON IVORY;28:02.7;28:02.7;NULL
11922;12416;PEARL COSMIC BLACK;28:02.7;28:02.7;NULL
11923;12417;PEARL PROCYON BLACK;28:02.8;28:02.8;NULL
11924;12418;SAVANNAH;28:02.8;28:02.8;NULL
11925;12419;AZUL MARINO METALICO;28:02.8;28:02.8;NULL
11926;12420;VERDE RAYAS TRES TONOS;28:02.8;28:02.8;NULL
11928;12422;SUPER BLANCO 2 NEGRO;28:02.8;28:02.8;NULL
11929;12423;NEGRO ACERO;28:02.8;28:02.8;NULL
11930;12424;NEGRO DIAMANTE GRIS RACING;28:02.8;28:02.8;NULL
11931;12425;VERDE MALACHITA;28:02.8;28:02.8;NULL
11932;12426;NEGRO SEDA DIAMANTE;28:02.8;28:02.8;NULL
11933;12427;GRIS CENIZA METALIZADO;28:02.8;28:02.8;NULL
11934;12428;NEGRO DIAMANTE CON GRIS RACING;28:02.8;28:02.8;NULL
11935;12429;AMARILLO ACIDO CON NEGRA;28:02.8;28:02.8;NULL
11936;12430;NEGRO BRILLANTE CON BLANCA;28:02.9;28:02.9;NULL
11937;12431;AZUL ATLANTICO CON BLANCA;28:50.3;28:50.3;NULL
11938;12432;NEGRO CON ROJO ANARANJADO;28:50.3;28:50.3;NULL
11939;12433;NEGRO CON BLANCA;28:50.3;28:50.3;NULL
11940;12434;AMARILLO QUEMADO CON NEGRA;28:50.3;28:50.3;NULL
11941;12435;GRIS CON NEGRA;28:50.4;28:50.4;NULL
11942;12436;BLANCO PERLA CON ROJA;28:50.4;28:50.4;NULL
11943;12437;ROJA CON BLANCA;28:50.4;28:50.4;NULL
11944;12438;ROJO CON BLANCO NEGRA;28:50.4;28:50.4;NULL
11945;12439;TITANIO CON NEGRA;28:50.4;28:50.4;NULL
11946;12440;ROJO ANARANJADO CON NEGRA;28:50.4;28:50.4;NULL
11947;12441;ROJO CON BLANCA;28:50.4;28:50.4;NULL
11948;12442;BEIGE METALIZADO ROJO AMARILLO;28:50.4;28:50.4;NULL
11949;12443;BLANCO AZUL GRISACEO;28:50.4;28:50.4;NULL
11950;12444;BLANCO OLIMPICO  NEGRO;28:50.4;28:50.4;NULL
11951;12445;GRIS OSCURO MICA METALICO CLARO;28:50.4;28:50.4;NULL
11952;12446;VERDE TURQUEZA METALICO;28:50.4;28:50.4;NULL
11953;12447;AMARILLO NEGRO SEDA BRILLANTE;28:50.4;28:50.4;NULL
11954;12448;GRIS PIEDRA METALIZADO;28:50.4;28:50.4;NULL
11955;12450;NEGRO F;28:50.4;28:50.4;NULL
11956;12451;CAFE TOFFEE;28:50.4;28:50.4;NULL
11957;12452;BLANCO AURA NEGRO GRIS;28:50.4;28:50.4;NULL
11958;12453;ROJO MANZANA METALIZADO;28:50.4;28:50.4;NULL
11959;12454;PLATA VELVET METALIZADO NEGRO;28:50.4;28:50.4;NULL
11960;12455;ROJO ANARANJADO ASIENTO NEGRO GRIS;28:50.4;28:50.4;NULL
11961;12456;GRIS HIGHCLASS;28:50.4;28:50.4;NULL
11962;12457;BRONCE PLATINO METALIZADO;28:50.4;28:50.4;NULL
11963;12458;KITE BLUE METALIZADO NEGRO;28:50.5;28:50.5;NULL
11964;12459;GRAFITO METALIZADO MATE;28:50.5;28:50.5;NULL
11965;12460;NARANJA K;28:50.5;28:50.5;NULL
11966;12461;NEGRO SEDA BRILLANTE GRIS GRANITO METALIZADO;28:50.5;28:50.5;NULL
11967;12462;NEGRO CARBONO ROJO;28:50.5;28:50.5;NULL
11968;12463;PLATA CRISTAL NEGRO METALIZADO;28:50.5;28:50.5;NULL
11969;12464;ROJO MAGMA BLANCO ALUMINIO;28:50.5;28:50.5;NULL
11970;12465;VERT LONGCHAMPS;28:50.5;28:50.5;NULL
11971;12466;SIENA;28:50.5;28:50.5;NULL
11972;12467;AMARILLO SOLEGGIATO;28:50.5;28:50.5;NULL
11973;12468;AZUL TRUE NEGRO METALIZADO;28:50.5;28:50.5;NULL
11974;12469;PLATA BLANCO METALIZADO NEGRO;28:50.5;28:50.5;NULL
11975;12470;VERDE GECKO;28:50.5;28:50.5;NULL
11976;12471;GRIS ECLIPSE NEGRO METALIZADO;28:50.5;28:50.5;NULL
11977;12473;BLANCO AURA ASIENTO NEGRO ROJO;28:50.5;28:50.5;NULL
11978;12474;PLATA MORON;28:50.6;28:50.6;NULL
11979;12475;DORADO NEGRO CUSTOM;28:50.6;28:50.6;NULL
11980;12476;NEGRO TITAN CON DOS FRANJAS BLANCAS;28:50.6;28:50.6;NULL
11981;12477;PLATA CRISTAL METALIZADO NEGRO;28:50.6;28:50.6;NULL
11982;12478;PALLADIOM SILVER;28:50.6;28:50.6;NULL
11983;12479;DIAMANTE NEGRO CUSTOM;28:50.6;28:50.6;NULL
11984;12480;PALLADIUM SILVER;28:50.6;28:50.6;NULL
11985;12481;AMARILLO KIWI;28:50.6;28:50.6;NULL
11986;12482;GRIS PLATA SORRENTO;28:50.6;28:50.6;NULL
11987;12483;AMARILLO ATARDECER ASIENTO NEGRO GRIS;28:50.6;28:50.6;NULL
11988;12484;BLANCO AURA ASIENTO NEGRO GRIS;28:50.6;28:50.6;NULL
11989;12485;ROJO TEXAS BLANCO;28:50.6;28:50.6;NULL
11990;12486;GRIS ROYAL METALIZADO BLANCO;28:50.6;28:50.6;NULL
11991;12487;VERDE OLIVA METALIZADO BLANCO;28:50.7;28:50.7;NULL
11992;12488;VINO TINTO BLANCO SALMON;28:50.7;28:50.7;NULL
11993;12489;GRIS METAL;28:50.7;28:50.7;NULL
11994;12490;GRIS ROYAL METALIZADO;28:50.7;28:50.7;NULL
11995;12491;AZUL COSMICO METALIZADO BLANCO;28:50.7;28:50.7;NULL
11996;12492;AZUL KITE;28:50.7;28:50.7;NULL
11997;12493;GRIS ROOFTOP;28:50.7;28:50.7;NULL
11998;12494;BEIGE CANYON  METALLIC;28:50.7;28:50.7;NULL
11999;12495;NEGRO ABSOLUTO METALIZADO BLANCO;28:50.7;28:50.7;NULL
12000;12496;AZUL ONIX PERLADO MICA;28:50.7;28:50.7;NULL
12001;12497;PLATA TORNASOL METALICO;28:50.7;28:50.7;NULL
12002;12498;GRIS CARBON METALICO;28:50.7;28:50.7;NULL
12003;12499;AZUL EUROPA METALIZADO;28:50.7;28:50.7;NULL
12004;12502;UMBER METALICO;28:50.7;28:50.7;NULL
12005;12504;CHOCOLATE HOT NEGRO METALIZADO;28:50.7;28:50.7;NULL
12006;12505;GRIS SOPHISTO II EFECTO DE BRILLO;28:50.8;28:50.8;NULL
12007;12506;GRIS MINERAL METALIZADO;28:50.8;28:50.8;NULL
12008;12507;BLANCO PERLADO NEGRO;28:50.8;28:50.8;NULL
12009;12508;AZUL MARES DEL SUR METALIZADA;28:50.8;28:50.8;NULL
12010;12509;NARANJA  MARRON PERLA;28:50.8;28:50.8;NULL
12011;12510;CAFE MONTAÑA;28:50.8;28:50.8;NULL
12012;12511;ROSADO ROJO NEGRO;28:50.8;28:50.8;NULL
12013;12512;GRIS ARTICO METALIZADO;28:50.8;28:50.8;NULL
12014;12513;CIRUELA NARANJA PLATA CON POLICROMIA;28:50.8;28:50.8;NULL
12015;12514;CANELA METALICO;28:50.8;28:50.8;NULL
12016;12515;GRIS TITAN BLANCO;28:50.8;28:50.8;NULL
12017;12516;VIOLETA KIRUMA METALICO;28:50.8;28:50.8;NULL
12018;12517;PLATA NIQUEL LILA;28:50.8;28:50.8;NULL
12019;12518;ROJO METALICO BEIGE;28:50.8;28:50.8;NULL
12020;12519;SAVILE GREY PEARL;28:50.8;28:50.8;NULL
12021;12520;VERDE SHERWOOD METALICO;28:50.9;28:50.9;NULL
12022;12521;VERDE OXFORD METALIZADO BLANCO;28:50.9;28:50.9;NULL
12023;12522;AZUL REEF METALIZADO NEGRO;28:50.9;28:50.9;NULL
12024;12523;BLANCO FUJI;28:50.9;28:50.9;NULL
12025;12524;VINOTINTO OSCURO METALICO;28:50.9;28:50.9;NULL
12026;12525;ROJO BARROCO METALIZADO;28:50.9;28:50.9;NULL
12027;12526;AZUL OSCURO METALICO;28:50.9;28:50.9;NULL
12028;12527;NEGRO ONYX;28:50.9;28:50.9;NULL
12029;12528;KCM RICH OAK;28:50.9;28:50.9;NULL
12030;12529;KEB NOCCIOLA;28:50.9;28:50.9;NULL
12031;12530;VERDE PLATEADO MANDARINA;28:50.9;28:50.9;NULL
12032;12531;POLIESTER STRATO PERLA;28:50.9;28:50.9;NULL
12033;12532;CAOBA CLARO;28:50.9;28:50.9;NULL
12034;12533;AZUL PHILAE;28:50.9;28:50.9;NULL
12035;12534;ROJO METALICO GRIS MEDIO MICA;28:50.9;28:50.9;NULL
12036;12535;ROJO IBIS;28:51.0;28:51.0;NULL
12037;12536;GRIS TUNIS;28:51.0;28:51.0;NULL
12038;12537;GRIS GRAF;28:51.0;28:51.0;NULL
12039;12538;GRIS NEGRO MANDARINA;28:51.0;28:51.0;NULL
12040;12539;VERDE ALUMINIO;28:51.0;28:51.0;NULL
12041;12540;VERDE LONCHAMP;28:51.0;28:51.0;NULL
12042;12541;ROJO FERIA METALICO;28:51.0;28:51.0;NULL
12043;12542;VERDE INGLES NEGRO METALIZADO;28:51.0;28:51.0;NULL
12044;12543;VERDE JEEP METALIZADO;28:51.0;28:51.0;NULL
12045;12544;RUBI METALICO;28:51.0;28:51.0;NULL
12046;12545;BONATTI GREY;28:51.0;28:51.0;NULL
12047;12546;WR BLUE MICA;28:51.0;28:51.0;NULL
12048;12547;GRIS PLATA MANDARINA;28:51.0;28:51.0;NULL
12049;12548;VERDE ISLA CAIMAN METALICO;28:51.0;28:51.0;NULL
12050;12549;ROJO BLAZING METALIZADO;28:51.0;28:51.0;NULL
12051;12550;ROJO BERMELLON METALIZADO;28:51.0;28:51.0;NULL
12052;12551;AZUL LUXOR;28:51.1;28:51.1;NULL
12053;12552;CAFE CHISPA;28:51.1;28:51.1;NULL
12054;12553;AZUL ICE NEGRO;28:51.1;28:51.1;NULL
12055;12555;AMARILLO VERDE GRIS OCRE;28:51.1;28:51.1;NULL
12056;12556;STRATO PERLA NEGRO ROJO;28:51.1;28:51.1;NULL
12057;12557;AZUL TRUE METALIZADO NEGRO;28:51.1;28:51.1;NULL
12058;12558;GRIS ROOFTOP METALIZADO;28:51.1;28:51.1;NULL
12059;12559;PLATA CELESTIAL METALIZADO GRIS CHARCOAL;28:51.1;28:51.1;NULL
12060;12560;NEGRO NARANJA METALIZADO;28:51.1;28:51.1;NULL
12061;12561;GRIS SCANDIUM METALIZADO;28:51.2;28:51.2;NULL
12062;12562;ROJO LASER;28:51.2;28:51.2;NULL
12063;12563;CHAMPAGNE NEGRO;28:51.2;28:51.2;NULL
12064;12564;NEGRO ROJO MARFIL;28:51.2;28:51.2;NULL
12065;12565;BLANCO GRIS NEGRO ROJO VERDE;28:51.2;28:51.2;NULL
12066;12566;ROJO DERBY;28:51.2;28:51.2;NULL
12067;12567;VERDE PANTONE;28:51.2;28:51.2;NULL
12068;12568;AZUL MARINERO;28:51.2;28:51.2;NULL
12069;12569;AZUL EGEE METALIZADO;28:51.2;28:51.2;NULL
12070;12570;AZUL DANES NEGRO;28:51.2;28:51.2;NULL
12071;12571;GRIS METALIZADO AZUL CLARO AZUL OSCURO BLANCO;28:51.2;28:51.2;NULL
12072;12572;ESTRATO PERLA ROJO AMARILLO;28:51.3;28:51.3;NULL
12073;12573;VINO PERLECENTE METALICO;28:51.3;28:51.3;NULL
12074;12574;AMARILLO ATARDECER NEGRO GRIS;28:51.3;28:51.3;NULL
12075;12575;VERDE OURANOS METALICO;28:51.3;28:51.3;NULL
12076;12576;VERDE FIDJI MARFIL;28:51.3;28:51.3;NULL
12077;12577;AZUL UNIVERSO PERLADO CON FRANJAS NEGRAS;28:51.3;28:51.3;NULL
12078;12578;VERDE CAMO;28:51.3;28:51.3;NULL
12079;12579;AZUL MICA METALICO;28:51.3;28:51.3;NULL
12080;12580;VINO TINTO POLICROMADO;28:51.3;28:51.3;NULL
12081;12581;ROJO ARDIENTE;28:51.3;28:51.3;NULL
12082;12582;SUBTERRANEO GRIS METALICO;28:51.4;28:51.4;NULL
12083;12583;BLANCO AZUL RACING METALIZADO NEGRO SAFIRO METALIZADO;28:51.4;28:51.4;NULL
12084;12584;AZUL LIQUID METALIZADO;28:51.4;28:51.4;NULL
12085;12585;AZUL STARLIGHT METALIZADO NEGRO;28:51.4;28:51.4;NULL
12086;12586;AMARILLO BRAZIL;28:51.4;28:51.4;NULL
12087;12587;VERDE ANDINO BLANCO NEGRO;28:51.4;28:51.4;NULL
12088;12588;ACERO MODERNO;28:51.4;28:51.4;NULL
12089;12589;BLANCO AURA NEGRO ROJO;28:51.4;28:51.4;NULL
12090;12590;AZUL RACING BLANCO ALPINO;28:51.4;28:51.4;NULL
12091;12591;PORTOFINO VERDE;28:51.5;28:51.5;NULL
12092;12592;AZUL ISEO;28:51.5;28:51.5;NULL
12093;12593;NARANJA TRICOLOR;28:51.5;28:51.5;NULL
12094;12594;BLANCO CREMA NARANJA NEGRO;28:51.5;28:51.5;NULL
12095;12595;VIOLETA BEIGE;28:51.5;28:51.5;NULL
12096;12596;AZUL HAWAI;28:51.5;28:51.5;NULL
12097;12597;TRICOLOR ROJA BLANCO VERDE;28:51.5;28:51.5;NULL
12098;12598;AZUL MARFIL FRANJA ROJA;28:51.5;28:51.5;NULL
12099;12599;AZUL TEAL BLANCO;28:51.5;28:51.5;NULL
12100;12600;NEGRO MEDIANOCHE METALIZADO ROJO;28:51.5;28:51.5;NULL
12101;12601;PLATA CRISTAL METALIZADO ROJO;28:51.5;28:51.5;NULL
12102;12602;ROJO BLAZING METALIZADO BLANCO;28:51.5;28:51.5;NULL
12103;12603;ROJO BLAZING METALIZADO NEGRO;28:51.5;28:51.5;NULL
12104;12604;MARFIL PLATEADO ROJO;28:51.5;28:51.5;NULL
12105;12605;AZUL BONITA ISLA;28:51.5;28:51.5;NULL
12106;12606;BLANCO ORQUIDEA;28:51.5;28:51.5;NULL
12107;12607;NEGRO ESTRELLA;28:51.5;28:51.5;NULL
12108;12608;AZUL MEDITERRANEO METAL;28:51.5;28:51.5;NULL
12109;12609;BLANCO NEVADO NEGRO;28:51.5;28:51.5;NULL
12110;12610;DESERT STONE;28:51.6;28:51.6;NULL
12111;12611;PLATA BLANCO METALIZADO ROJO;28:51.6;28:51.6;NULL
12112;12612;ROJO RACING NEGRO ZAFIRO METALIZADO;28:51.6;28:51.6;NULL
12113;12613;AZUL NAUTICO METALICO;28:51.6;28:51.6;NULL
12115;12615;NEGRO PLATA FRESCO;28:51.6;28:51.6;NULL
12116;12616;AZUL STARLIGHT NEGRO;28:51.6;28:51.6;NULL
12117;12617;NEGRO ZAFIRO MET SEDA BRILLO NEGRO;28:51.6;28:51.6;NULL
12118;12618;CANDY ORANGE;28:51.6;28:51.6;NULL
12119;12619;BLACK DENIM;28:51.6;28:51.6;NULL
12120;12620;VERDE INGLES METALIZADO BLANCO;28:51.6;28:51.6;NULL
12121;12621;AZUL COMETA;28:51.6;28:51.6;NULL
12122;12622;NEGRO ABSOLUTO METALIZADO ROJO;28:51.7;28:51.7;NULL
12123;12623;PURPURA GRIS;28:51.7;28:51.7;NULL
12124;12624;ROJO COLONIAL METALIZADO;28:51.7;28:51.7;NULL
12125;12625;BLUE TELES;28:51.7;28:51.7;NULL
12126;12626;BLANCO MORADO PLATEADO;28:51.7;28:51.7;NULL
12127;12627;AMARILLO TRICOLOR;28:51.7;28:51.7;NULL
12128;12628;STRATO PLATA PERLA;28:51.7;28:51.7;NULL
12129;12629;GRIS RAYO METALIZADO;28:51.7;28:51.7;NULL
12130;12630;BLEU TELES;28:51.7;28:51.7;NULL
12131;12631;AMARILLO INTERLAGOS;28:51.7;28:51.7;NULL
12132;12632;NEGRO PERLA METAL;28:51.7;28:51.7;NULL
12133;12633;BLANCO ROJO AZUL CREMA;28:51.7;28:51.7;NULL
12134;12634;BIARRITZ BLUE;28:51.7;28:51.7;NULL
12135;12635;AZUL AZUL;28:51.7;28:51.7;NULL
12136;12636;VERDE OLIVA INGLES;28:51.8;28:51.8;NULL
12137;12637;NARANJA DE VALENCIA METALIZADO;28:51.8;28:51.8;NULL
12138;12638;MARRON ANTRACITA;28:51.8;28:51.8;NULL
12139;12639;AZUL STARLIGHT BLANCO;28:51.8;28:51.8;NULL
12140;12640;JAMAICA BLUE;28:51.8;28:51.8;NULL
12141;12641;CARBON BRONCE;28:51.8;28:51.8;NULL
12142;12642;VERDE ACUARIUS METALIZADO;28:51.8;28:51.8;NULL
12143;12643;NEGRO PERLA META;28:51.8;28:51.8;NULL
12144;12644;NEGRO PERLA NARANJA;28:51.8;28:51.8;NULL
12145;12645;BEIGE CLARO METALICO NEGRO;28:51.8;28:51.8;NULL
12146;12646;ROJO MODENA;28:51.8;28:51.8;NULL
12147;12647;ROSADO UVA;28:51.8;28:51.8;NULL
12148;12648;AZUL TOLEDO;28:51.8;28:51.8;NULL
12149;12649;CAMELIA RED PERAL;28:51.8;28:51.8;NULL
12150;12650;AZUL TURQUESA METALICO;28:51.8;28:51.8;NULL
12151;12651;CALYPSO;28:51.8;28:51.8;NULL
12152;12673;VERDE NAUSICAA;28:51.8;28:51.8;NULL
12153;12691;AZURIT AZUL METALICO;28:51.9;28:51.9;NULL
12154;12724;AZUL Y MARFIL;28:51.9;28:51.9;NULL
12155;12737;BLANCO FJA AMARILLO;28:51.9;28:51.9;NULL
12156;12778;BLANCO LOTUS Y AZUL;28:51.9;28:51.9;NULL
12157;12831;BLANCO Y AMARILLO;28:51.9;28:51.9;NULL
12158;12832;BLANCO Y AZUL;28:51.9;28:51.9;NULL
12159;12844;BLANCO Y GRIS;28:51.9;28:51.9;NULL
12160;12848;BLANCO Y LILA;28:51.9;28:51.9;NULL
12161;12851;BLANCO Y MORADO;28:51.9;28:51.9;NULL
12162;12852;BLANCO Y NARANJA;28:51.9;28:51.9;NULL
12163;12853;BLANCO Y NEGRO;28:51.9;28:51.9;NULL
12164;12857;BLANCO Y ROJO;28:51.9;28:51.9;NULL
12165;12860;BLANCO Y VERDE;28:51.9;28:51.9;NULL
12166;12883;COBRIZO METALICO;28:51.9;28:51.9;NULL
12167;12899;ORANGE GOLD METALIZADO;28:51.9;28:51.9;NULL
12168;12921;BLANCO GLACIAR CON ROJO;28:51.9;28:51.9;NULL
12169;12922;NEGRO PERLA METAL BLANCO;28:51.9;28:51.9;NULL
12170;12923;PURE WHITE;28:51.9;28:51.9;NULL
12171;12924;AZUL ROJO GRIS AMARILLO FUCSIA BLANCO;28:52.0;28:52.0;NULL
12172;12925;AZUL FUEGO;28:52.0;28:52.0;NULL
12173;12926;ARENA METALICO;28:52.0;28:52.0;NULL
12174;12927;ROJO BRILLANTE GRIS OSCURO METALIZADO;28:52.0;28:52.0;NULL
12175;12928;GRIS SUZUKA METALIZADO CON NEGRO;28:52.0;28:52.0;NULL
12176;12929;AMARILLO SPRINT;28:52.0;28:52.0;NULL
12177;12930;ROJO GRIS METALICO;28:52.0;28:52.0;NULL
12178;12931;PLATA SAHARA CON NEGRO;28:52.0;28:52.0;NULL
12179;12932;AZUL PLANETA;28:52.0;28:52.0;NULL
12180;12933;ROJO BURDEO OSCURO METALICO;28:52.0;28:52.0;NULL
12181;12934;CHOCOLATE ICED;28:52.0;28:52.0;NULL
12182;12935;CAFE CLARO BLANCO;28:52.0;28:52.0;NULL
12183;12936;AMARILLO VERDOSO;28:52.0;28:52.0;NULL
12184;12937;GRIS CUARZO METALICO;28:52.0;28:52.0;NULL
12185;12938;GRIS DIPLOMATICO METALIZADO;28:52.1;28:52.1;NULL
12186;12939;GRIS PLATINA Y VERDE;28:52.1;28:52.1;NULL
12187;12940;PLATA SATIN Y NEGRO;28:52.1;28:52.1;NULL
12188;12941;NEGRO OBSIDIEN METALICO;28:52.1;28:52.1;NULL
12189;12943;SILVER METALIC;28:52.1;28:52.1;NULL
12190;12944;BLUECAMO;28:52.1;28:52.1;NULL
12191;12945;BLANCO LOTUS VERDE FORESTAL;28:52.1;28:52.1;NULL
12192;12946;AZUL GENESIS METALICO;28:52.1;28:52.1;NULL
12193;12947;ONIX;28:52.1;28:52.1;NULL
12194;12948;GRIS NEGRO CARBONO;28:52.1;28:52.1;NULL
12195;12949;VERDE HOJA SECA;28:52.1;28:52.1;NULL
12196;12950;AZUL PERLA COSTA;28:52.2;28:52.2;NULL
12197;12951;CHOCOLATE ICED NEGRO;28:52.2;28:52.2;NULL
12198;12952;AMARILLO MAPLE CAMO;28:52.2;28:52.2;NULL
12199;12953;AZUL ROJO AMARILLO NEGRO GRIS;28:52.2;28:52.2;NULL
12200;12954;VERDE COCKTAIL Y NEGRO;28:52.2;28:52.2;NULL
12201;12955;VERDE FRANJAS PLATEADAS;28:52.2;28:52.2;NULL
12202;12956;BLANCO ORIX;28:52.2;28:52.2;NULL
12203;12957;OTOÑO;28:52.2;28:52.2;NULL
12204;12958;STERLINGSILBER METALIC;28:52.2;28:52.2;NULL
12205;12959;GRIS ARENA PERLECENTE;28:52.2;28:52.2;NULL
12206;12960;WINE BLACK;28:52.2;28:52.2;NULL
12207;12961;NARANJA ELEGANTE;28:52.2;28:52.2;NULL
12208;12962;PLATA PREMIUM;28:52.2;28:52.2;NULL
12209;12963;NEGRO GRIS GRANITO PERLECENTE;28:52.2;28:52.2;NULL
12210;12964;SATIN METALICO;28:52.2;28:52.2;NULL
12211;12965;CAFE ARENA;28:52.2;28:52.2;NULL
12212;12966;GRIS ECLIPSE METALIZADO ROJO;28:52.3;28:52.3;NULL
12213;12967;NEGRO MEDIANOCHE METALIZADO BLANCO;28:52.3;28:52.3;NULL
12214;12968;GRIS POLARIS METALICO;28:52.3;28:52.3;NULL
12215;12969;GRIS CREPUSCULE;28:52.3;28:52.3;NULL
12216;12970;AZUL VIOLETA METALICO;28:52.3;28:52.3;NULL
12217;12971;VIOLETA AURORA BOREAL;28:52.3;28:52.3;NULL
12218;12972;GRIS MANITOBA METALICO;28:52.3;28:52.3;NULL
12219;12973;GRIS ECLIPSE METALIZADO BLANCO;28:52.3;28:52.3;NULL
12220;12974;NEGRO CLASICO;28:52.3;28:52.3;NULL
12221;12975;AZUL MICA PLATA METALIZADA;28:52.3;28:52.3;NULL
12222;12976;VERDE SIERRA;28:52.3;28:52.3;NULL
12223;12977;BLEUENGREMET;28:52.3;28:52.3;NULL
12224;12978;SEAFOAM BLUE;28:52.3;28:52.3;NULL
12225;12979;SAGE;28:52.3;28:52.3;NULL
12226;12980;ALUMINIO GRANO MEDIO AZUL PRUSIA LILA;28:52.3;28:52.3;NULL
12227;12981;GRIS AZULADO;28:52.3;28:52.3;NULL
12228;12982;AZUL IMAGINARIO;28:52.3;28:52.3;NULL
12229;12984;AMARILLO MOSTAZA WANBA Y NEGRO;28:52.3;28:52.3;NULL
12230;12985;NUOVOGRIGIO TOURING;28:52.3;28:52.3;NULL
12231;12986;VERDE CONISTON Y GRIS;28:52.4;28:52.4;NULL
12232;12987;BLEU ENCRE MET;28:52.4;28:52.4;NULL
12233;12988;VERNIZ METALIZADO MOONDUST;28:52.4;28:52.4;NULL
12234;12989;METALLISEE VERNIS+KJX ROUGE NOIR;28:52.4;28:52.4;NULL
12235;12990;MECCA GOLD;28:52.4;28:52.4;NULL
12236;12991;AZUL PERLECENTE BLANCO;28:52.4;28:52.4;NULL
12237;12992;AZUL MARINO GRIS METALICO;28:52.4;28:52.4;NULL
12238;12993;NEGRO NARANJA PERLADO;28:52.4;28:52.4;NULL
12239;12994;NEGRO ONIX METALICO;28:52.4;28:52.4;NULL
12240;12995;SUPER BLANCO 2 AZUL;28:52.4;28:52.4;NULL
12241;12996;PLATA SABLE NEGRO;28:52.4;28:52.4;NULL
12242;12997;BLANCO CELESTIAL;28:52.4;28:52.4;NULL
12243;12998;CAFE PLATINADO;28:52.4;28:52.4;NULL
12244;12999;CHAMPAÑA GRIS PLOMO METALIZADO;28:52.4;28:52.4;NULL
12245;13000;ROJO RED;28:52.4;28:52.4;NULL
12246;13001;GRIS ANTRACITE;28:52.4;28:52.4;NULL
12247;13002;NEGRO OBSI META;28:52.5;28:52.5;NULL
12248;13003;AZUL BOTICELLIB-BLANCO;28:52.5;28:52.5;NULL
12249;13004;GRIS BRETAGNA;28:52.5;28:52.5;NULL
12250;13005;VERDE MORICHE PERLADO;28:52.5;28:52.5;NULL
12251;13006;TIEFSEEBLAU MICA;28:52.5;28:52.5;NULL
12252;13007;AMARILLO OURO;28:52.5;28:52.5;NULL
12253;13008;AZUL LASER PERLADO;28:52.5;28:52.5;NULL
12254;13009;GRIS ALUMIUN AZUL;28:52.5;28:52.5;NULL
12255;13010;BRILLIANT COOPER METALIZADO NEGRO;28:52.5;28:52.5;NULL
12256;13011;COVELINA AZUL METALIZADO;28:52.5;28:52.5;NULL
12257;13012;ROJO MICA PLATA METALIZADA;28:52.5;28:52.5;NULL
12258;13013;AMARILLO OCRE-AZUL PURPURA-BLANCO;28:52.5;28:52.5;NULL
12259;13014;VERDE OLIVA METALIZADO Y NEGRO;28:52.5;28:52.5;NULL
12260;13015;AZUL ALMIRANTE;28:52.5;28:52.5;NULL
12261;13016;TANGERINE METALICO;28:52.5;28:52.5;NULL
12262;13017;AZUL VERDOSO GRAFITO PERLADO;28:52.5;28:52.5;NULL
12263;13018;VERDE MAORI;28:52.6;28:52.6;NULL
12264;13019;VERDE NACARADO;28:52.6;28:52.6;NULL
12265;13020;PLATA SALVIA;28:52.6;28:52.6;NULL
12266;13021;VERDE AOSTA;28:52.6;28:52.6;NULL
12267;13022;BELUGA BLACK;28:52.6;28:52.6;NULL
12268;13023;SAFIRO PERLA;28:52.6;28:52.6;NULL
12269;13024;MORADO CIRUELA;28:52.6;28:52.6;NULL
12270;13025;CAPRICE BLUE;28:52.6;28:52.6;NULL
12271;13026;PORTOFINO CORALLIN;28:52.6;28:52.6;NULL
12272;13027;VERNIZ METALIZO MOONDUST;28:52.6;28:52.6;NULL
12273;13029;AQUA TINT;28:52.6;28:52.6;NULL
12274;13030;VERDE MICA BICAPA;28:52.6;28:52.6;NULL
12275;13031;BRILLIANT COPPER METALIZADO NEGRO;28:52.6;28:52.6;NULL
12276;13032;VERDE AUTOPISTA METALICO;28:52.6;28:52.6;NULL
12277;13033;BLANCO NIEVE Y NEGRO;28:52.6;28:52.6;NULL
12278;13034;AMARILLO TRIGO;28:52.6;28:52.6;NULL
12279;13035;SAMANA BEIGE;28:52.7;28:52.7;NULL
12280;13036;AZUL FORTUNA PERLA;28:52.7;28:52.7;NULL
12281;13037;BOTICELLI BLANCO;28:52.7;28:52.7;NULL
12282;13038;BLANCO BANQUISE ROJO;28:52.7;28:52.7;NULL
12283;13039;MARFIL Y FRANJAS SICODELICAS;28:52.7;28:52.7;NULL
12284;13040;WEISSALUMINIUM 2;28:52.7;28:52.7;NULL
12285;13041;SOJO STELLO;28:52.7;28:52.7;NULL
12286;13042;GRAFITO METALICO MATE;28:52.7;28:52.7;NULL
12287;13043;CHARCOAL;28:52.7;28:52.7;NULL
12288;13044;GRIS ALUMINIO AZUL;28:52.7;28:52.7;NULL
12289;13045;ROJO RUBY GRIS PLOMO METALIZADO;28:52.7;28:52.7;NULL
12290;13046;PLATA PRESTIGIO;28:52.7;28:52.7;NULL
12291;13047;SMART SILVER;28:52.7;28:52.7;NULL
12292;13048;GRIS ALUMINIUM AZUL;28:52.7;28:52.7;NULL
12293;13049;ROJO POLICROMADO;28:52.7;28:52.7;NULL
12294;13050;ROJO BURDEUS ROJO PERLADO;28:52.8;28:52.8;NULL
12295;13051;AMARILLO LOTUS;28:52.8;28:52.8;NULL
12296;13052;BLANCO BRILLANTE NEGRO;28:52.8;28:52.8;NULL
12297;13053;METAMOR SILVER;28:52.8;28:52.8;NULL
12298;13054;BURGUNDY METALIZADO;28:52.8;28:52.8;NULL
12299;13055;CIRRUSBLAU;28:52.8;28:52.8;NULL
12300;13056;CAMELLO CLARO METALICO;28:52.8;28:52.8;NULL
12301;13057;VERDE LIQUEN METALIZADO;28:52.8;28:52.8;NULL
12302;13058;NEVADO;28:52.8;28:52.8;NULL
12303;13059;AZUL NAVY MICA;28:52.8;28:52.8;NULL
12304;13060;VERDE SUSA;28:52.8;28:52.8;NULL
12305;13061;GRIS TECHNO NARANJA BLANCO;28:52.8;28:52.8;NULL
12306;13062;PLATA CELESTIAL METALIZADO NEGRO;28:52.8;28:52.8;NULL
12307;13063;CORDOBAN OSCURO METALICO;28:52.9;28:52.9;NULL
12308;13064;MARRON ROCA;28:52.9;28:52.9;NULL
12309;13065;ROJO NEGRO VERDE JADE;28:52.9;28:52.9;NULL
12310;13066;GENTLE MARRON;28:52.9;28:52.9;NULL
12311;13067;BLANCO ROJO CON GAMAS;28:52.9;28:52.9;NULL
12312;13068;VERDE OSCURO Y GRIS METALICO;28:52.9;28:52.9;NULL
12313;13069;LADRILLO METALIZADO;28:52.9;28:52.9;NULL
12314;13070;ROJO STELLO;28:52.9;28:52.9;NULL
12315;13071;ROJO VERONI Y BLANCO;28:52.9;28:52.9;NULL
12316;13072;ARENISCA;28:52.9;28:52.9;NULL
12317;13073;CAQUI METALIZADO;28:52.9;28:52.9;NULL
12318;13074;MOZTANA - NEGRO;28:52.9;28:52.9;NULL
12319;13075;MARRON POLICROMADO;28:52.9;28:52.9;NULL
12320;13076;AZUL MIOSOTA;28:52.9;28:52.9;NULL
12321;13077;IVORY;28:52.9;28:52.9;NULL
12322;13078;AUTUMN COPPE;28:53.0;28:53.0;NULL
12323;13079;AVANNAH METALICO;28:53.0;28:53.0;NULL
12324;13080;DESERT CHARCOAL;28:53.0;28:53.0;NULL
12325;13081;MARRON OSCURO POLICROMADO;28:53.0;28:53.0;NULL
12326;13082;ARENOSO;28:53.0;28:53.0;NULL
12327;13083;CAFE MACADAMIA;28:53.0;28:53.0;NULL
12328;13084;PHOENIX RED SUDAN BEIGE METAL;28:53.0;28:53.0;NULL
12329;13085;CAFE ORO GRIS;28:53.0;28:53.0;NULL
12330;13086;AZUL KITE METALIZADO NEGRO;28:53.0;28:53.0;NULL
12331;13087;BLANCO ALPINE;28:53.0;28:53.0;NULL
12332;13088;GRIS NEBLINA MICA;28:53.0;28:53.0;NULL
12333;13089;PLATEADO SUCRE;28:53.0;28:53.0;NULL
12334;13090;KITE BLUE;28:53.0;28:53.0;NULL
12335;13091;BRILLO DE LUNA;28:53.0;28:53.0;NULL
12336;13092;SUNSET ORANGE;28:53.0;28:53.0;NULL
12337;13093;IRIDIS META;28:53.0;28:53.0;NULL
12338;13094;PLATA CS;28:53.0;28:53.0;NULL
12339;13095;CAFE ROJIZO;28:53.0;28:53.0;NULL
12340;13096;NEGRO PERLA CON AEROGRAFIA EN GRISES Y BLANCO;28:53.1;28:53.1;NULL
12341;13097;CACHIMIR METALICO;28:53.1;28:53.1;NULL
12342;13098;ROJO RIMINI METALIZADO;28:53.1;28:53.1;NULL
12343;13099;INKA;28:53.1;28:53.1;NULL
12344;13100;AZUL WEDGEWOOD MEDIO;28:53.1;28:53.1;NULL
12345;13101;AMARILLO CHAMPAÑA Y VERDE;28:53.1;28:53.1;NULL
12346;13102;IRIDIUM;28:53.1;28:53.1;NULL
12347;13103;EPSON GREEN MICATALL BAHAMA BEIGE METALIZADA;28:53.1;28:53.1;NULL
12348;13104;HARVEST GOLD METALLIC;28:53.1;28:53.1;NULL
12349;13105;ESTRATO PERLA - NEGRO PERLA;28:53.1;28:53.1;NULL
12350;13106;ROJO NEGRO MARFIL VERDE JADE;28:53.1;28:53.1;NULL
12351;13107;ROSADO Y NARANJA;28:53.1;28:53.1;NULL
12352;13108;SENIS GRAFITO;28:53.1;28:53.1;NULL
12353;13109;VERDE CRISTAL BLANCO;28:53.2;28:53.2;NULL
12354;13110;ROJO PASION PERLADO BLANCO;28:53.2;28:53.2;NULL
12355;13111;PRETOMENPHIS PERLADO;28:53.2;28:53.2;NULL
12356;13112;NARANJA NEGRO AZUL BLANCO AMARILLO ROJO;28:53.2;28:53.2;NULL
12357;13113;AVANTURINE;28:53.2;28:53.2;NULL
12358;13114;CREMA BRULEE;28:53.2;28:53.2;NULL
12359;13115;AMARILLO FERRARI;28:53.2;28:53.2;NULL
12360;13116;PLATANIQUEL VERDE;28:53.2;28:53.2;NULL
12361;13117;BRIGHT AQUA;28:53.2;28:53.2;NULL
12362;13118;BRASIL;28:53.2;28:53.2;NULL
12363;13119;VERDE ANGRA;28:53.2;28:53.2;NULL
12364;13120;NEGRO CAMALEON VERDE CAFE NARANJA;28:53.2;28:53.2;NULL
12365;13121;GRIS PLATA TITAN METALIZADO;28:53.2;28:53.2;NULL
12366;13122;NUTRIA METALICO;28:53.2;28:53.2;NULL
12367;13123;CHAMPAÑA ORO BLANCO;28:53.3;28:53.3;NULL
12368;13124;NEGRO PERLA BLANCO;28:53.3;28:53.3;NULL
12369;13125;SANDSTONE;28:53.3;28:53.3;NULL
12370;13126;NEGRO TAPIZ;28:53.3;28:53.3;NULL
12371;13127;ROJO BLANCO AMARILLO VERDE;28:53.3;28:53.3;NULL
12372;13128;GRANATE MICA;28:53.3;28:53.3;NULL
12373;13129;COBRE BRILLANTE METALIZADO NEGRO;28:53.3;28:53.3;NULL
12374;13130;AMBAR WHISKEY;28:53.3;28:53.3;NULL
12375;13131;LADRILLO CAMALEON;28:53.3;28:53.3;NULL
12376;13132;BELUGA CARACAL BLACK;28:53.3;28:53.3;NULL
12377;13133;VERDE HORTACHA;28:53.3;28:53.3;NULL
12378;13134;PLATA BLANCO METALIZADO;28:53.3;28:53.3;NULL
12379;13135;BURRASQUE;28:53.3;28:53.3;NULL
12380;13136;BRANCO PEROLIZADO TRI-CAMADA;28:53.3;28:53.3;NULL
12381;13137;METALLISEE VERNIS EPY ROUGE RUBI;28:53.3;28:53.3;NULL
12382;13138;PLATA BRILLANTE AZUL;28:53.3;28:53.3;NULL
12383;13139;ROJO METALIZADO NEGRO;28:53.4;28:53.4;NULL
12384;13140;BEIGE CINZA METALIZADO;28:53.4;28:53.4;NULL
12385;13141;AZUL BLANCO GPL;28:53.4;28:53.4;NULL
12386;13142;AZUL BLANCO GPR;28:53.4;28:53.4;NULL
12387;13143;MONTECHRISTO METALICO;28:53.4;28:53.4;NULL
12388;13144;SILVER BIRCH;28:53.4;28:53.4;NULL
12389;13145;SNOW QUEEN;28:53.4;28:53.4;NULL
12390;13146;MARRON GRIS Y HABANO;28:53.4;28:53.4;NULL
12391;13147;EVERGREEN;28:53.4;28:53.4;NULL
12392;13148;ORO MOROCCO;28:53.4;28:53.4;NULL
12393;13149;ROSADO CLARO PERLADO;28:53.4;28:53.4;NULL
12394;13150;METALIZADO VERDE OAKLAND;28:53.4;28:53.4;NULL
12395;13151;PLATA METALICO Y NEGRO;28:53.4;28:53.4;NULL
12396;13152;VERDE DOS TONOS ROJO NARANJA CAFE;28:53.4;28:53.4;NULL
12397;13153;CALYPSOROT ROJO CEREZA;28:53.4;28:53.4;NULL
12398;13154;GRIS INDIO METALICO;28:53.4;28:53.4;NULL
12399;13155;BERNSTEINROT MET;28:53.4;28:53.4;NULL
12400;13156;GRIS DRAKE;28:53.4;28:53.4;NULL
12401;13157;PLATA NEGRO MORADO;28:53.4;28:53.4;NULL
12402;13158;BLANCO AZUL HUMO;28:53.4;28:53.4;NULL
12403;13159;GRIS CON ROJO COMBINADO;28:53.5;28:53.5;NULL
12404;13160;BASE ROJO METALICO;28:53.5;28:53.5;NULL
12405;13161;VERDE CLASICO METALICO;28:53.5;28:53.5;NULL
12406;13162;AZUL METALICO Y BLANCO;28:53.5;28:53.5;NULL
12407;13163;GREEN METALLIC;28:53.5;28:53.5;NULL
12408;13164;ROJO TIZIANO METALIZADO;28:53.5;28:53.5;NULL
12409;13165;GRIS CON AZUL COMBINADO;28:53.5;28:53.5;NULL
12410;13166;VERDE BLANCO Y NIQUEL;28:53.5;28:53.5;NULL
12411;13167;SAFFRON AZAFRAN;28:53.5;28:53.5;NULL
12412;13168;CAFE TOFFEE METALIZADO;28:53.5;28:53.5;NULL
12413;13169;BEIGE ARENA BEIGE METALIZADO;28:53.5;28:53.5;NULL
12414;13170;AZUL CLARO AZUL OSCURO NEGRO;28:53.5;28:53.5;NULL
12416;13172;STARLITE SILVER;28:53.5;28:53.5;NULL
12417;13173;BLANCO GALAXIA Y NEGRO;28:53.5;28:53.5;NULL
12418;13174;ROJO MISTERIO NEGRO CAYENNE;28:53.5;28:53.5;NULL
12419;13175;BLANCO ROJO REMBRANDT;28:53.5;28:53.5;NULL
12420;13176;TITAN GRAU MET;28:53.5;28:53.5;NULL
12421;13177;GRAPHITE GRIS;28:53.5;28:53.5;NULL
12422;13178;NEGRO BLANCO NARANJA;28:53.6;28:53.6;NULL
12423;13179;CAFE GRIS ACIDO MOCA;28:53.6;28:53.6;NULL
12425;13181;EVOK BEIGE;28:53.6;28:53.6;NULL
12426;13182;GRIS NE;28:53.6;28:53.6;NULL
12427;13183;BLANCO ROJO MICA;28:53.6;28:53.6;NULL
12428;13184;GRISLLY SILVER;28:53.6;28:53.6;NULL
12429;13185;ROJO CON FRANJAS DORADO Y PLATEADO;28:53.6;28:53.6;NULL
12430;13186;HONBU;28:53.6;28:53.6;NULL
12431;13187;PURPURA NEGRO;28:53.6;28:53.6;NULL
12432;13188;PLATINUM BRONZE MET;28:53.6;28:53.6;NULL
12433;13189;BE CAMO;28:53.6;28:53.6;NULL
12434;13190;MORADO PERLADO Y DORADO MET;29:48.3;29:48.3;NULL
12435;13191;ROJO TORNADO NEGRO;29:48.3;29:48.3;NULL
12436;13192;VERDE NATURAL METALICO;29:48.3;29:48.3;NULL
12437;13193;MATT BLACK MATT GRAPHITE;29:48.3;29:48.3;NULL
12438;13194;PHANTOM BLACK FUSION WHITE;29:48.3;29:48.3;NULL
12439;13195;DORADO CON ROJO AUTUMN;29:48.3;29:48.3;NULL
12440;13196;BURGUNDY VINOTINO;29:48.3;29:48.3;NULL
12441;13197;NEGRO ESCARCHA;29:48.3;29:48.3;NULL
12442;13198;VERDE PERLADO NEGRO;29:48.3;29:48.3;NULL
12443;13199;ROJO VERDE CAMUFLADO;29:48.3;29:48.3;NULL
12444;13200;GRIS PLATA NARANJA FLAMA PERLADO;29:48.3;29:48.3;NULL
12445;13201;AZUL ENCANTO;29:48.3;29:48.3;NULL
12446;13202;ROJO OCCIDENTAL;29:48.3;29:48.3;NULL
12447;13203;NARANJA CARMESI;29:48.4;29:48.4;NULL
12448;13204;BLANCO BLANCO;29:48.4;29:48.4;NULL
12449;13205;VERDE TURQUESA;29:48.4;29:48.4;NULL
12450;13206;CREMA HOJA SECA;29:48.4;29:48.4;NULL
12451;13207;VIOLETA AURORA BOREAL METALIZADO;29:48.4;29:48.4;NULL
12452;13208;CAFE PERLA METALIZADO;29:48.4;29:48.4;NULL
12453;13209;CAFE 2 TONOS;29:48.4;29:48.4;NULL
12454;13210;NARANJA COPPER;29:48.4;29:48.4;NULL
12455;13211;PLATA CRISTAL METALIZADO BLANCO;29:48.5;29:48.5;NULL
12456;13212;ROJO PASION NEGRO;29:48.5;29:48.5;NULL
12457;13213;AZUL LOBELIA MICA;29:48.5;29:48.5;NULL
12458;13214;CAPRICE MICATALLIC;29:48.5;29:48.5;NULL
12459;13215;AZUL ROJO AMARILLO PLATEADO;29:48.5;29:48.5;NULL
12460;13216;BLANCO ARTICO BEIGE CAMEL;29:48.5;29:48.5;NULL
12461;13217;AZUL TORSAL;29:48.5;29:48.5;NULL
12462;13218;KTC IRIDIS META;29:48.5;29:48.5;NULL
12463;13219;GRIS SILICATO METALIZADO;29:48.5;29:48.5;NULL
12464;13220;CACHEMIR;29:48.5;29:48.5;NULL
12465;13221;VINOTINTO NARANJA Y BLANCO;29:48.5;29:48.5;NULL
12466;13222;BLANCA NEGRO CUARZO METALIZADO;29:48.5;29:48.5;NULL
12467;13223;ROJO BURNING;29:48.5;29:48.5;NULL
12468;13224;OPAL;29:48.6;29:48.6;NULL
12469;13225;CARACAL BLACK;29:48.6;29:48.6;NULL
12470;13226;TWLIGHT PEARL;29:48.6;29:48.6;NULL
12471;13227;CERESA MARRON Y HABANO OSCURO;29:48.6;29:48.6;NULL
12472;13228;CARBON METALIZADO PLATA BRILLANTE;29:48.6;29:48.6;NULL
12473;13229;PLATA RODIO;29:48.6;29:48.6;NULL
12474;13230;CAQUI METALICO;29:48.6;29:48.6;NULL
12475;13231;BEIGE ARENA NEGRO CAFE;29:48.6;29:48.6;NULL
12476;13232;CAFE LECHE;29:48.6;29:48.6;NULL
12477;13233;BONNINT METALIZADO;29:48.6;29:48.6;NULL
12478;13234;WESTMINSTER;29:48.6;29:48.6;NULL
12479;13235;ULTRAMARRON;29:48.6;29:48.6;NULL
12480;13236;HELLROT;29:48.6;29:48.6;NULL
12481;13237;NEGRO DIAMANTE GRIS;29:48.6;29:48.6;NULL
12482;13238;NEGRO AMATISTA;29:48.6;29:48.6;NULL
12483;13239;ROJO BROCA;29:48.6;29:48.6;NULL
12486;13242;DORADO ROJO TORINO NEGRO;29:48.7;29:48.7;NULL
12487;13243;CHAR-GOLD;29:48.7;29:48.7;NULL
12488;13244;ROJO MALAGA;29:48.7;29:48.7;NULL
12489;13245;CORALL IN RED;29:48.7;29:48.7;NULL
12490;13246;NEGRO Y FRANJA PLATEADA;29:48.7;29:48.7;NULL
12491;13247;ROJO VERONA Y BLANCO;29:48.7;29:48.7;NULL
12492;13248;ROSEWOOD;29:48.7;29:48.7;NULL
12493;13249;VERDE Y HORTACHA;29:48.7;29:48.7;NULL
12494;13250;BRIGHT AGUA;29:48.7;29:48.7;NULL
12495;13251;ROJO ROSA MICA;29:48.7;29:48.7;NULL
12496;13252;ROSEBUD MICA;29:48.7;29:48.7;NULL
12497;13253;STANDARD;29:48.7;29:48.7;NULL
12498;13254;VERDE MARFIL FRANJA COLORES;29:48.7;29:48.7;NULL
12499;13255;AZUL OBSIDIAN;29:48.7;29:48.7;NULL
12500;13256;AZUL METALIZADO NEGRO;29:48.7;29:48.7;NULL
12501;13257;MENTA METALIZADO;29:48.7;29:48.7;NULL
12502;13258;IMPALA METALIZADO;29:48.7;29:48.7;NULL
12503;13259;VITAL ORO;29:48.8;29:48.8;NULL
12504;13260;AMARILLO LACERT;29:48.8;29:48.8;NULL
12505;13261;AZUL BAIKAL METALIZADO;29:48.8;29:48.8;NULL
12506;13262;MATT BLACK GRAPHIT;29:48.8;29:48.8;NULL
12507;13263;GRIS CARTAGO;29:48.8;29:48.8;NULL
12508;13264;BURGANDY VINO;29:48.8;29:48.8;NULL
12509;13265;ROJO AZUL AMARILLO NARANJA MOSTAZA Y TERRACOTA;29:48.8;29:48.8;NULL
12510;13266;GROSELLA OSCURO;29:48.8;29:48.8;NULL
12511;13267;MALAGA;29:48.8;29:48.8;NULL
12512;13268;BRILLIANT COOPER METALIZADO BLANCO;29:48.8;29:48.8;NULL
12513;13269;GLOTEADOS METALICOS;29:48.8;29:48.8;NULL
12514;13270;GRIS SHARK NARANJA;29:48.9;29:48.9;NULL
12515;13271;AZUL COBRE;29:48.9;29:48.9;NULL
12516;13272;SILVER STREK METALLIC;29:48.9;29:48.9;NULL
12517;13273;WESTMINSTER GREY;29:48.9;29:48.9;NULL
12518;13274;TEALGREEN CON BLASBERRY;29:48.9;29:48.9;NULL
12519;13275;BERLIO METALICO;29:48.9;29:48.9;NULL
12520;13276;CARBON PERLA;29:48.9;29:48.9;NULL
12521;13277;CALYPSO METALICO;29:48.9;29:48.9;NULL
12522;13278;TOSTADO;29:48.9;29:48.9;NULL
12523;13279;WESTMINSTER BLUE;29:48.9;29:48.9;NULL
12524;13280;CANDY APPLE RED;29:48.9;29:48.9;NULL
12525;13281;CIMARRON;29:48.9;29:48.9;NULL
12526;13282;MELOW BURGANDY;29:48.9;29:48.9;NULL
12527;13283;ROJO AMARILLO AZUL VERDE;29:48.9;29:48.9;NULL
12528;13284;GRAFITAN METALIZADO MATE;29:48.9;29:48.9;NULL
12529;13285;MAHOGANIMIST;29:48.9;29:48.9;NULL
12530;13286;TISSU GRIS;29:48.9;29:48.9;NULL
12531;13287;AZUL METALICO Y NEGRO;29:48.9;29:48.9;NULL
12532;13288;VERDE PAVO REAL;29:48.9;29:48.9;NULL
12533;13289;CAPRICE;29:49.0;29:49.0;NULL
12534;13290;BOURGOGNE;29:49.0;29:49.0;NULL
12535;13291;PRICE PHENICIEN;29:49.0;29:49.0;NULL
12536;13292;MONCHA CLARO;29:49.0;29:49.0;NULL
12537;13293;CAFE CON LECHE Y GRIS PERLA;29:49.0;29:49.0;NULL
12538;13294;CUIRASS METALIZADO;29:49.0;29:49.0;NULL
12539;13295;MONTREALBLAU;29:49.0;29:49.0;NULL
12540;13296;BRONCE APOLO Y DORADO;29:49.0;29:49.0;NULL
12541;13297;VO VERMILION;29:49.0;29:49.0;NULL
12542;13298;TILO VERDE;29:49.0;29:49.0;NULL
12543;13299;NEGRO PERLA CON AEROGRAFIA;29:49.0;29:49.0;NULL
12544;13300;CANYONROT;29:49.0;29:49.0;NULL
12545;13301;CONCHE VINO;29:49.0;29:49.0;NULL
12546;13302;ROJO LUMINOSO;29:49.0;29:49.0;NULL
12547;13303;CALYPSOROT;29:49.0;29:49.0;NULL
12548;13304;KASCHMIR DORADO;29:49.0;29:49.0;NULL
12549;13305;AMARILLO MOSTAZA WANBA-NEGRO;29:49.0;29:49.0;NULL
12550;13306;ARABIAN SAND Y NEGRO;29:49.0;29:49.0;NULL
12551;13307;VERDE CON FRANJAS A COLORES;29:49.0;29:49.0;NULL
12552;13308;AZUL ECCO;29:49.0;29:49.0;NULL
12553;13309;ESTRATO PERLA NEGRO PERLA;29:49.1;29:49.1;NULL
12554;13310;PALO DE ROSA Y BLANCO;29:49.1;29:49.1;NULL
12555;13311;ARENOSO SANDSTONE;29:49.1;29:49.1;NULL
12556;13312;BANANA BEIGE METALICO;29:49.1;29:49.1;NULL
12557;13313;CORDOBAN;29:49.1;29:49.1;NULL
12558;13314;VERDE MANZANA Y VERDE OSCURO;29:49.1;29:49.1;NULL
12559;13315;HAMBOUR BLUE;29:49.2;29:49.2;NULL
12560;13316;CORINTO;29:49.2;29:49.2;NULL
12561;13317;IMPALA;29:49.2;29:49.2;NULL
12562;13318;BEIGE ORO METALICO;29:49.2;29:49.2;NULL
12563;13319;ANTRACITA STANDARD;29:49.2;29:49.2;NULL
12564;13320;CAMEO WHITE;29:49.2;29:49.2;NULL
12565;13321;BROKATROT;29:49.2;29:49.2;NULL
12566;13322;VERDE ACERO METALIZADO;29:49.2;29:49.2;NULL
12567;13323;ZERMATT SILVER GRIS METALICO;29:49.2;29:49.2;NULL
12568;13324;GRIS YUNQUE;29:49.2;29:49.2;NULL
12569;13325;ESTAÑO;29:49.2;29:49.2;NULL
12570;13326;MS MYSTIC TEAL;29:49.2;29:49.2;NULL
12571;13327;PLATA BARY Y ROJO;29:49.2;29:49.2;NULL
12572;13328;COSMOS METALICO;29:49.2;29:49.2;NULL
12573;13330;PLATEADO SUIZO;29:49.2;29:49.2;NULL
12574;13331;ROJO BEIGE METALIZADO;29:49.2;29:49.2;NULL
12575;13332;SAVANNAH METALICO;29:49.2;29:49.2;NULL
12576;13333;BERNSTEINROT METALLIC;29:49.3;29:49.3;NULL
12577;13334;PLATA CONTINENTAL CON NEGRO;29:49.3;29:49.3;NULL
12578;13335;TWILIGHT PEARL;29:49.3;29:49.3;NULL
12579;13336;ORO LIMA;29:49.3;29:49.3;NULL
12580;13337;AZUL WINDSOR METALICO;29:49.3;29:49.3;NULL
12581;13338;ALUMINIO BRILLANTE;29:49.3;29:49.3;NULL
12582;13339;ROJO BLAZING BLANCO;29:49.3;29:49.3;NULL
12583;13340;PEACOCK;29:49.3;29:49.3;NULL
12584;13341;ROJO ELECTRICIDAD;29:49.3;29:49.3;NULL
12585;13342;AZORE GREEN SANDUSKY BEIGE-COMBINADO;29:49.3;29:49.3;NULL
12586;13343;NARANJA ATARDECER;29:49.3;29:49.3;NULL
12587;13344;RIO TOMATO;29:49.3;29:49.3;NULL
12588;13345;SILVER STREAK METALLIC;29:49.3;29:49.3;NULL
12589;13346;AZUL OCASO;29:49.3;29:49.3;NULL
12590;13347;CORSEY GREY;29:49.3;29:49.3;NULL
12591;13348;GRIS ALUMINIO METALICO;29:49.3;29:49.3;NULL
12592;13349;NEGRO CAYENNE;29:49.4;29:49.4;NULL
12593;13350;NEGRO AZUL METALICO;29:49.4;29:49.4;NULL
12594;13351;ROJO CHILI PLATEADO;29:49.4;29:49.4;NULL
12595;13352;GRIS URANO METALICO;29:49.4;29:49.4;NULL
12596;13353;ROJO BLANCO Y MOSTAZA;29:49.4;29:49.4;NULL
12597;13354;ROJO RALLYE Y NEGRO;29:49.4;29:49.4;NULL
12598;13355;GRIS URBANO METALICO;29:49.4;29:49.4;NULL
12599;13356;MONTPELLIER RED;29:49.4;29:49.4;NULL
12600;13357;ARTIC SILVER;29:49.4;29:49.4;NULL
12601;13358;CORSE GREY;29:49.4;29:49.4;NULL
12602;13359;GRIS CASTILLO;29:49.4;29:49.4;NULL
12603;13360;ROJO FLAMENCO METALICO;29:49.4;29:49.4;NULL
12604;13361;MANDARINA ROJO AZUL TURQUESA;29:49.4;29:49.4;NULL
12605;13362;COLOR VERDE SIERRA METALIZADO;29:49.4;29:49.4;NULL
12606;13363;COLOR ROJO CORDOBA METALIZADO;29:49.4;29:49.4;NULL
12607;13364;GRIS KALISTO METALIZADO;29:49.4;29:49.4;NULL
12608;13365;COBRE BRILLANTE METALIZADO BLANCO;29:49.4;29:49.4;NULL
12609;13366;BLANCO ALPIN METALIZADO;29:49.4;29:49.4;NULL
12610;13367;EFECTO AZUL BRILLANTE COMBINADO EFECTO DE PLATA;29:49.5;29:49.5;NULL
12611;13368;NEGRO AZUL BLANCO ROJO;29:49.5;29:49.5;NULL
12612;13369;GRIS ISLANDIA METALIZADO;29:49.5;29:49.5;NULL
12613;13370;BLANCO SEDA;29:49.5;29:49.5;NULL
12614;13371;PLATA BLANCO METALIZADO BLANCO;29:49.5;29:49.5;NULL
12615;13372;BRONCE JATOBA METALIZADO;29:49.5;29:49.5;NULL
12616;13373;VERDE CON FRANJAS DORADAS;29:49.5;29:49.5;NULL
12617;13374;COSMO BLAU;29:49.5;29:49.5;NULL
12618;13375;CAFE SPARKLING METALIZADO;29:49.5;29:49.5;NULL
12619;13376;GRIS ICEBERG METALIZADO;29:49.5;29:49.5;NULL
12620;13377;PRATA CAIRO METALIZADO;29:49.5;29:49.5;NULL
12621;13378;AZUL COMETA BLANCO;29:49.6;29:49.6;NULL
12622;13379;RUBY ROJO METALICO;29:49.6;29:49.6;NULL
12623;13380;AZUL TRUE METALIZADO BLANCO;29:49.6;29:49.6;NULL
12624;13381;PLATEADO AZUL BLANCO NEGRO;29:49.6;29:49.6;NULL
12625;13382;VERDE ESMERALDA Y NEGRO;29:49.6;29:49.6;NULL
12626;13383;BLANCO/NEGRO TORMENTA;29:49.6;29:49.6;NULL
12627;13384;GRIS PLOMO METALIZADO Y NEGRO;29:49.6;29:49.6;NULL
12629;13386;VERDE POLAR/NARANJA;29:49.6;29:49.6;NULL
12630;13387;ROJO RACING BLANCO ALPINO NEGRO ZAFIRO METALIZADO;29:49.6;29:49.6;NULL
12631;13388;BLANCO NEGRO TORMENTA;29:49.6;29:49.6;NULL
12632;13389;PLATA GALAXY;29:49.6;29:49.6;NULL
12633;13390;AZUL DUPONT Y PLATA;29:49.6;29:49.6;NULL
12634;13391;VERDE METALICO MARFIL;29:49.6;29:49.6;NULL
12635;13392;AZUL NEON METALIC;29:49.6;29:49.6;NULL
12636;13393;AZUL COMETA NEGRO;29:49.7;29:49.7;NULL
12637;13394;AZUL SIDERAL METALIZADO;29:49.7;29:49.7;NULL
12638;13395;AMBAR WHISKEY PLATA BRILLANTE;29:49.7;29:49.7;NULL
12639;13396;GRIS ORION METALIZADO;29:49.7;29:49.7;NULL
12640;13397;GRIS GRAFICO;29:49.7;29:49.7;NULL
12641;13398;BLANCO AZUL PLATEADO NEGRO;29:49.7;29:49.7;NULL
12642;13399;AZUL PACIFICO METALICO;29:49.7;29:49.7;NULL
12643;13400;CHOCOLATE ICED BLANCO;29:49.7;29:49.7;NULL
12644;13401;PLATA CAFE PERLADO;29:49.7;29:49.7;NULL
12645;13402;AZUL PETROLIZADO;29:49.7;29:49.7;NULL
12646;13403;ROJO PASION Y ESTRATO PLATA;29:49.7;29:49.7;NULL
12647;13404;GRIS RB Negro;29:49.7;29:49.7;NULL
12648;13405;SIERRA BICAPA;29:49.7;29:49.7;NULL
12649;13406;BLANCO GALAXYA Y VERDE DORADO;29:49.7;29:49.7;NULL
12650;13407;AZUL CLOISONN;29:49.7;29:49.7;NULL
12651;13408;ROJO BORDEAUX PERLADO METALIZADO BLANCO;29:49.8;29:49.8;NULL
12652;13409;ROJO SUNRISE;29:49.8;29:49.8;NULL
12653;13410;ALUMINIO BRONCE;29:49.8;29:49.8;NULL
12654;13411;GRIS CARBONICO;29:49.8;29:49.8;NULL
12655;13412;ROJO CHERRY;29:49.8;29:49.8;NULL
12656;13413;GRIS PIEDRA PLATA METALICO;29:49.8;29:49.8;NULL
12657;13414;BLANCO PLATA ROJO NEGRO;29:49.8;29:49.8;NULL
12658;13415;PLATA ESCUNA Y AZUL OSCURO PETROLEO;29:49.8;29:49.8;NULL
12659;13416;ROJO Y GRIS;29:49.8;29:49.8;NULL
12660;13417;AZUL Y PURPURA CON FRANJAS BLANCAS;29:49.8;29:49.8;NULL
12661;13418;AMARILLO COMPETICION;29:49.8;29:49.8;NULL
12662;13419;ROJO SHIRAZ CON NEGRO;29:49.8;29:49.8;NULL
12663;13420;VERDE MENTA Y MARFIL;29:49.8;29:49.8;NULL
12664;13421;PLATA VELVET METALIZADO;29:49.8;29:49.8;NULL
12665;13422;VERDE ESMERALDA METALIZADO;29:49.8;29:49.8;NULL
12666;13423;TITANIO FLASH;29:49.9;29:49.9;NULL
12667;13424;PLATA METALIZADO Y NEGRO PERLADO;29:49.9;29:49.9;NULL
12668;13425;GRIS AGATA METALICO;29:49.9;29:49.9;NULL
12669;13426;WHISPES NEGRO;29:49.9;29:49.9;NULL
12670;13427;BLANCO ROJO PURPLE;29:49.9;29:49.9;NULL
12671;13428;ROJO NEGRO MATE;29:49.9;29:49.9;NULL
12672;13429;NEGRO NARANJA ROJO Y GRIS;29:49.9;29:49.9;NULL
12673;13430;PLATA VOGUE Y GRIS OSCURO;29:49.9;29:49.9;NULL
12674;13431;MARFIL VERDE OSCURO;29:49.9;29:49.9;NULL
12675;13432;ROJO TINTO OCRE;29:49.9;29:49.9;NULL
12676;13433;VERDE OSCURO M;29:49.9;29:49.9;NULL
12677;13434;ROJO Y MARFIL;29:49.9;29:49.9;NULL
12678;13435;PLATA SIERRA BICAPA;29:49.9;29:49.9;NULL
12679;13436;AZUL BAHAMA;29:49.9;29:49.9;NULL
12680;13437;VINO TINTO OCRE;29:50.0;29:50.0;NULL
12681;13438;PLATA VELVET METALIZADO BLANCO;29:50.0;29:50.0;NULL
12682;13439;AZUL BRILLANTE METALIZADO;29:50.0;29:50.0;NULL
12683;13440;VERDE PERLA METALICO;29:50.0;29:50.0;NULL
12684;13441;BLANCO VAINILLA Y NEGRO;29:50.0;29:50.0;NULL
12685;13442;ROJO GRIS VERDE;29:50.0;29:50.0;NULL
12686;13443;VINOTINTO ORO;29:50.0;29:50.0;NULL
12687;13444;VERDE PORTOV;29:50.0;29:50.0;NULL
12688;13445;BLANCO GLAM;29:50.0;29:50.0;NULL
12689;13446;NEGRO DIABLO;29:50.0;29:50.0;NULL
12690;13447;GRIS HIELO;29:50.0;29:50.0;NULL
12691;13448;ESPRESSO;29:50.0;29:50.0;NULL
12692;13449;NEGRO APRILIA;29:50.0;29:50.0;NULL
12693;13450;NIQUELADO;29:50.1;29:50.1;NULL
12694;13451;AZUL MEDIA NOCHE;29:50.1;29:50.1;NULL
12695;13452;BLANCO OLIMPICO Y NARANJA;29:50.1;29:50.1;NULL
12696;13453;BLANCO PERLA SEDOSO;29:50.1;29:50.1;NULL
12697;13454;NEGRO PHAMTON CON PLATA HIELO;29:50.1;29:50.1;NULL
12698;13455;GRIS OCASO Y ROJO;29:50.1;29:50.1;NULL
12699;13456;VERDE FRANJA NEGRA;29:50.1;29:50.1;NULL
12700;13457;BRANCO BANCHISA;29:50.1;29:50.1;NULL
12701;13458;ARENA BIV METAL;29:50.1;29:50.1;NULL
12702;13459;ROJO OSCURO METALICO;29:50.1;29:50.1;NULL
12703;13460;VINO TINTO/PLATA METALICO;29:50.1;29:50.1;NULL
12704;13461;AMARILLO RALLY Y NEGRO;29:50.1;29:50.1;NULL
12705;13463;COLOR AZUL ALBA;29:50.1;29:50.1;NULL
12706;13464;BLANCO OXFORD ROJO Y NEGRO;29:50.2;29:50.2;NULL
12707;13465;GRIS ASPEN METALICO;29:50.2;29:50.2;NULL
12708;13466;ROJO VULCANO METALICO;29:50.2;29:50.2;NULL
12709;13467;NEGRO VERDE AMARILLO;29:50.2;29:50.2;NULL
12710;13468;MARFIL LIMÓN;29:50.2;29:50.2;NULL
12711;13469;PLATA SATIN Y ROJO PERLADO;29:50.2;29:50.2;NULL
12712;13470;GRIS FUCCIA;29:50.2;29:50.2;NULL
12713;13471;BEIGE TUNGSTENO;29:50.2;29:50.2;NULL
12714;13472;PLATEADO GRIS OSCURO METALIZADO;29:50.2;29:50.2;NULL
12715;13473;NEGRO-VERD;29:50.3;29:50.3;NULL
12716;13474;BRIGHT SILVER METALLIC;29:50.3;29:50.3;NULL
12717;13475;BLANCO GLACIAL (V);29:50.3;29:50.3;NULL
12718;13476;AMARILLO AMPED;29:50.3;29:50.3;NULL
12719;13478;DUNA;29:50.3;29:50.3;NULL
12720;13479;PLATA DIAMANTE NEGRO;29:50.3;29:50.3;NULL
12721;13480;AMBAR WHISKEY NEGRO;29:50.3;29:50.3;NULL
12722;13481;NARANJA VOLCANIC BLANCO;29:50.3;29:50.3;NULL
12723;13482;BLANCO CRISTAL Y AZUL;29:50.3;29:50.3;NULL
12724;13483;BLANCO GALAXIA Y AZUL;29:50.3;29:50.3;NULL
12725;13484;ROJO FUEGO 2013;29:50.3;29:50.3;NULL
12726;13485;NIAGARA SILVER;29:50.3;29:50.3;NULL
12727;13486;AZUL PT;29:50.3;29:50.3;NULL
12728;13487;GRIS PLATA PERLA;29:50.3;29:50.3;NULL
12729;13488;MARRON BON GRIS;29:50.3;29:50.3;NULL
12730;13489;BLANCO LOTUS Y ROJO;29:50.3;29:50.3;NULL
12731;13490;VERDE ASTORIA METALICO;29:50.4;29:50.4;NULL
12732;13491;BLANCO ARCO BICAPA Y AZUL;29:50.4;29:50.4;NULL
12733;13492;NARANJA VOLCANIC NEGRO;29:50.4;29:50.4;NULL
12734;13493;NARANJA SAKHIR METALIZADO NEGRO BRILLANTE;29:50.4;29:50.4;NULL
12735;13494;ROJO ADRENALINA;29:50.4;29:50.4;NULL
12736;13495;NEGRO NINJA PERLADO;29:50.4;29:50.4;NULL
12737;13496;VERDE Y ROSADO;29:50.4;29:50.4;NULL
12738;13497;VERDE PINO METALICO;29:50.4;29:50.4;NULL
12739;13498;VERDE MICA PLATA METALIZADA;29:50.4;29:50.4;NULL
12740;13499;NARANJA FLUORESCENTE NEGRO;29:50.4;29:50.4;NULL
12741;13500;ROJO MULTICOLOR;29:50.4;29:50.4;NULL
12742;13501;AZUL NAVI MICA;29:50.4;29:50.4;NULL
12743;13502;ROJO OSCURO METALIZADO;29:50.4;29:50.4;NULL
12744;13503;GLACIAR;29:50.4;29:50.4;NULL
12745;13504;GRIS PIEDRA OSCURO METALIZADO;29:50.4;29:50.4;NULL
12746;13505;VIOLETA NEGRO VERDE;29:50.5;29:50.5;NULL
12747;13506;ROJO SHIRAZ CON BLANCO AMALFY;29:50.5;29:50.5;NULL
12748;13507;RED PASION;29:50.5;29:50.5;NULL
12749;13508;TURQUESA MEDIO METALIZADO;29:50.5;29:50.5;NULL
12750;13509;ROSA ROJA NEGRO;29:50.5;29:50.5;NULL
12751;13510;GRIS ANTRACITA METALICO;29:50.5;29:50.5;NULL
12752;13511;VERDE GRIS PLATINADO;29:50.5;29:50.5;NULL
12753;13512;ROJO ALQUERIA;29:50.5;29:50.5;NULL
12754;13513;ROJO BURDEO CLARO METALICO;29:50.5;29:50.5;NULL
12755;13514;GRIS GRAFITO OSCURO METALICO;29:50.5;29:50.5;NULL
12756;13515;VERDE MAYERLING METALICO;29:50.5;29:50.5;NULL
12757;13516;CAFE Y ARENA PERLA;29:50.5;29:50.5;NULL
12758;13517;VERDE OSCURO GRIS METALICO;29:50.5;29:50.5;NULL
12759;13518;TOPAZ GOLD METALLIC;29:50.5;29:50.5;NULL
12760;13519;NEGRO BLANCO GRIS ROJO AZUL;29:50.5;29:50.5;NULL
12761;13520;VERDE DEGRADE;29:50.5;29:50.5;NULL
12762;13521;AZUL HORIZONTE METALIZADO NEGRO;29:50.6;29:50.6;NULL
12763;13522;BEIGE CON RAYAS GRISES;29:50.6;29:50.6;NULL
12764;13523;ARMY GREEN;29:50.6;29:50.6;NULL
12765;13524;SILVER GRIS PLATA;29:50.6;29:50.6;NULL
12766;13525;PLATEADO ICE METALLIC;29:50.6;29:50.6;NULL
12767;13526;AZUL WR MICA;29:50.6;29:50.6;NULL
12768;13527;ROJO VENETIAN PEARL;29:50.6;29:50.6;NULL
12769;13528;NARANJA TANGERINE PEARL;29:50.6;29:50.6;NULL
12770;13529;BLANCO SATIN PEARL;29:50.6;29:50.6;NULL
12771;13530;AZUL DEEP SEA PEARL;29:50.6;29:50.6;NULL
12772;13531;BRONCE BURNISHED METALLIC;29:50.6;29:50.6;NULL
12773;13532;BLANCO CRYSTAL SILICA;29:50.6;29:50.6;NULL
12774;13533;VERDE JASMINE METALLIC;29:50.6;29:50.6;NULL
12775;13534;KHAKI DESERT;29:50.6;29:50.6;NULL
12776;13535;AZUL QUARTZ PEARL;29:50.7;29:50.7;NULL
12777;13536;VERDE PLASMA PEARL;29:50.7;29:50.7;NULL
12778;13537;VERDE CYPRESS PEARL;29:50.7;29:50.7;NULL
12779;13538;INDIGO DEEP PEARL;29:50.7;29:50.7;NULL
12780;13539;GRIS CARBIDE METALLIC;29:50.7;29:50.7;NULL
12781;13540;AZUL TWILIGHT METALLIC;29:50.7;29:50.7;NULL
12782;13541;TANGSTEN METALLIC;29:50.7;29:50.7;NULL
12783;13542;GRIS DARK METALLIC;29:50.7;29:50.7;NULL
12784;13543;BLANCO ESTRELLA;29:50.7;29:50.7;NULL
12785;13544;PLATEADO AICE METALICO;29:50.7;29:50.7;NULL
12786;13545;VERDE AGUA MARINA BLANCO;29:50.7;29:50.7;NULL
12787;13546;NARANJA LAVA METALIZADA NEGRA SEDABRILLANTE;29:50.7;29:50.7;NULL
12788;13547;GRIS LOTO METALIZADO;29:50.7;29:50.7;NULL
12789;13548;AZUL LUZ DE LUNA METALIZADO;29:50.8;29:50.8;NULL
12790;13549;BLANCO CON FRANJA NEGRA;29:50.8;29:50.8;NULL
12791;13550;GRIS DENSO METALICO;29:50.8;29:50.8;NULL
12792;13551;VERDE OLIVA MATE;29:50.8;29:50.8;NULL
12793;13552;AZUL RACING METALIZADO MATE;29:50.8;29:50.8;NULL
12794;13553;BLANCO CAMPANELLA Y NEGRO;29:50.8;29:50.8;NULL
12795;13554;GRIS AMARILLO BLANCO VERDE AZUL;29:50.8;29:50.8;NULL
12796;13555;VERDE INTENSIVE METALICO;29:50.8;29:50.8;NULL
12797;13556;GRIS MONZON METALIZADO;29:50.8;29:50.8;NULL
12798;13557;GRIS FLANDRES METALICO;29:50.8;29:50.8;NULL
12799;13558;VERDE CLARO METAL;29:50.8;29:50.8;NULL
12800;13559;AMARILLO VERDE PANTONE;29:50.8;29:50.8;NULL
12801;13560;BEIGE MATE;29:50.8;29:50.8;NULL
12802;13561;GRIS SILEX;29:50.9;29:50.9;NULL
12803;13562;NEGRO CRYSTAL SILICA;29:50.9;29:50.9;NULL
12804;13563;ROJO PERLADO NEGRO;29:50.9;29:50.9;NULL
12805;13564;BLANCO PERLA PLUS;29:50.9;29:50.9;NULL
12806;13565;BLANCO MARMOL;29:50.9;29:50.9;NULL
12807;13566;VERDE METALIZADO Y DORADO;29:50.9;29:50.9;NULL
12808;13567;ROJO VICTORIA BRILLANTE;29:50.9;29:50.9;NULL
12809;13568;VOLCANIC BLACK (NEGRO);29:50.9;29:50.9;NULL
12810;13569;VERDE INGLES METALIZ. NACIONAL;29:50.9;29:50.9;NULL
12811;13570;AMARILLO AZUL CLARO Y NEGRO;29:50.9;29:50.9;NULL
12812;13571;AZUL ONIX METALICO;29:50.9;29:50.9;NULL
12813;13572;NEGRO GARA;29:50.9;29:50.9;NULL
12814;13573;AMARILLO, VERDE, MARRON, BLANCO Y AZUL;29:50.9;29:50.9;NULL
12815;13574;ROJO MISANO CON NEGRO;29:50.9;29:50.9;NULL
12816;13575;AZUL PROFUNDO METALIZADO BLANCO;29:50.9;29:50.9;NULL
12817;13576;DIAMOND GRAY METALLIC;29:50.9;29:50.9;NULL
12818;13577;BLANCO CARBON MATE;29:50.9;29:50.9;NULL
12819;13578;VERDE TE;29:50.9;29:50.9;NULL
12820;13579;NEGRO INTENSO METALICO;29:50.9;29:50.9;NULL
12821;13580;NEGRO OBSIDIEN METALIZADO;29:50.9;29:50.9;NULL
12822;13581;NEGRO TORMENTA METALIZADO;29:51.0;29:51.0;NULL
12823;13582;NEGRO VERD;29:51.0;29:51.0;NULL
12824;13583;AZUL WINDSOR MET;29:51.0;29:51.0;NULL
7493;7797;VERDE MAYO;16:03.7;16:03.7;NULL
12825;13584;ROJO ADEN METALICO;29:51.0;29:51.0;NULL
12826;13585;VINO TINTO MICA METALICO;29:51.0;29:51.0;NULL
12827;13586;ROJO ALFA METALIZADO;29:51.0;29:51.0;NULL
12828;13587;GRIS THUNDER METALIZADO NEGRO;29:51.0;29:51.0;NULL
12829;13588;ROJO LIGHTINING;29:51.0;29:51.0;NULL
12830;13589;AZUL HIELO METALIZADO MATE;29:51.0;29:51.0;NULL
12831;13590;AVALON;29:51.0;29:51.0;NULL
12832;13591;NARANJA TANGERINE METALICO;29:51.0;29:51.0;NULL
12833;13592;BLANCO CANDY Y ROJO;29:51.0;29:51.0;NULL
12834;13593;ROJO INZA Y NEGRO;29:51.0;29:51.0;NULL
12835;13594;NARANJA CO;29:51.0;29:51.0;NULL
12836;13595;GRIS PLOMO METALICO;29:51.0;29:51.0;NULL
12837;13596;MANDARINA GRIS PLATA;29:51.0;29:51.0;NULL
12838;13597;GRIS GRANITO METALIZADO BLANCO ALPINO;29:51.1;29:51.1;NULL
12839;13598;AZUL ANIVERSARIO PERLADO;29:51.1;29:51.1;NULL
12840;13599;CINZA EJECUTIVO Y NEGRO;29:51.1;29:51.1;NULL
12841;13600;PLATA FLORETE CON NEGRO BRILLANTE;29:51.1;29:51.1;NULL
12842;13601;BLANCO ALPINO AZUL LUPINO ROJO RACING;29:51.1;29:51.1;NULL
12843;13602;ROJO CHILI BLANCO NEGRO;29:51.1;29:51.1;NULL
12844;13603;NARANJA VOLCANO;29:51.1;29:51.1;NULL
12845;13604;WHISPER NEGRO;29:51.1;29:51.1;NULL
12846;13605;BLANCO NEGRO TORMENTA METALIZADO;29:51.1;29:51.1;NULL
12847;13606;NEGRO PERLA NER AZUL;29:51.1;29:51.1;NULL
12848;13607;GRIS SHARK AZUL;29:51.2;29:51.2;NULL
12849;13608;AZUL SCUBA CON NEGRO;29:51.2;29:51.2;NULL
12850;13609;GRIS MONZON CON NEGRO;29:51.2;29:51.2;NULL
12851;13610;NEGRO NARANJA BLANCO;29:51.2;29:51.2;NULL
12852;13611;GRIS IMPERIAL;29:51.2;29:51.2;NULL
12853;13612;BLANCO PERLA MATE;29:51.2;29:51.2;NULL
12854;13613;BLANCO ARCO BICAPA CON VERDE;29:51.3;29:51.3;NULL
12855;13614;MORADO PERLADO Y PLATA CELESTIAL METALIZADO;29:51.3;29:51.3;NULL
12856;13615;AZUL SOMBRA METALICO NEGRO;29:51.3;29:51.3;NULL
12857;13616;SHARK AZUL;29:51.3;29:51.3;NULL
12858;13617;NIAGARA METALICO;29:51.3;29:51.3;NULL
12859;13618;AZUL DAYTONA Y NEGRO;29:51.3;29:51.3;NULL
12860;13619;NARANJA SAKHIR METALIZADO NEGRO SEDA;29:51.3;29:51.3;NULL
12861;13620;CARBON METALIZADO CON LLAMAS;29:51.4;29:51.4;NULL
12862;13621;VERDE JADE METALICO;29:51.4;29:51.4;NULL
12863;13622;NEGRO ROJO ECLIPSE Y DORADO;29:51.4;29:51.4;NULL
12864;13623;CHAMPAÑA PLATEADO METALICO;29:51.4;29:51.4;NULL
12865;13624;GRANITO;29:51.4;29:51.4;NULL
12866;13625;VERDE ECO;29:51.5;29:51.5;NULL
12867;13626;AZUL METALIZADO ROJO LADRILLO;29:51.5;29:51.5;NULL
12868;13627;BLANCO GEADA Y AZUL;29:51.5;29:51.5;NULL
12869;13628;BEIGE RIVERA;29:51.5;29:51.5;NULL
12870;13629;AZUL CORCEGA NEGRO BLANCO;29:51.5;29:51.5;NULL
12871;13630;GRIS OPAL METALICO;29:51.6;29:51.6;NULL
12872;13631;BEIGE DORADO Y NARANJA;29:51.6;29:51.6;NULL
12873;13632;VERDE AMARILLO ROJO AZUL BLANCO;29:51.6;29:51.6;NULL
12874;13633;ROJO LYRA METALICO;29:51.6;29:51.6;NULL
12875;13634;VERDE KIWI;29:51.6;29:51.6;NULL
12876;13635;BLANCO NEVADO BICAPA NEGRO;29:51.6;29:51.6;NULL
12877;13636;ROJO LIRA Y NEGRO MATE;29:51.6;29:51.6;NULL
12878;13637;VERDE OAKLAND METALIZADO;29:51.6;29:51.6;NULL
12879;13638;AZUL AMATISTA Y DORADO;29:51.6;29:51.6;NULL
12880;13639;MARRON ORIENTE METALIZADO;29:51.6;29:51.6;NULL
12881;13640;GRIS ALBORADA METALI;29:51.7;29:51.7;NULL
12882;13641;PLATA VOGUE METALIZADO;29:51.7;29:51.7;NULL
12883;13642;GRIS ASTER M. METALICO;29:51.7;29:51.7;NULL
12884;13643;GRIS ELEGANTE;29:51.7;29:51.7;NULL
12885;13644;BLANCO GLACIAL VERDE;29:51.7;29:51.7;NULL
12886;13645;GRIS NUBRE;29:51.7;29:51.7;NULL
12887;13646;ROJO DRAGON;29:51.7;29:51.7;NULL
12888;13647;AZUL LIGERO;29:51.7;29:51.7;NULL
12889;13648;AZUL GAIOLA;29:51.7;29:51.7;NULL
12890;13649;BLANCO PURO CON FRANJAS ROJO Y AZUL;29:51.7;29:51.7;NULL
12891;13650;BLANCO PURO CON FRANJAS AMARILLO FLORECENTE Y VERDE;29:51.7;29:51.7;NULL
12892;13651;AZUL ORINOCO METALIZADO;29:51.7;29:51.7;NULL
12893;13652;BLANCO HUESO DORADO;29:51.7;29:51.7;NULL
12894;13653;BLANCO AZUL METALIZADO;29:51.8;29:51.8;NULL
12895;13654;PERLA ORO;29:51.8;29:51.8;NULL
12896;13655;BLANCO OLIMPICO Y AZUL;29:51.8;29:51.8;NULL
12897;13656;OLIVA METALICO;29:51.8;29:51.8;NULL
12898;13657;BLANCO ARAYA NEGRO;29:51.8;29:51.8;NULL
12899;13658;AMARILLO TAXI EXHIBICION;29:51.8;29:51.8;NULL
12900;13659;NEGRO POLICROMADO;29:51.8;29:51.8;NULL
12901;13660;GRIS PLATINIUM;29:51.8;29:51.8;NULL
12902;13661;NEGRO PLATA BRILLANTE;29:51.8;29:51.8;NULL
12903;13662;VERDE AMAZONAS;29:51.8;29:51.8;NULL
12904;13663;ROJO PERLADO GRIS NIEBLA;29:51.8;29:51.8;NULL
12905;13664;PLATA HIELO METALIZADO CON NEGRO;29:51.8;29:51.8;NULL
12906;13665;GRIS THUNDER METALIZADO BLANCO;29:51.8;29:51.8;NULL
12907;13666;AZUL QUARZO METALIZADO;29:51.8;29:51.8;NULL
12908;13667;ROJO REMBRANDT METALIZADO;29:51.8;29:51.8;NULL
12909;13668;VERDE TURQUESA METALIZADO;29:51.8;29:51.8;NULL
12910;13669;GRIS GRAFITO MATE;29:51.8;29:51.8;NULL
12911;13670;PLATA AHUMADA METALICO;29:51.8;29:51.8;NULL
12912;13671;BEIGE ORO PERLADO;29:51.8;29:51.8;NULL
12913;13672;GRIS ALUMINIUM METALIZADO;29:51.8;29:51.8;NULL
12914;13673;PLATA FLORETE METALIZADO;29:51.8;29:51.8;NULL
12915;13674;ROJO Y BLANCO;29:51.9;29:51.9;NULL
12916;13675;BLANCO DE SEVRES NEGRO ROJO;29:51.9;29:51.9;NULL
12917;13676;NEGRO BRILLANTE BICA;29:51.9;29:51.9;NULL
12918;13677;WARM SILVER;29:51.9;29:51.9;NULL
12919;13678;CIRRUSBLAU METALIC;29:51.9;29:51.9;NULL
7894;8203;VERDE NICE;16:06.6;16:06.6;NULL
12920;13679;AZUL DIAMANTE METALICO;29:51.9;29:51.9;NULL
12921;13680;PLATA ESCUNA VERDE;29:51.9;29:51.9;NULL
12922;13681;SALMON BLANCO VERDE;29:51.9;29:51.9;NULL
12923;13682;PLATEADO HIELO CLARO;29:51.9;29:51.9;NULL
12924;13683;BLANCO SATIN PERLADO;29:51.9;29:51.9;NULL
12925;13684;AZUL WR PEARL;29:51.9;29:51.9;NULL
12926;13685;METALIZADO PERLA NEGRA;29:51.9;29:51.9;NULL
12927;13686;PLATA SIGNET;29:51.9;29:51.9;NULL
12928;13687;BEIGE CARRARA METALI;29:51.9;29:51.9;NULL
12929;13688;GRIS PALADIO METALIZADO;29:51.9;29:51.9;NULL
12930;13689;AZUL DEEP METALIZADO, BLANCO;29:51.9;29:51.9;NULL
12931;13690;COBRE DOS TONOS;30:55.6;30:55.6;NULL
12932;13691;BEIGE CARRACA;30:55.6;30:55.6;NULL
12933;13692;AZUL ROSADO MORADO;30:55.6;30:55.6;NULL
12934;13693;PLATA METALIZADO Y NEGRO;30:55.6;30:55.6;NULL
12935;13694;BLANCO, AMARILLO, NEGRO Y GRIS;30:55.6;30:55.6;NULL
12936;13695;NEGRO NARANJA GRIS Y ROJO;30:55.6;30:55.6;NULL
12937;13696;MONIPELLIER RED;30:55.6;30:55.6;NULL
12938;13697;ROJO DINAMICO PERLADO Y NEGRO;30:55.6;30:55.6;NULL
12939;13698;WILLOW MET;30:55.6;30:55.6;NULL
12940;13699;ROJO CON BLANCO Y NEGRO;30:55.6;30:55.6;NULL
12941;13700;BLANC MEIJE;30:55.6;30:55.6;NULL
12942;13701;NARANJA SPICE PLATEADO METALIZADO;30:55.7;30:55.7;NULL
12943;13702;ROJO BURDEO METALICO;30:55.7;30:55.7;NULL
12944;13703;GRIS CAMALEON Y PLATEADO;30:55.7;30:55.7;NULL
12945;13704;NEGRO BLANCO VERDE;30:55.7;30:55.7;NULL
12946;13705;NEGRO GRIS DORADO;30:55.7;30:55.7;NULL
12947;13706;NEGRO BLANCO MORADO;30:55.7;30:55.7;NULL
12948;13707;NEGRO BLANCO ROSADO;30:55.7;30:55.7;NULL
12949;13708;NEGRO BLANCO ROJO AMARILLO AZUL;30:55.7;30:55.7;NULL
12950;13709;NEGRO BLANCO AMARILLO AZUL;30:55.7;30:55.7;NULL
12951;13710;AZUL MYSTIC METALIZADO;30:55.7;30:55.7;NULL
12952;13711;BLANCO DORADO METALIZADO;30:55.7;30:55.7;NULL
12953;13712;BLANCO GLACIAR CON NEGRO BRILLANTE;30:55.7;30:55.7;NULL
12954;13713;AMARILLO SILVER;30:55.8;30:55.8;NULL
12955;13714;VERDE SILVER;30:55.8;30:55.8;NULL
12956;13715;NEGRO CON FRANJA NARANJA Y AZUL PERLADO;30:55.8;30:55.8;NULL
12957;13716;POLARIS METALICO;30:55.8;30:55.8;NULL
12958;13717;TIERRA REAL METALICO;30:55.8;30:55.8;NULL
12959;13718;ORO BLANCO METALICO;30:55.8;30:55.8;NULL
12960;13719;AZUL MIDNIGHT;30:55.8;30:55.8;NULL
12961;13720;AZUL METHYL METALIZADO;30:55.8;30:55.8;NULL
12962;13721;ARENA FINA;30:55.8;30:55.8;NULL
12963;13722;VERDE JADE MICA METALICO;30:55.8;30:55.8;NULL
12964;13723;VERDE/G. OSCURO;30:55.8;30:55.8;NULL
12965;13724;ROJO MANANTIAL, BLANCO Y NEGRO;30:55.8;30:55.8;NULL
12966;13725;BLANCO LUNA AZUL;30:55.8;30:55.8;NULL
12967;13726;BLANCO VIOLETT FUCCIA;30:55.8;30:55.8;NULL
12968;13727;BLANCO DAIMLER;30:55.8;30:55.8;NULL
12969;13728;GRIS ANDINO METALICO;30:55.8;30:55.8;NULL
12970;13729;GRIS LAVA CON NEGRO;30:55.8;30:55.8;NULL
12971;13730;NARANJA SAMOA CON GRIS DAYTONA;30:55.8;30:55.8;NULL
12972;13731;MARRON TECA CON PLACA FLORETE;30:55.9;30:55.9;NULL
12973;13732;NEGRO HABANA METALIZADO;30:55.9;30:55.9;NULL
12974;13733;GRIS RAYO METALIZADO BLANCO;30:55.9;30:55.9;NULL
12975;13734;GRIS PLOMO METALIZADO Y VINOTINTO;30:55.9;30:55.9;NULL
12976;13735;BLANCO AZUL GPX;30:55.9;30:55.9;NULL
12977;13736;AZUL SCUBA NEGRO BRILLANTE;30:55.9;30:55.9;NULL
12978;13737;NEGRO MYTHOS METALIZADO;30:55.9;30:55.9;NULL
12979;13738;NEGRO MYTHOS CON PLATA FLORETE;30:55.9;30:55.9;NULL
12980;13739;AZUL ESCUBA PLATA FLORETE;30:55.9;30:55.9;NULL
12981;13740;AZUL ESCUBA BLANCO AMALFI;30:55.9;30:55.9;NULL
12982;13741;SANDAL WOOD;30:55.9;30:55.9;NULL
12983;13742;SILVAR;30:55.9;30:55.9;NULL
12984;13743;POLINESIAN;30:55.9;30:55.9;NULL
12985;13744;BLANCO VIOLETT FUCSIA;30:55.9;30:55.9;NULL
12986;13745;ROJO VELVET Y NEGRO;30:55.9;30:55.9;NULL
12987;13746;AZUL PROFUNDO METALIZADO;30:55.9;30:55.9;NULL
12988;13747;PLATA LUMINOSA METALIZADO;30:55.9;30:55.9;NULL
12989;13748;NEGRO BLANCO MORADO Y DORADO;30:56.0;30:56.0;NULL
12990;13749;CIBER GRAY MEALLIC;30:56.0;30:56.0;NULL
12991;13750;CAFE HABANA METALIZADO;30:56.0;30:56.0;NULL
12992;13751;AZUL CUARZO METALIZADO;30:56.0;30:56.0;NULL
12993;13752;AZUL GRIS METALICO;30:56.0;30:56.0;NULL
12994;13753;GRIS CLASICO METALIZADO;30:56.0;30:56.0;NULL
12995;13754;BEIGE OLIMPICO NEGRO;30:56.0;30:56.0;NULL
12996;13755;ROJO METALICO OSCURO;30:56.0;30:56.0;NULL
12997;13756;GRIS METALIZADO BLANCO;30:56.0;30:56.0;NULL
12998;13757;GRIS GALAPAGO NARANJA BLANCO;30:56.0;30:56.0;NULL
12999;13758;AZUL REEF METALIZADO BLANCO;30:56.0;30:56.0;NULL
13000;13759;AZUL BASTIAN;30:56.0;30:56.0;NULL
13001;13760;AZUL ATLANTIDA METALIZADO;30:56.0;30:56.0;NULL
13002;13761;ESTRACTO PERLA DORADO ROJO Y AZUL;30:56.0;30:56.0;NULL
13003;13762;PLATA SATELLITE;30:56.0;30:56.0;NULL
13004;13763;GRIS CARBON ACERO METALICO;30:56.0;30:56.0;NULL
13005;13764;AZUL SEDA METALICO;30:56.0;30:56.0;NULL
13006;13765;BLANCO GALAXIA Y FUCSIA;30:56.0;30:56.0;NULL
13007;13766;BLANCO ELITE;30:56.1;30:56.1;NULL
13008;13767;NEGRO VIVIDO CON LLAMAS;30:56.1;30:56.1;NULL
13009;13768;ROJO SHIRAZ CON PLATA FLORETE;30:56.1;30:56.1;NULL
13010;13769;ROJO TOREADO;30:56.1;30:56.1;NULL
13011;13770;BLANCO AMARILLO NEGRO Y GRIS;30:56.1;30:56.1;NULL
13012;13771;ROJO FUEGO NEGRO Y MATE;30:56.1;30:56.1;NULL
13013;13772;GRIS CENIZA METALICO Y NEGRO;30:56.1;30:56.1;NULL
13014;13773;GRIS RODIUM;30:56.1;30:56.1;NULL
13015;13774;AZUL ELECTRIC METALIZADO NEGRO;30:56.2;30:56.2;NULL
13016;13775;AZUL ELECTRIC BLANCO;30:56.2;30:56.2;NULL
13017;13776;AZUL ELECTRIC METALIZADO BLANCO;30:56.2;30:56.2;NULL
13018;13777;VERDE FIDJI Y NEGRO;30:56.2;30:56.2;NULL
13019;13778;PERLA ORO CON LLAMAS;30:56.2;30:56.2;NULL
13020;13779;BLANCO VERDE ROJO MARFIL;30:56.2;30:56.2;NULL
13021;13780;AZUL OSCURO PERLECENTE;30:56.2;30:56.2;NULL
13022;13781;GRIS CROMO METALIZADO;30:56.3;30:56.3;NULL
13023;13782;AZUL PROFUNDO METALIZADO NEGRO;30:56.3;30:56.3;NULL
13024;13783;AZUL ELECTRICO METALIZADO NEGRO;30:56.3;30:56.3;NULL
13025;13784;AZUL ELECTRICO METALIZADO BLANCO;30:56.3;30:56.3;NULL
13026;13785;VERDE Y VERDE MANZANA;30:56.3;30:56.3;NULL
13027;13786;NEGRO DOS TONOS;30:56.3;30:56.3;NULL
13028;13787;NARANJA GRIS METALIZADO;30:56.3;30:56.3;NULL
13029;13788;BLANCO YT;30:56.3;30:56.3;NULL
13030;13789;NEGRO YT;30:56.3;30:56.3;NULL
13031;13790;ROJO YT;30:56.3;30:56.3;NULL
13032;13791;AMARILLO YT;30:56.3;30:56.3;NULL
13033;13792;AZUL C YT;30:56.3;30:56.3;NULL
13034;13793;AZUL O YT;30:56.4;30:56.4;NULL
13035;13794;VERDE EC YT;30:56.4;30:56.4;NULL
13036;13795;GRIS YT;30:56.4;30:56.4;NULL
13037;13796;NEGRO Y NARANJA;30:56.4;30:56.4;NULL
13038;13797;TINTE VERDE;30:56.4;30:56.4;NULL
13039;13798;NARANJA COBRISO PERLADO;30:56.4;30:56.4;NULL
13040;13799;GRANITO AHUMADO;30:56.4;30:56.4;NULL
13041;13800;ROJO PT;30:56.4;30:56.4;NULL
13042;13801;BLANCA;30:56.4;30:56.4;NULL
13043;13802;BLUE TELE;30:56.4;30:56.4;NULL
13044;13803;AZUL MULTITONO;30:56.4;30:56.4;NULL
13045;13804;NARANJA VALENCIA;30:56.5;30:56.5;NULL
13046;13805;VERDE SAVAGE METALIZADO;30:56.5;30:56.5;NULL
13047;13806;AZUL RIVIERA Y NEGRO BRILLANTE;30:56.5;30:56.5;NULL
13048;13807;ROJO ROCA METALIZADO;30:56.5;30:56.5;NULL
13049;13808;BLANCO HIELO NEGRO;30:56.5;30:56.5;NULL
13050;13809;ROJO FERRARI CLARO Y BLANCO;30:56.5;30:56.5;NULL
13051;13810;STRATO PLATA METALIZADO;30:56.5;30:56.5;NULL
13052;13811;BLUE FLAME METALLIC;30:56.5;30:56.5;NULL
13053;13812;AZUL NAUTICO PLATEADO;30:56.5;30:56.5;NULL
13054;13813;NARANJA Y NEGRO;30:56.5;30:56.5;NULL
13055;13814;BLANCO GALAXIA Y ROJO SIENA;30:56.5;30:56.5;NULL
13056;13815;MARRON TECA CON PLATA FLORETE;30:56.5;30:56.5;NULL
13057;13816;AMARILLO BRILL;30:56.5;30:56.5;NULL
13058;13817;TEAL GREEN METAL;30:56.6;30:56.6;NULL
13059;13818;AZUL ESTORIL METALIZADO;30:56.6;30:56.6;NULL
13060;13819;RUBRO;30:56.6;30:56.6;NULL
13061;13820;BLANCO NEVADO AZUL;30:56.6;30:56.6;NULL
13062;13821;BLANCO OLIMPICO Y ROJO;30:56.6;30:56.6;NULL
13063;13822;GRIS G OSCURO;30:56.6;30:56.6;NULL
13064;13823;ROJO AZUL POLICROMADO;30:56.6;30:56.6;NULL
13065;13824;GRIS ALUMINIO METALIZADO Y AZUL;30:56.6;30:56.6;NULL
13066;13825;ROJO MISANO PLATA FLORETE;30:56.6;30:56.6;NULL
13067;13826;BLANCO/ROJ;30:56.6;30:56.6;NULL
13068;13827;AMARILLO Y NEGRO MATE;30:56.6;30:56.6;NULL
13069;13828;NEGRO TITAN Y ROJO;30:56.6;30:56.6;NULL
13070;13829;BLANCO AZUL PERLADO Y AZUL PLUS;30:56.6;30:56.6;NULL
13071;13830;ALUMINIO METALIZADO Y AZUL;30:56.7;30:56.7;NULL
13072;13831;PLATA AHUMADO METALICO;30:56.7;30:56.7;NULL
13073;13832;BASE AZUL OSCURO METALICO;30:56.7;30:56.7;NULL
13074;13833;PLATA LIGERO METALICO;30:56.7;30:56.7;NULL
13075;13834;VERDE FIDJI METALIZADO;30:56.7;30:56.7;NULL
13076;13835;AZUL UTOPIA METALIZADO;30:56.7;30:56.7;NULL
13175;13934;PLATA ELECTRICO METALIZADO;30:57.3;30:57.3;NULL
13077;13836;BLANCO GLACIAL CON PLATA FLORETE METALIZADO;30:56.7;30:56.7;NULL
13078;13837;PLATA FLORETE CON NEGRO;30:56.7;30:56.7;NULL
13079;13838;AZUL DEPORTIVO;30:56.7;30:56.7;NULL
13080;13839;AZUL, BLANCO, NEGRO, AMARILLO Y NARANJA;30:56.7;30:56.7;NULL
13081;13840;PLATA ASTRAL METALICO;30:56.7;30:56.7;NULL
13082;13841;ROJO FERRARI GRIS ALUMINIO;30:56.7;30:56.7;NULL
13083;13842;ROJO CARAMELO Y NEGRO;30:56.7;30:56.7;NULL
13084;13843;MORADO METALICO;30:56.7;30:56.7;NULL
13085;13844;AMARILLO VERDOSO Y AZUL ORIENTAL;30:56.7;30:56.7;NULL
13086;13845;AZUL LAGUNA Y NEGRO;30:56.7;30:56.7;NULL
13087;13846;KAKI METALIZADO;30:56.8;30:56.8;NULL
13088;13847;NEGRO MATE Y AMARILLO;30:56.8;30:56.8;NULL
13089;13848;VERDE MILITAR MATE;30:56.8;30:56.8;NULL
13090;13849;ROJO CORAL METALICO;30:56.8;30:56.8;NULL
13091;13850;BLANCO NARANJA VINO TINTO;30:56.8;30:56.8;NULL
13092;13851;MULTICOLOR CON AEROGRAFIAS;30:56.8;30:56.8;NULL
13093;13852;AZUL CUATRO TONOS, CAMUFLADO;30:56.8;30:56.8;NULL
13094;13853;BLANCO, AZUL AGUA MARINA, VERDE Y AMARILLO;30:56.8;30:56.8;NULL
13095;13854;AZUL CALIDO;30:56.8;30:56.8;NULL
13096;13855;DAMSON;30:56.8;30:56.8;NULL
13097;13856;AMARILLO TELECOM;30:56.8;30:56.8;NULL
13098;13857;ROJO DESTELLO, GRIS Y NEGRO;30:56.8;30:56.8;NULL
13099;13858;BLANCO CRISTAL Y ROSADO CLARO;30:56.8;30:56.8;NULL
13100;13859;VINOTINTO NARANJA;30:56.9;30:56.9;NULL
13101;13860;AZUL SPORT BRILLANTE;30:56.9;30:56.9;NULL
13102;13861;PLATA NUEVA METAL;30:56.9;30:56.9;NULL
13103;13862;VERDE NOCHE;30:56.9;30:56.9;NULL
13104;13863;SILVER PLATA METALICO;30:56.9;30:56.9;NULL
13105;13864;BLANCO SAL BICAPA;30:56.9;30:56.9;NULL
13106;13865;ROJO VERONA PERLADO;30:56.9;30:56.9;NULL
13107;13866;BLANCO ARTICO SOLIDO;30:56.9;30:56.9;NULL
13108;13867;ROJO DORADO MARFIL;30:56.9;30:56.9;NULL
13109;13868;PLATEADO GRIS PLOMO METALIZA;30:56.9;30:56.9;NULL
13110;13869;PLATEADO IRIDIUM;30:56.9;30:56.9;NULL
13111;13870;GRIS KALLISTO;30:56.9;30:56.9;NULL
13112;13871;ROJO BLAZING NEGRO;30:56.9;30:56.9;NULL
13113;13872;BLANCO CRYSTAL PEARL;30:56.9;30:56.9;NULL
13114;13873;ROJO GRANADA PERLADO;30:56.9;30:56.9;NULL
13115;13874;BLANCO OLIMPICO Y VERDE;30:57.0;30:57.0;NULL
13116;13875;AZUL PRUSIA;30:57.0;30:57.0;NULL
13117;13876;BLANCO, NEGRO, AMARILLO, ROJO;30:57.0;30:57.0;NULL
13118;13877;BLANCO GALAXIA Y MORADO;30:57.0;30:57.0;NULL
13119;13878;UVA AMARILLO;30:57.0;30:57.0;NULL
13120;13879;BLANCO GALAXIA Y VIOLETA;30:57.0;30:57.0;NULL
13121;13880;NEGRO MYTHOS CON NEGRO;30:57.0;30:57.0;NULL
13122;13881;PLATA NUEVA METALICA;30:57.0;30:57.0;NULL
13123;13882;NEGRO MATE FRANJAS NEGRAS BRILLANTES;30:57.0;30:57.0;NULL
13124;13883;AZUL REY ESPECIAL;30:57.0;30:57.0;NULL
13125;13884;NARANJA ACERO METALICO;30:57.0;30:57.0;NULL
13126;13885;COLOR BLANCO LUNA Y VERDE;30:57.0;30:57.0;NULL
13127;13886;NEGRO CARBONO Y NARANJA;30:57.0;30:57.0;NULL
13128;13887;ACERO METALICO MAXIMO;30:57.0;30:57.0;NULL
13129;13888;GRIS CALISTO METALIZADO MATE;30:57.0;30:57.0;NULL
13130;13889;PERLA GRAY METALIZADO;30:57.0;30:57.0;NULL
13131;13890;NEGRO TITAN PERLADO;30:57.0;30:57.0;NULL
13132;13891;PLATEADO PERLADO;30:57.0;30:57.0;NULL
13133;13892;CACHEMIR METALICO;30:57.0;30:57.0;NULL
13134;13893;BLANCO OXFORD Y NEGRO;30:57.1;30:57.1;NULL
13135;13894;GRIS PLATA ALABASTRO;30:57.1;30:57.1;NULL
13136;13895;COBRE BRILLANT METALIZADO BLANCO;30:57.1;30:57.1;NULL
13137;13896;ROJO LENTEJUELA METALICO;30:57.1;30:57.1;NULL
13138;13897;GRIS CON ROJO;30:57.1;30:57.1;NULL
13139;13898;BLANCO HIELO PERLADO;30:57.1;30:57.1;NULL
13140;13899;GRIS GALACTICO METALICO;30:57.1;30:57.1;NULL
13141;13900;PLATA SEDA METALICO;30:57.1;30:57.1;NULL
13142;13901;NEGRO COSMICO PERLADO;30:57.1;30:57.1;NULL
13143;13902;CAFE BISON PERLADO;30:57.2;30:57.2;NULL
13144;13903;GRIS AMATISTA PERLADO;30:57.2;30:57.2;NULL
13145;13904;VERDE CRISTAL METALICO;30:57.2;30:57.2;NULL
13146;13905;VERDE BLANCO ZAPOTE PLATEADO;30:57.2;30:57.2;NULL
13147;13906;ROJO CALYPSO METALICO;30:57.2;30:57.2;NULL
13148;13907;CHOCOLATE ICED METALIZADO NEGRO;30:57.2;30:57.2;NULL
13149;13908;ROJO ACEROLA;30:57.2;30:57.2;NULL
13150;13909;CRISTAL RED;30:57.2;30:57.2;NULL
13151;13910;VERDE AMAZONIT;30:57.2;30:57.2;NULL
13152;13911;AZUL VICTORY;30:57.2;30:57.2;NULL
13153;13912;NEGRO ASTEROID;30:57.2;30:57.2;NULL
13154;13913;ROJO Y AMARILLO;30:57.2;30:57.2;NULL
13155;13914;GRIS EJECUTIVO;30:57.2;30:57.2;NULL
13156;13915;AZUL ANTRACITA METALIZADO;30:57.3;30:57.3;NULL
13157;13916;CAFE LIGHT NEGRO;30:57.3;30:57.3;NULL
13158;13917;NEGRO - NEGRO;30:57.3;30:57.3;NULL
13159;13918;GRIS NUVOLOSO;30:57.3;30:57.3;NULL
13160;13919;VERDE NORDICO METALICO;30:57.3;30:57.3;NULL
13161;13920;GRAFITO PERLA;30:57.3;30:57.3;NULL
13162;13921;AZUL IMPERIAL EFECTO BRILLANTE METALIZADO;30:57.3;30:57.3;NULL
13163;13922;BLANCO CARRARA METALIZADO;30:57.3;30:57.3;NULL
13164;13923;VERDE TROPICO VERDE MANZANA;30:57.3;30:57.3;NULL
13165;13924;AZUL BORE;30:57.3;30:57.3;NULL
13166;13925;VERDE LIMON Y ROJO;30:57.3;30:57.3;NULL
13167;13926;ROJO OPERA METALICO;30:57.3;30:57.3;NULL
13168;13927;AZUL AGUA METALICO;30:57.3;30:57.3;NULL
13169;13928;NARANJA VOLCAN;30:57.3;30:57.3;NULL
13170;13929;VERDE Y NEGRO;30:57.3;30:57.3;NULL
13171;13930;AZUL LITA METALICO;30:57.3;30:57.3;NULL
13172;13931;AZUL Y GRIS;30:57.3;30:57.3;NULL
13173;13932;ROBLE NEGRO;30:57.3;30:57.3;NULL
13174;13933;AMG SOLARBEAM;30:57.3;30:57.3;NULL
13176;13935;NARANJA VOLCANO NEGRO;30:57.3;30:57.3;NULL
13177;13936;BLANCO Y RAYA NEGRA;30:57.3;30:57.3;NULL
13178;13937;AMARILLO TRI-CAPA;30:57.4;30:57.4;NULL
13179;13938;NEGRO PROFUNDO PERLADO - ROJO;30:57.4;30:57.4;NULL
13180;13939;CAFE PERLA TABACO SECO METALIZADO;30:57.4;30:57.4;NULL
13181;13940;VERDE METALIZADO Y COBRE;30:57.4;30:57.4;NULL
13182;13941;AZUL MONTREAL METALICO;30:57.4;30:57.4;NULL
13183;13942;PLATA IMPERIAL METALICO;30:57.4;30:57.4;NULL
13184;13943;SILVER METALLIC;30:57.4;30:57.4;NULL
13185;13944;NEGRO DIAMANTE NARANJA VICTORIA;30:57.4;30:57.4;NULL
13186;13945;ROJO VINO P. METALIZADA;30:57.4;30:57.4;NULL
13187;13946;GRIS DOLOMITES METALICO;30:57.4;30:57.4;NULL
13188;13947;BEIGE MAYFAIR METALICO;30:57.4;30:57.4;NULL
13189;13948;AZUL YAS METALIZADO;30:57.5;30:57.5;NULL
13190;13949;BORGOÑA;30:57.5;30:57.5;NULL
13191;13950;BLANCO CANDY NEGRO SATIN;30:57.5;30:57.5;NULL
13192;13951;AZUL MOONLIGHT METALIZADO;30:57.5;30:57.5;NULL
13193;13952;GRIS PIEDRA CLARO;30:57.5;30:57.5;NULL
13194;13953;GRIS ESTRELLA Y NEGRO;30:57.5;30:57.5;NULL
13195;13954;NEGRO PLATA CLARO METALICO;30:57.5;30:57.5;NULL
13196;13955;GRIS STEEL METALICO;30:57.5;30:57.5;NULL
13197;13956;CREMA VINOTINTO ROJO NARANJA;30:57.5;30:57.5;NULL
13198;13957;PLATINO MEDIUM;30:57.5;30:57.5;NULL
13199;13958;MARRONTECA CON NEGRO;30:57.5;30:57.5;NULL
13200;13959;GRIS MEDIANOCHE NEGRO;30:57.5;30:57.5;NULL
13201;13960;MARRON TECA CON NEGRO;30:57.5;30:57.5;NULL
13202;13961;FADELESS WHITE;30:57.5;30:57.5;NULL
13203;13962;PANTHER BLACK;30:57.5;30:57.5;NULL
13204;13963;CANDY BLAZING RED;30:57.5;30:57.5;NULL
13205;13964;HEAVY GREY;30:57.6;30:57.6;NULL
13206;13965;VIBRANT BLUE;30:57.6;30:57.6;NULL
13207;13966;BLACK RED STRIPE;30:57.6;30:57.6;NULL
13208;13967;SPORTS RED BLACK;30:57.6;30:57.6;NULL
13209;13968;BLACK HEAVY GREY;30:57.6;30:57.6;NULL
13210;13969;SPORTS RED;30:57.6;30:57.6;NULL
13211;13970;LEAF GREEN METLK;30:57.6;30:57.6;NULL
13212;13971;LEAF GREEN;30:57.6;30:57.6;NULL
13213;13972;BLACK PURPLE STRIPE;30:57.6;30:57.6;NULL
13214;13973;TECHNO BLUE BLACK;30:57.6;30:57.6;NULL
13215;13974;PEARL HARVEST GREEN;30:57.6;30:57.6;NULL
13216;13975;TORNADO GREY BLACK;30:57.6;30:57.6;NULL
13217;13976;EBONY GREY METALLIC;30:57.6;30:57.6;NULL
13218;13977;GRIS ATENAS;30:57.6;30:57.6;NULL
13219;13978;VERDE OSCURO Y PLATA;30:57.6;30:57.6;NULL
13220;13979;VERDE JUNGLA NEGRO;30:57.7;30:57.7;NULL
13221;13980;GRIS PERLA Y MANDARINA;30:57.7;30:57.7;NULL
13222;13981;GRIS STEEL METALIZADO;30:57.7;30:57.7;NULL
13223;13982;AMARILLO FUCSIA AZUL;30:57.7;30:57.7;NULL
13224;13983;AZUL IMPERIAL EFECTO BRILLANTE;30:57.7;30:57.7;NULL
13225;13984;NARANJA VOLCANO BLANCO;30:57.7;30:57.7;NULL
13226;13985;GRIS SANDALO NEGRO;30:57.8;30:57.8;NULL
13227;13986;VERDE BRITISH METALIZADO BLANCO;30:57.8;30:57.8;NULL
13228;13987;NEGRO ZAFIRO METALICO;30:57.8;30:57.8;NULL
13229;13988;SPARK SILVER METALLIC Y NEGRO;30:57.8;30:57.8;NULL
13230;13989;VERDE ESMERAL Y VERDE CLARO;30:57.8;30:57.8;NULL
13231;13990;AMARILLO DESIERTO METALIZADO;30:57.8;30:57.8;NULL
13232;13991;MOKA;30:57.8;30:57.8;NULL
13233;13992;GRIS PLATA ULTRA;30:57.8;30:57.8;NULL
13234;13993;ROJO RUBI NEGRO;30:57.8;30:57.8;NULL
13235;13994;COLORADO NEGRO;30:57.9;30:57.9;NULL
13236;13995;BLANCO AZUL MORADO Y ROSADO;30:57.9;30:57.9;NULL
13237;13996;AZUL TOSA;30:57.9;30:57.9;NULL
13238;13997;PLATA PLATINO METALIZADO;30:57.9;30:57.9;NULL
13239;13998;ROJO CLARO METALIZADO;30:57.9;30:57.9;NULL
13240;13999;GRIS PLATEADO METALICO;30:57.9;30:57.9;NULL
13241;14000;POTOMAC BLUE;30:57.9;30:57.9;NULL
13242;14001;NEGRO MANDARINA;30:57.9;30:57.9;NULL
13243;14002;AMARILLO PERSEP METALICO;30:57.9;30:57.9;NULL
13244;14003;NEGRO MYTHOS CON GRIS DAYTONA;30:57.9;30:57.9;NULL
13245;14004;BLANCO AZUL GRISACEO AMARILLO;30:57.9;30:57.9;NULL
13246;14005;ROJO OSCURO PERLADO;30:57.9;30:57.9;NULL
13247;14006;AZUL CON TECHO NEGRO;30:58.0;30:58.0;NULL
13248;14007;NEGRO PLATA PERLADO;30:58.0;30:58.0;NULL
13249;14008;BRONCE METALIZADO BRILLANTE;30:58.0;30:58.0;NULL
13250;14009;ULTRA BLANCO;30:58.0;30:58.0;NULL
13251;14010;BLANCO PLATA SABLE;30:58.0;30:58.0;NULL
13252;14011;PRUSIAN BLUE MET;30:58.0;30:58.0;NULL
13253;14012;CARBON BLACK METALIZADO;30:58.0;30:58.0;NULL
13254;14013;GOLD BEIGE;30:58.0;30:58.0;NULL
13255;14014;DELPHIN GRIS;30:58.0;30:58.0;NULL
13256;14015;ROJO RUBI BLANCO;30:58.0;30:58.0;NULL
13257;14016;KALAHARI BEIGE METALIZADO;30:58.1;30:58.1;NULL
13258;14017;AMARILLO VERMEER METALIZADO;30:58.1;30:58.1;NULL
13259;14018;VERDE TROPICAL;30:58.1;30:58.1;NULL
13260;14019;GRIS PERLA Y NARANJA METALIZADO;30:58.1;30:58.1;NULL
13261;14020;ROJOOCCIDENTAL;30:58.1;30:58.1;NULL
13262;14021;RUBY RED PEARL;30:58.1;30:58.1;NULL
13263;14022;PLATA ARAGONITA METALIZADO;30:58.1;30:58.1;NULL
13264;14023;BLANCO GALAXIA Y ROJO;30:58.1;30:58.1;NULL
13265;14024;BLANCO GLACIAR CON PLATA FLORETE METALIZADO;30:58.1;30:58.1;NULL
13266;14025;ROJO TOSCANO;30:58.1;30:58.1;NULL
13267;14026;NEGRO METALIZADO BLANCO;30:58.2;30:58.2;NULL
13268;14027;COBRE Y MOSTAZA;30:58.2;30:58.2;NULL
13269;14028;NEGRO ZAFIRO METALIZADO CON TECHO PLATA;30:58.2;30:58.2;NULL
13270;14029;TROPIC GREN;30:58.2;30:58.2;NULL
13271;14030;GRIS BEIGE Y NEGRO;30:58.2;30:58.2;NULL
13272;14031;VERDE BRITISH RACING METALIZADO BLANCO;30:58.2;30:58.2;NULL
13273;14032;ROJO BRILLANTE METALICO;30:58.2;30:58.2;NULL
13274;14033;ALUMINIO GRANO FINO Y NEGRO;30:58.2;30:58.2;NULL
13275;14034;NEGRO MATE DORADO;30:58.2;30:58.2;NULL
13276;14035;GRIS TORNADO METALIZADO;30:58.2;30:58.2;NULL
13277;14036;ROJO OPULENCE;30:58.3;30:58.3;NULL
13278;14037;GRIS ESCUNA Y NEGRO;30:58.3;30:58.3;NULL
13279;14038;AZUL ETERNO PERLA;30:58.3;30:58.3;NULL
13280;14039;AZUL THUNDER BLUE;30:58.3;30:58.3;NULL
13281;14040;AZUL ALMIRAL;30:58.3;30:58.3;NULL
13282;14041;BLANCO OLIMPICO VINO TINTO;30:58.3;30:58.3;NULL
13283;14042;NEGRO CARBONO METALIZADO;30:58.3;30:58.3;NULL
13284;14043;BLANCO CAFES AMARILLO AZUL Y ROJO;30:58.3;30:58.3;NULL
13285;14044;AMARILLO BAJA;30:58.4;30:58.4;NULL
13286;14045;PLATA REFLEX METALICO Y NEGRO;30:58.4;30:58.4;NULL
13287;14046;AZUL BRILLANTE METAL;30:58.4;30:58.4;NULL
13288;14047;BRONCE METALICO BRILLANTE METALIZADO;30:58.4;30:58.4;NULL
13289;14048;GRIS PERLA AMARILLO Y BLANCO;30:58.4;30:58.4;NULL
13290;14049;ORO CENIZO METALICO;30:58.4;30:58.4;NULL
13291;14050;ROJO AMARANTO;30:58.4;30:58.4;NULL
13292;14051;VERDE ATLAS;30:58.4;30:58.4;NULL
13293;14052;NEGRA NARANJA;30:58.4;30:58.4;NULL
13294;14053;PLATA NEGRO ROJO;30:58.4;30:58.4;NULL
13295;14054;BLANCO GALAXIA VINOTINTO;30:58.4;30:58.4;NULL
13296;14055;ESTAÑO METALIZADO;30:58.4;30:58.4;NULL
13297;14056;GRIS PLATA Y CAFE;30:58.4;30:58.4;NULL
13298;14057;PLATA PERLADO METALIZADO NEGRO;30:58.5;30:58.5;NULL
13299;14058;NEGRO NARANJA CHAMPAÑA;30:58.5;30:58.5;NULL
13300;14059;PLATA RODIO METALIZADO;30:58.5;30:58.5;NULL
13301;14060;PLATINO GRAFITO;30:58.5;30:58.5;NULL
13302;14061;BLANCO GEADA BRILLANTE;30:58.5;30:58.5;NULL
13303;14062;ROJO IMPULSO METALIZADO;30:58.5;30:58.5;NULL
13304;14063;VERDE ARRECIFE METALIZADO MIXTO CON COLOR NEGRO;30:58.6;30:58.6;NULL
13305;14064;BLANCO VERDE AMARILLO NEGRO;30:58.6;30:58.6;NULL
13306;14065;AZUL CORCEGA Y NEGRO;30:58.6;30:58.6;NULL
13307;14066;BLANCO GALAXIA AGUA MARINA;30:58.6;30:58.6;NULL
13309;14068;PLATA NIMBUS;30:58.6;30:58.6;NULL
13310;14069;AZUL ESPECIAL Y PLATA;30:58.6;30:58.6;NULL
13311;14070;BLANCO AMALFI CON PLATA FLORETE;30:58.6;30:58.6;NULL
13312;14071;GRIS TECNO;30:58.6;30:58.6;NULL
13313;14072;BLANCO CANDY Y NEGRO BRILLANTE;30:58.6;30:58.6;NULL
13314;14073;GIRS OSCURO ROJO OSCURO;30:58.6;30:58.6;NULL
13315;14074;VERDE TRES TONOS;30:58.6;30:58.6;NULL
13316;14075;BLANCO BEIGE AVELLANA;30:58.6;30:58.6;NULL
13317;14076;BLANCO VAINILLA AZUL;30:58.6;30:58.6;NULL
13318;14077;CAFE AMBAR OSCURO;30:58.6;30:58.6;NULL
13319;14078;AZUL DENIM METÁLICO;30:58.7;30:58.7;NULL
13320;14079;NARANJA COBRE METÁLICO;30:58.7;30:58.7;NULL
13321;14080;GRIS MOCA PERLADO;30:58.7;30:58.7;NULL
13322;14081;ROJO RUBÍ METÁLICO;30:58.7;30:58.7;NULL
13323;14082;AMARILLO PLATEADO AZUL;30:58.7;30:58.7;NULL
13324;14083;BLANCO ROJ;30:58.7;30:58.7;NULL
13325;14084;GRIS OSCURO ROJO OSCURO;30:58.7;30:58.7;NULL
13326;14085;VERDE PLATEADO METALICO;30:58.7;30:58.7;NULL
13327;14086;BLANCO GALAXIA LILA;30:58.7;30:58.7;NULL
13328;14087;ROJO BRILLANTE BLANCO;30:58.8;30:58.8;NULL
13329;14088;AZUL CIELO VINO TINTO;30:58.8;30:58.8;NULL
13330;14089;BLANCO ROJO AMARILLO NEGRO Y DORADO;30:58.8;30:58.8;NULL
13331;14090;NEGRO METALIZADO ROJO;30:58.8;30:58.8;NULL
13332;14091;BLANCO NEGRO METALIZADO;30:58.8;30:58.8;NULL
13333;14092;SILVER METALIZADO;30:58.8;30:58.8;NULL
13334;14093;BLANCO AZUL NEGRO METALIZADO;30:58.9;30:58.9;NULL
13335;14094;BLANCO AZUL ROJO METALIZADO;30:58.9;30:58.9;NULL
13336;14095;ROJA NEGRO;30:59.0;30:59.0;NULL
13337;14096;BLANCO AZUL DOS TONOS;30:59.0;30:59.0;NULL
13338;14097;ROJA BLANCO NEGRO METALIZADO;30:59.0;30:59.0;NULL
13339;14098;GRIS BLANCO METALIZADO;30:59.0;30:59.0;NULL
13340;14099;AMARILLO ANTRACITA;30:59.0;30:59.0;NULL
13341;14100;AZUL ASPEN METALIZADO;30:59.0;30:59.0;NULL
13342;14101;ROJO BLANCO NEGRO METALIZADO;30:59.0;30:59.0;NULL
13343;14102;AZUL SAN MARINO METALIZADO GRIS GRANITO MATE;30:59.1;30:59.1;NULL
13344;14103;AMARILLO CON GRIS;30:59.1;30:59.1;NULL
13345;14104;PLATEADO CUBANITA METALIZADO;30:59.1;30:59.1;NULL
13346;14105;AZUL LAPIZ METALIZADO NEGRO;30:59.1;30:59.1;NULL
13347;14106;BLANCO PANTONE;30:59.1;30:59.1;NULL
13348;14107;ALUMINIO CEREZA;30:59.2;30:59.2;NULL
13349;14108;AZUL HAMILTON;30:59.2;30:59.2;NULL
13350;14109;SILVER METALICO;30:59.2;30:59.2;NULL
13351;14110;BLANCA VERDE ACEITUNA METALIZADO;30:59.2;30:59.2;NULL
13352;14111;BLANCO CANDY Y VERDE;30:59.2;30:59.2;NULL
13353;14112;BEIGE ALABASTRO NEGRO;30:59.2;30:59.2;NULL
13354;14113;ESTRACTO PERLA;30:59.2;30:59.2;NULL
13355;14114;AMARILLO AMARANTO;30:59.2;30:59.2;NULL
13356;14115;GRIS TITANIO METALICO;30:59.2;30:59.2;NULL
13357;14116;GRIS TUNGSTEN METALLIC;30:59.2;30:59.2;NULL
13358;14117;AZUL LAPIS PEARL;30:59.2;30:59.2;NULL
13359;14118;VERDE WILDERMESS METALLIC;30:59.2;30:59.2;NULL
13360;14119;AMARILLO Y NERO;30:59.2;30:59.2;NULL
13361;14121;VERDE AMARILLO GRIS PERLADO;30:59.3;30:59.3;NULL
13362;14122;MORADO Y NEGRO MATE;30:59.3;30:59.3;NULL
13363;14123;ROJO ANDORRA EFECTO PERLADO;30:59.3;30:59.3;NULL
13364;14125;GRIS BLANCO AZUL Y NEGRO;30:59.3;30:59.3;NULL
13365;14126;PLATEADO ASTRAL METALICO;30:59.3;30:59.3;NULL
13366;14127;BLANCO VERDE NARANJA Y GRIS;30:59.3;30:59.3;NULL
13367;14128;NEGRO TITAN AZUL;30:59.3;30:59.3;NULL
13368;14129;VERDE CON AMARILLO;30:59.3;30:59.3;NULL
13369;14130;PLATA ELECTRICA METALIZADA;30:59.3;30:59.3;NULL
13370;14131;BLANCO PATONE Y VERDE PATONE;30:59.3;30:59.3;NULL
13371;14132;ROJO CON LINEA BLANCA;30:59.3;30:59.3;NULL
13372;14133;VERDE SALVAJE;30:59.3;30:59.3;NULL
13373;14134;BLANCO ICEBERG;30:59.3;30:59.3;NULL
13374;14135;PLATA SUAVE Y NEGRO;30:59.3;30:59.3;NULL
13375;14136;PLATA BRIGHT SILVER;30:59.4;30:59.4;NULL
13376;14137;VERDE CAMPO METALIZADO;30:59.4;30:59.4;NULL
13377;14138;BLANCO PANTONE Y VERDE PANTONE;30:59.4;30:59.4;NULL
13378;14139;AZUL NEGRO BLANCO Y AMARILLO;30:59.4;30:59.4;NULL
13379;14140;VERDE CAIMAN;30:59.4;30:59.4;NULL
13380;14141;BLANCO VERDE ACEITUNA METALIZADO;30:59.4;30:59.4;NULL
13381;14142;VERDE MAQUINA;30:59.4;30:59.4;NULL
13382;14143;BLANCO ARTICO ROJO VINOTINTO;30:59.4;30:59.4;NULL
13383;14144;VERDE MARMOL Y NEGRO;30:59.4;30:59.4;NULL
13384;14145;NEGRO BLANCO BEIGE;30:59.4;30:59.4;NULL
13385;14146;BLANCO PERLA ANDES;30:59.4;30:59.4;NULL
13386;14147;GRIS DARK METALIZADO;30:59.4;30:59.4;NULL
13387;14148;DESIGNO BLANCO DIAMANTE BRIGHT;30:59.4;30:59.4;NULL
13388;14149;PLATA BLANCO NEGRO;30:59.5;30:59.5;NULL
13389;14150;FUCSIA GRIS;30:59.5;30:59.5;NULL
13390;14151;NARANJA SOL;30:59.5;30:59.5;NULL
13391;14152;VINO TINTO VERDE Y GRIS;30:59.5;30:59.5;NULL
13392;14153;MT GRIS NEGRO;30:59.5;30:59.5;NULL
13393;14154;AZUL Y MULTICOLOR;30:59.5;30:59.5;NULL
13394;14155;AZUL NIAGARA Y VERDE PANTONE 368C;30:59.5;30:59.5;NULL
13395;14156;ROJO VERSALLES METALIZADO;30:59.5;30:59.5;NULL
13396;14157;ROJO TITANITA METALICO;30:59.6;30:59.6;NULL
13397;14158;BLANCO PERLA ASOMBROSO;30:59.6;30:59.6;NULL
13398;14159;SATIN CASHMERE METALICO;30:59.6;30:59.6;NULL
13399;14160;ROJO BLANCO AMARILLO AZUL;30:59.6;30:59.6;NULL
13400;14161;ROJO METALICO Y GRIS;30:59.6;30:59.6;NULL
13401;14162;BLANCO CREMA VERDE PRIMAVERA;30:59.6;30:59.6;NULL
13402;14163;PLATA AHUMADA METAL;30:59.6;30:59.6;NULL
13404;14165;BEIGE ESTRATO PERLA;30:59.6;30:59.6;NULL
13405;14166;PLATA VOGUE NEGRO;30:59.6;30:59.6;NULL
13406;14167;AZUL PLOMO METALIZADO;30:59.7;30:59.7;NULL
13407;14168;BLANCO AZUL NEON;30:59.7;30:59.7;NULL
13408;14169;ROJO CREMA Y NARANJA;30:59.7;30:59.7;NULL
13409;14170;GRIS GRAFITO OSCURO;30:59.7;30:59.7;NULL
13410;14171;GRIS ECLIPSE CON BLANCO;30:59.7;30:59.7;NULL
13411;14172;VERDE Y BLANCO;30:59.7;30:59.7;NULL
13412;14173;BLANCO ARTICA NEGRO;30:59.7;30:59.7;NULL
13413;14174;BLANCO CERAMICO Y NEGRO;30:59.7;30:59.7;NULL
13414;14175;FUCCIA MORADO BLANCO AZUL Y AMARILLO;30:59.7;30:59.7;NULL
13415;14176;AZUL CLARO METALICO;30:59.7;30:59.7;NULL
13416;14177;BRONCE CREPUSCULO;30:59.8;30:59.8;NULL
13417;14178;BLANCO GALAXIA Y VIOLETA METALIZADO;30:59.8;30:59.8;NULL
13418;14179;BROW SPICE;30:59.8;30:59.8;NULL
13419;14180;VERDE METALICO NEGRO;30:59.8;30:59.8;NULL
13420;14181;BLANCO ARTICA NEGRO PERLADO;30:59.8;30:59.8;NULL
13421;14182;AZUL TOSSA NEGRO Y BLANCO;30:59.8;30:59.8;NULL
13422;14183;ZAFIRO NEGRO METALIZADO;30:59.9;30:59.9;NULL
13423;14184;PLATEADO Y MORADO;30:59.9;30:59.9;NULL
13424;14185;BLANCO LUNA Y VERDE PANTONE;30:59.9;30:59.9;NULL
13425;14186;MORADO GRIS BLANCO NARANJA NEGRO;30:59.9;30:59.9;NULL
13426;14187;NEGRO TANGERINE;30:59.9;30:59.9;NULL
13427;14188;BLANCO VINOTINTO ESCARLATA;30:59.9;30:59.9;NULL
13428;14189;BLANCO CREMA Y MORADO;32:28.8;32:28.8;NULL
13429;14190;CAFE OTOÑO;32:28.8;32:28.8;NULL
13430;14191;VERDE PLOMATIZADO;32:28.8;32:28.8;NULL
13431;14192;GRIS JADE METALIZADO;32:28.8;32:28.8;NULL
13432;14193;TANGERINE Y NEGRO;32:28.8;32:28.8;NULL
13433;14194;GRIS MEDIANOCHE METALIZADO BLANCO;32:28.8;32:28.8;NULL
13434;14195;AZUL LAGUNA METALICO;32:28.8;32:28.8;NULL
13435;14196;ROJO BERLLON;32:28.8;32:28.8;NULL
13436;14197;PLATA VOGUE NEGRO PRISMATIC;32:28.8;32:28.8;NULL
13437;14198;VERDE CASTELHANOS;32:28.8;32:28.8;NULL
13438;14199;LAVANDA METALICO;32:28.8;32:28.8;NULL
13439;14200;CAFE METALIZADO NEGRO;32:28.8;32:28.8;NULL
13440;14201;BMW GRAY;32:28.9;32:28.9;NULL
13441;14202;AMARILLO SUNFLOWER NEGRO;32:28.9;32:28.9;NULL
13442;14203;AZUL DENIM NEGRO;32:28.9;32:28.9;NULL
13443;14204;PLATA ROCA LUNAR NEGRO;32:28.9;32:28.9;NULL
13444;14205;AZUL SEDA NEGRO;32:28.9;32:28.9;NULL
13445;14206;CAFE CARAMELO NEGRO;32:28.9;32:28.9;NULL
13446;14207;PLATA REFLEX NEGRO;32:28.9;32:28.9;NULL
13447;14208;VERMELO REMBRANDT;32:28.9;32:28.9;NULL
13448;14209;PLATA METALIZADO BLANCO;32:28.9;32:28.9;NULL
13449;14210;BEIGE MILANO METALIZADO;32:28.9;32:28.9;NULL
13450;14211;ROJO TANGAROT METALIZADO;32:28.9;32:28.9;NULL
13451;14212;CORAL VERDE OSCURO;32:29.0;32:29.0;NULL
13452;14213;AMARILLO POSITANO;32:29.0;32:29.0;NULL
13453;14214;ALFA ROJO METALICO;32:29.0;32:29.0;NULL
13454;14215;VERDE SETO MULTICOLOR;32:29.0;32:29.0;NULL
13455;14216;VERDE VERDE;32:29.0;32:29.0;NULL
13456;14217;AZUL VERDOSO BICAPA;32:29.0;32:29.0;NULL
13457;14218;AZUL GRAN PAVOIS Y NEGRO;32:29.0;32:29.0;NULL
13458;14219;BLANCO PLATEADO METALIZADO;32:29.1;32:29.1;NULL
13459;14220;AGUA MARINA GREEN;32:29.1;32:29.1;NULL
13460;14221;VERDE OSCURO METALIZADO BLANCO;32:29.1;32:29.1;NULL
13461;14222;NEGRO DORADO ROJO AMARILLO;32:29.1;32:29.1;NULL
13462;14223;AZUL PACIFICO PLATA METALIZADO;32:29.1;32:29.1;NULL
13463;14224;SPIRIT BLUE;32:29.1;32:29.1;NULL
13464;14225;SAPPHIRE BLUE;32:29.1;32:29.1;NULL
13465;14226;SILVER FROST;32:29.2;32:29.2;NULL
13466;14227;BLANCO EKLA;32:29.2;32:29.2;NULL
13467;14228;TITANIUM METALL;32:29.2;32:29.2;NULL
13468;14229;GRIS DORADO NEGRO;32:29.2;32:29.2;NULL
13469;14230;ROJO CORSE CON RAYA;32:29.2;32:29.2;NULL
13470;14231;ROJO CLASICO NEGRO;32:29.2;32:29.2;NULL
13471;14232;AGUAMARINA GREEN;32:29.2;32:29.2;NULL
13472;14233;BEIGE NEGRO AZUL;32:29.3;32:29.3;NULL
13473;14234;ROJO TOR;32:29.3;32:29.3;NULL
13474;14235;AMARILLO AZUFRE;32:29.3;32:29.3;NULL
13475;14236;VERDE LICHEN Y BLANCO HUESO;32:29.3;32:29.3;NULL
13476;14237;PLATA LAVA;32:29.3;32:29.3;NULL
13477;14238;ROJO MONTANA Y BLANCO LOTUS;32:29.3;32:29.3;NULL
13478;14239;AZUL Y BLANCO;32:29.3;32:29.3;NULL
13479;14240;VERDE SETO Y NEGRO MATE;32:29.3;32:29.3;NULL
13480;14241;GRIS METALICO MAGNETICO;32:29.3;32:29.3;NULL
13481;14242;AZUL GENCIANA;32:29.3;32:29.3;NULL
13482;14243;BLANCO ROJO AMARILLO GRIS;32:29.3;32:29.3;NULL
13483;14244;PRIMARIO ROJO PERLA;32:29.3;32:29.3;NULL
13484;14245;VINOTINTO DORADO Y NEGRO;32:29.3;32:29.3;NULL
13485;14246;GIRS SELENITA METALIZADA;32:29.3;32:29.3;NULL
13486;14247;GRIS SELENITA METALIZADA;32:29.3;32:29.3;NULL
13487;14248;PLATA RAYAS AZUL ROJO;32:29.3;32:29.3;NULL
13488;14249;BLANCO RAYAS AZUL Y ROJO;32:29.4;32:29.4;NULL
13489;14250;PLATA RAYAS ROJA AZUL;32:29.4;32:29.4;NULL
13490;14251;PLATA ESCUNA NEGRO BRILLANTE;32:29.4;32:29.4;NULL
13491;14252;ROJO CELTA;32:29.4;32:29.4;NULL
13492;14253;NEGRO MICA Y ROJO;32:29.4;32:29.4;NULL
13493;14254;NEGRO MICA  ROJO;32:29.4;32:29.4;NULL
13494;14255;BLANCO LUNA VERDE AMARILLO ROJO Y OTROS;32:29.4;32:29.4;NULL
13495;14256;NEGRO NACARADO Y VERDE FLUORECENTE;32:29.4;32:29.4;NULL
13496;14257;NEGRO VERDE CAFE;32:29.4;32:29.4;NULL
13497;14258;BLANCO CRISTAL ROJO VINOTINTO;32:29.4;32:29.4;NULL
13498;14259;GRIS PLATA NEGRO BRILLANTE;32:29.4;32:29.4;NULL
13499;14260;GRIS PLATINA NEGRO BRILLANTE;32:29.4;32:29.4;NULL
13500;14261;PLATA ARIANNE Y NEGRO;32:29.4;32:29.4;NULL
13501;14262;AZUL PLATEADO METALICO;32:29.4;32:29.4;NULL
13502;14263;ROJA PLATEADA;32:29.5;32:29.5;NULL
13503;14264;BLANCO ARTICO NEGRO;32:29.5;32:29.5;NULL
13504;14265;GRIS ACERO METALICO;32:29.5;32:29.5;NULL
13505;14266;BLANCO ESTRELLA SEDA;32:29.5;32:29.5;NULL
13506;14267;NEGRO PERLADO BLANCO;32:29.5;32:29.5;NULL
13507;14268;MARRON TUNDRA;32:29.5;32:29.5;NULL
13508;14269;BEIGE KARAT METALIZADO;32:29.5;32:29.5;NULL
13509;14270;ROJO TANGOROT METALIZADO CON NEGRO;32:29.5;32:29.5;NULL
13510;14271;AMARILLO VEGAS;32:29.5;32:29.5;NULL
13511;14272;ROJO TANGOROT METALIZADO;32:29.5;32:29.5;NULL
13512;14273;NARANJA CON FRANJA BLANCA;32:29.5;32:29.5;NULL
13513;14274;GRIS GALAPAGO-VERDE VIVAS Y GRIS PLATA;32:29.5;32:29.5;NULL
13514;14275;GRIS MAGNETICO METALICO;32:29.5;32:29.5;NULL
13515;14276;GRIS GRANITO OSCURO PERLA;32:29.5;32:29.5;NULL
13516;14277;BLANCO LUNAR;32:29.6;32:29.6;NULL
13517;14278;NEGRO DARKWAVE;32:29.6;32:29.6;NULL
13518;14279;NARANJA ROJIZO Y NEGRO;32:29.6;32:29.6;NULL
13519;14280;AZUL Y PLATEADO;32:29.6;32:29.6;NULL
13520;14281;ESM ROJO FORMULA;32:29.6;32:29.6;NULL
13521;14282;GRIS ANDRASITA;32:29.6;32:29.6;NULL
13522;14283;VERDE NEON;32:29.6;32:29.6;NULL
13523;14284;BLANCO ROJO AZUL NARANJA;32:29.6;32:29.6;NULL
13524;14285;AZUL OSCURO Y MORADO;32:29.6;32:29.6;NULL
13525;14286;BLANCO CON LINEAS AZUL Y ROJO;32:29.6;32:29.6;NULL
13526;14287;BEIGE CAPPUCHINO Y NEGRO PERLADO;32:29.6;32:29.6;NULL
13527;14288;VERDE MALAQUITA METALIZADO;32:29.6;32:29.6;NULL
13528;14289;NEGRO AZUL ROJO PLATEADO;32:29.7;32:29.7;NULL
13529;14290;ROJO NEGRO BLANCO METALIZADO;32:29.7;32:29.7;NULL
13530;14291;BLANCO ROJO DESTELLO;32:29.7;32:29.7;NULL
13531;14292;ORO MARTE METALICO;32:29.7;32:29.7;NULL
13532;14293;MATE STEEL BLUE;32:29.7;32:29.7;NULL
13533;14294;VINO TINTO PLATA METALICO;32:29.7;32:29.7;NULL
13534;14295;NEGRO TORMENTA METALIZADO PLATEADO;32:29.7;32:29.7;NULL
13535;14296;VERDE AMAZON;32:29.7;32:29.7;NULL
13536;14297;COBRIZO PERLADO;32:29.7;32:29.7;NULL
13537;14298;AZUL DANDY;32:29.7;32:29.7;NULL
13538;14299;AZUL PHARAON METALICO;32:29.8;32:29.8;NULL
13539;14300;PLATEADO METALICO Y NEGRO;32:29.8;32:29.8;NULL
13540;14301;GRIS SAVILE METALICO;32:29.8;32:29.8;NULL
13541;14302;BLANCO NEGRO NARANJA Y ROJO;32:29.8;32:29.8;NULL
13542;14303;VERDE NORDICO METAL;32:29.8;32:29.8;NULL
13543;14304;MOSTAZA VERDE ROJO;32:29.8;32:29.8;NULL
13544;14305;PLATA ARENA Y NEGRO;32:29.8;32:29.8;NULL
13545;14306;NEGRO NEGRO MATE;32:29.8;32:29.8;NULL
13546;14307;BLANCO PERLADO NEGRO MATE;32:29.8;32:29.8;NULL
13547;14308;GRIS SAVILE;32:29.8;32:29.8;NULL
13548;14309;GRIS TRAFALCAR METALICO;32:29.9;32:29.9;NULL
13549;14310;AZUL STARLIGHT METALICO BLANCO;32:29.9;32:29.9;NULL
13550;14311;AMARILLO VERDE LIMON Y NEGRO NEBULOSA;32:29.9;32:29.9;NULL
13551;14312;AZUL CANCUN BRILLANTE;32:29.9;32:29.9;NULL
13552;14313;ROJO SUPER CON RALLAS BLANCAS;32:29.9;32:29.9;NULL
13553;14314;BEIGE CON LINEAS AZUL Y ROJO;32:29.9;32:29.9;NULL
13554;14315;ORO CENIZA METALICO;32:29.9;32:29.9;NULL
13555;14316;ROJO AMARILLO AZUL;32:29.9;32:29.9;NULL
13556;14317;PLATA CON LINEAS ROJAS Y AZULES;32:29.9;32:29.9;NULL
13557;14318;VERDE MISTRAL METALIZADO;32:29.9;32:29.9;NULL
13558;14319;AZUL METALICO LUZ DE LUNA;32:29.9;32:29.9;NULL
13559;14320;NEGRO MATE GRIS MONSOON METALIZADO;32:30.0;32:30.0;NULL
13560;14321;GRIS TAZA;32:30.0;32:30.0;NULL
13561;14322;VERDE KHIRLEY;32:30.0;32:30.0;NULL
13562;14323;GRANITO CRISTAL METALICO / PAU;32:30.0;32:30.0;NULL
13563;14324;VERDE FRANJAS AZULES;32:30.0;32:30.0;NULL
13564;14325;GRIS METALICO PEDERNAL;32:30.0;32:30.0;NULL
13565;14326;NEGRO MITO METALIZADO;32:30.0;32:30.0;NULL
13566;14327;AMARILLO VEGAS NEGRO;32:30.0;32:30.0;NULL
13567;14328;AZUL SCUBA METALIZADO NEGRO;32:30.0;32:30.0;NULL
13568;14329;GRIS NANO METALIZADO;32:30.1;32:30.1;NULL
13569;14330;GRIS TECNO CON NEGRO;32:30.1;32:30.1;NULL
13570;14331;PLATA SILENT CON NEGRO;32:30.1;32:30.1;NULL
13571;14332;ROJO ARDIENTE CON NEGRO;32:30.1;32:30.1;NULL
13572;14333;NEGRO SPACE CON BLANCO;32:30.1;32:30.1;NULL
13573;14334;AZUL DANDY CON BLANCO;32:30.2;32:30.2;NULL
13574;14335;CAFE JAZZ CON BLANCO;32:30.2;32:30.2;NULL
13575;14336;VERDE LAGOON METALIZADO;32:30.2;32:30.2;NULL
13576;14337;ROJO PERLADO CREMA;32:30.2;32:30.2;NULL
13577;14338;PLATA BRILLANTE AZUL ROJO;32:30.2;32:30.2;NULL
13578;14339;VERDE CENIZA;32:30.2;32:30.2;NULL
13579;14340;ROJO CAMBERRA VERDE Y NEGRO;32:30.2;32:30.2;NULL
13580;14341;PLATA IRIDIO MAGNO;32:30.2;32:30.2;NULL
13581;14342;MANDARINA NEGRO PERLADO;32:30.2;32:30.2;NULL
13582;14343;AZUL Y BLANCO ALUMINIO;32:30.4;32:30.4;NULL
13583;14344;BLANCO CON AZUL;32:30.4;32:30.4;NULL
13584;14345;NEGRO SOMBRA;32:30.4;32:30.4;NULL
13585;14346;ROJO PERLADO Y PLATA;32:30.4;32:30.4;NULL
13586;14347;OCRE CAFE;32:30.4;32:30.4;NULL
13587;14348;PLATA METALICO CLASICO;32:30.4;32:30.4;NULL
13588;14349;BLANCO Y AGUA MARINA;32:30.4;32:30.4;NULL
13589;14350;AZUL FANTASIA METALIZADO;32:30.4;32:30.4;NULL
13590;14351;TURQUESA BEIGE;32:30.4;32:30.4;NULL
13591;14352;LILA PLATA;32:30.5;32:30.5;NULL
13592;14353;NEGRO MATE Y VERDE MANZANA METALIZADO;32:30.5;32:30.5;NULL
13593;14354;METALIZADO ROJO LUCIFER;32:30.5;32:30.5;NULL
13594;14355;VERDE MENTA METALIZADO;32:30.5;32:30.5;NULL
13595;14356;CEREZA METALICO;32:30.5;32:30.5;NULL
13596;14357;BLANCO Y AZUL AGUAMARINA;32:30.5;32:30.5;NULL
13597;14358;AZUL STARLIGHT METALIZADO BLANCO;32:30.5;32:30.5;NULL
13598;14359;VERDE METALICO BLANCO;32:30.5;32:30.5;NULL
13599;14360;PLATA GEADA METALICO;32:30.5;32:30.5;NULL
13600;14361;ROJO DAKAR METALICO;32:30.5;32:30.5;NULL
13601;14362;CAFE COBRE;32:30.5;32:30.5;NULL
13602;14363;BLANCO ESCARCHA ROJO FERRARI;32:30.6;32:30.6;NULL
13603;14364;ROJO ECLIPSE NEGRO;32:30.6;32:30.6;NULL
13604;14365;GRIS Y NEGRO MATE;32:30.6;32:30.6;NULL
13605;14366;AZUL PERLADO Y NEGRO MATE;32:30.6;32:30.6;NULL
13606;14367;WHITE PEARL;32:30.6;32:30.6;NULL
13607;14368;AZUL MARRUECOS Y NEGRO;32:30.6;32:30.6;NULL
13608;14369;BLANCO NARANJA Y AZUL OSCURO;32:30.6;32:30.6;NULL
13609;14370;AZUL TEAL NEGRO;32:30.6;32:30.6;NULL
13610;14371;BLANCO FUSCIA AZUL;32:30.6;32:30.6;NULL
13611;14372;AZUL SIGMA METALIZADO;32:30.6;32:30.6;NULL
13612;14373;VERDE, CAFÉ, NEGRO, GRIS Y BLANCO;32:30.6;32:30.6;NULL
13613;14374;NEGRO VERDE BLANCO;32:30.6;32:30.6;NULL
13614;14375;MERCURIO;32:30.7;32:30.7;NULL
13615;14376;GRIS RATON PERLADO;32:30.7;32:30.7;NULL
13616;14377;BLANCO VERDE PANTONE;32:30.7;32:30.7;NULL
13617;14378;AZUL NORUEGA CON NEGRO;32:30.7;32:30.7;NULL
13618;14379;GRIS DELFIN METALICO;32:30.7;32:30.7;NULL
13619;14380;BEIGE CARRARA NEGRO;32:30.7;32:30.7;NULL
13620;14381;ROJO ROSA NEGRO;32:30.7;32:30.7;NULL
13621;14382;DESIGNO PLATA IRIDIO MAGNO;32:30.7;32:30.7;NULL
13622;14383;DESIGNO GRIS MONTAÑA MAGNO;32:30.7;32:30.7;NULL
13623;14384;UVA METALICO Y NEGRO;32:30.7;32:30.7;NULL
13624;14385;AZUL BRILLANTE PLATEADO;32:30.8;32:30.8;NULL
13625;14386;MORADO TRICAPA;32:30.8;32:30.8;NULL
13626;14387;PLATA SATIN METALICO;32:30.8;32:30.8;NULL
13627;14388;DI-26-4WD;32:30.8;32:30.8;NULL
13628;14389;BLANCO VERDE UVA;32:30.8;32:30.8;NULL
13629;14390;NEGRO NACARADO CON RAYAS NARANJAS;32:30.8;32:30.8;NULL
13630;14391;BLANCO PREMIUM;32:30.8;32:30.8;NULL
13631;14392;AZUL MARRUECOS Y BLANCO;32:30.8;32:30.8;NULL
13632;14393;GRIS IRIDIUM METALIZADO;32:30.8;32:30.8;NULL
13633;14394;BLIZZA;32:30.8;32:30.8;NULL
13634;14395;AZUL TORMENTA CON BLANCO;32:30.8;32:30.8;NULL
13635;14396;PLATA SIRIUS METALICO CON NEGRO;32:30.8;32:30.8;NULL
13636;14397;AZUL BRUMA DOS TONOS;32:30.8;32:30.8;NULL
13637;14398;DARK CAFE;32:30.8;32:30.8;NULL
13638;14399;AZUL VERDE CAMUFLADO;32:30.9;32:30.9;NULL
13639;14400;BLANCO AZUL AGUA MARINA;32:30.9;32:30.9;NULL
13640;14401;PLATA ARIANNE AEROGRAFIA;32:30.9;32:30.9;NULL
13641;14402;BLANCO GALAXIA ROJO Y AZUL;32:30.9;32:30.9;NULL
13642;14403;ROJO TORNADO Y NEGRO PERLADO;32:30.9;32:30.9;NULL
13643;14404;CAMEL BEIGE;32:30.9;32:30.9;NULL
13644;14405;BLANCO NEGRO 50 AÑOS;32:30.9;32:30.9;NULL
13645;14406;AZUL PERSAN;32:30.9;32:30.9;NULL
13646;14407;MANDARINA GRIS NEGRO;32:30.9;32:30.9;NULL
13647;14408;GRIS CONSTELACION Y NEGRO;32:30.9;32:30.9;NULL
13648;14409;VERDE SHERWOOD PERLECENTE;32:30.9;32:30.9;NULL
13649;14410;CLASSIC SILVER;32:30.9;32:30.9;NULL
13650;14411;BLANCO BILA;32:30.9;32:30.9;NULL
13651;14412;PLATA METALIZADO CON ROJO;32:30.9;32:30.9;NULL
13652;14413;PLATA METALIZADO ROJO;32:30.9;32:30.9;NULL
13653;14414;COBRE ENCENDIDO METALIZADO;32:30.9;32:30.9;NULL
13654;14415;BLANCOROJOGRISDORADO;32:30.9;32:30.9;NULL
13655;14416;BLANCO ROJO GRIS DORADO;32:30.9;32:30.9;NULL
13656;14417;ROJO MISTICO Y NEGRO;32:31.0;32:31.0;NULL
13657;14418;AMARILLO ARGENT Y VERDE TRÉBOL;32:31.0;32:31.0;NULL
13658;14419;BLANCO GALAXIA Y AZUL AGUA MARINA;32:31.0;32:31.0;NULL
13659;14420;VERDE MULTICOLOR;32:31.0;32:31.0;NULL
13660;14421;AZUL PERLADO NEGRO;32:31.0;32:31.0;NULL
13661;14422;GRIS METALICO NEGRO;32:31.0;32:31.0;NULL
13662;14423;BLANCO VERDE PHANTON;32:31.0;32:31.0;NULL
13663;14424;UVA GRIS;32:31.0;32:31.0;NULL
13664;14425;GRIS THUNDER METALIZADO ROJO;32:31.0;32:31.0;NULL
13665;14426;GRIS COSMOS;32:31.0;32:31.0;NULL
13666;14427;BLANCO NEGRO VERDE FLUORECENTE;32:31.0;32:31.0;NULL
13667;14428;NEGRO MATE Y MORADO;32:31.0;32:31.0;NULL
13668;14429;NEGRO NACARADO Y GRIS;32:31.0;32:31.0;NULL
13669;14430;ORANGE OCRE;32:31.0;32:31.0;NULL
13670;14431;CAFE ORO/CAFE CLARO;32:31.0;32:31.0;NULL
13671;14432;ORO METALICO;32:31.0;32:31.0;NULL
13672;14433;BLANCO Y CELESTE;32:31.0;32:31.0;NULL
13673;14434;CARBON Y AZUL PIZARRA;32:31.1;32:31.1;NULL
13674;14435;VERDE LIMON Y MARFIL;32:31.1;32:31.1;NULL
13675;14436;PLATEADO SILVER METALIZADO;32:31.1;32:31.1;NULL
13676;14437;VERDE ACEITUNA Y NEGRO;32:31.1;32:31.1;NULL
13677;14438;BLANCO Y AZUL MEDIO;32:31.1;32:31.1;NULL
13678;14439;BLANCO FUCSIA Y AZUL;32:31.1;32:31.1;NULL
13679;14440;NEGRO NEGRO;32:31.1;32:31.1;NULL
13680;14441;AZUL ZAFIRO AMARILLO DORADO;32:31.2;32:31.2;NULL
13681;14442;ROJO OSCURO Y NEGRO;32:31.2;32:31.2;NULL
13682;14443;BLANCO DIAMANTE METALIZADO BRIGHT;32:31.2;32:31.2;NULL
13683;14444;NEGRO AZULADO METALICO;32:31.2;32:31.2;NULL
13684;14445;GRIS DOS TONOS Y VERDE;32:31.2;32:31.2;NULL
13685;14446;VINOTINTO METALIZADO PLATEADO;32:31.2;32:31.2;NULL
13686;14447;VINOTINTO METALIZADO NEGRO;32:31.2;32:31.2;NULL
13687;14448;PINTURA METALIZADA PLATA ARAGONITA;32:31.2;32:31.2;NULL
13688;14449;AZUL TOUR DE FRANCIA;32:31.2;32:31.2;NULL
13689;14450;AZUL POZZI;32:31.2;32:31.2;NULL
13690;14451;NARANJA Y BLANCO;32:31.2;32:31.2;NULL
13691;14452;ROJO LUCIFER PERLADO;32:31.3;32:31.3;NULL
13692;14453;CAFE METALIZADO BLANCO;32:31.3;32:31.3;NULL
13693;14454;GRIS COMET MATE;32:31.3;32:31.3;NULL
13694;14455;NEGRO PERLADO Y BLANCO CANDY;32:31.3;32:31.3;NULL
13695;14456;MOCHA FROST;32:31.3;32:31.3;NULL
13696;14457;NEGRO BORDEAUX;32:31.3;32:31.3;NULL
13697;14458;SAMOA BLUE;32:31.4;32:31.4;NULL
13698;14459;BLANCO GLACIAR METALIZADO NEGRO;32:31.4;32:31.4;NULL
13699;14460;ROJO TANGO METALIZADO;32:31.4;32:31.4;NULL
10615;11046;MAG BEIGE;26:10.2;26:10.2;NULL
13700;14461;VERDE COCKTAIL CON FRANJA VERDE BLANCO ROJO;32:31.4;32:31.4;NULL
13701;14462;ROJO CAMBERRA CON NEGRO;32:31.4;32:31.4;NULL
13702;14463;AZUL ALLEGRO METALIZADO;32:31.4;32:31.4;NULL
13703;14464;AMARILLO DINAMICO Y NEGRO;32:31.5;32:31.5;NULL
13704;14465;AZUL MILANO;32:31.5;32:31.5;NULL
13705;14466;LIMA Y NEGRO;32:31.5;32:31.5;NULL
13706;14467;VERDE Y GRIS PLATA;32:31.5;32:31.5;NULL
13707;14468;BLANCO PURO NEGRO SPACE;32:31.5;32:31.5;NULL
13708;14469;FUCCIA CORALINO;32:31.5;32:31.5;NULL
13709;14470;VERDE MIDORI;32:31.5;32:31.5;NULL
13710;14471;AMARILLO KIIRO;32:31.5;32:31.5;NULL
13711;14472;ROJO CORDOBA Y NEGRO;32:31.5;32:31.5;NULL
13712;14473;GRIS OCASO ROJO AZUL;32:31.5;32:31.5;NULL
13713;14474;PLATA MORADO;32:31.5;32:31.5;NULL
13714;14475;NARANJA Y GRIS;32:31.5;32:31.5;NULL
13715;14476;DORADO CLARO NEGRO;32:31.5;32:31.5;NULL
13716;14477;GRIS ASTRAL NEGRO DIAMANTE;32:31.5;32:31.5;NULL
13717;14478;ROJO ORIENTAL METALIZADO;32:31.5;32:31.5;NULL
13718;14479;AZUL DARK PEARL;32:31.5;32:31.5;NULL
13719;14480;BRONCE SEPIA METALLIC;32:31.5;32:31.5;NULL
13720;14481;RED PURE;32:31.6;32:31.6;NULL
13721;14482;BLANCO ALPIN Y NEGRO;32:31.6;32:31.6;NULL
13722;14483;BLANCO CELESTIAL NEGRO MATE;32:31.6;32:31.6;NULL
13723;14484;NARANJA VOLCANO NEGRO MATE;32:31.6;32:31.6;NULL
13724;14485;ROJO ECLIPSE NEGRO MATE;32:31.6;32:31.6;NULL
13725;14486;VERDE ESMERALDA GRIS Y NEGRO;32:31.6;32:31.6;NULL
13726;14487;TAPENADE BROWN;32:31.6;32:31.6;NULL
13727;14488;NOCTAMBULE PURPURA;32:31.6;32:31.6;NULL
13728;14489;AZUL JEAN CON NEGRO;32:31.6;32:31.6;NULL
13729;14490;GRIS NEGRO BLANCO METALIZADO;32:31.6;32:31.6;NULL
13730;14491;SEASHELL METALIZADO/484;32:31.6;32:31.6;NULL
13731;14492;BLANCO NARANJA AZUL OSCURO;32:31.6;32:31.6;NULL
13732;14493;PEACOCK GREEN;32:31.6;32:31.6;NULL
13733;14494;ROJO GRIOTTE;32:31.6;32:31.6;NULL
13734;14495;NEGRO PERLADO Y ROJO;32:31.6;32:31.6;NULL
13735;14496;INOVA BLANCO;32:31.7;32:31.7;NULL
13736;14497;GRIS PERLA Y PLATA;32:31.7;32:31.7;NULL
13737;14498;AZUL HAINAN METALIZADO;32:31.7;32:31.7;NULL
13738;14499;CAFE BROWNTONE METALICO;32:31.7;32:31.7;NULL
13739;14500;FUCSIA NEGRO VERDE;32:31.7;32:31.7;NULL
13740;14501;NEGRO BRILLANTE NEGRO MATE;32:31.7;32:31.7;NULL
13741;14502;NARANJADO;32:31.7;32:31.7;NULL
13742;14503;BLANCO LUNA Y VERDE;32:31.7;32:31.7;NULL
13743;14504;NEGRO METALIZADO Y VERDE LIMON;32:31.7;32:31.7;NULL
13744;14505;MIDNIGHT BLACK METALLIC;32:31.7;32:31.7;NULL
13745;14506;FUCSIA CORALINO;32:31.7;32:31.7;NULL
13746;14507;CARBON Y ROJO ELECTRICO;32:31.7;32:31.7;NULL
13747;14508;BLANCO Y ROJO PANTONE 200 C;32:31.7;32:31.7;NULL
13748;14509;PLATA PURO NEGRO;32:31.7;32:31.7;NULL
13749;14510;BLANCO ARCO BICAPA Y ROJO ORIENTAL;32:31.7;32:31.7;NULL
13750;14511;NIAGARA TURQUESA;32:31.7;32:31.7;NULL
13751;14512;GRIS TUNGSTENO METAL;32:31.8;32:31.8;NULL
13752;14513;NEGRO MAGIC PERLADO;32:31.8;32:31.8;NULL
13753;14514;GRIS CIELO OPACO;32:31.8;32:31.8;NULL
13754;14515;VIOLETA NEGRO BLANCO;32:31.8;32:31.8;NULL
13755;14516;ROJO RUBI METALICO;32:31.8;32:31.8;NULL
13756;14517;BEIGE QUILATE METALIZADO;32:31.8;32:31.8;NULL
13757;14518;MARRON ARGUS METALIZADO;32:31.8;32:31.8;NULL
13758;14519;PLATA LUMINOSO;32:31.8;32:31.8;NULL
13759;14520;AZUL STARLIGHT METALIZADO;32:31.8;32:31.8;NULL
13760;14521;MARRON TOFFEE METALIZADO;32:31.8;32:31.8;NULL
13761;14522;VERDE ONTARIO METALIZADO;32:31.8;32:31.8;NULL
13762;14523;VERDE OLIVA ORO;32:31.8;32:31.8;NULL
13763;14524;NARANJA BRILLANTE;32:31.8;32:31.8;NULL
13764;14525;ROJO PURPURA PERLADO;32:31.8;32:31.8;NULL
13765;14526;AZUL RECIFE NEGRO;32:31.8;32:31.8;NULL
13766;14527;BLANCO CERAMICA Y NEGRO;32:31.8;32:31.8;NULL
13767;14528;GRIS PIMIENTA;32:31.9;32:31.9;NULL
13768;14529;OXIGEN BLUE;32:31.9;32:31.9;NULL
13769;14530;BLANCO HUESO BONE;32:31.9;32:31.9;NULL
13770;14531;ROJO VELOCIDAD;32:31.9;32:31.9;NULL
13771;14532;KASCHMIRBEIGE MET;32:31.9;32:31.9;NULL
13772;14533;AZUL CIELO Y VERDE OLIVA;32:31.9;32:31.9;NULL
13773;14534;AZUL ANTAR NEGRO MATE;32:31.9;32:31.9;NULL
13774;14535;AZUL ELECTRICO NEGRO MATE;32:31.9;32:31.9;NULL
13775;14536;PURPURA VIOLETA;32:31.9;32:31.9;NULL
13776;14537;AZUL CASCADA METALIZADO;32:31.9;32:31.9;NULL
13777;14538;AZUL SANTIAGO METALIZADO;32:31.9;32:31.9;NULL
13778;14539;COBRE PERLADO;32:31.9;32:31.9;NULL
13779;14540;PLATA CANDY Y NEGRO;32:31.9;32:31.9;NULL
13780;14541;PLATA METALIZADA;32:31.9;32:31.9;NULL
13781;14542;AZUL TIFFANY;32:31.9;32:31.9;NULL
13782;14543;NEGRO VERDE BLANCO Y AMARILLO;32:31.9;32:31.9;NULL
13783;14544;GRIS URANUS;32:32.0;32:32.0;NULL
13784;14545;AZUL PLATA CASHIMERE METALIZADO;32:32.0;32:32.0;NULL
13785;14546;AZUL ESTORIL METALICO;32:32.0;32:32.0;NULL
13786;14547;AZUL OSCURO Y VERDE;32:32.0;32:32.0;NULL
13787;14548;ARENA METAL;32:32.0;32:32.0;NULL
13788;14549;BLANCO Y ROSA CARMIN;32:32.0;32:32.0;NULL
13789;14550;AZUL TOPACIO METALICO;32:32.0;32:32.0;NULL
13790;14551;CELESTE Y GAVIOTA;32:32.0;32:32.0;NULL
13791;14552;GRIS PLATINO NEGRO ROJO VELVET;32:32.0;32:32.0;NULL
13792;14553;ROJO DORADO GRIS;32:32.0;32:32.0;NULL
13793;14554;VERDE NATURAL METALICO ROJO;32:32.0;32:32.0;NULL
13794;14555;GRIS PERLA GRIS MET;32:32.0;32:32.0;NULL
13795;14557;AZUL IMPERIAL GRIS;32:32.0;32:32.0;NULL
13796;14558;NEGRO NEBULOSA AZUL;32:32.1;32:32.1;NULL
11713;12200;2 ROAD;28:01.0;28:01.0;NULL
13797;14559;NEGRO NEBULOSA ROJA;32:32.1;32:32.1;NULL
13798;14560;VERDE JADE Y NEGRO;32:32.1;32:32.1;NULL
13799;14561;AZUL DINAMICO Y BLANCO;32:32.1;32:32.1;NULL
13800;14562;ROJO TANGO METALIZADO NEGRO;32:32.1;32:32.1;NULL
13801;14563;NEGRO MITO METALIZADO NEGRO;32:32.1;32:32.1;NULL
13802;14564;PLATA FLORETE METALIZADO NEGRO;32:32.2;32:32.2;NULL
13803;14565;GRIS MONZON METALIZADO NEGRO;32:32.2;32:32.2;NULL
13804;14566;NEGRO OPALO AZUL BLANCO ROJO;32:32.2;32:32.2;NULL
13805;14567;SHINERAY;32:32.2;32:32.2;NULL
13806;14568;BLANCO NIEVE PERLADO Y NEGRO;32:32.2;32:32.2;NULL
13807;14569;BLANCO CELEST NEGRO MATE;32:32.2;32:32.2;NULL
13808;14570;VERDE MILITAR NEGRO;32:32.2;32:32.2;NULL
13809;14571;CANDY RED;32:32.3;32:32.3;NULL
13810;14572;NARANJA MADERA;32:32.3;32:32.3;NULL
13811;14573;ROJO Y NEGRO;32:32.3;32:32.3;NULL
13812;14574;GRIS ADAMANTIO;32:32.3;32:32.3;NULL
13813;14575;BLANCO Y AGUAMARINA;32:32.3;32:32.3;NULL
13814;14576;MARRON TUNDRA METALIZADO;32:32.3;32:32.3;NULL
13815;14577;GRIS MANHATTAN METALIZADO;32:32.3;32:32.3;NULL
13816;14578;VERDE GOTLAND METALIZADO;32:32.4;32:32.4;NULL
13817;14579;ROJO MATADOR METALIZADO;32:32.4;32:32.4;NULL
13818;14580;BLANCO GRIS PLATA Y VERDE AZULADO;32:32.4;32:32.4;NULL
13819;14581;PLATA URBANO METALICO;32:32.4;32:32.4;NULL
13820;14582;BLANCO NEVADO BICAPA AMARILLO BLANCO VERDE ROJO AZUL;32:32.4;32:32.4;NULL
13821;14583;GRIS SILVERSTONE;32:32.4;32:32.4;NULL
13822;14584;NEGRO BLANCO GALAXIA;32:32.4;32:32.4;NULL
13823;14585;BEIGE NEVADO NEGRO;32:32.4;32:32.4;NULL
13824;14586;PLATA ESCUNA Y AZUL PERLADO;32:32.4;32:32.4;NULL
13825;14587;AZUL METALICO ROJO;32:32.4;32:32.4;NULL
13826;14588;PLATA NEGRO AZUL;32:32.5;32:32.5;NULL
13827;14589;AZUL DE CHINA Y NEGRO;32:32.6;32:32.6;NULL
13828;14590;CAFE JAZZ;32:32.6;32:32.6;NULL
13829;14591;VERDE COCKTAIL Y DORADO;32:32.6;32:32.6;NULL
13830;14592;PLATA ARIANNE VERDE;32:32.6;32:32.6;NULL
13831;14593;DORADO NEGRO PERLADOS;32:32.6;32:32.6;NULL
13832;14594;ROJO NEGRO Y ESCARCHA;32:32.7;32:32.7;NULL
13833;14595;PLATINO NIQUELADO GRIS NEPTUNO;32:32.7;32:32.7;NULL
13834;14596;LT PARCH GOLD;32:32.7;32:32.7;NULL
13835;14597;NEGRO I;32:32.7;32:32.7;NULL
13836;14598;NEGRO II;32:32.7;32:32.7;NULL
13837;14599;CAFE- BEIGE Y GRIS;32:32.7;32:32.7;NULL
13838;14600;NEGRO CAFÉ Y ORO;32:32.7;32:32.7;NULL
13839;14601;GRAFITO METALICO;32:32.8;32:32.8;NULL
13840;14602;AZUL CELEST;32:32.8;32:32.8;NULL
13841;14603;NEGRO DENIM CON LLAMAS;32:32.8;32:32.8;NULL
13842;14604;BLANCO NEGRO ROJO GRIS;32:32.8;32:32.8;NULL
13843;14605;VERDE BEIGE PLATEADO;32:32.8;32:32.8;NULL
13844;14606;GRIS ARTENSE;32:32.8;32:32.8;NULL
13845;14607;ROJO GRANATE EFECTO PERLA Y NEGRO;32:32.8;32:32.8;NULL
13846;14608;GRIS PLATINA Y NEGRO;32:32.8;32:32.8;NULL
13847;14609;MATT ALUMINIUM SILVER (PLATEADO);32:32.8;32:32.8;NULL
13848;14610;PLATA SEDA METALICO NEGRO;32:32.8;32:32.8;NULL
13849;14611;ROJO SANGRIA Y NEGRO;32:32.8;32:32.8;NULL
13850;14612;NEGRO STAR BLANCO;32:32.9;32:32.9;NULL
13851;14613;ROJO NUEVO FERRARI;32:32.9;32:32.9;NULL
13852;14614;NARANJA COBRE METALICO;32:32.9;32:32.9;NULL
13853;14615;GRIS MARFIL CAMUFLADO;32:32.9;32:32.9;NULL
13854;14616;CRYSTAL ORANGE;32:32.9;32:32.9;NULL
13855;14617;GRIS OSCURO MICA METALIZADO;32:32.9;32:32.9;NULL
13856;14618;PLATA CON LINEAS AZUL Y ROJA;32:32.9;32:32.9;NULL
13857;14619;VERDE VERMONT METALICO;32:32.9;32:32.9;NULL
13858;14620;BLANCA CELESTIAL VERDE;32:32.9;32:32.9;NULL
13859;14621;BLANCO PERLA BRONCE;32:32.9;32:32.9;NULL
13860;14622;AMARILLO CAFÉ ROJO Y BLANCO;32:32.9;32:32.9;NULL
13861;14623;BEIGE METALICO NEGRO;32:32.9;32:32.9;NULL
13862;14624;BLANCO ROJO DORADO Y GRIS;32:32.9;32:32.9;NULL
13863;14625;BLANCO CELESTIAL VERDE;32:32.9;32:32.9;NULL
13864;14626;BLANCO GLACIAR METALIZADO ROJO;32:32.9;32:32.9;NULL
13865;14627;VERDE CAMALEON NARANJA Y VERDE;32:32.9;32:32.9;NULL
13866;14628;GRIS AZUL CON FRANJAS ROJAS;32:32.9;32:32.9;NULL
13867;14629;ORO MEDIO METALICO;32:32.9;32:32.9;NULL
13868;14630;ROJO AUTECO;32:33.0;32:33.0;NULL
13869;14631;ICE SILVER METALLIC;32:33.0;32:33.0;NULL
13870;14632;VENETIAN READ PEARL;32:33.0;32:33.0;NULL
13871;14633;DARK BLUE PEARL;32:33.0;32:33.0;NULL
13872;14634;QUARTZ BLUE PEARL;32:33.0;32:33.0;NULL
13873;14635;MATT PACIFIC BLUE;32:33.0;32:33.0;NULL
13874;14636;NEGRO PERLADO ROJO PERLADO;32:33.0;32:33.0;NULL
13875;14637;HOJA SECA ROJO;32:33.0;32:33.0;NULL
13876;14638;AMARILLO VERDE Y GRIS;32:33.0;32:33.0;NULL
13877;14639;GRIS PLATA BRILLANTE;32:33.0;32:33.0;NULL
13878;14640;BEIGE DORADO NEGRO;32:33.0;32:33.0;NULL
13879;14641;GRIS OCASO NEGRO;32:33.0;32:33.0;NULL
13880;14642;NEGRO Y VERDE;32:33.0;32:33.0;NULL
13881;14643;PLATA PLATINUM;32:33.0;32:33.0;NULL
13882;14644;SEPIA;32:33.0;32:33.0;NULL
13883;14645;GRIS GLAXY;32:33.0;32:33.0;NULL
13884;14646;ROJO VELOSTER;32:33.1;32:33.1;NULL
13885;14647;PLATA SONIC;32:33.1;32:33.1;NULL
13886;14648;DOROADO CALIDO;32:33.1;32:33.1;NULL
13887;14649;GRIS AZUL FRANJAS ROJAS;32:33.1;32:33.1;NULL
13888;14650;DORADO CALIDO;32:33.1;32:33.1;NULL
13889;14651;NARANJA NEGRO BLANCO;32:33.1;32:33.1;NULL
13890;14652;NARANJA BLANCO NEGRO;32:33.1;32:33.1;NULL
13891;14653;AMARILLO VERDE GRIS;32:33.1;32:33.1;NULL
13892;14654;NEGRO MITO METALIZADO GRIS;32:33.1;32:33.1;NULL
13893;14655;ROJO GRANATE METALIZADO;32:33.1;32:33.1;NULL
13894;14656;BEIGE Y ROJO;32:33.1;32:33.1;NULL
13896;14658;AZUL ABSOLUTO NEGRO;32:33.1;32:33.1;NULL
13897;14659;AZUL HYPER;32:33.1;32:33.1;NULL
13898;14660;AZUL DRAVA METALIZADO;32:33.1;32:33.1;NULL
13899;14661;BLANCO ROJO GRIS VERDE AZUL;32:33.1;32:33.1;NULL
13900;14662;PLATA COOL NEGRO;32:33.2;32:33.2;NULL
13901;14663;METALIZADA VERDE CALAÍTA;32:33.2;32:33.2;NULL
13902;14664;ROJO JACINTO METALIZADO;32:33.2;32:33.2;NULL
13903;14665;SAPHIRBLAU;32:33.2;32:33.2;NULL
13904;14666;NEGRO VERDE FUCSIA;32:33.2;32:33.2;NULL
13905;14667;GRIS LEGATO Y NEGRO;32:33.2;32:33.2;NULL
13906;14668;PURPURA NEGRO BLANCO GRIS;32:33.2;32:33.2;NULL
13907;14669;CARBON SATINADO;32:33.2;32:33.2;NULL
13908;14670;PLATA CRISTAL METALIZADO;32:33.2;32:33.2;NULL
13909;14671;BLANCO MORADO FUCSIA;32:33.3;32:33.3;NULL
13910;14672;GRIS NEGRO Y BLANCO ROSADO;32:33.3;32:33.3;NULL
13911;14673;AMARILLO MOSTAZA MULTICOLOR;32:33.3;32:33.3;NULL
13912;14674;NEGRO/ROJO BLANCO;32:33.3;32:33.3;NULL
13913;14675;BEIGE PLATINO METÁLICO;32:33.3;32:33.3;NULL
13914;14676;GRIS GALACTICO METALICO NEGRO;32:33.3;32:33.3;NULL
13915;14677;PLATA WAR Y NEGRO;32:33.3;32:33.3;NULL
13916;14678;VERDE CANDY Y NEGRO;32:33.3;32:33.3;NULL
13917;14679;GRIS AZUL Y MORADO;32:33.3;32:33.3;NULL
13918;14680;VINOTINTO PERLADO;32:33.3;32:33.3;NULL
13919;14681;PLATA SOLAR NEGRO;32:33.3;32:33.3;NULL
13920;14682;BLANCO CON NEGRO;32:33.4;32:33.4;NULL
13921;14683;VERDE RHINO;32:33.4;32:33.4;NULL
13922;14684;CAFE MAKAHA;32:33.4;32:33.4;NULL
13923;14685;BLANCO VERDE Y PURPURA;32:33.4;32:33.4;NULL
13924;14686;ROJO SUPERIOR NEGRO;32:33.4;32:33.4;NULL
13925;14687;GRIS GALAXI;38:46.7;38:46.7;NULL
13926;14688;PLATA POLAR Y NEGRO;38:46.7;38:46.7;NULL
13927;14689;COMET;38:46.7;38:46.7;NULL
13928;14690;LUCERNE BLUE;38:46.7;38:46.7;NULL
13929;14691;MATT PHANTOM BLACK;38:46.7;38:46.7;NULL
13930;14692;BLANCO GRANIZO;38:46.8;38:46.8;NULL
13931;14693;GRIS GALAXY;38:46.8;38:46.8;NULL
13932;14694;GRIS CONSTELACION GRIS NEBLINA;38:46.8;38:46.8;NULL
13933;14695;NEGRO/BLANCO ROJO;38:46.8;38:46.8;NULL
13934;14696;ROJO SENTELLO;38:46.8;38:46.8;NULL
13935;14697;GRIS TENORITA GRIS METALIZADO;38:46.8;38:46.8;NULL
13936;14698;VERDE ACUARIO;38:46.8;38:46.8;NULL
13937;14699;BLANCO ARCO BICAPA VERDE;38:46.8;38:46.8;NULL
13938;14700;CARBON MATE;38:46.8;38:46.8;NULL
13939;14701;ROJO CENTELLA;38:46.8;38:46.8;NULL
13940;14702;AMARILLO Y NEGRO;38:46.8;38:46.8;NULL
13941;14703;VERDE PINO GRIS;38:46.8;38:46.8;NULL
13942;14704;CAFE JAZZ CON NEGRO;38:46.8;38:46.8;NULL
13943;14705;BLANCO BRILLANTE CON AZUL;38:46.8;38:46.8;NULL
13944;14706;VERDE ELBAÍTA METALIZADO;38:46.8;38:46.8;NULL
13945;14707;BLANCO VERDE AGUAMARINA Y NARANJA;38:46.8;38:46.8;NULL
13946;14708;ROJO LADRILLO PERLADO;38:46.8;38:46.8;NULL
13947;14709;AZUL PERLADO PULSAR;38:46.8;38:46.8;NULL
13948;14710;PLATA POLAR METALICO;38:46.8;38:46.8;NULL
13949;14711;VERDE TURQUEZA;38:46.8;38:46.8;NULL
13950;14712;BLANCO OXFORD Y NEGRO MATE;38:46.8;38:46.8;NULL
13951;14713;ORO CANDY;38:46.8;38:46.8;NULL
13952;14714;BEIGE DUNA METALIZADO;38:46.9;38:46.9;NULL
13953;14715;ULTRAVIOLETA;38:46.9;38:46.9;NULL
13954;14716;SEPIA TOPAZ;38:46.9;38:46.9;NULL
13955;14717;BEIGE SATIN METALIZADO;38:46.9;38:46.9;NULL
13956;14718;NEGRO Y COBALTO PERLA;38:46.9;38:46.9;NULL
13957;14719;DOBLE VERDE;38:46.9;38:46.9;NULL
13958;14720;BLANCO SATIN PERLA;38:46.9;38:46.9;NULL
13959;14721;VERDE MANZANA AMARILLO AZUL ROJO;38:46.9;38:46.9;NULL
13960;14722;PLATA LUNA METALICO;38:46.9;38:46.9;NULL
13961;14723;NEGRO SEFIRA METÁLICO;38:46.9;38:46.9;NULL
13962;14724;ULTRA SILVER GRIS PLATA;38:46.9;38:46.9;NULL
13963;14725;VINOTINTO MARSAL;38:46.9;38:46.9;NULL
13964;14726;NEGRO SAFIRA METALICO;38:46.9;38:46.9;NULL
13965;14727;GRIS UNIDO METALICO;38:46.9;38:46.9;NULL
13966;14728;COLOR AZUL COBALTO Y NEGRO;38:46.9;38:46.9;NULL
13967;14729;AMARILLO GRIS ROJO BLANCO;38:46.9;38:46.9;NULL
13968;14730;BLANCO PERLA Y ROJO PERLA;38:47.0;38:47.0;NULL
13969;14731;AZUL ZARCO;38:47.0;38:47.0;NULL
13970;14732;NARANJA VIOLETA Y DORADO;38:47.0;38:47.0;NULL
13971;14733;AZUL CORCEGA GRIS PLATA;38:47.0;38:47.0;NULL
13972;14734;NEGRO TITAN Y BLANCO PERLA;38:47.0;38:47.0;NULL
13973;14735;AZUL NEGRO METALICO;38:47.0;38:47.0;NULL
13974;14736;CROMO BRILLANTE;38:47.0;38:47.0;NULL
13975;14737;GRIS ALUMINIUM NEGRO;38:47.0;38:47.0;NULL
13976;14738;AZUL ENGRE GRIS;38:47.0;38:47.0;NULL
13977;14739;NEGRO VERDE GRIS Y BLANCO;38:47.0;38:47.0;NULL
13978;14740;GRAPHITAN METALIZADO;38:47.0;38:47.0;NULL
13979;14741;AZUL WINDSOR METALIZADO;38:47.0;38:47.0;NULL
13980;14742;ROSA ROJO NEGRO;38:47.0;38:47.0;NULL
13981;14743;DESIGNO ROJO JACINTO METALIZADO;38:47.0;38:47.0;NULL
13982;14744;ROJO VICTORIA CON NEGRO;38:47.0;38:47.0;NULL
13983;14745;ARENA DEL DESIERTO;38:47.1;38:47.1;NULL
13984;14746;VOLFANOANO METALIZADO;38:47.1;38:47.1;NULL
13985;14747;AZUL NOCHE METALIZADO;38:47.1;38:47.1;NULL
13986;14748;VERDE ANDINO POLICROMADO OSCURO;38:47.1;38:47.1;NULL
13987;14749;CARBON FLASH/EBONY NEGRO;38:47.1;38:47.1;NULL
13988;14750;VERDE OLIVA DENIM;38:47.1;38:47.1;NULL
13989;14751;TAPENA DE BROWN;38:47.1;38:47.1;NULL
13990;14752;ROJO CRISTAL NEGRO;38:47.1;38:47.1;NULL
13991;14753;PLATA Y PLATA PERLADO;38:47.1;38:47.1;NULL
13992;14754;AZUL ENCRE GRIS;38:47.1;38:47.1;NULL
13993;14755;PLATA GALACTICO NEGRO;38:47.1;38:47.1;NULL
13994;14756;CREMA ROZADO;38:47.1;38:47.1;NULL
13995;14757;AZUL SCUBA METALIZADO GRIS;38:47.1;38:47.1;NULL
13996;14758;PLATA FLORETE METALIZADO GRIS;38:47.2;38:47.2;NULL
13997;14759;GRIS NANO METALIZADO NEGRO;38:47.2;38:47.2;NULL
13998;14760;GRIS VOLCANO METALIZADO;38:47.2;38:47.2;NULL
13999;14761;ROJO BORDEAUX PERLADO METALIZADO;38:47.2;38:47.2;NULL
14000;14762;GRIS QUASAR;38:47.2;38:47.2;NULL
14001;14763;AZUL METALIZAR;38:47.2;38:47.2;NULL
14002;14764;VIOLETA SPORT;38:47.2;38:47.2;NULL
14003;14765;ROJO RACING MATE;38:47.2;38:47.2;NULL
14004;14766;NEGRO NARANJA VERDE FLORECENTE;38:47.2;38:47.2;NULL
14005;14767;MARFIL ROJO Y VERDE;38:47.2;38:47.2;NULL
14006;14768;CROMO BRILLANTE Y AZUL;38:47.2;38:47.2;NULL
14007;14769;NEGRO NEBULOSA ROJO;38:47.2;38:47.2;NULL
14008;14770;AZUL CARAMELO NEGRO;38:47.2;38:47.2;NULL
14009;14771;ARABE NEGRO;38:47.2;38:47.2;NULL
14010;14772;VERDE APACHE METALIZADA;38:47.3;38:47.3;NULL
14011;14773;GRIS PLATA Y NEGRO TITAN;38:47.3;38:47.3;NULL
14012;14774;ROJO MALBEC METALIZADO;38:47.3;38:47.3;NULL
14013;14775;AZUL OCEANO PERLADO;38:47.3;38:47.3;NULL
14014;14776;AZUL CORCEGA MATE,MAGENTA MATE,VERDE BABY MATE;38:47.3;38:47.3;NULL
14015;14777;BLANCO Y CARAMELO METALIZADO;38:47.3;38:47.3;NULL
14016;14778;GRIS PLATA DIAMANTE;38:47.3;38:47.3;NULL
14017;14779;AZUL EGIPCIO;38:47.3;38:47.3;NULL
14018;14780;NEGRO COSMICO METALIZADO;38:47.3;38:47.3;NULL
14019;14781;PLATA ARABE Y NEGRO;38:47.3;38:47.3;NULL
14020;14782;AZUL MADREPERLA;38:47.3;38:47.3;NULL
14021;14783;AZUL MORADO GRIS;38:47.3;38:47.3;NULL
14022;14784;NARANJA LAVA;38:47.3;38:47.3;NULL
14023;14785;PLATA BRILLANTE ROJO LIMPIO;38:47.3;38:47.3;NULL
14024;14786;GRIS PERLA METALIZADO;38:47.3;38:47.3;NULL
14025;14787;GRIS HOLOGRAME CAMALEON;38:47.3;38:47.3;NULL
14026;14788;GRIS TUNGTENO;38:47.4;38:47.4;NULL
14027;14789;NARANJA ATOMICO METALIZADO;38:47.4;38:47.4;NULL
14028;14790;MANDARINA ATOMICA;38:47.4;38:47.4;NULL
14029;14791;AZUL PROVENCE;38:47.4;38:47.4;NULL
14030;14792;PLATA GLACIAR;38:47.4;38:47.4;NULL
14031;14793;PLATA BRILLANTE Y ROJO LIMPIO;38:47.4;38:47.4;NULL
14032;14794;GRIS OCEANO;38:47.4;38:47.4;NULL
14033;14795;VERDE ARRECIFE METALIZADO BLANCO;38:47.4;38:47.4;NULL
14034;14796;AZUL SALMON NARANJA;38:47.4;38:47.4;NULL
14035;14797;AZUL MARINO Y AMARILLO;38:47.4;38:47.4;NULL
14036;14798;PLATA VIOLETA PERLADO;38:47.4;38:47.4;NULL
14037;14799;BLANCO PIEDRA NEGRO;38:47.4;38:47.4;NULL
14038;14800;NARANJA ELEGANTE NEGRO;38:47.4;38:47.4;NULL
14039;14801;DORADO NIEBLA CAFE;38:47.4;38:47.4;NULL
14040;14802;BLANCO NARANJA AMARILLO ROJO;38:47.5;38:47.5;NULL
14041;14803;BLANCO NARANJA ROJO AMARILLO;38:47.5;38:47.5;NULL
14042;14804;GRIS NEBLINA MICA PLATA CLARO METALICO;38:47.5;38:47.5;NULL
14043;14805;BLANCO VERDE INLES Y NEGRO;38:47.5;38:47.5;NULL
14044;14806;BLANCO VERDE INGLES Y NEGRO;38:47.5;38:47.5;NULL
14045;14807;AMARILLO NEON NEGRO;38:47.5;38:47.5;NULL
14046;14808;AMARILLO CITRICO CON NEGRO Y ROJO;38:47.5;38:47.5;NULL
14047;14809;NEGRO MORADO GRIS;38:47.5;38:47.5;NULL
14048;14810;GRIS CELESTE NEGRO;38:47.5;38:47.5;NULL
14049;14811;VERDE NAUSICAA METALICO;38:47.5;38:47.5;NULL
14050;14812;GRIS TUGSTENO;38:47.5;38:47.5;NULL
14051;14813;VERDE CLARO PERLECENTE;38:47.5;38:47.5;NULL
14052;14814;VERDE NEON- BLANCO CELESTIAL;38:47.5;38:47.5;NULL
14053;14815;GRIS CARBONO Y VERDE FLUORESCENTE;38:47.5;38:47.5;NULL
14054;14816;NARANJA MATE;38:47.5;38:47.5;NULL
14055;14817;CREMA ROJO NARANJA VINOTINTO;38:47.6;38:47.6;NULL
14056;14818;VERDE PLATA Y DORADO;38:47.6;38:47.6;NULL
14057;14819;CAFE BLANCO NEGRO;38:47.6;38:47.6;NULL
14058;14820;NEGRO GRIS VERDE;38:47.6;38:47.6;NULL
14060;14822;NEGRO FE;38:47.6;38:47.6;NULL
14061;14823;GRIS FE;38:47.6;38:47.6;NULL
14062;14824;AMARILLO FE;38:47.6;38:47.6;NULL
14063;14825;ROJO FE;38:47.7;38:47.7;NULL
14064;14826;PLATA FE;38:47.7;38:47.7;NULL
14065;14827;BLANCO MEIJE;38:47.7;38:47.7;NULL
14066;14828;VERDE ARRECIFE Y NEGRO MATE;38:47.7;38:47.7;NULL
14067;14829;VERDE HYPER;38:47.7;38:47.7;NULL
14068;14830;NARANJA POWER;38:47.7;38:47.7;NULL
14069;14831;VERDE CEYLAN METALICO;38:47.7;38:47.7;NULL
14070;14832;GRIS GLACIAR;38:47.8;38:47.8;NULL
14071;14833;ORO TOLEDANO NARANJA;38:47.8;38:47.8;NULL
14072;14834;NARANJA POLICROMADO;38:47.8;38:47.8;NULL
14073;14835;PLATA TITAN METALIZADO NEGRO;38:47.8;38:47.8;NULL
14074;14836;AZUL Y AZUL ABSOLUTO;38:47.8;38:47.8;NULL
14075;14837;AMARRILLO MODENA;38:47.8;38:47.8;NULL
14076;14838;AZUL PERLADO Y GRIS;38:47.8;38:47.8;NULL
14077;14839;PLATA Y AZUL FANTASMA;38:47.8;38:47.8;NULL
14078;14840;DORADO MICA METALIZADO;38:47.8;38:47.8;NULL
14079;14841;DORADO VERDE Y ROSADO;38:47.8;38:47.8;NULL
14080;14842;BLANCO AMARILLO ROJO Y VERDE;38:47.8;38:47.8;NULL
14081;14843;GRIS OSCURO MATE;38:47.8;38:47.8;NULL
14082;14844;CARBON DENIM;38:47.8;38:47.8;NULL
14083;14845;GRIS BLANCO VINOTINTO;38:47.8;38:47.8;NULL
14084;14846;AZUL DANES PLATA METALICO;38:47.9;38:47.9;NULL
14085;14847;GRIS LATON;38:47.9;38:47.9;NULL
14086;14849;MARS RED;38:47.9;38:47.9;NULL
14087;14850;PLATA ROCA LUNAR METALICO NEGRO;38:47.9;38:47.9;NULL
14088;14851;BRONCE METÁLICO PROFUNDO;38:47.9;38:47.9;NULL
14089;14852;BLEU MC AZUL;38:47.9;38:47.9;NULL
14090;14853;MARFIL ROJO NEGRO;38:47.9;38:47.9;NULL
14059;14821;BLANCO FE;38:47.6;38:47.6;NULL
14091;14854;BLANCO MORADO DORADO;38:47.9;38:47.9;NULL
14092;14855;ORO NEGRO PERLA;38:47.9;38:47.9;NULL
14093;14856;AZUL BAHAMABLUE;38:47.9;38:47.9;NULL
14094;14857;BLANCO ARCO BICAPA NARANJA;38:47.9;38:47.9;NULL
14095;14858;GRIS NOBRE AZUL AGUA MARINA;38:47.9;38:47.9;NULL
14096;14859;MONACO NEGRO;38:47.9;38:47.9;NULL
14097;14860;MAGENTA CANDY;38:47.9;38:47.9;NULL
14098;14861;BLANCO LUNA Y NEGRO MATE;38:47.9;38:47.9;NULL
14099;14862;ROJO MICA GRIS METÁLICO;38:47.9;38:47.9;NULL
14100;14863;AZUL MOONLIGHT;38:47.9;38:47.9;NULL
14102;14865;GRIS MORADO BLANCO;38:47.9;38:47.9;NULL
14103;14866;MACHINE GRAY;38:48.0;38:48.0;NULL
14104;14867;NEGRO AZUL VIOLETA;38:48.0;38:48.0;NULL
14105;14868;VERDE JADE ROJO BLANCO;38:48.0;38:48.0;NULL
14106;14869;NOCCIOLA;38:48.0;38:48.0;NULL
14107;14870;ROJO FLASH Y NEGRO NINJA;38:48.0;38:48.0;NULL
14108;14871;VERDE POLIURETANO;38:48.0;38:48.0;NULL
14109;14872;MANZANA PANTONE;38:48.0;38:48.0;NULL
14110;14873;AZUL NORUEGA Y ROJO;38:48.0;38:48.0;NULL
14111;14874;ROJO MONACO NEGRO;38:48.0;38:48.0;NULL
14112;14875;RHINO;38:48.0;38:48.0;NULL
14113;14876;ROJO VELVET LILA;38:48.0;38:48.0;NULL
14114;14877;DESIGNO GRIS SELENITA MAGNO;38:48.0;38:48.0;NULL
14115;14878;GRIS TIBURON;38:48.0;38:48.0;NULL
14116;14879;AVELLANA METALICO;38:48.0;38:48.0;NULL
14117;14880;VIOLETA NOCTAMBULO;38:48.0;38:48.0;NULL
14118;14881;CAFE OLIVA;38:48.1;38:48.1;NULL
14119;14882;BLANCO GRIS TITANIO;38:48.1;38:48.1;NULL
14120;14883;BLANCO NEVADA METALIZADO;38:48.1;38:48.1;NULL
14121;14884;GRIS PIRINEOS METALIZADO;38:48.1;38:48.1;NULL
14122;14885;PLATA MOONSTONE METALIZADO;38:48.1;38:48.1;NULL
14123;14886;ROJO EMOCIÓN;38:48.1;38:48.1;NULL
14124;14887;GRIS TECNICO METALIZADO;38:48.1;38:48.1;NULL
14125;14888;AZUL DENIM METALIZADO;38:48.1;38:48.1;NULL
14126;14889;AZUL PACÍFICO;38:48.1;38:48.1;NULL
14127;14890;AZUL RACE METALIZADO;38:48.1;38:48.1;NULL
14128;14891;BEIGE CAPPUCCINO METALIZADO;38:48.1;38:48.1;NULL
14129;14892;BLANCO LUNA METALIZADO;38:48.1;38:48.1;NULL
14130;14893;GRIS METAL METALIZADO;38:48.2;38:48.2;NULL
14131;14894;NEGRO MAGIC METALIZADO;38:48.2;38:48.2;NULL
14132;14895;PLATA BRILLANTE METALIZADO;38:48.2;38:48.2;NULL
14133;14896;ROJO RÍO METALIZADO;38:48.2;38:48.2;NULL
14134;14897;ROJO FRANCES Y NEGRO;38:48.2;38:48.2;NULL
14135;14898;ROJO ULTIMATE;38:48.2;38:48.2;NULL
14136;14899;PLATA CONTINENTAL METALICO NEGRO;38:48.2;38:48.2;NULL
14137;14900;AZUL VERDE NEON;38:48.2;38:48.2;NULL
14138;14901;DESIGNO PLATINO MAGNO;38:48.2;38:48.2;NULL
14139;14902;MARRON DOS TONOS;38:48.2;38:48.2;NULL
14140;14903;NEGRO AZUL AGUA MARINA;38:48.2;38:48.2;NULL
14141;14904;VINOTINTO AMARILLO ORO;38:48.2;38:48.2;NULL
14142;14905;TABACO METALICO BLANCO;38:48.2;38:48.2;NULL
14143;14906;AMBAR WHISKEY, PLATA Y NEGRO;38:48.2;38:48.2;NULL
14144;14907;BLANCO GALAXIA DORADO;38:48.2;38:48.2;NULL
14145;14908;NEGRO EXTRAFINO;38:48.2;38:48.2;NULL
14146;14909;BEIGE TRAVERTINA;38:48.2;38:48.2;NULL
14147;14910;PLATA IMPERIAL NEGRO;38:48.2;38:48.2;NULL
14148;14911;GRIS ROJO NEGRO PLATEADO PERLADO;38:48.3;38:48.3;NULL
14149;14912;SUPER BLANCO 2 Y GRIS PLATA;38:48.3;38:48.3;NULL
14150;14913;BLANCO NARANJA VERDE GRIS;38:48.3;38:48.3;NULL
14151;14914;ROJO TORNASOL DELUX;38:48.3;38:48.3;NULL
14152;14915;BLANCA ROJO VERSALLES METALIZADO;38:48.3;38:48.3;NULL
14153;14916;ARENA MOJAVE;38:48.3;38:48.3;NULL
14154;14917;VERDE CAMUFLADO NEGRO;38:48.3;38:48.3;NULL
14155;14918;ROJO SPORT PLATA;38:48.3;38:48.3;NULL
14156;14919;NARANJA NEO METALICO PLATA;38:48.4;38:48.4;NULL
14157;14920;AZUL MEISSEN;38:48.4;38:48.4;NULL
14158;14921;ROJO MEN;38:48.4;38:48.4;NULL
14159;14922;TROPICAL BLUE;38:48.4;38:48.4;NULL
14160;14923;BLANCO OLIMPICO, VERDE, ESMERALDA;38:48.4;38:48.4;NULL
14161;14924;NEGRO TEXTURIZADO;38:48.4;38:48.4;NULL
14162;14925;ALUMINIO METALICO Y NEGRO;38:48.4;38:48.4;NULL
14163;14926;BELIUGA CARACAL BLACK BAHAMA BEIGE;38:48.4;38:48.4;NULL
14164;14927;BLANCO CELESTIAL, NEGRO, VERDE;38:48.4;38:48.4;NULL
14165;14928;AZUL MARINO GIS PLOMO METALIZ;38:48.4;38:48.4;NULL
14166;14929;BLANCO CON DORADO;38:48.4;38:48.4;NULL
14167;14930;PLATA BARI METALIZADO GRIS OSCURO;38:48.4;38:48.4;NULL
14168;14931;AZUL MARINO GRIS PLOMO METALIZ;38:48.4;38:48.4;NULL
14169;14932;PLATA BRILLANTE NEGRO PERLA;38:48.4;38:48.4;NULL
14170;14933;AZUL NORMANDIE;38:48.4;38:48.4;NULL
14171;14934;ROJO BARCILLO;38:48.4;38:48.4;NULL
14172;14935;FUCSIA AZUL NEGRO;38:48.5;38:48.5;NULL
14173;14936;NARANJA DE VALENCIA METALIZADO NEGRO;38:48.5;38:48.5;NULL
14174;14937;CAFE METALICO;38:48.5;38:48.5;NULL
14175;14938;ROJO VELVET BLANCO NARANJA;38:48.5;38:48.5;NULL
14176;14939;PLATA BLANCO METALICO;38:48.5;38:48.5;NULL
14177;14940;NEGRO BRILLANTE RAYA MATE;38:48.5;38:48.5;NULL
14178;14941;MATT ALUMINIUM SILVER;38:48.5;38:48.5;NULL
14179;14942;COMPETITION GREEN;38:48.5;38:48.5;NULL
14180;14943;SILVER ICE;38:48.5;38:48.5;NULL
14181;14944;BLANCO LUNA Y AMARILLO;38:48.5;38:48.5;NULL
14182;14945;BRITISH RACING GREEN METALLIC;38:48.5;38:48.5;NULL
14183;14946;ROJO DALI EBANO METALIZADO;38:48.5;38:48.5;NULL
14184;14947;BLANCO UNIVERSAL;38:48.5;38:48.5;NULL
14185;14948;NEGRO BRILLANTE Y PLATA BRILLANTE;38:48.5;38:48.5;NULL
14186;14949;NEGRO ROJO E;38:48.5;38:48.5;NULL
14187;14950;NEGRO ROSADO Y MORADO;38:48.6;38:48.6;NULL
14188;14951;ROJO MONTANA Y NEGRO;38:48.6;38:48.6;NULL
14189;14952;ROJO MERCURIO Y NEGRO;38:48.6;38:48.6;NULL
14190;14953;GRIS COSMOS METALICO;38:48.6;38:48.6;NULL
14191;14954;VIOLETA PURPURA;38:48.6;38:48.6;NULL
14192;14955;GRIS BRETAÑA Y MULTICOLOR;38:48.6;38:48.6;NULL
14193;14956;NEGRO Y CAFE PERLADO;38:48.6;38:48.6;NULL
14194;14957;AZUL ZAFIRA;38:48.6;38:48.6;NULL
14195;14958;NEGRO BRILLANTE MATE;38:48.6;38:48.6;NULL
14196;14959;TABACO SECO METALIZADO;38:48.6;38:48.6;NULL
14197;14960;CELESTE METALIZADO CON BLANCO;38:48.6;38:48.6;NULL
14198;14961;VERDE BOSTON METALICO;38:48.6;38:48.6;NULL
14199;14962;NEGRO VERDE CANDY;38:48.6;38:48.6;NULL
14200;14963;AZUL TANAZANITA;38:48.6;38:48.6;NULL
14201;14964;STRATO PLATA NUPCIA AZUL NEGRO AMARILLO;38:48.6;38:48.6;NULL
14202;14965;HABANO METALICO;38:48.6;38:48.6;NULL
14203;14966;GRIS NOBRE ROJO Y BLANCO;38:48.6;38:48.6;NULL
14204;14967;CREMA NEGRO ROJO Y AMARILLO;38:48.7;38:48.7;NULL
14205;14968;AZUL TOSSABALU METALICO;38:48.7;38:48.7;NULL
14206;14969;GRIS PLATA Y GRIS RATON;38:48.7;38:48.7;NULL
14207;14970;HUMO OSCURO;38:48.7;38:48.7;NULL
14208;14971;BLANCO CERAMICO;38:48.7;38:48.7;NULL
14209;14972;ROJO TERRANOVA NEGRO;38:48.7;38:48.7;NULL
14210;14973;VERDE ESMERALDA Y NEGRO TITAN;38:48.7;38:48.7;NULL
14211;14974;GRIS HIELO PERLA;38:48.7;38:48.7;NULL
14212;14975;PLATA NACAR ROJO;38:48.7;38:48.7;NULL
14213;14976;BLANCO GALAXIA MORADO;38:48.7;38:48.7;NULL
14214;14977;GRIS PLATA BLANCO AZUL;38:48.7;38:48.7;NULL
14215;14978;AMARILLO MODENA;38:48.7;38:48.7;NULL
14216;14979;GRIS SATIN Y NEGRO SATIN;38:48.7;38:48.7;NULL
14217;14980;ROJO RADIANTE METALICO;38:48.7;38:48.7;NULL
14218;14981;NEGRO NEBULOSA VERDE;38:48.7;38:48.7;NULL
14219;14982;NARANJA NEGRO MATE;38:48.7;38:48.7;NULL
14220;14983;NEGRO AZUL GRIS;38:48.7;38:48.7;NULL
14221;14984;VERDE NATURAL METÁLICO NEGRO;38:48.7;38:48.7;NULL
14222;14985;BLANCO CELESTIAL NEGRO Y NARANJA;38:48.8;38:48.8;NULL
14223;14986;BLANCO GEADA Y AZUL AGUAMARINA;38:48.8;38:48.8;NULL
14224;14988;ERDE INTENSO-NS;38:48.8;38:48.8;NULL
14225;14989;VERDE INTENSO-NS;38:48.8;38:48.8;NULL
14226;14990;NEGRO VERDE VIOLETA;38:48.8;38:48.8;NULL
14227;14991;PLATA REFLEX Y NEGRO PERLADO;38:48.8;38:48.8;NULL
14228;14992;PLATA MICA METALICO;38:48.9;38:48.9;NULL
14229;14993;NEGRO NACARADO MARFIL;38:48.9;38:48.9;NULL
14230;14994;AMARILLO LIMPIO;38:48.9;38:48.9;NULL
14231;14995;NARANJA  OCRE  MARFIL;38:48.9;38:48.9;NULL
14232;14996;GRIS ESTRELLA NEGRO;38:48.9;38:48.9;NULL
14233;14997;AZUL CLARO FUERTE;38:48.9;38:48.9;NULL
14234;14998;NEGRO Y ROJO MULTICOLOR;38:48.9;38:48.9;NULL
14235;14999;PLATA FLORETE METALIZADO NEGRO BRILLANTE;38:48.9;38:48.9;NULL
14236;15000;ROJO MISANO PERLADO NEGRO BRILLANTE;38:48.9;38:48.9;NULL
14237;15001;BLANCO GLACIAR METALIZADO NEGRO BRILLANTE;38:48.9;38:48.9;NULL
14238;15002;ROJO PUNZO Y MARFIL;38:48.9;38:48.9;NULL
14239;15003;NEGRO LICOR Y AZUL;38:48.9;38:48.9;NULL
14240;15004;NARANJA OCRE MARFIL;38:48.9;38:48.9;NULL
14241;15005;GRIS OPALO METALIZADO;38:48.9;38:48.9;NULL
14242;15006;AZUL CON GRIS GRAFITO;38:48.9;38:48.9;NULL
14243;15007;GRIS NEBULOSA PERLA;38:48.9;38:48.9;NULL
14244;15008;AZUL ESPLENDOR Y NEGRO;38:49.0;38:49.0;NULL
14245;15009;MACHINE GRAY Y NEGRO;38:49.0;38:49.0;NULL
14246;15010;CARBON SATIN;38:49.0;38:49.0;NULL
14247;15011;VINOTINTO MARSALA;38:49.0;38:49.0;NULL
14248;15012;ROJO MISTERIO;38:49.0;38:49.0;NULL
14249;15013;BLANCO POLAR DORADO;38:49.0;38:49.0;NULL
14250;15014;PLATA ROJO NEGRO AZUL BLANCO;38:49.0;38:49.0;NULL
14251;15015;GRIS BRONCE METALIZADO;38:49.0;38:49.0;NULL
14252;15016;AVALON MICATALIC;38:49.0;38:49.0;NULL
14253;15017;GRIS NEGRO MATE;38:49.0;38:49.0;NULL
14254;15018;NEGRO BRISTOL;38:49.0;38:49.0;NULL
14255;15019;ROJO CANDIL METALIZADO;38:49.0;38:49.0;NULL
14256;15020;AZUL ARA;38:49.0;38:49.0;NULL
14257;15021;AZUL PRISTINE;38:49.0;38:49.0;NULL
14258;15022;BEIGE SUAVE;38:49.0;38:49.0;NULL
14259;15023;COBRE SPORT;38:49.0;38:49.0;NULL
14260;15024;GRIS HIPERMETALICO;38:49.0;38:49.0;NULL
14261;15025;HYPERMETALICO;38:49.1;38:49.1;NULL
14262;15026;AZUL MOONLIGHT PLATA LA GUARDIA;38:49.1;38:49.1;NULL
14263;15027;BLANCO HELADA;38:49.1;38:49.1;NULL
14264;15028;GRIS VERDE AMARILLO;38:49.1;38:49.1;NULL
14265;15029;BLANCO AZUL ROJO Y MORADO;38:49.1;38:49.1;NULL
14266;15030;ROJO ROANNE NEGRO;38:49.1;38:49.1;NULL
14267;15031;BLANCO PERLADO-PLATA;38:49.1;38:49.1;NULL
14268;15032;VERDE METALICO ROJO;38:49.1;38:49.1;NULL
14269;15033;BLANCO HIELO SOLIDO Y NEGRO;38:49.1;38:49.1;NULL
14270;15034;BEIGE CAPUCCINO;38:49.1;38:49.1;NULL
14271;15035;BLANCO VAINILLA AZUL UNIVERSO;38:49.2;38:49.2;NULL
14272;15036;BLANCO HIELO PERLADO NEGRO;38:49.2;38:49.2;NULL
14273;15037;AZUL RAFAGA;38:49.2;38:49.2;NULL
14274;15038;ROJO CAYAFETE;38:49.2;38:49.2;NULL
14275;15039;ROJO CAYAFATE;38:49.2;38:49.2;NULL
14276;15040;PLATA ESCUNA Y NEGRO MATE;38:49.2;38:49.2;NULL
14277;15041;PLATA CIELO NEGRO;38:49.2;38:49.2;NULL
14278;15042;MADERA REAL;38:49.2;38:49.2;NULL
14279;15043;TABACO METALICO MARFIL;38:49.2;38:49.2;NULL
14280;15044;PASTEL GREEN;38:49.2;38:49.2;NULL
14281;15045;BLANCO CRI;38:49.2;38:49.2;NULL
14282;15046;BLANCO PERLADO PLATA;38:49.2;38:49.2;NULL
14283;15047;AZUL ADORIATIC PERLADO;38:49.2;38:49.2;NULL
14284;15048;NEGRO PLATEADO AZUL;38:49.2;38:49.2;NULL
14285;15049;ROJO CLASICO MULTICOLOR;38:49.2;38:49.2;NULL
14286;15050;DESIGNO AZUL MISTICO;38:49.3;38:49.3;NULL
14287;15051;AZUL LILA-VERDE FOSFORESCENTE;38:49.3;38:49.3;NULL
14288;15052;AZUL ISLANDIA NEGRO EBONY BLANCO;38:49.3;38:49.3;NULL
14289;15053;ROJO VOLCÁNICO;38:49.3;38:49.3;NULL
14290;15054;ULTRA AZUL;38:49.3;38:49.3;NULL
14291;15055;PLATA HELIO;38:49.3;38:49.3;NULL
14292;15056;ARENA TORMENTA;38:49.3;38:49.3;NULL
14293;15057;BLANCO FRANJAS MORADAS;38:49.3;38:49.3;NULL
14294;15058;BEIGE CINZA METAL;38:49.3;38:49.3;NULL
14295;15059;CAFE PERLADO;38:49.3;38:49.3;NULL
14296;15060;GRIS TECHNIQUE;38:49.3;38:49.3;NULL
14297;15061;SPARKLING SILVER NEGRO;38:49.3;38:49.3;NULL
14298;15062;VERDE MANZANA Y NEGRO;38:49.3;38:49.3;NULL
14299;15063;VERDE ARAGUEIA;38:49.3;38:49.3;NULL
14300;15064;TEALG GREEN METALICO;38:49.4;38:49.4;NULL
14301;15065;ULTRASILVER;38:49.4;38:49.4;NULL
14302;15066;NEGRI STANDARD;38:49.4;38:49.4;NULL
14303;15067;NEGRO STANDARD;38:49.4;38:49.4;NULL
14304;15068;ROJO AÑEJO;38:49.4;38:49.4;NULL
14305;15069;BLANCO FRANJAS AZULES;38:49.4;38:49.4;NULL
14306;15070;PLATA AMARILLOSO;38:49.4;38:49.4;NULL
14307;15071;NARANJA AMARILLO NEGRO;38:49.4;38:49.4;NULL
14308;15072;BLANCO ARTICA VERDE;38:49.4;38:49.4;NULL
14309;15073;CUERO LUMINOSO;38:49.4;38:49.4;NULL
14310;15074;BLANCO ARTICA VERDE PANTONE;38:49.4;38:49.4;NULL
14311;15075;BLANCO OXFORD/YZ;38:49.4;38:49.4;NULL
14312;15076;BLANCO GALAXIA Y AZUL LAGO;38:49.4;38:49.4;NULL
14313;15077;VERDE TREBOL PERLA METALIZADO;38:49.4;38:49.4;NULL
14314;15078;PLATA CROMADO CON NEGRO;38:49.4;38:49.4;NULL
14315;15079;PLATA M;38:49.5;38:49.5;NULL
14316;15080;NARANJA LAGUNA;38:49.5;38:49.5;NULL
14317;15081;ROJO Y BLANCO GALAXIA;38:49.5;38:49.5;NULL
14318;15082;AZUL CELADON;38:49.5;38:49.5;NULL
14319;15083;AZÚL CYAN;38:49.5;38:49.5;NULL
14320;15084;AZUL OPALO;38:49.5;38:49.5;NULL
14321;15085;ASPEN SILVER METALICO;38:49.5;38:49.5;NULL
14322;15086;VERDE SEQUOIA METALIZADO/6N5;38:49.5;38:49.5;NULL
14323;15087;AZUL CRISTAL METALIZADO;38:49.5;38:49.5;NULL
14324;15088;BERILO METALIZADO;38:49.5;38:49.5;NULL
14325;15089;AZUL CYAN;38:49.5;38:49.5;NULL
14326;15090;SUPERPOLE;38:49.5;38:49.5;NULL
14327;15091;PLATA ESCUNA Y AZUL AGUA MARINA;38:49.5;38:49.5;NULL
14328;15092;ALUMINIO Y CAFE;38:49.5;38:49.5;NULL
14329;15093;VERDE MICA PINT.METALIZADA;38:49.5;38:49.5;NULL
14330;15094;AMBAR METALIZADO Y NEGRO;38:49.6;38:49.6;NULL
14331;15095;BLANCO GALAXIA AZUL TURQUESA;38:49.6;38:49.6;NULL
14332;15096;AZUL ANTARTICA AMARILLO FLUORECENTE Y NEGRO;38:49.6;38:49.6;NULL
14333;15097;VERDE BERILO METALIZADO;38:49.6;38:49.6;NULL
14334;15098;NEGRO BLANCO ROJO;38:49.6;38:49.6;NULL
14335;15099;GRIS ALUMINIO NEGRO;38:49.6;38:49.6;NULL
14336;15100;BLANCO PERLADO Y NEGRO;38:49.6;38:49.6;NULL
14337;15101;NARANJA ROJO BLANCO;38:49.6;38:49.6;NULL
14338;15102;BEIGE MOJAVE METALICO;38:49.6;38:49.6;NULL
14339;15103;CHARCOAL METALICO;38:49.6;38:49.6;NULL
14340;15104;NEGRO NARANJA BLANCO Y GRIS;38:49.6;38:49.6;NULL
14341;15105;AZUL/NEGRO;38:49.6;38:49.6;NULL
14342;15106;NEGRO SANTORINI;38:49.6;38:49.6;NULL
14343;15107;ROJO CORAL Y NEGRO;38:49.7;38:49.7;NULL
14344;15108;NEGRO SAFIRO Y ROJO MANZANA;38:49.7;38:49.7;NULL
14345;15109;BLUE PRINT METALIZADO;38:49.7;38:49.7;NULL
14346;15110;NEGRO COSMICO PERLADO BLANCO;38:49.7;38:49.7;NULL
14347;15111;PLATA DESTELLANTE ROJO MISTICO;38:49.7;38:49.7;NULL
14348;15112;ROJO MALBEC;38:49.7;38:49.7;NULL
14349;15113;VOODOO AZUL;38:49.7;38:49.7;NULL
14350;15114;VERDE S383G;38:49.7;38:49.7;NULL
14351;15115;GRIS METALICO DE DOS TONOS;38:49.7;38:49.7;NULL
14352;15116;BLANCO AMARILLO AZUL ROJO;38:49.7;38:49.7;NULL
14353;15117;BLANCO INFINITO AZUL;38:49.7;38:49.7;NULL
14354;15118;AMARILLO NEON Y  AZUL;38:49.7;38:49.7;NULL
14355;15119;ROJA BLANCA;38:49.7;38:49.7;NULL
14356;15120;ROJO PERLA Y NEGRO;38:49.8;38:49.8;NULL
14357;15121;AZUL VERDOSO Y DORADO;38:49.8;38:49.8;NULL
14358;15122;CAMUFLADO NEGRO;38:49.8;38:49.8;NULL
14359;15123;BLANCO CON NARANJA;38:49.8;38:49.8;NULL
14360;15124;NARANJA Y MARFIL;38:49.8;38:49.8;NULL
14361;15125;GRIS VERDOSO AZUL;38:49.8;38:49.8;NULL
14362;15126;MARRON METALIZADO BLANCO;38:49.8;38:49.8;NULL
14363;15127;BLANCO AZUL ENTONADOR;38:49.8;38:49.8;NULL
14364;15128;NEGRO MATE ORO;38:49.8;38:49.8;NULL
14365;15129;UVA MATE;38:49.8;38:49.8;NULL
14366;15130;GRIS VERDOSO Y AZUL;38:49.8;38:49.8;NULL
14367;15131;GRAFITO CRISTALINO;38:49.8;38:49.8;NULL
14368;15132;ROJO CONFITTE;38:49.8;38:49.8;NULL
14369;15133;LINGOTE PLATEADO METALIZADO/UX;38:49.8;38:49.8;NULL
14370;15134;NARANJA OCRE MARFIL Y NEGRO;38:49.8;38:49.8;NULL
14371;15135;BLANCO PERLADO PLATA Y AZUL;38:49.9;38:49.9;NULL
14372;15136;BLANCO RELAMPAGO;38:49.9;38:49.9;NULL
14373;15137;AZUL DIONE;38:49.9;38:49.9;NULL
14374;15138;GRIS ALBORADA METAL;38:49.9;38:49.9;NULL
14375;15139;DESIGNO MAGNO PLATINUM;38:49.9;38:49.9;NULL
14376;15140;BLACK METAL;38:49.9;38:49.9;NULL
14377;15141;NEBULA GRIS PERLA;38:49.9;38:49.9;NULL
14378;15142;AZUL NAVARRA METALIZADO;38:49.9;38:49.9;NULL
14379;15143;CASIS METALIZADO;38:49.9;38:49.9;NULL
14380;15144;ARÁBICA METALIZADO;38:49.9;38:49.9;NULL
14381;15145;NARANJA CAMALEON;38:49.9;38:49.9;NULL
14382;15146;AZUL NEGRO DORADO;38:49.9;38:49.9;NULL
14384;15148;ROJO CORNALINA METALIZADO;38:50.0;38:50.0;NULL
14385;15149;VERDE Y GRIS;38:50.0;38:50.0;NULL
14386;15150;AZUL COSMOS NEGRO;38:50.0;38:50.0;NULL
14387;15151;MONTAJES INDUSTRIALES;38:50.0;38:50.0;NULL
14388;15153;NEGRO GRIS QUARTZ;38:50.0;38:50.0;NULL
14389;15154;ROJO MISTICO NEGRO PERLADO;38:50.0;38:50.0;NULL
14390;15155;BLANCO ANARANJADO NEGRO;38:50.0;38:50.0;NULL
14391;15156;NEGRO KALAPANA/X13;38:50.0;38:50.0;NULL
14392;15157;JELLY BERRY;38:50.0;38:50.0;NULL
14393;15158;GRIS SHARK NEGRO;38:50.0;38:50.0;NULL
14394;15159;ALUMINIO Y VIOLETA METALIZADO;38:50.0;38:50.0;NULL
14395;15160;PLATA ATOMICO;38:50.0;38:50.0;NULL
14396;15161;AZUL CELESTIAL;38:50.0;38:50.0;NULL
14397;15162;BLANCO OLIMPICO AZUL;38:50.0;38:50.0;NULL
14398;15163;BLANCO GLACIAL AZUL;38:50.0;38:50.0;NULL
14399;15164;BLANCO GALAXIA AZUL;38:50.0;38:50.0;NULL
14400;15165;ROJO PERLADO METALICO;38:50.1;38:50.1;NULL
14401;15166;EFECTO CARBON VERDE MANZANA;38:50.1;38:50.1;NULL
14402;15167;CAFE NEGRO ROJO;38:50.1;38:50.1;NULL
14403;15168;ROJO PERLADO SPORTY;38:50.1;38:50.1;NULL
14404;15169;LITHIUM PEARL;38:50.1;38:50.1;NULL
14405;15170;ROJO LITHIUM PEARL;38:50.1;38:50.1;NULL
14406;15171;AZUL ISLAND PEARL;38:50.1;38:50.1;NULL
14407;15172;CREMA AMARILLO ROJO Y NEGRO;38:50.1;38:50.1;NULL
14408;15173;VINOTINTO, DORADO Y GRIS;38:50.1;38:50.1;NULL
14409;15174;NEGRO PERLA GRIS;38:50.1;38:50.1;NULL
14410;15175;ROJO AZUL OSCURO;38:50.1;38:50.1;NULL
14411;15176;WHISPER;38:50.1;38:50.1;NULL
14412;15177;WHISPER AZUL OSCURO;38:50.1;38:50.1;NULL
14413;15178;WHISPER BLANCO;38:50.2;38:50.2;NULL
14414;15179;WHISPER GRIS;38:50.2;38:50.2;NULL
14415;15180;MARRON INDIGO METALIZADO;38:50.2;38:50.2;NULL
14416;15181;AZUL TELES;38:50.2;38:50.2;NULL
14417;15182;ROJO RUBIS;38:50.2;38:50.2;NULL
14418;15183;TAPENADE BROW;38:50.2;38:50.2;NULL
14419;15184;AMARILLO PERLA BLANCO;38:50.2;38:50.2;NULL
14420;15185;AMARILLO PERLA GRIS;38:50.2;38:50.2;NULL
14421;15186;AMARILLO PERLA NEGRO;38:50.3;38:50.3;NULL
14422;15187;AMARILLO PERLA AZUL OSCURO;40:10.9;40:10.9;NULL
14423;15188;AZUL TURQUEZA AZUL OSCURO;40:10.9;40:10.9;NULL
14424;15189;AZUL TURQUEZA NEGRO;40:10.9;40:10.9;NULL
14425;15190;BLANCO PERLA AZUL OSCURO;40:10.9;40:10.9;NULL
14426;15191;BLANCO PERLA GRIS;40:11.0;40:11.0;NULL
14427;15192;BLANCO AZUL OSCURO;40:11.0;40:11.0;NULL
14428;15193;GRIS ALUMINIO AZUL OSCURO;40:11.0;40:11.0;NULL
14429;15194;NEGRO RACING;40:11.0;40:11.0;NULL
14430;15195;NEGRO RACING BLANCO;40:11.0;40:11.0;NULL
14431;15196;NEGRO RACING AZUL OSCURO;40:11.0;40:11.0;NULL
14432;15197;NEGRO RACING NEGRO;40:11.0;40:11.0;NULL
14433;15198;NEGRO RACING GRIS;40:11.0;40:11.0;NULL
14434;15199;NEGRO PERLA AZUL OSCURO;40:11.0;40:11.0;NULL
14435;15200;PLATA KYOG;40:11.0;40:11.0;NULL
14436;15201;BLANCO AZUL VIOLETA;40:11.0;40:11.0;NULL
14437;15202;NEGRO DENIM AZUL PERLADO;40:11.0;40:11.0;NULL
14438;15203;GRIS PLATA Y NEGRO;40:11.0;40:11.0;NULL
14439;15204;PLATA PERLADO Y NEGRO;40:11.0;40:11.0;NULL
14440;15205;PLATA NARANJA NEGRO;40:11.0;40:11.0;NULL
14441;15206;GRIGIO ARTICO;40:11.0;40:11.0;NULL
14442;15207;VERDE ACUARE;40:11.0;40:11.0;NULL
14443;15208;SAHARA HABANO;40:11.0;40:11.0;NULL
14444;15209;GRIS BRETAÑA NEGRO ROJO;40:11.0;40:11.0;NULL
14445;15210;DORADO MARI;40:11.1;40:11.1;NULL
14446;15211;VERDE OSSIDO;40:11.1;40:11.1;NULL
14447;15212;GRIS AMAZONITA;40:11.1;40:11.1;NULL
14448;15213;BEIGE PIRITA;40:11.1;40:11.1;NULL
14449;15214;COBRE METALICO;40:11.1;40:11.1;NULL
14450;15215;GRIS HURACAN;40:11.1;40:11.1;NULL
14451;15216;VERDE CLARO BLANCO HUESO;40:11.1;40:11.1;NULL
14452;15217;HABANO AZUL MEDIANO;40:11.1;40:11.1;NULL
14453;15218;GRIS TAUPE;40:11.1;40:11.1;NULL
14454;15219;ROSADO NEON Y NEGRO MATE;40:11.1;40:11.1;NULL
14455;15220;PLATA NARANJA Y NEGRO;40:11.2;40:11.2;NULL
14456;15221;AMBAR NEGRO;40:11.2;40:11.2;NULL
14457;15222;BLANCO CALMA Y NEGRO;40:11.2;40:11.2;NULL
14458;15223;ROJO CAFAYATE;40:11.2;40:11.2;NULL
14459;15224;GRIS AZUL MARRON BLANCO;40:11.2;40:11.2;NULL
14460;15225;MARFIL VINOTINTO ROJO ZAPOTE;40:11.2;40:11.2;NULL
14461;15226;GRIS QUANTUM;40:11.2;40:11.2;NULL
14462;15227;NARANJA CORAL METALIZADO;40:11.2;40:11.2;NULL
14463;15228;AMARILLO VEGAS UNIFORME;40:11.2;40:11.2;NULL
14464;15229;NEBULA GREEN;40:11.2;40:11.2;NULL
14465;15230;PLATA ESCUNA GRIS Y NARANJA;40:11.2;40:11.2;NULL
14466;15231;VERDE LIMA VERDE METALIZADO;40:11.2;40:11.2;NULL
14467;15232;ROJO VINO TINTO;40:11.4;40:11.4;NULL
14468;15233;NEGRO MORADO Y DORADO;40:11.4;40:11.4;NULL
14469;15234;AMARILLO CAFÉ METALIZADO;40:11.4;40:11.4;NULL
14470;15235;AZUL RELÁMPAGO;40:11.4;40:11.4;NULL
14471;15236;AMARILLO CATERPILLAR;40:11.4;40:11.4;NULL
14472;15237;STRATO PERLA ROJO AMARILLO;40:11.4;40:11.4;NULL
14473;15238;VERDE CLARO METALIZADO;40:11.4;40:11.4;NULL
14474;15239;AZUL PLATEADO ROJO NEGRO;40:11.4;40:11.4;NULL
14475;15240;AZUL RELAMPAGO;40:11.5;40:11.5;NULL
14476;15241;NEGRO VIOLETA GRIS;40:11.5;40:11.5;NULL
14477;15242;ROJO DIAMANTE;40:11.5;40:11.5;NULL
14478;15243;GRIS ARENA NEGRO;40:11.5;40:11.5;NULL
14479;15244;GRIS VERDE BEIGE;40:11.5;40:11.5;NULL
14480;15245;ROJO AMARILLO NARANJA NEGRO AZUL BLANCO;40:11.5;40:11.5;NULL
14481;15246;GRIS SHARK AZUL OSCURO;40:11.5;40:11.5;NULL
14482;15247;GRIS SHARK ESMERALDA;40:11.5;40:11.5;NULL
14483;15248;PLATA AZUL OSCURO;40:11.5;40:11.5;NULL
14484;15249;AZUL PERLA TRANSPARENTE;40:11.5;40:11.5;NULL
14485;15250;PLATA SATELITE Y ROJO DEEP;40:11.5;40:11.5;NULL
14486;15251;AZUL MEDITERRANEO METALIZADO;40:11.5;40:11.5;NULL
14487;15252;PLATEADO MATE;40:11.5;40:11.5;NULL
14488;15253;BLANCO AVALANCHA;40:11.5;40:11.5;NULL
14489;15254;AZUL LAGO Y BLANCO;40:11.5;40:11.5;NULL
14490;15255;CRUISER BLACK/NEGRO;40:11.6;40:11.6;NULL
14491;15256;GOLD/ORO;40:11.6;40:11.6;NULL
14492;15257;VERDE INGLES METALIZADO NACIONAL;40:11.6;40:11.6;NULL
14493;15258;VERDE SHERWOOD PERLADO;40:11.6;40:11.6;NULL
14494;15259;ROJO ATOMICO Y NEGRO;40:11.6;40:11.6;NULL
14495;15260;GRIS BUSINESS METALIZADO;40:11.6;40:11.6;NULL
14496;15261;PLATA CELESTIAL NEGRO;40:11.6;40:11.6;NULL
14497;15262;VERDE CAMUFLAJE METALIZADO;40:11.6;40:11.6;NULL
14498;15263;VERDE CRISTAL NEGRO MATE;40:11.6;40:11.6;NULL
14499;15264;AZUL BEIGE MARROQUI;40:11.6;40:11.6;NULL
14500;15265;UVA CON DOS RALLAS GRIS PERLA;40:11.6;40:11.6;NULL
14501;15266;ROJO SUPER GRIS NEGRO;40:11.6;40:11.6;NULL
14502;15267;AZUL CAVANSITE METALIZADO;40:11.6;40:11.6;NULL
14503;15268;VERDE Y PLATA;40:11.6;40:11.6;NULL
14504;15269;GRIS ASFALTO Y CARBONO;40:11.6;40:11.6;NULL
14505;15270;GRIS VOLCAN;40:11.6;40:11.6;NULL
14506;15271;BLANCO GALAXIA VERDE Y NARANJA;40:11.7;40:11.7;NULL
14507;15272;VERDE MUSGO METALICO;40:11.7;40:11.7;NULL
14508;15273;NARANJA HABANERO METALICO;40:11.7;40:11.7;NULL
14509;15274;BRONCE OSCURO METALICO;40:11.7;40:11.7;NULL
14510;15275;ANTIQUE GOLD DORADO;40:11.7;40:11.7;NULL
14511;15276;AZUL SIGMA METALICO;40:11.7;40:11.7;NULL
14512;15277;ROJO CAMELIA PERLADO;40:11.7;40:11.7;NULL
14513;15278;AMARILLO MOSTAZA Y NEGRO CUARZO;40:11.7;40:11.7;NULL
14514;15279;PARDILLO CLARO;40:11.7;40:11.7;NULL
14515;15280;RG170;40:11.7;40:11.7;NULL
14516;15281;BLANCO PERLA Y PLATA SATELITE;40:11.7;40:11.7;NULL
14517;15282;PARDO OSCURO METALICO;40:11.7;40:11.7;NULL
14518;15283;VERDE AMAZONIA PERLADO Y VERDE VIVAS;40:11.7;40:11.7;NULL
14519;15284;GRIS RODIUM METALIZADO;40:11.7;40:11.7;NULL
14520;15285;MARRON MAGNETICO METALIZADO;40:11.8;40:11.8;NULL
14521;15286;MARRON MATO METALIZADO;40:11.8;40:11.8;NULL
14522;15287;GRIS ROJO MULTICOLOR;40:11.8;40:11.8;NULL
14523;15288;VERDE CELEDONIA;40:11.8;40:11.8;NULL
14524;15289;BLANCO GLACIAL Y ROJO;40:11.8;40:11.8;NULL
14525;15290;MARINE BLUE;40:11.8;40:11.8;NULL
14526;15291;AZUL MARINO;40:11.8;40:11.8;NULL
14527;15292;NEGRO GRIS MATE;40:11.8;40:11.8;NULL
14528;15293;CHAMPAM METALICO;40:11.8;40:11.8;NULL
14529;15294;ORANGE POWER BLANCO;40:11.8;40:11.8;NULL
14530;15295;BLANCO NEVADO ROJO;40:11.8;40:11.8;NULL
14531;15296;MARINA BLUE;40:11.8;40:11.8;NULL
14532;15297;ORO TOLEDANO Y AZUL;40:11.8;40:11.8;NULL
14533;15298;CARABELA;40:11.8;40:11.8;NULL
14534;15299;GRIS OCASO-MORADO CON AEROGRAFIA;40:11.8;40:11.8;NULL
14535;15300;GRIS MULTICOLOR;40:11.9;40:11.9;NULL
14536;15301;ROJO TORINO Y NEGRO;40:11.9;40:11.9;NULL
14537;15302;ROJO MARFIL Y CAFE;40:11.9;40:11.9;NULL
14538;15303;VINO TINTO MELON;40:11.9;40:11.9;NULL
14539;15304;ALUMINIO METALICO NEGRO FUCSIA;40:11.9;40:11.9;NULL
14540;15305;SLEEK SILVER PLATEADO;40:11.9;40:11.9;NULL
14541;15306;ROSA FLUORESCENTE BLANCO;40:11.9;40:11.9;NULL
14542;15307;BLANCO BANQUISE NEGRO;40:11.9;40:11.9;NULL
14543;15308;MEDIUM RED;40:11.9;40:11.9;NULL
14544;15309;BLANCO SOLAR BLUE;40:11.9;40:11.9;NULL
14545;15310;VINOTINTO PERLECENTE Y BLANCO;40:11.9;40:11.9;NULL
14546;15311;AZUL GRIS AMARILLO;40:11.9;40:11.9;NULL
14547;15312;BLANCO MATE NEGRO;40:11.9;40:11.9;NULL
14548;15313;NEGRO TITAN BLANCO AZUL Y ROJO;40:11.9;40:11.9;NULL
14549;15314;NARANJA FUNDIDO;40:11.9;40:11.9;NULL
14550;15315;ROJO FUEGO POLICROMADO;40:12.0;40:12.0;NULL
14551;15316;VERDE METALIZADO DORADO;40:12.0;40:12.0;NULL
14552;15317;VERDE METALICO CLARO;40:12.0;40:12.0;NULL
14553;15318;PLATA PALLADIUM;40:12.0;40:12.0;NULL
14554;15319;NARANJA CANDY BURNT;40:12.0;40:12.0;NULL
14555;15320;NEGRO AZUL NARANJA;40:12.0;40:12.0;NULL
14556;15321;GRIS POLVO;40:12.0;40:12.0;NULL
14557;15322;POLVO ROJO;40:12.0;40:12.0;NULL
14558;15323;BLANCO ESPEJO;40:12.0;40:12.0;NULL
14559;15324;OCRE BLANCO Y NEGRO;40:12.0;40:12.0;NULL
14560;15325;GRIS MEDIUM;40:12.0;40:12.0;NULL
14561;15326;GRIS TIBURON ROJO;40:12.0;40:12.0;NULL
14562;15327;ARENA BLANCO;40:12.1;40:12.1;NULL
14563;15328;ALMENDRA BLANCO;40:12.1;40:12.1;NULL
14564;15329;NEGRO PLATA ESCUNA DORADO;40:12.1;40:12.1;NULL
14565;15330;VERDE TURQUESA METALI;40:12.1;40:12.1;NULL
14566;15331;BLANCO Y AZUL POLIESTER;40:12.1;40:12.1;NULL
14567;15332;ROUGE FURIO;40:12.1;40:12.1;NULL
14568;15333;PLATA Y ROJO DEEP;40:12.1;40:12.1;NULL
14569;15334;ROJO NEGRO BLANCO Y VERDE;40:12.1;40:12.1;NULL
14570;15335;NEGRO JET CON PERLA DORADA;40:12.1;40:12.1;NULL
14571;15336;ROJO SOLIDO NEGRO;40:12.2;40:12.2;NULL
14572;15337;PLATA BRILLANTE NEGRO MULTICOLOR;40:12.2;40:12.2;NULL
14573;15338;GRIS PINO;40:12.2;40:12.2;NULL
14574;15339;NEGRO Y ROJO VELVET;40:12.2;40:12.2;NULL
14575;15340;ROJO AZUL BLANCO VERDE;40:12.2;40:12.2;NULL
14576;15341;ROJO NARANJA GRIS NEGRO;40:12.2;40:12.2;NULL
14577;15342;AMARILLO MORADO ROJO AZUL;40:12.2;40:12.2;NULL
14578;15343;ZANAHORIA Y NEGRO;40:12.2;40:12.2;NULL
14579;15344;AZUL OSCURO MICA MET;40:12.2;40:12.2;NULL
14580;15345;BLANCO PLATINO Y NEGRO;40:12.2;40:12.2;NULL
14581;15346;AZUL METALICO FRANJAS PLATEADAS;40:12.2;40:12.2;NULL
14582;15347;TURQUEZA BLANCO PURO;40:12.3;40:12.3;NULL
14584;15349;AZUL RIO ROJO BLANCO AZUL;40:12.3;40:12.3;NULL
14585;15350;BRONCE AMANZON GREAT;40:12.3;40:12.3;NULL
14586;15351;ROJO POLVO;40:12.3;40:12.3;NULL
14587;15352;BLANCO CUMBRE;40:12.3;40:12.3;NULL
14588;15353;CENIZA GRAFITO Y BLANCO;40:12.3;40:12.3;NULL
14589;15354;BLACK NEGRO;40:12.3;40:12.3;NULL
14590;15355;FUCSIA PERLADO;40:12.3;40:12.3;NULL
14591;15356;VERDE AZORES METALIZADO;40:12.3;40:12.3;NULL
14592;15357;GRIS COOL KHAKI;40:12.3;40:12.3;NULL
14593;15358;BLANCO SIRIO CON ROJO CORAL;40:12.3;40:12.3;NULL
14594;15359;ROJO SHIRAZ METALIZADO CON NEGRO BRILLANTE;40:12.3;40:12.3;NULL
14595;15360;BLANCO BICAPA Y ROJO;40:12.4;40:12.4;NULL
14596;15361;NEGRO PLATA METALIZADO;40:12.4;40:12.4;NULL
14597;15362;TURBO PLATA;40:12.4;40:12.4;NULL
14598;15363;ROJO DESTELLO AZUL OSCURO;40:12.4;40:12.4;NULL
14599;15364;BLANCO AZUL DORADO;40:12.4;40:12.4;NULL
14600;15365;MAGENTA MORADO AZUL;40:12.4;40:12.4;NULL
14601;15366;VINOTINTO MELOW;40:12.4;40:12.4;NULL
14602;15367;VERDE ARAGUAIA METALICO;40:12.4;40:12.4;NULL
14603;15368;ROJO VELVET BLANCO;40:12.4;40:12.4;NULL
14604;15369;MARRON PERLADO NEGRO;40:12.4;40:12.4;NULL
14605;15370;AMARIL NACIENDO;40:12.4;40:12.4;NULL
14606;15371;BLANCO AZUL Y FUCSIA;40:12.4;40:12.4;NULL
14607;15372;AZUL APOLO METALIZADO;40:12.4;40:12.4;NULL
14608;15373;ROJO FUSION;40:12.4;40:12.4;NULL
14609;15374;NEGRO CARBON CON AZUL;40:12.5;40:12.5;NULL
14610;15375;BLANCO NEGRO AMARILLO Y ROSA;40:12.5;40:12.5;NULL
14611;15376;TITANIUM;40:12.5;40:12.5;NULL
14612;15377;TITANIUM SILVER METALIC LOGWIN;40:12.5;40:12.5;NULL
14613;15378;ROJO ORIENTAL Y NEGRO;40:12.5;40:12.5;NULL
14614;15379;CAFE HAVANA;40:12.5;40:12.5;NULL
14615;15383;GRIS MERCURI;40:12.5;40:12.5;NULL
14616;15384;PLATA SPACE Y NEGRO;40:12.5;40:12.5;NULL
14617;15385;NEGRO GRIS AMARILLO;40:12.5;40:12.5;NULL
14618;15391;COLOR GRIS TECNO CON BLANCO;40:12.5;40:12.5;NULL
14619;15392;PLATA SIERRA GRIS PIEDRA;40:12.5;40:12.5;NULL
14620;15393;A73/NEGRO JEREZ METALIZADO;40:12.5;40:12.5;NULL
14621;15398;BLANCO NACAR ROJO;40:12.5;40:12.5;NULL
14622;15406;AZUL AGUA METALIZADO NEGRO;40:12.5;40:12.5;NULL
14623;15411;AZUL ANTARTICA NERGO MATE;40:12.5;40:12.5;NULL
14624;15412;VERDE LIMA - NEGRO MATE;40:12.6;40:12.6;NULL
14625;15413;GRIS PIEDRA-NEGRO MATE;40:12.6;40:12.6;NULL
14626;15414;ROJO ESCARLATA - NEGRO MATE;40:12.6;40:12.6;NULL
14627;15415;GRIS AZULOSO OSCURO METALICO;40:12.6;40:12.6;NULL
14628;15416;ROJO ALMANDINO METALIZADO;40:12.6;40:12.6;NULL
14629;15417;VERDE ESMERALDA NEGRO;40:12.6;40:12.6;NULL
14630;15418;ROJO ESCARLATA NEGRO;40:12.6;40:12.6;NULL
14631;15419;BLANCO CELESTIAL NEGRO;40:12.6;40:12.6;NULL
14632;15420;NEGRO COSMICO PERLADO PLATA;40:12.6;40:12.6;NULL
14633;15421;NEGRO EBONY Y BLANCO;40:12.6;40:12.6;NULL
14634;15422;NEGRO ASTRO METALIZADO Y BLANCO;40:12.6;40:12.6;NULL
14635;15423;HELLO YELLOW;40:12.7;40:12.7;NULL
14636;15424;GRIS TIBURON BLANCO;40:12.7;40:12.7;NULL
14637;15425;VERDE ESMERALDA NEGRO NEBULOSA;40:12.7;40:12.7;NULL
14638;15426;ROJO ESCARLATA NEGRO NEBULOSA;40:12.7;40:12.7;NULL
14639;15427;AZUL ANTARTICA NEGRO NEBULOSA;40:12.7;40:12.7;NULL
14640;15428;BLANCO CELESTIAL NEGRO NEBULOSA;40:12.7;40:12.7;NULL
14641;15429;AZUL ANTARTICA NEGRO;40:12.7;40:12.7;NULL
14642;15430;BLANCO HIELO PERLADO ROJO;40:12.7;40:12.7;NULL
14643;15431;GRIS METAL Y CAFE;40:12.7;40:12.7;NULL
14644;15432;AZUL MATE CON NEGRO;40:12.7;40:12.7;NULL
14645;15433;GRIS TECNO CON BLANCO;40:12.7;40:12.7;NULL
14646;15434;PLATA NIQUEL Y AZUL;40:12.7;40:12.7;NULL
14647;15435;AZUL ANTARTICA NEGRO MATE;40:12.7;40:12.7;NULL
14648;15436;BLANCO AZUCAR;40:12.7;40:12.7;NULL
14649;15438;AZUL OSCURO AZUL CLARO GRIS;40:12.7;40:12.7;NULL
14650;15440;SMOKE SILVER;40:12.7;40:12.7;NULL
14651;15443;BLANCO MARRON GRIS;40:12.7;40:12.7;NULL
14652;15444;VERDE AZUL METALICO;40:12.7;40:12.7;NULL
14653;15445;BLANCO AMARILLO AZUL ROJO VERDE;40:12.8;40:12.8;NULL
14654;15448;NARANJA ELITE IMRON;40:12.8;40:12.8;NULL
14655;15449;ROJO PICANTE;40:12.8;40:12.8;NULL
14656;15450;ORO TOLEDANO CAFE;40:12.8;40:12.8;NULL
14657;15451;AMARILLO MIMOSA;40:12.8;40:12.8;NULL
14658;15452;STRATO PERLA NEGRO;40:12.8;40:12.8;NULL
14659;15453;NEGRO PERLA ACTITUD / 218;40:12.8;40:12.8;NULL
14660;15454;VERDE SALVIA;40:12.8;40:12.8;NULL
14661;15455;DORADO NAVIDAD AZUL ELECTRICO;40:12.8;40:12.8;NULL
14662;15456;PLATA CRISTAL AZUL;40:12.8;40:12.8;NULL
14663;15457;AZUL ZAFIRO Y NEGRO;40:12.8;40:12.8;NULL
14664;15458;ROJO GRIS BLANCO;40:12.8;40:12.8;NULL
14665;15459;GRANITSILBER MATALLIC;40:12.8;40:12.8;NULL
14666;15460;TITAN SILVER MATALIC;40:12.8;40:12.8;NULL
14667;15461;WHITE LIGHTNING;40:12.8;40:12.8;NULL
14668;15462;ROJO DE COBRE MICA 32V;40:12.9;40:12.9;NULL
14669;15463;VERDE AZUL PERLADO;40:12.9;40:12.9;NULL
14670;15464;AZUL DE ARABIA;40:12.9;40:12.9;NULL
14671;15465;CARBONO NEGRO METALICO/416;40:12.9;40:12.9;NULL
14672;15466;ROJO YARE Y NEGRO;40:12.9;40:12.9;NULL
14673;15467;AZUL INFINITY;40:12.9;40:12.9;NULL
14674;15468;TRIPLE NEGRO;40:12.9;40:12.9;NULL
14675;15469;ALUMINIO PULIDO;40:12.9;40:12.9;NULL
14676;15470;AZUL RAVENNA METALICO;40:12.9;40:12.9;NULL
14677;15471;ROJO CAMBERRA DORADO Y NEGRO;40:12.9;40:12.9;NULL
14678;15472;GRIS TIBURON NEGRO;40:12.9;40:12.9;NULL
14679;15473;NEGRO NEBULOSA GRIS PIEDRA;40:12.9;40:12.9;NULL
14680;15474;GRIS PLATA NEGRO MATE;40:12.9;40:12.9;NULL
14681;15475;MARRON PARDO;40:12.9;40:12.9;NULL
14682;15476;VERDE ARRECIFE Y NEGRO;40:12.9;40:12.9;NULL
14683;15477;ROJO RACING NEGRO NEBULOSA;40:12.9;40:12.9;NULL
14684;15478;BLANCO INFINITO NEGRO NEBULOSA;40:13.0;40:13.0;NULL
14685;15479;PLATA SOLAR GRIS NEPTUNO;40:13.0;40:13.0;NULL
14686;15480;BLANCO PEPPER ROJO;40:13.0;40:13.0;NULL
14687;15481;BLANCO ROJO Y PLATEADO;40:13.0;40:13.0;NULL
14688;15482;TITANIUM BEIGE METALLIC;40:13.0;40:13.0;NULL
14689;15483;NEGRO BLANCO NEVADO BICAPA;40:13.0;40:13.0;NULL
14690;15484;PLATA METALICO Y ROJO;40:13.0;40:13.0;NULL
14691;15485;DARK RED/DEEP SCARLET;40:13.0;40:13.0;NULL
14692;15486;BLANCO ESTRELLE SEDA;40:13.0;40:13.0;NULL
14693;15487;NEGRO BRONCE MORADO;40:13.0;40:13.0;NULL
14694;15488;CHOCOLATE ICED METALIZADO;40:13.0;40:13.0;NULL
14695;15489;GRIS PIEDRA NEGRO NEBULOSA;40:13.0;40:13.0;NULL
14696;15490;AZUL OSCURO METAL;40:13.0;40:13.0;NULL
14697;15491;NEGRO GRIS CHAMPAÑA;40:13.0;40:13.0;NULL
14698;15492;ROJO FLAMA NEGRO;40:13.0;40:13.0;NULL
14699;15493;GRIS AMARILLO NEON;40:13.1;40:13.1;NULL
14700;15494;BLANCO - NEGRO MATE;40:13.1;40:13.1;NULL
14701;15495;ESTRATO PERLA DORADO ROJO AZUL;40:13.1;40:13.1;NULL
14702;15496;AZUL PASSION;40:13.1;40:13.1;NULL
14703;15497;ROJO MISTICO PERLADO;40:13.1;40:13.1;NULL
14704;15498;ROJO FRANJAS GRIS;40:13.1;40:13.1;NULL
14705;15499;METAL METALIZADO SATINADO;40:13.1;40:13.1;NULL
14706;15500;NEGRO MORADO Y VERDE;40:13.1;40:13.1;NULL
14707;15501;NEGRO AZUL PLATA;40:13.1;40:13.1;NULL
14708;15502;VIOLETA - NEGRO MATE;40:13.1;40:13.1;NULL
14709;15503;GRIS AZULOSO METAL;40:13.2;40:13.2;NULL
14710;15504;ROJO MORADO AZUL BEIGE VERDE BLANCO;40:13.2;40:13.2;NULL
14711;15505;ROJO LISBOA Y BLANCO;40:13.2;40:13.2;NULL
14712;15506;BEIGE CLARO METALIZADO NEGRO INTENSO;40:13.2;40:13.2;NULL
14713;15507;NARANJA  FLAMA;40:13.2;40:13.2;NULL
14714;15508;SILVER BLUE PLATEADO;40:13.2;40:13.2;NULL
14715;15509;GRIS CHATEAU METALICO;40:13.2;40:13.2;NULL
14716;15510;FUCSIA NEGRO GRIS;40:13.2;40:13.2;NULL
14717;15511;BLANCO ARCO BICAPA ROJO NEGRO;40:13.2;40:13.2;NULL
14718;15512;VERDE CREMA AMARILLO ROJO;40:13.2;40:13.2;NULL
14719;15513;ROJO CAYENA METALIZADO;40:13.2;40:13.2;NULL
14720;15514;VINOTINTO BLANCO PERLADO;40:13.2;40:13.2;NULL
14721;15515;BLANCO POLAR Y ROJO SEVILLA;40:13.2;40:13.2;NULL
14722;15516;PLATA SIRIUS METALICO NEGRO;40:13.2;40:13.2;NULL
14723;15517;PLATA Y NEGRO;40:13.2;40:13.2;NULL
14724;15518;VERDE AGUAMARINA METALIZADO Y NEGRO;40:13.2;40:13.2;NULL
14725;15519;AZUL OCEANO PINTURA METALIZADA;40:13.2;40:13.2;NULL
14726;15520;ROJO BORDEAUX NEGRO;40:13.3;40:13.3;NULL
14727;15521;BROCA ROJO;40:13.3;40:13.3;NULL
14728;15522;PLATA ALABESTER METALIZADO;40:13.3;40:13.3;NULL
14729;15523;VERDE AMARILLO METALICO;40:13.3;40:13.3;NULL
14730;15524;ARGENTO NURBURGRING;40:13.3;40:13.3;NULL
14731;15525;BLANCO CIRRO NEGRO;40:13.3;40:13.3;NULL
14732;15526;AMARILLO RAL 1003;40:13.3;40:13.3;NULL
14733;15527;AZUL GAVIRIA;40:13.3;40:13.3;NULL
14734;15528;AZUL ARA EFECTO CRISTAL;40:13.3;40:13.3;NULL
14735;15529;BEIGE CLARO METALIZADO Y NEGRO INTENSO;40:13.3;40:13.3;NULL
14736;15530;SAHARA RED;40:13.3;40:13.3;NULL
14737;15531;ROJO GRIS MATE;40:13.3;40:13.3;NULL
14738;15532;AZUL NEGRO NARANJA;40:13.3;40:13.3;NULL
14739;15533;PLATA URBAN METALIZADO;40:13.3;40:13.3;NULL
14740;15534;AZUL MISTERY METALIZADO;40:13.3;40:13.3;NULL
14741;15535;GRIS MAGNETITE METALLIC;40:13.4;40:13.4;NULL
14742;15536;GRIS MAGNUM MET;40:13.4;40:13.4;NULL
14743;15537;GRIS OSCURO AZULADO;40:13.4;40:13.4;NULL
14744;15538;AZUL SUPERIOR METALIZADO NEGRO;40:13.4;40:13.4;NULL
14745;15539;NEGRO CHAMPAÑA BLANCO AZUL;40:13.4;40:13.4;NULL
14746;15540;ORO SINU CON FRANJAS OCRE;40:13.4;40:13.4;NULL
14747;15541;ROJO VELVET MANDARINO GRIS NEGRO;40:13.4;40:13.4;NULL
14748;15542;BLANCO SAL Y PERLA;40:13.4;40:13.4;NULL
14749;15543;NEGRO TEMPESTAD;40:13.4;40:13.4;NULL
14750;15544;NEGRO PLOMO Y MATE;40:13.4;40:13.4;NULL
14751;15545;KESWICK GREEN;40:13.4;40:13.4;NULL
14752;15546;GRIS OCASO/NEGRO EBONY;40:13.4;40:13.4;NULL
14753;15547;BLANCO ROJO LILA GRIS;40:13.4;40:13.4;NULL
14754;15548;NEGRO VIVIDO;40:13.4;40:13.4;NULL
14755;15549;NEGRO AMARILLO NEON PLATEADO BLANCO;40:13.4;40:13.4;NULL
14756;15550;GRIS GALAPAGO Y ROJO;40:13.4;40:13.4;NULL
14757;15551;GRIS CINZA TRONCOSO;40:13.4;40:13.4;NULL
14758;15552;CHAMPAÑA METALIZADO NEGRO;40:13.5;40:13.5;NULL
14759;15553;GRIS RATON Y BLANCO;40:13.5;40:13.5;NULL
14760;15554;AZUL MISTIC METALIZADO;40:13.5;40:13.5;NULL
14761;15555;TITANIUM URBAN METALICO/YR578M;40:13.5;40:13.5;NULL
14762;15556;AZUL MONTREAL  METALICO Y NEGRO;40:13.5;40:13.5;NULL
14763;15557;BLANCO MARFIL METALIZADO-NEGRO;40:13.5;40:13.5;NULL
14764;15558;BLANCO SAL MATE;40:13.5;40:13.5;NULL
14765;15559;VERDE NEGRO Y BLANCO;40:13.5;40:13.5;NULL
14766;15560;BEIGE CARRARA METAL 2;40:13.5;40:13.5;NULL
14767;15561;BLANCO AMARILLO NEGRO VERDE;40:13.5;40:13.5;NULL
14768;15562;NEGRO SMOKING/UH;40:13.5;40:13.5;NULL
14769;15563;ROJO RIO METALIZADO;40:13.5;40:13.5;NULL
14770;15564;GRIS GRAFITO NEGRO NEBULOSA;40:13.5;40:13.5;NULL
14771;15565;ROJO ECLIPSE NEGRO NEBULOSA;40:13.5;40:13.5;NULL
14772;15566;ROJO DESIRE METALIZADO;40:13.5;40:13.5;NULL
14773;15567;MEDIO DE PLATA AZUL METALIZADO/WG;40:13.6;40:13.6;NULL
14774;15568;BEIGE CHAMPAÑA;40:13.6;40:13.6;NULL
14775;15569;NEGRA AZUL;40:13.6;40:13.6;NULL
14776;15570;ROSSO CORSA;40:13.6;40:13.6;NULL
14777;15571;TITANIUM BLACK;40:13.6;40:13.6;NULL
14778;15572;NARANJA CON BEIGE;40:13.6;40:13.6;NULL
14779;15573;VERDE KAHKI MATE;40:13.6;40:13.6;NULL
14780;15574;BLANCO POLAR Y NEGRO;40:13.6;40:13.6;NULL
14781;15575;MORADO CAMALEON;40:13.6;40:13.6;NULL
14782;15576;PLATA CLARO METALICO NEGRO;40:13.6;40:13.6;NULL
14783;15577;ROJO CRIMSON PEARL;40:13.6;40:13.6;NULL
14784;15578;PASTEL BLANCO BANQUISE  Y ROJO;40:13.6;40:13.6;NULL
14785;15579;PLATA ESCUNA Y VIOLETA;40:13.6;40:13.6;NULL
14786;15580;PLATA SEUNA Y VIOLETA;40:13.6;40:13.6;NULL
14787;15581;BLANCO TRICAPAS;40:13.6;40:13.6;NULL
14788;15582;PLATA CHAMPAN NEGRO;40:13.6;40:13.6;NULL
14789;15583;AMARILLO Y ALUMINIO;40:13.6;40:13.6;NULL
14790;15584;CARDINAL RED;40:13.7;40:13.7;NULL
14791;15585;GRIS PLATA CANDY;40:13.7;40:13.7;NULL
14792;15586;VERDE LAGUNA METALIZADO;40:13.7;40:13.7;NULL
14793;15587;BLANCO Y NEGRO MULTICOLOR;40:13.7;40:13.7;NULL
14794;15588;NEGRO SOLIDO GRIS;40:13.7;40:13.7;NULL
14795;15589;ORO TOLEDANO NARANJA AZUL;40:13.7;40:13.7;NULL
14796;15590;CAFE CAOBA METALIZADO;40:13.7;40:13.7;NULL
14797;15591;PLATA ESCUNA Y NEGRO;40:13.7;40:13.7;NULL
14798;15592;PLATA SEDOSA METALIZADO / Z25;40:13.7;40:13.7;NULL
14799;15593;NARANJA CALIFORNIA METALIZADO;40:13.7;40:13.7;NULL
14800;15594;NEGRO ROJO Y COBRE;40:13.7;40:13.7;NULL
14801;15595;MARRON METALIZADO NEGRO;40:13.7;40:13.7;NULL
14802;15596;AMARILLO CIRCUITO;40:13.7;40:13.7;NULL
14803;15597;VERDE ESCUADRON;40:13.7;40:13.7;NULL
14804;15598;AZUL ELECTRICO Y PLATA;40:13.7;40:13.7;NULL
14805;15599;OLIVA ORO Y NEGRO;40:13.8;40:13.8;NULL
14806;15600;GRIS INDUSTRIAL Y NEGRO MATE;40:13.8;40:13.8;NULL
14807;15601;NEGRO Y GRIS PERLADO;40:13.8;40:13.8;NULL
14808;15602;NEGRO ONYX METALIZADO;40:13.8;40:13.8;NULL
14809;15603;PLATA AMARILLO;40:13.8;40:13.8;NULL
14810;15604;BLANCO BIRDCAGE;40:13.8;40:13.8;NULL
14811;15605;GRIS MICA METALICO;40:13.8;40:13.8;NULL
14812;15606;ROJO MATE Y NEGRO;40:13.8;40:13.8;NULL
14813;15607;PERLA VENTISCA;40:13.8;40:13.8;NULL
14814;15608;AMARILLO Y BLANCO;40:13.8;40:13.8;NULL
14815;15609;AZUL BLANCO NEGRO Y GRIS;40:13.8;40:13.8;NULL
14816;15610;AZUL MICA Y GRIS METALICO;40:13.8;40:13.8;NULL
14817;15611;PLATA ESCUNA MORADO;40:13.8;40:13.8;NULL
14818;15612;VERDE PASTO;40:13.9;40:13.9;NULL
14819;15613;GRAFITO PERLA Y NEGRO;40:13.9;40:13.9;NULL
14820;15614;NEGRO MATE - BLANCO;40:13.9;40:13.9;NULL
14821;15615;NEGRO ROJO PLATA;40:13.9;40:13.9;NULL
14822;15616;BLANCO OLIMPICO Y VIOLETA PERLADO;40:13.9;40:13.9;NULL
14823;15617;AZUL LEYENDA DENIM;40:13.9;40:13.9;NULL
14824;15618;AZUL LEYENDA Y NEGRO;40:13.9;40:13.9;NULL
14825;15619;GRIS THUNDER METALIZADO PLATEADO;40:13.9;40:13.9;NULL
14826;15620;ROJO RADIANTE METALIZADO;40:13.9;40:13.9;NULL
14827;15621;ROJO PROFUNDO;40:13.9;40:13.9;NULL
14828;15622;ROJO ELECTRICID METALIZADA;40:13.9;40:13.9;NULL
14829;15623;BEIGE CARRARA METALIZADO Y NEGRO;40:13.9;40:13.9;NULL
14830;15624;BLANCO AZUL Y MORADO;40:13.9;40:13.9;NULL
14831;15625;AZUL T NEGRO;40:13.9;40:13.9;NULL
14832;15626;BLANCO/GRIS SELENITA;40:13.9;40:13.9;NULL
14833;15627;PLATA SUIZA;40:13.9;40:13.9;NULL
14834;15628;NEGRO VERDE PLATEADO;40:13.9;40:13.9;NULL
14835;15629;GRIS INDUSTRIAL;40:13.9;40:13.9;NULL
14836;15630;ROJO CEREZO;40:14.0;40:14.0;NULL
14837;15631;PINTURA METALIZADA;40:14.0;40:14.0;NULL
14838;15632;ANARANJADO/ AZUL/  BLANCO;40:14.0;40:14.0;NULL
14839;15633;CORNICHE II;40:14.0;40:14.0;NULL
14840;15634;BLANCO NACAR NEGRO;40:14.0;40:14.0;NULL
14841;15635;AMARILLA NEGRA GRIS;40:14.0;40:14.0;NULL
14842;15636;BRONCE SIENA;40:14.0;40:14.0;NULL
14843;15637;PLATEADO MOZTAZA;40:14.0;40:14.0;NULL
14844;15638;NARANJA MIEL METALIZADO;40:14.0;40:14.0;NULL
14845;15639;GRIS GALAPAGO GRIS NARANJA;40:14.0;40:14.0;NULL
14846;15640;CAFE HORIZONTE;40:14.0;40:14.0;NULL
14847;15641;GRIS AZUL VIOLACEO NEGRO BLANCO;40:14.0;40:14.0;NULL
14848;15642;VERDE CIFER;40:14.1;40:14.1;NULL
14849;15643;NARANJA CON AZUL TURQUESA;40:14.1;40:14.1;NULL
14850;15644;BLANCO ALPI;40:14.1;40:14.1;NULL
14851;15645;COLOR NEGRO MATE Y NARANJA;40:14.1;40:14.1;NULL
14852;15646;GRIS ESTARLO;40:14.1;40:14.1;NULL
14853;15647;AZUL HERALDICO;40:14.1;40:14.1;NULL
14854;15648;NEGRO PHANTON EFECTO PERLA;40:14.1;40:14.1;NULL
14855;15649;BLANCO GALAXIA Y VERDE COCKTAIL;40:14.1;40:14.1;NULL
14856;15650;NEGRO MATE Y NARANJA;40:14.2;40:14.2;NULL
14857;15651;BLANCO CONCORDE;40:14.2;40:14.2;NULL
14858;15652;ROJO HAUSSMANN;40:14.2;40:14.2;NULL
14859;15653;NARANJA VENDOME;40:14.2;40:14.2;NULL
14860;15654;MARRON BASTILLE;40:14.2;40:14.2;NULL
14861;15655;BLANCO TROCADERO;40:14.2;40:14.2;NULL
14862;15656;NEGRO RIVOLI;40:14.2;40:14.2;NULL
14863;15657;GRIS ORSAY;40:14.2;40:14.2;NULL
14864;15658;GRIS MONTMARTRE;40:14.2;40:14.2;NULL
14865;15659;ORANGE POWER NEGRO;40:14.2;40:14.2;NULL
14866;15660;NEGRO PERLADO ROJO;40:14.2;40:14.2;NULL
14867;15661;AZUL COBALTO NEGRO;40:14.2;40:14.2;NULL
14868;15662;BLANCO NATURAL;40:14.2;40:14.2;NULL
14869;15663;ORO DORADO;40:14.2;40:14.2;NULL
14870;15664;PLATA ABSOLUTO;40:14.3;40:14.3;NULL
14871;15665;NARANJA SUNSET;40:14.3;40:14.3;NULL
14872;15666;NEGRO NEBULOSA – GRIS GRAFITO;40:14.3;40:14.3;NULL
14873;15667;VINO RUBI;40:14.3;40:14.3;NULL
14874;15668;GRIS ESTELAR;40:14.3;40:14.3;NULL
14875;15669;PLATA ESTILIZADA;40:14.3;40:14.3;NULL
14876;15670;AZUL CELESTE, BEIGE;40:14.3;40:14.3;NULL
14877;15671;ROJO CEREZA Y GRIS;40:14.4;40:14.4;NULL
14878;15672;VERDE FRANJA CREMA;40:14.4;40:14.4;NULL
14879;15673;BLUE METALLIC;40:14.4;40:14.4;NULL
14880;15674;PLATA REFLEJO METÁLICO;40:14.4;40:14.4;NULL
14881;15675;ROJO FLASH Y NEGRO;40:14.4;40:14.4;NULL
14882;15676;AZUL Y NEGRO;40:14.4;40:14.4;NULL
14883;15677;NARANJA Y AZUL;40:14.4;40:14.4;NULL
14884;15678;AMARILLO FUGAZ NEGRO MATE;40:14.4;40:14.4;NULL
14885;15679;VIOLETA-NEGRO MATE;40:14.4;40:14.4;NULL
14886;15680;NEGRO 2 ROAD AMARILLO Y MORADO;40:14.4;40:14.4;NULL
14887;15681;BLANCO NARANJADO AZUL AMARILLO ROJO;40:14.4;40:14.4;NULL
14888;15682;GRIS ELEMENTAL;40:14.4;40:14.4;NULL
14889;15683;BEIGE SHARA METALICO;40:14.5;40:14.5;NULL
14890;15684;GRIS SILICIO METALICO;40:14.5;40:14.5;NULL
14891;15685;VERDE JUNIPERO METALICO;40:14.6;40:14.6;NULL
14892;15686;AZUL AGUAMARINA METALICO;40:14.6;40:14.6;NULL
14893;15687;CAFE TAMARINDO METALICO;40:14.6;40:14.6;NULL
14894;15688;ROJO MALBEC METALICO;40:14.6;40:14.6;NULL
14895;15689;PLATA ANTIMONIAL METALICO;40:14.6;40:14.6;NULL
14896;15690;AZUL LUZ DE LUNA PERLADO;40:14.6;40:14.6;NULL
14897;15691;AZUL ARRECIFE METALICO;40:14.7;40:14.7;NULL
14898;15692;SOVEREING BLUE;40:14.7;40:14.7;NULL
14899;15693;GRIS METALICO MATE;40:14.7;40:14.7;NULL
14900;15694;VERDE CRISTAL Y VERDE VIVAZ;40:14.7;40:14.7;NULL
14901;15695;CREMA AMARILLO ROJO NARANJA;40:14.7;40:14.7;NULL
14902;15696;AZUL OCEANO BICAPA;40:14.7;40:14.7;NULL
14903;15697;AZUL BOREAL METALIZADO;40:14.8;40:14.8;NULL
14904;15698;NARANJA OTOÑO METALIZADO;40:14.8;40:14.8;NULL
14905;15699;CAMALEON AEROGRAFICO;40:14.8;40:14.8;NULL
14906;15700;PLATA PREMIUM NEGRO;40:14.8;40:14.8;NULL
14907;15701;VERDE LIMON BICAPA;40:14.8;40:14.8;NULL
14908;15702;BLANCO NOBLE WHITE;40:14.8;40:14.8;NULL
14909;15703;AZUL SATIN PERFEC Y NEGRO;40:14.8;40:14.8;NULL
14910;15704;PLATA Y ROJO;40:14.8;40:14.8;NULL
14911;15705;VERDE TORNASOL PERLADO NEGRO;40:14.8;40:14.8;NULL
14912;15706;ROJO VIP Y GRIS;40:14.9;40:14.9;NULL
14913;15707;NARANJA AZUL ROJO BLANCO;40:14.9;40:14.9;NULL
14914;15708;ROJO LISBOA GRIS NEGRO;40:14.9;40:14.9;NULL
14915;15709;AZUL GRIS MATE;40:14.9;40:14.9;NULL
14916;15710;VERDE AZUL AMARILLO MORADO;40:14.9;40:14.9;NULL
14917;15711;SALMON ZANAHORIA;40:14.9;40:14.9;NULL
14918;15712;BLANCO GALAXIA MAGENTA;40:14.9;40:14.9;NULL
14919;15713;CREMA ROJO AZUL BLANCO;40:14.9;40:14.9;NULL
14920;15714;ROJO FUEGO ROJO OPORTO;40:14.9;40:14.9;NULL
14921;15715;ROJO SANGRE TORO Y NEGRO;43:48.6;43:48.6;NULL
14922;15716;NARANJA FLAMA;43:48.6;43:48.6;NULL
14923;15717;CORDOBAROT MET;43:48.6;43:48.6;NULL
14924;15718;VERDE POLICIA;43:48.6;43:48.6;NULL
14925;15719;ROJO VELVET Y GRIS OSCURO;43:48.6;43:48.6;NULL
14926;15720;NEGRO DIAMANTE Y BLANCO;43:48.6;43:48.6;NULL
14927;15721;AZUL SAJONIA M;43:48.6;43:48.6;NULL
14928;15722;NEGRO MATTE TITANIUM METALLIC;43:48.6;43:48.6;NULL
14929;15723;TITANIO SONICO;43:48.6;43:48.6;NULL
14930;15724;GRIS PIEDRA NEGRO MATE;43:48.6;43:48.6;NULL
14931;15725;VERDE OSCURO Y VERDE ESMERALDA;43:48.6;43:48.6;NULL
14932;15726;GRIS QUARZO MET.;43:48.6;43:48.6;NULL
14933;15727;ROJO DESIRE;43:48.6;43:48.6;NULL
14934;15728;NEGRO MIDNIGHT METALIZADO GRIS;43:48.7;43:48.7;NULL
14935;15729;PLATA URBAN METALIZADO NEGRO;43:48.7;43:48.7;NULL
14936;15730;NARANJA ECLIPSE GRIS;43:48.7;43:48.7;NULL
14937;15731;ROJO DESIRE GRIS;43:48.7;43:48.7;NULL
14938;15732;ROJO DESIRE NEGRO;43:48.7;43:48.7;NULL
14939;15733;BLANCO CANDY GRIS;43:48.7;43:48.7;NULL
14940;15734;AZUL MEDITERRANEO GRIS;43:48.7;43:48.7;NULL
14941;15735;NEGRO CAFÉ RACER;43:48.7;43:48.7;NULL
14942;15736;ROJO VINOTINTO METALIZADO;43:48.7;43:48.7;NULL
14943;15737;NEGRO CON LINEAS ROJAS;43:48.7;43:48.7;NULL
14944;15738;AZUL PERLA METALIZADO;43:48.7;43:48.7;NULL
14945;15739;NEGRO AMARILLO NARANJA;43:48.7;43:48.7;NULL
14946;15740;AZUL TURQUEZA NEGRO Y MARFIL;43:48.7;43:48.7;NULL
14947;15741;VERDE CYPRESS PERLADO;43:48.8;43:48.8;NULL
14948;15742;OLIVA METALIZADO;43:48.8;43:48.8;NULL
14949;15743;BONZE ABSINTHE;43:48.8;43:48.8;NULL
14950;15744;VINO TINTO Y BLANCO;43:48.8;43:48.8;NULL
14951;15745;ROJO CORINTIO;43:48.8;43:48.8;NULL
14952;15746;VERDE MARMOL METALIZADO Y NEGRO;43:48.8;43:48.8;NULL
14953;15747;ROJO CORINTO;43:48.8;43:48.8;NULL
14954;15748;PLATA SABLE Y NARANJA;43:48.8;43:48.8;NULL
14955;15749;AZUL GLACIAR;43:48.8;43:48.8;NULL
14956;15750;ROJO CORAL CON BLANCO SIRIO;43:48.8;43:48.8;NULL
14957;15751;GRIS XERUS METALIZADO NEGRO;43:48.8;43:48.8;NULL
14958;15752;DORADO MATE METALIZADO;43:48.8;43:48.8;NULL
14959;15753;FLHTKSE ANV/ CVO ULTRA LIMITED ANNIVERSARY;43:48.8;43:48.8;NULL
14960;15754;NASDAQ SILVER;43:48.9;43:48.9;NULL
14961;15755;MARFIL PLATEADO Y NEGRO;43:48.9;43:48.9;NULL
14962;15756;TIZA;43:48.9;43:48.9;NULL
14963;15757;GRIS METALICO, AMARILLO, AZUL Y ROJO;43:48.9;43:48.9;NULL
14964;15758;BRONZE ABSINTHE;43:48.9;43:48.9;NULL
14965;15759;BLANCO CON RAYA;43:48.9;43:48.9;NULL
14966;15760;AZUL CLARO Y GRIS OSCURO;43:48.9;43:48.9;NULL
14967;15761;BLACK DANK GOLD;43:48.9;43:48.9;NULL
14968;15762;AZUL NIAGARA Y NEGRO;43:48.9;43:48.9;NULL
14969;15763;ARENA SAHARA;43:48.9;43:48.9;NULL
14970;15764;BEIGE CHAMPAÑA NEGRO;43:48.9;43:48.9;NULL
14971;15765;ROJO CANAM;43:48.9;43:48.9;NULL
14972;15766;AZUL SEDON MICA;43:48.9;43:48.9;NULL
14973;15767;CAFE CHISPA CAFE OBSCURO;43:48.9;43:48.9;NULL
14974;15768;ROJO DINAMO NEGRO;43:48.9;43:48.9;NULL
14975;15769;NEGRO TORMENTA METALIZADO AMARILLO VINTEGE;43:48.9;43:48.9;NULL
14976;15770;NEGRO TORMENTA METALIZADO AMARILLO VINTAGE;43:49.0;43:49.0;NULL
14977;15771;AMARILLO CAMEL Y NEGRO;43:49.0;43:49.0;NULL
14978;15772;ARENA MATE METALICO;43:49.0;43:49.0;NULL
14979;15773;AZUL AGUA Y NEGRO;43:49.0;43:49.0;NULL
14980;15774;GRIS BLANCO FUCSIA;43:49.0;43:49.0;NULL
14981;15775;AZUL NORUEGA GRIS;43:49.0;43:49.0;NULL
14982;15776;BLANCO CON RAYA DORADA;43:49.0;43:49.0;NULL
14983;15777;NARANJA CANDY, PLATA Y NEGRO PERLADO;43:49.0;43:49.0;NULL
14984;15778;AZUL CLARO METAL;43:49.0;43:49.0;NULL
14985;15779;VERDE CLARO Y BLANCO;43:49.0;43:49.0;NULL
14986;15780;ROJO VOLCANICO;43:49.0;43:49.0;NULL
14987;15781;GRIS BRUMA NARANJA;43:49.0;43:49.0;NULL
14988;15782;BLANCO NATURAL NEGRO;43:49.0;43:49.0;NULL
14989;15783;ROJO VOLCANICO BLANCO;43:49.0;43:49.0;NULL
14990;15784;NEGRO INTENSO NARANJA;43:49.0;43:49.0;NULL
14991;15785;AZUL MEDITERRANEO NEGRO;43:49.0;43:49.0;NULL
14992;15786;AZUL HIERRO METALICO;43:49.0;43:49.0;NULL
14993;15787;AZUL NEGRO FIBRA DE CARBONO;43:49.1;43:49.1;NULL
14994;15788;AZUL CAMET;43:49.1;43:49.1;NULL
14995;15789;BLANCO CRISTAL DE ROCA METALIZADO;43:49.1;43:49.1;NULL
14996;15790;NEGRO MIDNIGHT METALIZADO, ROJO;43:49.1;43:49.1;NULL
14997;15791;AZUL CAMET NEGRO;43:49.1;43:49.1;NULL
14998;15792;BLANCO GRIS Y AZUL;43:49.1;43:49.1;NULL
14999;15793;VERDE JADES;43:49.1;43:49.1;NULL
15000;15794;ROJO PASION METALIZADO;43:49.1;43:49.1;NULL
15001;15795;ROJO BELBES;43:49.1;43:49.1;NULL
15002;15796;VERDE SUBLIME VERDE HELECHO;43:49.1;43:49.1;NULL
15003;15797;AMG GREEN HELL MAGNO;43:49.1;43:49.1;NULL
15004;15798;BLANCO ARCO BICAPAROSADO;43:49.1;43:49.1;NULL
15005;15799;NEGRO VERDE Y GRIS;43:49.2;43:49.2;NULL
15006;15800;ROJO BARROCO-PLATA ARIANNE;43:49.2;43:49.2;NULL
15007;15801;VERDE MANZANA Y MARFIL;43:49.2;43:49.2;NULL
15008;15802;AZUL,MEDIO METALIZADO WEDGEWOOD (LD);43:49.2;43:49.2;NULL
15009;15803;ROSSO 70 ANNI;43:49.2;43:49.2;NULL
15010;15804;GRIS SAMURAI METALIZADO;43:49.2;43:49.2;NULL
15011;15805;NARANJA VOLCÁNICO;43:49.2;43:49.2;NULL
15012;15806;GRIS NOCTURNO METALIZADO;43:49.2;43:49.2;NULL
15013;15807;AMARILLO ACIDO;43:49.2;43:49.2;NULL
15014;15808;AZUL INFINITO METALIZADO;43:49.2;43:49.2;NULL
15015;15809;NEGRO CANDY;43:49.3;43:49.3;NULL
15016;15810;AZUL PLANETA METALIZADO ALUMINIO;43:49.3;43:49.3;NULL
15017;15811;BLANCO AZUL ROJO VERDE Y AMARILLO;43:49.3;43:49.3;NULL
15018;15812;CAMUFLAJE;43:49.3;43:49.3;NULL
15019;15813;BLANCO ARTICO VERDE ALAMO;43:49.3;43:49.3;NULL
15020;15814;NEGRO CON LLAMAS ROJAS;43:49.3;43:49.3;NULL
15021;15815;BLANCO NARANJA MORADO;43:49.3;43:49.3;NULL
15022;15816;ROJO LUCIFER Y BEISH;43:49.3;43:49.3;NULL
15023;15817;AZUL LUZ DE LUNAMETALIZADO - GRIS;43:49.3;43:49.3;NULL
15024;15818;AMARILLO MALGRAT Y BEIGE;43:49.3;43:49.3;NULL
15025;15819;BLANCO BILA-NEGRO;43:49.3;43:49.3;NULL
15026;15821;VERDE EMERAUDE P PLATA LA GUARDIA M;43:49.3;43:49.3;NULL
15027;15822;NEGRO Y FJA ROJA;43:49.4;43:49.4;NULL
15028;15823;NARANJA Y NEGRO DENIM;43:49.4;43:49.4;NULL
15029;15824;AZUL VERDE AZULADO;43:49.4;43:49.4;NULL
15030;15825;NEGRO GRIS BLANCO;43:49.4;43:49.4;NULL
15031;15826;COLOR NARANJA INFIERNO NEGRO;43:49.4;43:49.4;NULL
15032;15827;VERDE SIBER;43:49.4;43:49.4;NULL
15033;15828;BLANCO GLACIAL Y NARANJA;43:49.4;43:49.4;NULL
15034;15829;ROJO CON FRANJAS NEGRAS;43:49.4;43:49.4;NULL
15035;15830;GRIS NARDO;43:49.4;43:49.4;NULL
15036;15831;BLANCO VINOTINTO PERLADO;43:49.4;43:49.4;NULL
15037;15832;NARANJA SUNSET NEGRO;43:49.4;43:49.4;NULL
15038;15833;ROJO NARANJA FRANJAS BLANCAS Y AMARILLA;43:49.4;43:49.4;NULL
15039;15834;NEGRO POLIESTER;43:49.4;43:49.4;NULL
15040;15835;NEGRO Y VERDE FLUORESCENTE;43:49.4;43:49.4;NULL
15041;15836;DUNA TERCIOPELO;43:49.4;43:49.4;NULL
15042;15837;PLATEADO LAGO;43:49.4;43:49.4;NULL
15043;15838;GRIS MONZON METALIZADO GRIS;43:49.4;43:49.4;NULL
15044;15839;NARANJA INFIERNO NEGRO;43:49.4;43:49.4;NULL
15045;15840;NEGRO BEIGE DUNA ALUMINIO;43:49.5;43:49.5;NULL
15046;15841;NEGRO MATE - GRIS;43:49.5;43:49.5;NULL
15047;15842;BRUN PALOMINO M;43:49.5;43:49.5;NULL
15048;15843;NARANJA CROMO Y ALUMINIO CROMO;43:49.5;43:49.5;NULL
15049;15844;NARANJA CANDY Y NEGRO;43:49.5;43:49.5;NULL
15050;15845;STEELAZUL METALIZADO;43:49.5;43:49.5;NULL
15051;15846;AMARILLA;43:49.5;43:49.5;NULL
15052;15847;AZUL LUZ DE LUNA METALIZADO GRIS;43:49.5;43:49.5;NULL
15053;15848;AZUL HORIZON PEARL;43:49.5;43:49.5;NULL
15054;15849;VERDE JASPER METALLIC;43:49.5;43:49.5;NULL
15055;15850;VERDE GRIS METALIZADO NEGRO;43:49.5;43:49.5;NULL
15056;15851;ROJO DIAMANTE Y NEGRO;43:49.5;43:49.5;NULL
15057;15852;VINOTINTO DORADO PLATEADO;43:49.5;43:49.5;NULL
15058;15853;PLATA ARIANNE NEGRO;43:49.5;43:49.5;NULL
15059;15854;VINO TINTO BICAPA / PINTURA METALIZADA;43:49.6;43:49.6;NULL
15060;15855;AZUL AMAZON;43:49.6;43:49.6;NULL
15061;15856;PLATA ICEBERG METALIZADO;43:49.6;43:49.6;NULL
15062;15857;NEGRO CON VISOS GRISES;43:49.6;43:49.6;NULL
15063;15858;GRIS HOUSE;43:49.6;43:49.6;NULL
15064;15859;GRIS ELECTROCLASH;43:49.6;43:49.6;NULL
15065;15860;GRIS ROJO VIPER;43:49.6;43:49.6;NULL
15066;15861;INGOT SILVER METALLIC BLACK;43:49.6;43:49.6;NULL
15067;15862;GIRS NEGRO NARANJA;43:49.6;43:49.6;NULL
15068;15863;NARANJA AZUL PLATEADO;43:49.6;43:49.6;NULL
15069;15864;BLANCO VERDE FLUORESCENTE;43:49.6;43:49.6;NULL
15070;15865;ONYX GRIS METALICO;43:49.6;43:49.6;NULL
15071;15866;GRIS NEGRO NARANJA;43:49.6;43:49.6;NULL
15072;15867;AZUL LILA PLATEADO;43:49.7;43:49.7;NULL
15073;15868;PLATA SEDA METALICO - GRIS;43:49.7;43:49.7;NULL
15074;15869;BEIGE DORADO METALIZADO;43:49.7;43:49.7;NULL
15075;15870;VERDE VERDE AZULADO;43:49.7;43:49.7;NULL
15076;15871;BLANCO LUNA NEGRO NARANJA;43:49.7;43:49.7;NULL
15077;15872;NEGRO VERDE NEON;43:49.7;43:49.7;NULL
15078;15873;HIPERMETALICO Y NEGRO;43:49.7;43:49.7;NULL
15079;15874;GRIS PLATA SOPRANO METALIZADO A19;43:49.7;43:49.7;NULL
15080;15875;ROJO PERLECENTE NEGRO Y BLANCO;43:49.7;43:49.7;NULL
15081;15876;BEIGE SAHARA METALIZADO;43:49.7;43:49.7;NULL
15082;15877;GRIS MANHATTAN METALIZADO NEGRO;43:49.7;43:49.7;NULL
15083;15878;AMARILLO – ROJO METALIZADO;43:49.7;43:49.7;NULL
15084;15879;BLANCO DE SEVRES VINOTINTO;43:49.7;43:49.7;NULL
15085;15880;BLANCO ARCO BICAPA Y AZUL AGUAMARINA;43:49.7;43:49.7;NULL
15086;15881;VERDE ANDINA;43:49.7;43:49.7;NULL
15087;15882;MOJAVE SILVER METALLIC;43:49.8;43:49.8;NULL
15088;15883;BLANCO AMARILLO Y LILA;43:49.8;43:49.8;NULL
15089;15884;AMBAR Y NEGRO;43:49.8;43:49.8;NULL
15090;15885;AZUL TROPICAL ROJO;43:49.8;43:49.8;NULL
15091;15886;AZUL MATE PERLADO;43:49.8;43:49.8;NULL
15092;15887;AZUL CARNEY;43:49.8;43:49.8;NULL
15093;15888;GRIS GRANITO Y NEGRO;43:49.8;43:49.8;NULL
15094;15889;NEGRO VERDE MILITAR;43:49.8;43:49.8;NULL
15095;15890;AMARILLO Y GRIS METALIZADO;43:49.8;43:49.8;NULL
15096;15891;GRIS ACERO PERLESCENTE;43:49.8;43:49.8;NULL
15097;15892;PLATA PITTSBURGH;43:49.8;43:49.8;NULL
15098;15893;SUPER BLANCO NEGRO;43:49.9;43:49.9;NULL
15099;15894;AZUL CORCEGA – NEGRO MATE;43:49.9;43:49.9;NULL
15100;15895;CHAMPAN METALICO;43:49.9;43:49.9;NULL
15101;15896;BLANCO GLACIAL AZUL AMARILLO;43:49.9;43:49.9;NULL
15102;15897;ROJO MARTE/NEGRO EBANO;43:49.9;43:49.9;NULL
15103;15898;AZUL BISCAYA METALIZADO;43:49.9;43:49.9;NULL
15104;15899;TURQUESA METALIZADO;43:49.9;43:49.9;NULL
15105;15900;GRIS HIERRO;43:49.9;43:49.9;NULL
15106;15901;ROJO PULSO;43:49.9;43:49.9;NULL
15107;15902;AZUL MARINA;43:49.9;43:49.9;NULL
15108;15903;VIOLETA AZUL AMARILLO VERDE;43:49.9;43:49.9;NULL
15109;15904;BLANCO TERRACOTA Y GRIS;43:49.9;43:49.9;NULL
15110;15905;ROJO MELBOURNE METALIZADO Y NEGRO;43:49.9;43:49.9;NULL
15111;15906;AZUL TRUE METALIZADO NEGRO BLANCO;43:49.9;43:49.9;NULL
15112;15907;BLANCO LUNA AMARILLO Y NEGRO;43:49.9;43:49.9;NULL
15113;15908;BLANCO LUNA BLANCO ROJO NEGRO AZUL;43:50.0;43:50.0;NULL
15114;15909;AMARILLA Y VERDE;43:50.0;43:50.0;NULL
15115;15910;AZUL NEGRO ROJO BLANCO;43:50.0;43:50.0;NULL
15116;15911;BEIGE MARRON GRIS;43:50.0;43:50.0;NULL
15117;15912;NARANJA MIEL;43:50.0;43:50.0;NULL
15118;15913;GRIS Y NEGRO;43:50.0;43:50.0;NULL
15119;15914;AZUL CASCADA MET;43:50.0;43:50.0;NULL
15120;15915;AZUL PACIFICO METALIZADO;43:50.0;43:50.0;NULL
15121;15916;TORNASOL METALIZADO AZUL GRIS;43:50.0;43:50.0;NULL
15122;15917;BLANCO ROJO NEGRO AZUL;43:50.0;43:50.0;NULL
15123;15918;GRIS PLATINO Y NEGRO;43:50.0;43:50.0;NULL
15124;15919;BRONCE MAGNÉTICO;43:50.0;43:50.0;NULL
15125;15920;GRIS ARGENTO;43:50.0;43:50.0;NULL
15126;15921;BLANCO GLORY;43:50.0;43:50.0;NULL
15127;15922;ROJO PASSIONE;43:50.1;43:50.1;NULL
15128;15923;AZUL VENECIA;43:50.1;43:50.1;NULL
15129;15924;NEGRO CINEMA;43:50.1;43:50.1;NULL
15130;15925;AMARILLO GAMUZA;43:50.1;43:50.1;NULL
15131;15926;PEARL NEBULAR BLACK;43:50.1;43:50.1;NULL
15132;15927;GRIS CAQU;43:50.1;43:50.1;NULL
15133;15928;NEGRO Y ROJO;43:50.1;43:50.1;NULL
15134;15929;APRICOT DURAZNO METAL;43:50.1;43:50.1;NULL
15135;15930;CAFÉ ROBLE METALIZADO;43:50.1;43:50.1;NULL
15136;15931;AZUL OCEANO Y NEGRO;43:50.1;43:50.1;NULL
15137;15932;NEGRO Y GRIS;43:50.1;43:50.1;NULL
15138;15933;VINO TINTO Y CAPOTA BLANCA;43:50.2;43:50.2;NULL
15139;15934;BIANCO AVUS;43:50.2;43:50.2;NULL
15140;15935;VERDE SEQUIA Y BLANCO;43:50.2;43:50.2;NULL
15141;15936;LAVA RED;43:50.2;43:50.2;NULL
15142;15937;AZUL ACERO Y NEGRO;43:50.2;43:50.2;NULL
15143;15938;GRIS ALIMINIO NEGRO;43:50.2;43:50.2;NULL
15144;15939;GRIS TECNO PLATA Y ROJO;43:50.2;43:50.2;NULL
15145;15940;PLATA METALICO AZUL DANES;43:50.2;43:50.2;NULL
15146;15941;ROJO MARTE/BLANCO HAMILTO;43:50.2;43:50.2;NULL
15147;15942;AZUL SANTIAGO/BLANCO HAMILTON;43:50.2;43:50.2;NULL
15148;15943;BLANCO GLACIAL (V) AZUL ROJO;43:50.2;43:50.2;NULL
15149;15944;ROJO CATALUÑA METALIZADO;43:50.2;43:50.2;NULL
15150;15945;BLANCO GLACIAL AZUL ROJO;43:50.3;43:50.3;NULL
15151;15946;ROJO BOURDEAUX Y PLATEADO;43:50.3;43:50.3;NULL
15152;15947;GRIS BRETAÑA Y AZUL;43:50.3;43:50.3;NULL
15153;15948;BLANCO PERLADO Y NARANJA PERLADO;43:50.3;43:50.3;NULL
15154;15949;ROJO ECLIPSE DORADO;43:50.3;43:50.3;NULL
15155;15950;BLANCO TRICAPA Y NEGRO;43:50.3;43:50.3;NULL
15156;15951;ZAPOTE Y GRIS;43:50.3;43:50.3;NULL
15157;15952;ROJO PLASMA;43:50.3;43:50.3;NULL
15158;15953;AZUL SEYCHELLES;43:50.3;43:50.3;NULL
15159;15954;ROJO VOLCÁNICO NEGRO;43:50.3;43:50.3;NULL
15160;15955;GRIS BRUMA BLANCO;43:50.3;43:50.3;NULL
15161;15956;AZUL NEGRO MATE;43:50.3;43:50.3;NULL
15162;15957;NEGRO MATE AZUL;43:50.3;43:50.3;NULL
15163;15958;CAFÉ MAPLE;43:50.3;43:50.3;NULL
15164;15959;CHAMPAN PERLADO;43:50.4;43:50.4;NULL
15165;15960;VERDE MENTA NEGRO;43:50.4;43:50.4;NULL
15166;15961;NEGRO OBSIDIA METALIZADO;43:50.4;43:50.4;NULL
15167;15962;GRIS PIRINEOS NEGRO;43:50.4;43:50.4;NULL
15168;15963;AZUL UNIVERSO Y MORADO;43:50.4;43:50.4;NULL
15169;15964;AZUL SCUBA PLATA FLORETE;43:50.4;43:50.4;NULL
15170;15965;ROJO ALMA METALIZADO;43:50.4;43:50.4;NULL
15171;15966;BLANCO Y VERDE DEGRADEE;43:50.4;43:50.4;NULL
15172;15967;VERDE CLARO Y VERDE OSCURO;43:50.4;43:50.4;NULL
15173;15968;ROLAND SANDS;43:50.4;43:50.4;NULL
15174;15969;ROJO SEDA METALICO;43:50.5;43:50.5;NULL
15175;15970;PLATA AZUL BLANCO ROJO VERDE AMARILLO;43:50.5;43:50.5;NULL
15176;15971;ROJO PLATEADO Y BEIGE;43:50.5;43:50.5;NULL
15177;15972;BEIGE CHAMPAYNE - NEGRO- ROJO- BLANCO;43:50.5;43:50.5;NULL
15178;15973;NEGRO VERDE OSCURO;43:50.5;43:50.5;NULL
15179;15974;AZUL UNIVERSO CON DORADO GOLD;43:50.5;43:50.5;NULL
15180;15975;PLATA ALASKA;43:50.5;43:50.5;NULL
15181;15976;VERDE GRIS MORADO;43:50.5;43:50.5;NULL
15182;15977;GRIS PIRINEOS NARANJA METALIZADO;43:50.5;43:50.5;NULL
15183;15978;HIPER PLATEADO;43:50.5;43:50.5;NULL
15184;15979;VERDE BICOLOR ROJO;43:50.5;43:50.5;NULL
15185;15980;ROSADO PERLA Y GRIS;43:50.5;43:50.5;NULL
15186;15981;ROJO SPORT NEGRO;43:50.5;43:50.5;NULL
15187;15982;GRIS DENIM Y NEGRO DENIM;43:50.5;43:50.5;NULL
15188;15983;AZUL UNIQUE METALICO;43:50.5;43:50.5;NULL
15189;15984;NEGRO MITO;43:50.5;43:50.5;NULL
15190;15985;NARANJA PREMIUM;43:50.6;43:50.6;NULL
15191;15986;HEMI SUNBURST ORANGE;43:50.6;43:50.6;NULL
15192;15987;AMARILLA Y NEGRA;43:50.6;43:50.6;NULL
15193;15988;PLATA NIEBLA METALIZADO;43:50.6;43:50.6;NULL
15194;15989;FUCSIA PERLADO NEGRO;43:50.6;43:50.6;NULL
15195;15990;BLANCO GALAXIA - VERDE ESMERALDA;43:50.6;43:50.6;NULL
15196;15991;PLATA SATINADO Y NEGRO;43:50.6;43:50.6;NULL
15197;15992;NARANJA DRAGON METALIZADO;43:50.6;43:50.6;NULL
15198;15993;AZUL GALAXIA METALIZADO;43:50.6;43:50.6;NULL
15199;15994;GRIS MERCURIO METALIZADO;43:50.6;43:50.6;NULL
15200;15995;BLANCO CERAMICA NEGRO;43:50.6;43:50.6;NULL
15201;15996;AZUL PERLADO COSTA;43:50.6;43:50.6;NULL
15202;15997;AZUL ESMERALDA BLANCO;43:50.6;43:50.6;NULL
15203;15998;ROJO CHERRY NEGRO;43:50.6;43:50.6;NULL
15204;15999;MOCCA METALIZADO;43:50.6;43:50.6;NULL
15205;16000;GRIS Y AZUL CELESTE;43:50.6;43:50.6;NULL
15206;16001;AZUL PRUSI;43:50.6;43:50.6;NULL
15207;16002;GRIS MATE ROJO;43:50.6;43:50.6;NULL
15208;16003;ROJO CON NEGRO;43:50.7;43:50.7;NULL
15209;16004;ROJO RED ROCK;43:50.7;43:50.7;NULL
15210;16005;ROJO Y ROJO CEREZA;43:50.7;43:50.7;NULL
15211;16006;ROJO VOLCANICO ARENA;43:50.7;43:50.7;NULL
15212;16007;NEGRO INTENSO ARENA;43:50.7;43:50.7;NULL
15213;16008;BLANCO NATURAL ARENA;43:50.7;43:50.7;NULL
15214;16009;ROJO ROYAL Y ROJO PUNZO;43:50.7;43:50.7;NULL
15215;16010;NEGRO BLANCO PERLADO;43:50.7;43:50.7;NULL
15216;16011;AZUL Y CREMA;43:50.7;43:50.7;NULL
15217;16012;VERDE OXFORD METALICO;43:50.7;43:50.7;NULL
15218;16013;NARANJA ECLIPSE;43:50.7;43:50.7;NULL
15219;16014;GRIS NIEBLA ROJO;43:50.7;43:50.7;NULL
15220;16015;AZUL ABYSS PEARL;43:50.7;43:50.7;NULL
15221;16016;DORADO METALIZADO Y NEGRO;43:50.8;43:50.8;NULL
15222;16017;ZAPOTE Y VERDE;43:50.8;43:50.8;NULL
15223;16018;AZUL REFLEJO PERLA METALIZADO;43:50.8;43:50.8;NULL
15224;16019;GRIS NEGRO METALIZADO;43:50.8;43:50.8;NULL
15225;16020;VIOLETA PIZARRA METALIZADO;43:50.8;43:50.8;NULL
15226;16021;VOLCANO GREY;43:50.8;43:50.8;NULL
15227;16022;TITANIUM OPACO;43:50.8;43:50.8;NULL
15228;16023;YELLOW;43:50.8;43:50.8;NULL
15229;16024;GLOSSY BLACK;43:50.8;43:50.8;NULL
15230;16025;STAR WHITE SILK;43:50.8;43:50.8;NULL
15231;16026;SAND;43:50.8;43:50.8;NULL
15232;16027;ICEBERG WHITE;43:50.8;43:50.8;NULL
15233;16028;AZUL TRES TONOS Y GRIS;43:50.9;43:50.9;NULL
15234;16029;PLATA CLARO METALIZADO;43:50.9;43:50.9;NULL
15235;16030;NARANJA LAVA Y NEGRO;43:50.9;43:50.9;NULL
15236;16031;DORADO ROJO PLATA;43:50.9;43:50.9;NULL
15237;16032;MALBEC;43:50.9;43:50.9;NULL
15238;16033;PLATA AHUMADA NEGRO;43:50.9;43:50.9;NULL
15239;16034;BLANCO PERLADO Y AZUL;43:50.9;43:50.9;NULL
15240;16035;GOLD AMBER EFFECT;43:50.9;43:50.9;NULL
15241;16036;WILLOW METALLIC;43:50.9;43:50.9;NULL
15242;16037;NEGRO PERLADO Y BLANCO;43:50.9;43:50.9;NULL
15243;16038;NARANJA VIBRANTE;43:50.9;43:50.9;NULL
15244;16039;VERDE MINGUERRA;43:50.9;43:50.9;NULL
15245;16040;ROJO FUEGO Y NEGRO;43:50.9;43:50.9;NULL
15246;16041;NEGRO AGATA;43:50.9;43:50.9;NULL
15247;16042;BLANCA CHAMPAÑA METALIZADO;43:51.0;43:51.0;NULL
15248;16043;EFECTO ORO AZTECA;43:51.0;43:51.0;NULL
15249;16044;BLANCA PLATEADO METALIZADO;43:51.0;43:51.0;NULL
15250;16045;GRIS METALICO OSCURO;43:51.0;43:51.0;NULL
15251;16046;AZUL LEYENDA BRILLANTE;43:51.0;43:51.0;NULL
15252;16047;ROJO VIBRANTE;43:51.0;43:51.0;NULL
15253;16048;NEGRO VIOLETA Y DORADO;43:51.0;43:51.0;NULL
15254;16049;BLANCO PERLADO Y ROJO;43:51.0;43:51.0;NULL
15255;16050;BLANCO PERLA VENTISCA;43:51.0;43:51.0;NULL
15256;16051;ARABICA METALIZADO;43:51.0;43:51.0;NULL
15257;16052;AZUL CERULEO;43:51.0;43:51.0;NULL
15258;16053;BLANCO CON FRANJAS VERDE Y AZUL;43:51.0;43:51.0;NULL
15259;16054;CHAMPAÑA Y PLATEADO METALICO;43:51.0;43:51.0;NULL
15260;16055;GRIS GRAFITO BLANCO;43:51.0;43:51.0;NULL
15261;16056;AZUL COSMO;43:51.0;43:51.0;NULL
15262;16057;BEIGE Y NEGRO;43:51.1;43:51.1;NULL
15263;16058;NEGRO METALIZADO PLATA;43:51.1;43:51.1;NULL
15264;16059;AZUL CON BLANCO;43:51.1;43:51.1;NULL
15265;16060;BLANCO GLACIAL (V) NEGRO;43:51.1;43:51.1;NULL
15266;16061;AZUL FORD PERFORMANCE;43:51.1;43:51.1;NULL
15267;16062;VERDE Y CAMELL;43:51.1;43:51.1;NULL
15268;16063;GRIS, AZUL, ROJO Y BLANCO;43:51.1;43:51.1;NULL
15269;16064;PLATA METALIZADO ALABASTER;43:51.1;43:51.1;NULL
15270;16065;ROJO CACEROLA;43:51.1;43:51.1;NULL
15271;16066;BEIGE CARRARA Y AZUL ALBORADA;43:51.1;43:51.1;NULL
15272;16067;TP TROPIC GREEN;43:51.1;43:51.1;NULL
15273;16068;VERDE PURO;43:51.1;43:51.1;NULL
15274;16069;GRIS MANHATTAN METALIZADO ROJO;43:51.2;43:51.2;NULL
15275;16070;ROJO GRANATE BRILLANTE METALICO;43:51.2;43:51.2;NULL
15276;16071;NEGRO Y CHAMPAÑA METALIZADO;43:51.2;43:51.2;NULL
15277;16072;GRIS MANHATTAN METALIZADO - ROJO;43:51.2;43:51.2;NULL
15278;16073;CAMALEÓN VERDE PÚRPURA;43:51.2;43:51.2;NULL
15279;16074;VERDE, BLANCO FJAS ROJAS Y AZUL;43:51.2;43:51.2;NULL
15280;16075;BLANCO HIELO PERLADO, NARANJA;43:51.2;43:51.2;NULL
15281;16076;ROJO NOCHE;43:51.2;43:51.2;NULL
15282;16077;NARANJA ECLIPSE NEGRO;43:51.2;43:51.2;NULL
15283;16078;CAMALEÓN PÚRPURA VERDE;43:51.3;43:51.3;NULL
15284;16079;GRIS GRAFITO NEGRO ROJO;43:51.3;43:51.3;NULL
15285;16080;DORADO Y NARANJA;43:51.3;43:51.3;NULL
15286;16081;VERDE POLICROMADO Y MARFIL;43:51.3;43:51.3;NULL
15287;16082;ROJO FERRARI CLARO, NEGRO Y BLANCO;43:51.3;43:51.3;NULL
15288;16083;ROJO BORDEAUX Y PLATEADO;43:51.3;43:51.3;NULL
15289;16084;GRIS ACERO NEGRO;43:51.4;43:51.4;NULL
15290;16085;PLATA Y AZUL EFECTO INDIGO;43:51.4;43:51.4;NULL
15291;16086;ROJO CAN AM;43:51.4;43:51.4;NULL
15292;16087;AMARILLO ACRE;43:51.4;43:51.4;NULL
15293;16088;ASTRAL SILVER METALICO;43:51.4;43:51.4;NULL
15294;16089;PLATA SEDA NEGRO;43:51.4;43:51.4;NULL
15295;16090;NEGRO R;43:51.4;43:51.4;NULL
15296;16091;BEIGE SAHARA Y NEGRO;43:51.5;43:51.5;NULL
15297;16092;NARANJA Y GRANATE;43:51.5;43:51.5;NULL
15298;16093;BLANCO NEGRO AZUL CROMADO;43:51.5;43:51.5;NULL
15299;16094;BLANCO VERDE AZUL AMARILLO ROJO;43:51.5;43:51.5;NULL
15300;16095;ROJO CARAMELO Y BLANCO;43:51.5;43:51.5;NULL
15301;16096;ATOMIC TANGERINE;43:51.5;43:51.5;NULL
15302;16097;SHINING BLACK/YELLOW;43:51.5;43:51.5;NULL
15303;16098;WHITE MIRAGE;43:51.5;43:51.5;NULL
15304;16099;PIKES PEAK;43:51.5;43:51.5;NULL
15305;16100;DIAMOND BLACK;43:51.5;43:51.5;NULL
15306;16101;LIQUID CONCRETE GREY;43:51.5;43:51.5;NULL
15307;16102;LIQUID CONCRETE GREY MATT;43:51.5;43:51.5;NULL
15308;16103;CORSE;43:51.5;43:51.5;NULL
15309;16104;LIQUID CONCRETE GREY LUCIDO;43:51.6;43:51.6;NULL
15310;16105;DARK STEALTH;43:51.6;43:51.6;NULL
15311;16106;METALIZADA GRIS GRAFITO;43:51.6;43:51.6;NULL
15312;16107;PLATA Y CAFÉ;43:51.6;43:51.6;NULL
15313;16108;NARANJA SUPERNOVA Y NEGRO;43:51.6;43:51.6;NULL
15314;16109;BLANCO ARTICO Y GRIS CENIZA;43:51.6;43:51.6;NULL
15315;16110;AMARILLO GOLD CANDY;43:51.6;43:51.6;NULL
15316;16111;GRIS MAGNETICO NEGRO;43:51.6;43:51.6;NULL
15317;16112;SILVER ICE MATTE;43:51.6;43:51.6;NULL
15318;16113;NEGRO ROJO NEON;43:51.6;43:51.6;NULL
15319;16114;TITANIUM SILVER Y NEGRO;43:51.6;43:51.6;NULL
15320;16115;BLANCO NARANJA ROJO VERDE AZUL;43:51.6;43:51.6;NULL
15321;16116;NEGRO GRIS AZUL;43:51.6;43:51.6;NULL
15322;16117;ORO AZTECA GRIS PLATA;43:51.6;43:51.6;NULL
15323;16118;ROJO VELVET-PLATEADO;43:51.6;43:51.6;NULL
15324;16119;CREMA NARANJA, FJA AZUL;43:51.6;43:51.6;NULL
15325;16120;BLANCO LUNA METALIZADO Y ROJO;43:51.6;43:51.6;NULL
15326;16121;VERDE SONOMA METALIZADO;43:51.6;43:51.6;NULL
15327;16122;ROJO ELIXIR;43:51.6;43:51.6;NULL
15328;16123;GRIGIO ALLOY;43:51.7;43:51.7;NULL
15329;16124;BLANCO CRISTAL Y NEGRO;43:51.7;43:51.7;NULL
15330;16125;GRIS PLATINUM METALIZADO;43:51.7;43:51.7;NULL
15331;16126;ANTILOPE LIGERO METALIZADO/ BEIGE;43:51.7;43:51.7;NULL
15332;16127;GRIS ANAL;43:51.7;43:51.7;NULL
15333;16128;OCEAN GREY;43:51.7;43:51.7;NULL
15334;16129;AZUL NOBILE;43:51.7;43:51.7;NULL
15335;16130;GRIS, PLATEADO Y FRANJA AZUL;43:51.7;43:51.7;NULL
15336;16131;VERDE Y AMARILLO;43:51.7;43:51.7;NULL
15337;16132;PLATA METALIZADO/3D;43:51.7;43:51.7;NULL
15338;16133;PLATA ESTILIZADA NEGRO;43:51.7;43:51.7;NULL
15339;16134;NEGRO Y PLATA;43:51.7;43:51.7;NULL
15340;16135;GRIS MICA NEGRO;43:51.7;43:51.7;NULL
15341;16136;ROJO CORDOBA METALIZADA;43:51.7;43:51.7;NULL
15342;16137;MARFIL HINDU FLANJAS AZULES;43:51.7;43:51.7;NULL
15343;16138;VIOLETA METALIZADO PURPURA METALIZADO VIOLETA OSCURO METALIZADO;43:51.7;43:51.7;NULL
15344;16139;NEGRO Y DORADO PERLADO;43:51.7;43:51.7;NULL
15345;16140;VERDE METAL;43:51.7;43:51.7;NULL
15346;16141;AZUL ÑAGRA;43:51.7;43:51.7;NULL
15347;16142;AZUL ANTRAHANCITA;43:51.7;43:51.7;NULL
15348;16143;NARANJA,OCRE, BLANCO MARFIL;43:51.8;43:51.8;NULL
15349;16144;GRIS PERLA Y BLANCO;43:51.8;43:51.8;NULL
15350;16145;NEGRO DIAMANTE VERDE NEON Y AMARILLO;43:51.8;43:51.8;NULL
15351;16146;AZUL LEGENDRE METALIZADO;43:51.8;43:51.8;NULL
15352;16147;GRIS ACERO METALIZADO;43:51.8;43:51.8;NULL
15353;16148;ROJO CARMIN Y NEGRO;43:51.8;43:51.8;NULL
15354;16149;MANDARINA Y GRIS;43:51.8;43:51.8;NULL
15355;16150;NEGRO DIAMANTE, VERDE NEON Y AMARILLO;43:51.8;43:51.8;NULL
15356;16151;BLANCO NEGRO VINO TINTO;43:51.8;43:51.8;NULL
15357;16152;GRIS CORRIS;43:51.8;43:51.8;NULL
15358;16153;AZUL TORMENTA Y BLANCO;43:51.8;43:51.8;NULL
15359;16154;ROJO RUBI/GRIS PLOMO METALIZ;43:51.8;43:51.8;NULL
15360;16155;VERDE ASTORIA METALIZADO;43:51.8;43:51.8;NULL
15361;16156;JADE CLARO CON JADE OSCURO METALICO;43:51.8;43:51.8;NULL
15362;16157;BLANCO GLACIAL AMARILLO Y AZUL;43:51.9;43:51.9;NULL
15363;16158;AMARILLO CATERPILLAR NEGRO;43:51.9;43:51.9;NULL
15364;16159;AZUL AZURE Y GRIS;43:51.9;43:51.9;NULL
15365;16160;ROJO DIAMANTE PERLADO Y GRIS OSCURO PERLADO;43:51.9;43:51.9;NULL
15366;16161;BEIGE CHAMPAGNA Y NEGRO;43:51.9;43:51.9;NULL
15367;16162;GRIS MATE AZUL;43:51.9;43:51.9;NULL
15368;16163;EVOG METALIZADO;43:51.9;43:51.9;NULL
15369;16164;MARRON CINNAMON PEARL;43:51.9;43:51.9;NULL
15370;16165;TURQUEZA Y NEGRO;43:51.9;43:51.9;NULL
15371;16166;PURPURA VERDE Y  PLATA METALICO;43:51.9;43:51.9;NULL
15372;16167;AZUL MARINO Y VERDE;43:51.9;43:51.9;NULL
15373;16168;BLANCO PERLECENTE;43:51.9;43:51.9;NULL
15374;16169;GRIS METALIZADO GRIS OSCURO ROJO;43:51.9;43:51.9;NULL
15375;16170;AZUL NORUEGA TURQUESA;43:51.9;43:51.9;NULL
15376;16171;NEGRO CAMALEON - VERDE FLUORESCENTE;43:51.9;43:51.9;NULL
15377;16172;NEGRO MORADO - AZUL;43:51.9;43:51.9;NULL
15378;16173;CIAN METÁLICO;43:51.9;43:51.9;NULL
15379;16174;FUCSIA Y NEGRO NACARADO;43:51.9;43:51.9;NULL
15380;16175;GRIS TITANEO;43:52.0;43:52.0;NULL
15381;16176;NEGRO CAMALEON VERDE NEON;43:52.0;43:52.0;NULL
15382;16177;: PLATEADO MEDIANOCHE METALICO;43:52.0;43:52.0;NULL
15383;16178;PLATEADO MEDIANOCHE METALICO;43:52.0;43:52.0;NULL
15384;16179;ORO LAS VEGAS;43:52.0;43:52.0;NULL
15385;16180;ROSA CENIZA;43:52.0;43:52.0;NULL
15386;16181;VERDE EPSOM;43:52.0;43:52.0;NULL
15387;16182;VERDE METALICO OSCURO;43:52.0;43:52.0;NULL
15388;16183;ROJO JENA;43:52.0;43:52.0;NULL
15389;16184;HABANO MARFIL CAMUFLADO;43:52.0;43:52.0;NULL
15390;16185;NEGRO NEBULOSA GRIS ASFALTO;43:52.0;43:52.0;NULL
15391;16186;BLANCO CELESTIAL GRIS ASFALTO;43:52.0;43:52.0;NULL
15392;16187;ROJO ESCARLATA GRIS ASFALTO;43:52.0;43:52.0;NULL
15393;16188;NARANJA BLANCO Y FRANJA VERDE;43:52.0;43:52.0;NULL
15394;16189;AZUL PERLADO BRILLANTE BI COLOR;43:52.0;43:52.0;NULL
15395;16190;AZUL BEIGE Y NEGRO;43:52.1;43:52.1;NULL
15396;16191;GRIS CUMBERLAND METALIZADO Y AMARILLO;43:52.1;43:52.1;NULL
15397;16192;AZUL METALIZADO Y GRIS;43:52.1;43:52.1;NULL
15398;16193;PLATA MEDIA NOCHE METALICO;43:52.1;43:52.1;NULL
15399;16194;GRIS PSICODELICO;43:52.1;43:52.1;NULL
15400;16195;MAGNESIO PURO;43:52.1;43:52.1;NULL
15401;16196;ROJO BOURDEAUX PERLADO METALIZ;43:52.1;43:52.1;NULL
15402;16197;AZUL SEYCHELLES NEGRO;43:52.1;43:52.1;NULL
15403;16198;ROJO UVA METAL;43:52.1;43:52.1;NULL
15404;16199;FUCSIA  Y AZUL;43:52.1;43:52.1;NULL
15405;16200;ROJO BAYA METALICO;43:52.1;43:52.1;NULL
15406;16201;AZUL BARRANCA;43:52.1;43:52.1;NULL
15407;16202;CREMA METALICO;43:52.1;43:52.1;NULL
15408;16203;AZUL CONCORD;43:52.2;43:52.2;NULL
15409;16204;ROJO HOJA OTONAL;43:52.2;43:52.2;NULL
15410;16205;AZUL CLOISONNE;43:52.2;43:52.2;NULL
15411;16206;AZUL VELERO;43:52.2;43:52.2;NULL
15412;16207;ROJO HUICHIN;43:52.2;43:52.2;NULL
15413;16208;BRONCE NAMIBIA NEGRO;43:52.2;43:52.2;NULL
15414;16209;BRONCE NAMIBIA;43:52.2;43:52.2;NULL
15415;16210;ROJO CRIMSON;43:52.2;43:52.2;NULL
15416;16211;PLATA PIRITA;43:52.2;43:52.2;NULL
15417;16212;BLANCO NEVADA NEGRO;43:52.2;43:52.2;NULL
15418;16213;ROJO VELVET METALIZADO;48:50.3;48:50.3;NULL
15419;16214;VERDE BLANCO Y FRANJA NARANJA;48:50.3;48:50.3;NULL
15420;16215;BLANCO PIMIENTA (PEPER WHITE);48:50.3;48:50.3;NULL
15421;16216;NEGRO NEBULOSO;48:50.3;48:50.3;NULL
15422;16217;VERDE CUATRO TONOS CAMUFLADO;48:50.3;48:50.3;NULL
15423;16218;VERDE, NARANJA VOLCANO Y NEGRO;48:50.3;48:50.3;NULL
15424;16219;HABANO CLARO METALICO CROMADO;48:50.3;48:50.3;NULL
15425;16220;BEIGE DUNE;48:50.3;48:50.3;NULL
15426;16221;AZUL  IRON;48:50.3;48:50.3;NULL
15427;16222;GRIS HUMO Y NEGRO;48:50.3;48:50.3;NULL
15428;16223;HABANO Y FRANJA NARANJA;48:50.3;48:50.3;NULL
15429;16224;PLATA VERDE AMARILLO ROJO BLANCO Y AZUL;48:50.3;48:50.3;NULL
15430;16225;PLATAFRECO GRIS OSCURO;48:50.3;48:50.3;NULL
15431;16226;NEGRO Y AZUL;48:50.4;48:50.4;NULL
15432;16227;NEGRO RIBELLE;48:50.4;48:50.4;NULL
15433;16228;NEGRO FROZEN METALIZADO;48:50.4;48:50.4;NULL
15434;16229;GRIS AZUL MICA METALICO;48:50.4;48:50.4;NULL
15435;16230;AZUL JEANS;48:50.4;48:50.4;NULL
15436;16231;AMARILLO, AZUL, BLANCO, ROJO Y FRANJA NEGRA;48:50.4;48:50.4;NULL
15437;16232;PLATA BRILLANTE VIOLETA;48:50.4;48:50.4;NULL
15438;16233;NERO DS 1250;48:50.4;48:50.4;NULL
15439;16234;GRIS PLATA NEGRO NEBULOSA;48:50.4;48:50.4;NULL
15440;16235;AZ LUCIA;48:50.4;48:50.4;NULL
15441;16236;GRIS MONTERREY;48:50.4;48:50.4;NULL
15442;16237;BEIGE MAYFAIR M;48:50.4;48:50.4;NULL
15443;16238;NARANJA VOLCANO VERDE NEGRO;48:50.4;48:50.4;NULL
15444;16239;MORADO LAVANDA;48:50.4;48:50.4;NULL
15445;16240;PLATA PIRITA METALICO;48:50.4;48:50.4;NULL
15446;16241;NEGRO ROJIZO ROJO VIPER;48:50.5;48:50.5;NULL
15447;16242;NARANJA PULSO;48:50.5;48:50.5;NULL
15448;16243;GRIS CRONOS METALIZADO;48:50.5;48:50.5;NULL
15449;16244;AZUL Y PLATA;48:50.5;48:50.5;NULL
15450;16245;AZUL TURQUEZA METALICO;48:50.5;48:50.5;NULL
15451;16246;NARANJA CON NEGRO;48:50.5;48:50.5;NULL
15452;16247;AMARILLO HELLAYELLA;48:50.5;48:50.5;NULL
15453;16248;STING GRAY;48:50.5;48:50.5;NULL
15454;16249;VERDE MOJITO;48:50.5;48:50.5;NULL
15455;16250;NARANJA PUNK N METALLIC;48:50.5;48:50.5;NULL
15456;16251;NARANJA PUNK METALLIC;48:50.5;48:50.5;NULL
15457;16252;AZUL NAVAJO METALIZADO MARFIL;48:50.5;48:50.5;NULL
15458;16253;ROJO Y GRIS ESTRELLA;48:50.5;48:50.5;NULL
15459;16254;NEGRO AZUL NEBULOSO;48:50.5;48:50.5;NULL
15460;16255;VERDE METALIZADO Y STRATO PERLA;48:50.5;48:50.5;NULL
15461;16256;ROJO Y GRIS METALICO;48:50.6;48:50.6;NULL
15462;16257;ASGARD GREY;48:50.6;48:50.6;NULL
15463;16258;NEGRO MATE Y ROJO MATE;48:50.6;48:50.6;NULL
15464;16259;GRIS ATENA Y NEGRO;48:50.6;48:50.6;NULL
15465;16260;NARANJA VALENCIA METALIZADO Y VERDE;48:50.6;48:50.6;NULL
15466;16261;GRIS ROJO MATE;48:50.6;48:50.6;NULL
15467;16262;GRIS TIFON METALICO;48:50.6;48:50.6;NULL
15468;16263;GRIS VESUVIO METALIZADO;48:50.6;48:50.6;NULL
15469;16264;AZUL TIBURON;48:50.6;48:50.6;NULL
15470;16265;BLUE PASSIONE;48:50.6;48:50.6;NULL
15471;16266;PLATA Y AZUL ELECTRICO METALIZADO;48:50.6;48:50.6;NULL
15472;16267;PLATA DOLOMITA METALIZADO;48:50.6;48:50.6;NULL
15473;16268;VERDE ASTORIA NEGRO;48:50.6;48:50.6;NULL
15474;16269;AZUL NORDICO METALICO;48:50.6;48:50.6;NULL
15475;16270;BLANCO VINOTINTO ORO;48:50.6;48:50.6;NULL
15476;16271;ORO MATE;48:50.7;48:50.7;NULL
15477;16272;VERDE METALIZADO BLANCO;48:50.7;48:50.7;NULL
15478;16273;GRIS ARENA Y NEGRO;48:50.7;48:50.7;NULL
15479;16274;PLATA AZUL ELETRONIC METALIZADO;48:50.7;48:50.7;NULL
15480;16275;AZUL CON TECHO BLANCO;48:50.7;48:50.7;NULL
15481;16276;AZUL CAVANSITA;48:50.7;48:50.7;NULL
15482;16277;GRIS PLATA MATE;48:50.7;48:50.7;NULL
15483;16278;GRIS MICA OSCURO;48:50.7;48:50.7;NULL
15484;16279;GRIS PERLA Y CREMA;48:50.7;48:50.7;NULL
15485;16280;NEGRO, ROJO, BLANCO PERLA;48:50.7;48:50.7;NULL
15486;16281;NEGRO FANTASMA Y ROJO DIAMANTE;48:50.7;48:50.7;NULL
15487;16282;AZUL CAMALEON MORADO NEGRO;48:50.7;48:50.7;NULL
15488;16283;GRIS MORADO PERLADO;48:50.7;48:50.7;NULL
15489;16284;GRIS MAGNETICO METALIZADO;48:50.7;48:50.7;NULL
15490;16285;CAFE Y NEGRO;48:50.8;48:50.8;NULL
15491;16286;GRIS SIDOBRE METALICO Y NEGRO;48:50.8;48:50.8;NULL
15492;16287;VERDE CALZONA;48:50.8;48:50.8;NULL
15493;16288;VERDE TUNDRA METALIZADO;48:50.8;48:50.8;NULL
15494;16289;DORADO - NEGRO;48:50.8;48:50.8;NULL
15495;16290;NEGRO VERDE PLATA;48:50.8;48:50.8;NULL
15496;16291;BLUE DE CHINE METALIZADO;48:50.8;48:50.8;NULL
15497;16292;ROJO NEGRO AMARILLO;48:50.8;48:50.8;NULL
15498;16293;TURQUEZA ASTRAL Y BLANCO;48:50.8;48:50.8;NULL
15499;16294;BRONCE Y GRIS;48:50.8;48:50.8;NULL
15500;16295;NEGRO AZUL VERDE MORADO Y DORADO;48:50.8;48:50.8;NULL
15501;16296;OLIVA PLATA;48:50.8;48:50.8;NULL
15502;16297;BEIGE TORMENTA METALIZADO;48:50.9;48:50.9;NULL
15503;16298;AMARILLO Y ROJO;48:50.9;48:50.9;NULL
15504;16299;BLANCO CON ROJO, GRIS, AZUL;48:50.9;48:50.9;NULL
15505;16300;GRIS NEGRO ROJO BLANCO;48:50.9;48:50.9;NULL
15506;16302;BLANCO CON FRANJAS AMARILLAS Y LINEA VINO TINTO;48:50.9;48:50.9;NULL
15507;16303;MARRON SAFARI;48:50.9;48:50.9;NULL
15508;16304;AZUL-VERDE-MORADO-VIOLETA-NEGRO;48:50.9;48:50.9;NULL
15509;16305;PLATA ROJO GRIS;48:50.9;48:50.9;NULL
15510;16306;PLATA INTENSA;48:50.9;48:50.9;NULL
15511;16307;RIUGE VITAL;48:50.9;48:50.9;NULL
15512;16308;PLATA CASHMERE;48:50.9;48:50.9;NULL
15513;16309;GRIS Y AZUL;48:50.9;48:50.9;NULL
15514;16310;AZUL E.T.B.;48:50.9;48:50.9;NULL
15515;16311;VERDE MUSGO METALIZADO Y NEGRO;48:50.9;48:50.9;NULL
15516;16312;BLANCO ARTICO Y NEGRO;48:50.9;48:50.9;NULL
15517;16313;VERDE BALI;48:50.9;48:50.9;NULL
15518;16314;ROJO ENFIERNO;48:50.9;48:50.9;NULL
15519;16315;ROJO MISTICO DIAMANTE;48:50.9;48:50.9;NULL
15520;16316;SPECIAL;48:50.9;48:50.9;NULL
15521;16317;GLOSSY GREY;48:51.0;48:51.0;NULL
15522;16318;SANDSTONE GREY;48:51.0;48:51.0;NULL
15523;16319;GRIS GALAPAGO, GRIS PLATA Y ROJO VELVET;48:51.0;48:51.0;NULL
15524;16320;PLATA MOJAVE METALIZADO;48:51.0;48:51.0;NULL
15525;16321;AZUL CRISTAL CROMADO;48:51.0;48:51.0;NULL
15526;16322;NEGRO SATINADO;48:51.0;48:51.0;NULL
15527;16323;ORO TOLEDANO Y GRIS;48:51.0;48:51.0;NULL
15528;16324;AZUL BERMUDA;48:51.0;48:51.0;NULL
15529;16325;VENETIAN BLUE;48:51.0;48:51.0;NULL
15530;16326;VERDE CLASICO Y NEGRO;48:51.0;48:51.0;NULL
15531;16327;PLATA AHUMADA METALICA;48:51.1;48:51.1;NULL
15532;16328;ROJO TEXACO / BLANCO;48:51.1;48:51.1;NULL
15533;16329;PERLA METALIZADO;48:51.1;48:51.1;NULL
15534;16330;BLANCO NARANJA FJA GRIS;48:51.1;48:51.1;NULL
15535;16331;AZUL NORUEGA Y NEGRO MATE;48:51.1;48:51.1;NULL
15536;16332;GRIS GALENO;48:51.1;48:51.1;NULL
15537;16333;ROJO SHIRAZ;48:51.2;48:51.2;NULL
15538;16334;NEGRO MATTE;48:51.2;48:51.2;NULL
15539;16335;AZUL FROZEN MARINA BAY BMW INDIVIDUAL;48:51.2;48:51.2;NULL
15540;16336;BLANCO VERDE ESMERALDA PERLADO;48:51.2;48:51.2;NULL
15541;16337;GRIS OCASO - NARANJA;48:51.2;48:51.2;NULL
15542;16338;VERDE ARRECIFE Y DORADO;48:51.2;48:51.2;NULL
15543;16339;BLANCO TECHO NEGRO;48:51.2;48:51.2;NULL
15544;16340;MARRON DEEP;48:51.2;48:51.2;NULL
15545;16341;WHITE;48:51.3;48:51.3;NULL
15546;16342;NEGRO PERLA Y AMARILLO;48:51.3;48:51.3;NULL
15547;16343;GRIS OPALO CLARO;48:51.3;48:51.3;NULL
15548;16344;NEGRO ROJO RAYA PLATEADA;48:51.3;48:51.3;NULL
15549;16345;GRIS GRAFITO BLANCO NEGRO;48:51.3;48:51.3;NULL
15550;16346;PLATEADO BRILLANTE Y NEGRO;48:51.3;48:51.3;NULL
15551;16347;OXIDO NEGRO;48:51.4;48:51.4;NULL
15552;16348;HUNTER GREEN;48:51.4;48:51.4;NULL
15553;16349;BLANCO CASABLANCA Y AZUL;48:51.4;48:51.4;NULL
15554;16350;BLANCO NEGRO FUCSIA;48:51.4;48:51.4;NULL
15555;16351;PLATEADO ESTRATO PLATA;48:51.4;48:51.4;NULL
15556;16352;GRIS PLOMO VERDE Y AMARILLO;48:51.5;48:51.5;NULL
15557;16353;PLATA REFLEX MET;48:51.5;48:51.5;NULL
15558;16354;BLANCO HIELO PERLADO Y NEGRO;48:51.5;48:51.5;NULL
15559;16355;AZUL LASER METALIZADO, BLANCO;48:51.5;48:51.5;NULL
15560;16356;ROJO ALMA CRISTAL;48:51.5;48:51.5;NULL
15561;16357;ROUGE LUCIFE;48:51.5;48:51.5;NULL
15562;16358;BLANCO VAINILLA Y VERDE;48:51.5;48:51.5;NULL
15563;16359;AZUL UNIVERSAL Y GRIS GRAN BRETAÑA;48:51.5;48:51.5;NULL
15564;16360;VERDE MANTIS;48:51.5;48:51.5;NULL
15565;16361;AZUL PORTOFINO;48:51.5;48:51.5;NULL
15566;16362;AZUL, AZUL BAHIA;48:51.6;48:51.6;NULL
15567;16363;HABANO VERDOSO;48:51.6;48:51.6;NULL
15568;16364;AMARILLO POLICROMADO;48:51.6;48:51.6;NULL
15569;16365;VERDE MANTIS NEGRO MATE;48:51.6;48:51.6;NULL
15570;16366;NEGRO MATE AMARILLO;48:51.6;48:51.6;NULL
15571;16367;BLANCO OLIMPICO PERLADO;48:51.6;48:51.6;NULL
15572;16368;BLANCO MOCA;48:51.6;48:51.6;NULL
15573;16369;GRIS Y ROJO VINO;48:51.6;48:51.6;NULL
15574;16370;GRIS PAVOT;48:51.6;48:51.6;NULL
15575;16371;BLANCO, PLATA, AMARILLO;48:51.6;48:51.6;NULL
15576;16372;HABANO CAFE METALICO;48:51.6;48:51.6;NULL
15577;16373;GRIS ACADEMICO METALICO;48:51.6;48:51.6;NULL
15578;16374;AZUL Y BLANCO MARFIL;48:51.6;48:51.6;NULL
15579;16375;ROJO VERONA Y GRIS OCASO;48:51.6;48:51.6;NULL
15580;16376;ROSA LUNA PERLADO;48:51.6;48:51.6;NULL
15581;16377;AZUL PLATA METAL;48:51.7;48:51.7;NULL
15582;16378;VINOTINTO VIOLETA PERLADO;48:51.7;48:51.7;NULL
15583;16379;TITANIUM METALLIC;48:51.7;48:51.7;NULL
15584;16380;VERDE LIZARD;48:51.7;48:51.7;NULL
15585;16381;NEGRO TORMENTA;48:51.7;48:51.7;NULL
15586;16382;ROJO CABERNET;48:51.7;48:51.7;NULL
15587;16383;PLATA AURORA;48:51.7;48:51.7;NULL
15588;16384;VERDE OSCURO METAL;48:51.7;48:51.7;NULL
15589;16385;GRANATE GRIS NEGRO;48:51.8;48:51.8;NULL
15590;16386;GRIS PLATA Y MORADO PERLADO;48:51.8;48:51.8;NULL
15591;16387;VERDE MAMBA METALIZADO;48:51.8;48:51.8;NULL
15592;16388;BLANCO NEGRO MATE;48:51.8;48:51.8;NULL
15593;16389;BLEU TELES NEGRO;48:51.8;48:51.8;NULL
15594;16390;GRIS CROMO, NARANJA, NEGRO Y BLANCO;48:51.8;48:51.8;NULL
15595;16391;NARDOGRAU P6K;48:51.8;48:51.8;NULL
15596;16392;VIOLETA, BLANCO, VERDE, ROJO Y AZUL;48:51.8;48:51.8;NULL
15597;16393;ROJO RUBI Y NEGRO;48:51.8;48:51.8;NULL
15598;16394;AZUL VERDE Y MORADO;48:51.8;48:51.8;NULL
15599;16395;GRIS/G. OSCURO;48:51.8;48:51.8;NULL
15600;16396;AZUL STRATOS;48:51.8;48:51.8;NULL
15601;16397;ROJO INDICO;48:51.8;48:51.8;NULL
15602;16398;NEGRO NEBULOSA NEGRO MATE;48:51.8;48:51.8;NULL
15603;16399;AZUL SILVERTON;48:51.8;48:51.8;NULL
15604;16400;NEGRO SOMBRA / G1;48:51.8;48:51.8;NULL
15605;16401;GRIS QUIMERA;48:51.9;48:51.9;NULL
15606;16402;CAFE BLANCO Y AMARILLO;48:51.9;48:51.9;NULL
15607;16403;CAFE BLANCO Y AMARILLO;48:51.9;48:51.9;NULL
15608;16404;AZUL OSCURO MICA TORNASOL;48:51.9;48:51.9;NULL
15609;16405;PLATA MERCURI Y ROJO MANZANA;48:51.9;48:51.9;NULL
15610;16406;CAFE CHISPA METALIZADO Y CAFE CLARO METALIZADO;48:51.9;48:51.9;NULL
15611;16407;VERDE METALICO Y VERDE OBSCURO;48:51.9;48:51.9;NULL
15612;16408;PLATA METALICO Y ROJO METALICO;48:51.9;48:51.9;NULL
15613;16409;ORO BLANCO METALIZADO;48:51.9;48:51.9;NULL
15614;16410;BLANCO BANQUISA NARANJA;48:51.9;48:51.9;NULL
15615;16411;PLATA TONO, CONTINENTAL METALICO;48:51.9;48:51.9;NULL
15616;16412;SUPER BLANCO II/040;48:51.9;48:51.9;NULL
15617;16413;AMARILLO-BLANCO-ROJO-VERDE JADE;48:51.9;48:51.9;NULL
15618;16414;PLATA SABLE NEGRO Y ROJO;48:51.9;48:51.9;NULL
15619;16415;VERDE  VERDE TEAL;48:51.9;48:51.9;NULL
15620;16416;PLATA METALICA ROSA CENIZA;48:51.9;48:51.9;NULL
15621;16417;GRIS PLATA NEGRO AZUL;48:51.9;48:51.9;NULL
15622;16418;MOCA ROJO METALICO;48:52.0;48:52.0;NULL
15623;16419;AMARILLOSO PLATEADO PERLA;48:52.0;48:52.0;NULL
15624;16420;GRIS, AZUL, PURPURA Y NEGRO;48:52.0;48:52.0;NULL
15625;16421;BLANCO CERAMICA Y VERDE;48:52.0;48:52.0;NULL
15626;16422;GRIS PREDAWN MICA/1H1;48:52.0;48:52.0;NULL
15627;16423;COLOR VINOTINTO POLICROMADO Y NEGRO;48:52.0;48:52.0;NULL
15628;16424;ROJO  MANDARINA  BLANCO;48:52.0;48:52.0;NULL
15629;16425;NEGRO Y NARANJADO;48:52.0;48:52.0;NULL
15630;16426;CREMA DOS TONOS;48:52.0;48:52.0;NULL
15631;16427;AZUL TURMALINA METALICO;48:52.0;48:52.0;NULL
15632;16428;GIALLO MODENA;48:52.0;48:52.0;NULL
15633;16429;GRIS AMATISTA MORADO;48:52.0;48:52.0;NULL
15634;16430;PLATA BRILLANTE NEGRO Y ROJO;48:52.1;48:52.1;NULL
15635;16431;GRIS HIELO NEGRO;48:52.1;48:52.1;NULL
15636;16432;ROJO MANDARINO Y BLANCO;48:52.1;48:52.1;NULL
15637;16433;BLANCO Y NEGRO PERLA;48:52.1;48:52.1;NULL
15638;16434;PLATA ROJO CAN AM;48:52.1;48:52.1;NULL
15639;16435;NEGRO CON MARRON CLARO;48:52.1;48:52.1;NULL
15640;16436;BRONCE NAMIBIA METALICO;48:52.1;48:52.1;NULL
15641;16437;PLATA METALICO VERDE;48:52.1;48:52.1;NULL
15642;16438;AMBAR DORADO METALICO;48:52.1;48:52.1;NULL
15643;16439;CAFE MOCA CAFE MONTURA;48:52.1;48:52.1;NULL
15644;16440;PLATA CON AZUL;48:52.1;48:52.1;NULL
15645;16441;AZUL ACAPULCO;48:52.1;48:52.1;NULL
15646;16442;GRIS CON VERDE;48:52.1;48:52.1;NULL
15647;16443;WHISKY CREMA;48:52.1;48:52.1;NULL
15648;16444;AMARILLO Y GRIS;48:52.2;48:52.2;NULL
15649;16445;VERDE Y GRIS METALICO;48:52.2;48:52.2;NULL
15650;16446;VERDE DORADO METALIZADO;48:52.2;48:52.2;NULL
15651;16447;VERMELHO ARPOADOR;48:52.2;48:52.2;NULL
15652;16448;NEGRO GRIS PIEDRA;48:52.2;48:52.2;NULL
15653;16449;AZUL MARLIN PERLADO;48:52.2;48:52.2;NULL
15654;16450;ORO COSECHA METALICO;48:52.2;48:52.2;NULL
15655;16451;AMATISTA METALICO;48:52.2;48:52.2;NULL
15656;16452;AZUL ACALPULCO Y VERDE SHERWOOD;48:52.2;48:52.2;NULL
15657;16453;CAFE MOCA ROJO METALICO;48:52.2;48:52.2;NULL
15658;16454;GRIS PLATA AMARILLO NEON NEGRO;48:52.2;48:52.2;NULL
15659;16455;AZUL ACAPULCO Y VERDE SHERWOOD;48:52.2;48:52.2;NULL
15660;16456;CAFE MOCA META / AMBAR DORADO;48:52.2;48:52.2;NULL
15661;16457;ACERO METALICO;48:52.2;48:52.2;NULL
15662;16458;KAIKOURA STONE;48:52.2;48:52.2;NULL
15663;16459;BLANCO AVUS;48:52.2;48:52.2;NULL
15664;16460;CROMO VERDE;48:52.3;48:52.3;NULL
15665;16461;CROMO GRAFITO;48:52.3;48:52.3;NULL
15666;16462;CAMUFLADO GRIS BLANCO;48:52.3;48:52.3;NULL
15667;16463;GRIS METALIZADO MATE;48:52.3;48:52.3;NULL
15668;16464;CAFE CHISPA METALICO CAFE CLARO METALICO;48:52.3;48:52.3;NULL
15669;16465;ROJO FRAMBUESA VERDE TURQUES;48:52.3;48:52.3;NULL
15670;16466;VERDE JAVA NEGRO BRILLANTE;48:52.3;48:52.3;NULL
15671;16467;NARANJA Y AMBAR DORADO;48:52.3;48:52.3;NULL
15672;16468;PLATA LISO METALIZADO;48:52.3;48:52.3;NULL
15673;16469;DORADO SATIN;48:52.3;48:52.3;NULL
15674;16470;VIOLETA GRIS MATE;48:52.3;48:52.3;NULL
15675;16471;VERDE PLATA ARENA;48:52.3;48:52.3;NULL
15676;16472;VINO TINTO POLICROMADO Y NEGRO;48:52.4;48:52.4;NULL
15677;16473;NEGRO FANTASMA – BLANCO MARFIL;48:52.4;48:52.4;NULL
15678;16474;CAFÉ OBSCURO METÁLICO;48:52.4;48:52.4;NULL
15679;16475;NEGRO CUARZO METALIZADO Y BLANCO;48:52.4;48:52.4;NULL
15680;16476;VERDE ADVENTURE;48:52.4;48:52.4;NULL
15681;16477;ROJO VIPER AMARILLO;48:52.4;48:52.4;NULL
15682;16478;CAFE ROBLE;48:52.4;48:52.4;NULL
15683;16479;FIESTA YELLOW CREMA;48:52.4;48:52.4;NULL
15684;16480;BLANCO GALAXIA Y AZUL AGUAMARINA;48:52.4;48:52.4;NULL
15685;16481;ROSADO ROJO FRAMBUESA;48:52.4;48:52.4;NULL
15686;16482;GRIS Y MARFIL;48:52.4;48:52.4;NULL
15687;16483;NARANJA LAVA-MET/NEGRA SEDA BRILLANTE;48:52.4;48:52.4;NULL
15688;16484;PLATA METALICO AZUL;48:52.4;48:52.4;NULL
15689;16485;BLANCO SAL PERLA;48:52.4;48:52.4;NULL
15690;16486;CARRIGADA GREEN;48:52.4;48:52.4;NULL
15691;16487;COBRIZO METALIZADO;48:52.5;48:52.5;NULL
15692;16488;AZUL DOS TONOS-VINILO NEGRO;48:52.5;48:52.5;NULL
15693;16489;COBRE METALICO Y CAOBA;48:52.5;48:52.5;NULL
15694;16490;VERDE CANCUN;48:52.5;48:52.5;NULL
15696;16492;ROJO RALLY Y NEGRO.;48:52.5;48:52.5;NULL
15697;16493;GRIS PIMIENTA METALIZADO;48:52.5;48:52.5;NULL
15698;16494;BLANCO AMARILLO GRIS NEGRO;48:52.5;48:52.5;NULL
15699;16495;PERLA FRANJA NEGRA;48:52.5;48:52.5;NULL
15700;16496;GRIS PLATA NEGRO MATE ROJO;48:52.5;48:52.5;NULL
15701;16497;AZUL CLARO MATE Y NEGRO MATE;48:52.5;48:52.5;NULL
15702;16498;BLANCO LUMINOSO;48:52.5;48:52.5;NULL
15703;16499;GRIS FUMINATER;48:52.5;48:52.5;NULL
15704;16500;TUNGSTEN METALICO;48:52.5;48:52.5;NULL
15705;16501;MIAMI BLUE & MIDNIGTH BLACK;48:52.5;48:52.5;NULL
15706;16502;AZUL AZURIT METALICO;48:52.5;48:52.5;NULL
15707;16503;CREMA OSCURO CHOCOLATE CLARO;48:52.5;48:52.5;NULL
15708;16504;ROJO PAVOT Y MULTICOLOR;48:52.5;48:52.5;NULL
15709;16505;MORADO OSCURO Y LILA;48:52.6;48:52.6;NULL
15710;16506;ROJO VIVO Y NEGRO;48:52.6;48:52.6;NULL
15711;16507;COBRE Y CAOBA;48:52.6;48:52.6;NULL
15712;16508;AZUL AIRTECH METALIZADO;48:52.6;48:52.6;NULL
15713;16509;ROJO ALMAGRO Y NEGRO;48:52.6;48:52.6;NULL
15714;16510;COBRE MATE;48:52.6;48:52.6;NULL
15715;16511;NEGRO MATE SE;48:52.6;48:52.6;NULL
15716;16512;AZUL NEGRO SE;48:52.6;48:52.6;NULL
15717;16513;GRIS AZULOSO OSC. MET.;48:52.6;48:52.6;NULL
15718;16514;PLATA BRILLO;48:52.6;48:52.6;NULL
15719;16515;AZUL EXTREMO;48:52.6;48:52.6;NULL
15720;16516;AZUL CLOISONN Y VERDE TURQUES;48:52.6;48:52.6;NULL
15721;16517;ESTRATO PERLA Y VINO TINTO;48:52.6;48:52.6;NULL
15722;16518;METALICO AZUL BRILLANTE;48:52.6;48:52.6;NULL
15723;16519;NARANJA CAFE ORO METALICO;48:52.7;48:52.7;NULL
15724;16520;BLANCO PERLADO TRIM;48:52.7;48:52.7;NULL
15725;16521;GRIS MATE VERDE;48:52.7;48:52.7;NULL
15726;16522;BLANCO DE SEVRES, FRANJAS AZUL, ROJO, VERDE;48:52.7;48:52.7;NULL
15727;16523;PLATA METALICO AZUL BRILLANTE;48:52.7;48:52.7;NULL
15728;16524;MARRON Y CAOBA;48:52.7;48:52.7;NULL
15729;16525;VERDE OTOÑAL Y BLANCO;48:52.7;48:52.7;NULL
15730;16526;BLANCO FATRI/BEIGE FRASER;48:52.7;48:52.7;NULL
15731;16527;PLATA METÁLICO Y MORADO METÁLICO;48:52.7;48:52.7;NULL
15732;16528;PLATA DIAMANTE METALICO;48:52.7;48:52.7;NULL
15733;16529;GRIGIO FERRO MET ;48:52.7;48:52.7;NULL
15734;16530;AZUL BRILLANTE AZUL BARRANCA BLANCO;48:52.7;48:52.7;NULL
15735;16531;PLATA METALICO ROJO CORAL ORO COSECHA;48:52.7;48:52.7;NULL
15736;16532;VERDE SUBLIME,VERDE Y NEGRO;48:52.7;48:52.7;NULL
15737;16533;AZUL BRUMA METALIZADO;48:52.8;48:52.8;NULL
15738;16534;BEIGE CRUDO;48:52.8;48:52.8;NULL
15739;16535;AZUL BRUMA METAL;48:52.8;48:52.8;NULL
15740;16536;BLANCO AZUL PLATA;48:52.8;48:52.8;NULL
15741;16538;CELERAK CHOPPER 1500;48:52.8;48:52.8;NULL
15742;16539;BLANCO SIRIO CON ROJO CORAL;48:52.8;48:52.8;NULL
15743;16540;AZUL Y NEGRO BRILLANTE;48:52.8;48:52.8;NULL
15744;16541;ROJO Y AZUL;48:52.8;48:52.8;NULL
15745;16542;GRIS PLATA - BURGUNDY;48:52.8;48:52.8;NULL
15746;16543;AZUL SEEKER;48:52.9;48:52.9;NULL
15747;16544;BLANCO CRISTAL Y MARFIL;48:52.9;48:52.9;NULL
15748;16545;NEGRO VERDE BEIGE;48:52.9;48:52.9;NULL
15749;16546;AZUL MARINO SOLIDO Y BLANCO;48:52.9;48:52.9;NULL
15750;16547;NARANJA OCRE NEGRO;48:52.9;48:52.9;NULL
15751;16548;VERDE BLANCO ROJO Y AZUL;48:52.9;48:52.9;NULL
15752;16549;BLANCO DIGITAL METALLIC;48:52.9;48:52.9;NULL
15753;16550;GRIS DELFIN METALIZADO;48:52.9;48:52.9;NULL
15754;16551;GRIS ESTRELLA MULTICOLOR;48:52.9;48:52.9;NULL
15755;16552;GRIS PLATINO Y ROJO;48:52.9;48:52.9;NULL
15756;16553;NEGRO ORO PERLADO;48:52.9;48:52.9;NULL
15757;16554;BELIZE BLUE;48:52.9;48:52.9;NULL
15758;16555;MORADO OSCURO METALIZADO;48:52.9;48:52.9;NULL
15759;16556;MARFIL Y BLANCO;48:52.9;48:52.9;NULL
15760;16557;BLANCO AZUL TROPICAL PLATA;48:52.9;48:52.9;NULL
15761;16558;BLANCO VERDE TEAL;48:52.9;48:52.9;NULL
15762;16559;AMARILLO TEXAS;48:52.9;48:52.9;NULL
15763;16560;AZUL  NEWPORT PERLADO;48:53.0;48:53.0;NULL
15764;16561;AZUL 25 MARINO SOLIDO;48:53.0;48:53.0;NULL
15765;16562;GRIS GRAFITO METALIZADO OSCURO;48:53.0;48:53.0;NULL
15766;16563;BLANCO AZUL ROJO METALIZADO PLATEADO;48:53.0;48:53.0;NULL
15767;16564;PLATA NIQUEL VERDE METALIZADO;48:53.0;48:53.0;NULL
15768;16565;CAFE ONIX;48:53.0;48:53.0;NULL
15769;16566;PLATA BRILLO Y AZUL INTENSO;48:53.0;48:53.0;NULL
15770;16567;ORO AZTECA META;48:53.0;48:53.0;NULL
15771;16568;VERDE Y MARFIL;48:53.0;48:53.0;NULL
15772;16569;NARANJA EVOLUTION METALIZADO;48:53.0;48:53.0;NULL
15773;16570;AZUL IRON;48:53.0;48:53.0;NULL
15774;16571;ROJO METALICO CON RAYAS GRIS Y AMARILLO;48:53.0;48:53.0;NULL
15775;16572;GRIS PERLADO Y NARANJA PERLADO;48:53.0;48:53.0;NULL
15776;16573;AZUL BRUMA Y BLANCO;48:53.0;48:53.0;NULL
15777;16574;ROJO RUBELITA;48:53.0;48:53.0;NULL
15778;16575;MARFIL AZUL FRANJA ROJA;48:53.1;48:53.1;NULL
15779;16576;BUCKINGHAM AZUL;48:53.1;48:53.1;NULL
15780;16577;AZUL NOUVELLE;48:53.1;48:53.1;NULL
15781;16578;AZUL PLATINADO Y NEGRO;48:53.1;48:53.1;NULL
15782;16579;AMBAR (WHISKEY) Y PLATA;48:53.1;48:53.1;NULL
15783;16580;GRIS CASIOPEE + GRIS ESTRELLA;48:53.1;48:53.1;NULL
15784;16581;AMARILLO CON BLANCO;48:53.1;48:53.1;NULL
15785;16582;PLATA AZUL VELERO;48:53.1;48:53.1;NULL
15786;16583;GRIS MAGNETICO NARANJA;48:53.1;48:53.1;NULL
15787;16584;TAXI NEGRO;48:53.1;48:53.1;NULL
15788;16585;AMARILLO CON NEGRO;48:53.2;48:53.2;NULL
15789;16586;GRIS CASSIOPE + GRIS;48:53.2;48:53.2;NULL
15790;16587;MARFIL ROJO OCRE;48:53.2;48:53.2;NULL
15791;16588;GRIS CASSIOPPE NEGRO;48:53.2;48:53.2;NULL
15792;16589;NEGRO MORA AZUL;48:53.2;48:53.2;NULL
15793;16590;BLANCO CELESTIAL  NEGRO NEBULOS;48:53.2;48:53.2;NULL
15794;16591;AZUL NAUTICO METALIZADO;48:53.2;48:53.2;NULL
15795;16592;BASE AZUL MEDIO METALICO;48:53.2;48:53.2;NULL
15796;16593;BLANCO Y CAFE METALIZADO;48:53.2;48:53.2;NULL
15797;16594;NEGRO BRUSHED;48:53.2;48:53.2;NULL
15798;16595;GRIS CASSIOPEE + GRIS;48:53.2;48:53.2;NULL
15799;16596;GRIS CASIOPEE + GRIS;48:53.3;48:53.3;NULL
15800;16597;G MANUFAKTUR ARENA DESÉRTICA ESTÁNDAR;48:53.3;48:53.3;NULL
15801;16598;ROJO CAN AM - BLANCO;48:53.3;48:53.3;NULL
15802;16599;PLATA AZUL VERDE;48:53.3;48:53.3;NULL
15803;16600;PLATA NACARADO METALIZADA;48:53.3;48:53.3;NULL
15804;16601;SEPANG AZUL PERLA;48:53.3;48:53.3;NULL
15805;16602;NEGRO NACARADO + GRIS ESTRELLA;48:53.4;48:53.4;NULL
15806;16603;NEGRO NACARADO Y BLANCO MARFIL;48:53.4;48:53.4;NULL
15807;16604;BLANCO POLAR AZUL DANES;48:53.4;48:53.4;NULL
15808;16605;PLATEADO TITANIUM;48:53.4;48:53.4;NULL
15809;16606;PLATA NACARADO METALIZADO;48:53.4;48:53.4;NULL
15810;16607;GRIS MACHINE;48:53.4;48:53.4;NULL
15811;16608;ROJO ROJO MARRON;48:53.4;48:53.4;NULL
15812;16609;ROJO CORAL GRIS Y AZUL INTENTO;48:53.4;48:53.4;NULL
15813;16610;VERDE-GRIS-CAFE;48:53.5;48:53.5;NULL
15814;16611;GRIS-ROJO-GRIS;48:53.5;48:53.5;NULL
15815;16612;AZUL CLOISONN GRIS;48:53.5;48:53.5;NULL
15816;16613;ARTICO BLANCO;48:53.5;48:53.5;NULL
15817;16614;BLANCO ROJO NEGRO VIOLETA;48:53.5;48:53.5;NULL
15818;16615;BLANCO/PLATA/GRIS;48:53.5;48:53.5;NULL
15819;16616;GRIS CALIDO METALIZADO;48:53.5;48:53.5;NULL
15820;16617;BLANCO/VERDE CLARO/VERDE OSCURO;48:53.5;48:53.5;NULL
15821;16618;GRIS PLATA NEGRO NEBULOSA ROJO;48:53.5;48:53.5;NULL
15822;16619;PLATA PURO, ROJO Y NEGRO;48:53.5;48:53.5;NULL
15823;16620;POLIMETAL GRAY;48:53.5;48:53.5;NULL
15824;16621;PLATA TECNORETIRO;48:53.6;48:53.6;NULL
15825;16622;VERDE OSCURO/PLATA;48:53.6;48:53.6;NULL
15826;16623;PLATEADO GRISACEO Y AZUL METALICO;48:53.6;48:53.6;NULL
15827;16624;NARANJA PUNK N´METALLIC;48:53.6;48:53.6;NULL
15828;16625;COLOR ROJO FUCSIA Y BEIGH;48:53.6;48:53.6;NULL
15829;16626;BLANCO Y AZUL DEGRADE;48:53.6;48:53.6;NULL
15830;16627;BLANCO AZUL DEGRADE Y AMARILLO DEGRADE;48:53.6;48:53.6;NULL
15831;16628;BLANCO+NEGRO;48:53.6;48:53.6;NULL
15832;16629;NARANJA Y PLATEADO;48:53.6;48:53.6;NULL
15833;16630;ROJO VERONA NEGRO;48:53.6;48:53.6;NULL
15834;16631;GRIS MATE FUCSIA;48:53.6;48:53.6;NULL
15835;16632;AZUL PLATEADA FRANJA ROJA;48:53.6;48:53.6;NULL
15836;16633;PLATA METALICO CAFE ROBLE;48:53.7;48:53.7;NULL
15837;16634;MANDARINA METALICO;48:53.7;48:53.7;NULL
15838;16635;BLANCO CON FRANJAS NEGRAS ROJAS Y AMARILLAS;48:53.7;48:53.7;NULL
15839;16636;BLANCO CON FRANJAS VERDES Y AZULES;48:53.7;48:53.7;NULL
15840;16637;VERDE URBANO;48:53.7;48:53.7;NULL
15841;16638;PLATA MOJAVE METALIZADAS;48:53.7;48:53.7;NULL
15842;16639;PLATA PREMIUM ROJO;48:53.7;48:53.7;NULL
15843;16640;VERDE TURQUESA Y NEGRO;48:53.7;48:53.7;NULL
15844;16641;GRIS PLUTONIO;48:53.7;48:53.7;NULL
15845;16642;NERO;48:53.7;48:53.7;NULL
15846;16643;GRIS Y ROJO;48:53.7;48:53.7;NULL
15847;16644;ROJO FUCSIA Y BEIGH;48:53.7;48:53.7;NULL
15848;16645;AZUL STRATO SILVER METALIZADO;48:53.7;48:53.7;NULL
15849;16646;AZUL AMARILLO ROJO VERDE;48:53.7;48:53.7;NULL
15850;16647;NEGRO TITAN – GRIS MACHINE;48:53.7;48:53.7;NULL
15851;16648;ORO AZUL INTENSO;48:53.7;48:53.7;NULL
15852;16649;AZUL PLATEADO ROJO BLANCO;48:53.8;48:53.8;NULL
15853;16650;NEGRO Y GRIS MATE;48:53.8;48:53.8;NULL
15854;16651;NEGRO PROFUNDO PERLA;48:53.8;48:53.8;NULL
15855;16652;PLATA VERDE NARANJA;48:53.8;48:53.8;NULL
15856;16653;GRIS ROJO GRIS;48:53.8;48:53.8;NULL
15857;16654;PLATA GALACTICO VERDE;48:53.8;48:53.8;NULL
15858;16655;VERDE KELLY METALICO;48:53.8;48:53.8;NULL
15859;16656;GRIS SOMBRIO METALIZADO;48:53.8;48:53.8;NULL
15860;16657;BEIGE IMPERIO METALIZADO;48:53.8;48:53.8;NULL
15861;16658;DORADO - ROJO CAN AM - PLATA;48:53.8;48:53.8;NULL
15862;16659;NEGRO CARBON - NARANJA;48:53.8;48:53.8;NULL
15863;16660;BLANCO AMARILLO PLATA;48:53.8;48:53.8;NULL
15864;16661;ROJO SEMINOLE NEGRO GRIS;48:53.8;48:53.8;NULL
15865;16662;NARANJA MORADO Y NEGRO;48:53.8;48:53.8;NULL
15866;16663;GRIS ROSADO Y NEGRO;48:53.8;48:53.8;NULL
15867;16664;GRIS POLIÉSTER PERLADO;48:53.9;48:53.9;NULL
15868;16665;AZUL INTENSO AZUL BARRANCA;48:53.9;48:53.9;NULL
15869;16666;NEGRO METALICO Y BLANCO;48:53.9;48:53.9;NULL
15870;16667;BLANCO SOLIDO NEGRO GRIS VERDE;48:53.9;48:53.9;NULL
15871;16668;SLATE;48:53.9;48:53.9;NULL
15872;16669;HORIZON WITH COOL SILVER GRAPHICS;48:53.9;48:53.9;NULL
15873;16670;DUNE;48:53.9;48:53.9;NULL
15874;16671;GRIS NUBE METALIZADO Y VERDE TURQUES;48:53.9;48:53.9;NULL
15875;16672;GRIS METALICO VERDE TURQUES;48:53.9;48:53.9;NULL
15876;16673;GRIS METALICO Y ROJO METALICO;48:53.9;48:53.9;NULL
15877;16674;AMARILLO BRILLANTE VERDE TURQUES;48:53.9;48:53.9;NULL
15878;16675;ROJO, AZUL Y CREMA;48:53.9;48:53.9;NULL
15879;16676;ROJO FERRARI Y AZUL;48:53.9;48:53.9;NULL
15880;16677;AZUL AGUAMARINA Y BEIGE;48:53.9;48:53.9;NULL
15881;16678;BLANCO NEVADO BICAPA Y NEGRO;48:53.9;48:53.9;NULL
15882;16679;VIOLETA PERLADO Y NEGRO;48:53.9;48:53.9;NULL
15883;16680;ORO NEGRO PLATA;48:53.9;48:53.9;NULL
15884;16681;VERDE TEAL PLATA BRILLO;48:53.9;48:53.9;NULL
15885;16682;ROJO CORAL GRIS Y AZUL INTENSO;48:54.0;48:54.0;NULL
15886;16683;CINZA GRAFITO STRATO PLATA;48:54.0;48:54.0;NULL
15887;16684;AZUL CLOISONN Y ROJO FLAMA;48:54.0;48:54.0;NULL
15888;16685;AZUL ATLANTICO MICA;48:54.0;48:54.0;NULL
15889;16686;NARANJA METALIZADO PLATA IMPERIAL;48:54.0;48:54.0;NULL
15890;16687;AZUL ISLA BAF;48:54.0;48:54.0;NULL
15891;16688;AZUL PROFUNDO Y GRIS OCASO;48:54.0;48:54.0;NULL
15892;16689;NEGRO BLANCO MARFIL;48:54.0;48:54.0;NULL
15893;16690;NEGRO Y GRIS PLATEADO;48:54.0;48:54.0;NULL
15894;16691;VERDE VERDANT METALIZADO/OL;48:54.0;48:54.0;NULL
15895;16692;VERDE Y MORADO;48:54.0;48:54.0;NULL
15896;16693;AZUL MEDIANO BLANCO;48:54.0;48:54.0;NULL
15897;16694;ALPINWEISS;48:54.0;48:54.0;NULL
15898;16695;ROJO RUBI BICAPA;48:54.0;48:54.0;NULL
15899;16696;CAFE MOCA ROJO SEMINOLE;48:54.0;48:54.0;NULL
15900;16697;PLATA METALICO ROJO BAYA;48:54.0;48:54.0;NULL
15901;16698;PLATA METALICO UVA METALICO;48:54.0;48:54.0;NULL
15902;16699;PLATA METALICO VERDE SUBLIME;48:54.1;48:54.1;NULL
15903;16700;PLATA METALICO ROJO CORAL;48:54.1;48:54.1;NULL
15904;16701;ROJO PLASMA NEGRO;48:54.1;48:54.1;NULL
15905;16702;NEGRO NACARADO + GRIS;48:54.1;48:54.1;NULL
15906;16703;ZANAHORIA, GRIS Y AMARILLO;48:54.1;48:54.1;NULL
15907;16704;VERDE MICA PINTURA METALIZADA;48:54.1;48:54.1;NULL
15908;16705;PLATA METALICO ROJO UVA METALICO;48:54.1;48:54.1;NULL
15909;16706;BLANCO NIEBLA AZUL AGUAMARINA;48:54.1;48:54.1;NULL
15910;16707;BLANCO AZUL CLOISONN;48:54.1;48:54.1;NULL
15911;16708;ROJO OSCURO Y BLANCO;48:54.1;48:54.1;NULL
15912;16709;BLANCO ATLAS;48:54.1;48:54.1;NULL
15913;16710;NEGRO PERLADO ROJO CRISTAL MATE;48:54.2;48:54.2;NULL
15914;16711;AZUL SYDNEY METALIZADO;48:54.2;48:54.2;NULL
15915;16712;ROJO SFRONTATO Y NEGRO;50:16.3;50:16.3;NULL
15916;16713;AZUL ZAFIRO CLARO;50:16.3;50:16.3;NULL
15917;16714;GRIS NARDO NEGRO;50:16.3;50:16.3;NULL
15918;16715;BRONCE MICA Y BLANCO PERLADO;50:16.4;50:16.4;NULL
15919;16716;VERDE GRIS METALIZADO BLANCO;50:16.4;50:16.4;NULL
15920;16717;BLANCO ROJO FUEGO;50:16.4;50:16.4;NULL
15921;16718;AZUL EMOZIONE;50:16.4;50:16.4;NULL
15922;16719;GRIS CASSIOPE NEGRO;50:16.4;50:16.4;NULL
15923;16720;VERDE ATLANTICO METAL;50:16.4;50:16.4;NULL
15924;16721;BLANCO,GRIS Y ROJO;50:16.4;50:16.4;NULL
15925;16722;GRIS ROJISO;50:16.4;50:16.4;NULL
15926;16723;MORADO LAVANDA ROJO BAYA;50:16.4;50:16.4;NULL
15927;16724;TURQUESA GRIS NEGRO;50:16.4;50:16.4;NULL
15928;16725;CHAMPAGNE METAL;50:16.4;50:16.4;NULL
15929;16726;BLANCO Y VERDE AGUAMARINA;50:16.5;50:16.5;NULL
15930;16727;BLANCO SAL Y NEGRO;50:16.5;50:16.5;NULL
15931;16728;BLANCO AZUL SALMÓN;50:16.5;50:16.5;NULL
15932;16729;ROSADO PERLADO;50:16.5;50:16.5;NULL
15933;16730;ROJO BURDO METALIZADO;50:16.5;50:16.5;NULL
15934;16731;PLATA REFLEX METALIZADO NEGRO;50:16.5;50:16.5;NULL
15935;16732;AZUL VIOLETA CLARO GRIS;50:16.5;50:16.5;NULL
15936;16733;CHAMPAGNE MET;50:16.5;50:16.5;NULL
15937;16734;VERDE Y CREMA;50:16.5;50:16.5;NULL
15938;16735;GRIS ARRIANE;50:16.5;50:16.5;NULL
15939;16736;GRIS ROJO Y FJA ZAPOTE;50:16.5;50:16.5;NULL
15940;16737;VERDE JADE PERLA;50:16.5;50:16.5;NULL
15941;16738;AMARILLO MIEL NEGRO;50:16.5;50:16.5;NULL
15942;16739;VIOLETA PURPURA LILA;50:16.5;50:16.5;NULL
15943;16740;PLATA/G.OSCURO;50:16.5;50:16.5;NULL
15944;16741;ROJO MISTICO MATE;50:16.5;50:16.5;NULL
15945;16742;VERDE MENTA CON BEIGE;50:16.5;50:16.5;NULL
15946;16743;AZUL LAVA METALIZADO;50:16.5;50:16.5;NULL
15947;16744;AZUL BRILLANTE NEGRO GRIS;50:16.5;50:16.5;NULL
15948;16745;ROJO COBRE NEGRO;50:16.5;50:16.5;NULL
15949;16746;GRIS, AMARILLO Y MORADO;50:16.5;50:16.5;NULL
15950;16747;NEGRO NACARADO Y AZUL;50:16.6;50:16.6;NULL
15951;16748;STEALTH SPECIAL BLACK;50:16.6;50:16.6;NULL
15952;16749;PLATA HIGHTECH METALIZADAS;50:16.6;50:16.6;NULL
15953;16750;BLANCO GRIS NEGRO AMARILLO;50:16.6;50:16.6;NULL
15954;16751;PLATEADO/GRIS PLOMO METALIZADO;50:16.6;50:16.6;NULL
15955;16752;NARANJA ELÉCTRICO METALIZADO;50:16.6;50:16.6;NULL
15956;16753;GRIS LUNA METALIZADO;50:16.6;50:16.6;NULL
15957;16754;BLANCO CANDY-NEGRO PERLADO;50:16.6;50:16.6;NULL
15958;16755;AMARILLO Y AZUL;50:16.6;50:16.6;NULL
15959;16756;BEIGE TRIGO METALICO Y NEGRO;50:16.6;50:16.6;NULL
15960;16757;BLANCO – AZUL CLARO;50:16.6;50:16.6;NULL
15961;16758;BLANCO ROJO DIAMANTE;50:16.6;50:16.6;NULL
15962;16759;NERO DAYTONA;50:16.6;50:16.6;NULL
15963;16760;BEIGE CARTAGO;50:16.6;50:16.6;NULL
15964;16761;AZUL OCEANO Y PLATA SIERRA;50:16.7;50:16.7;NULL
15965;16762;AGUA MARINA, BLANCO Y VERDE;50:16.7;50:16.7;NULL
15966;16763;STRATO PLATA Y NEGRO;50:16.7;50:16.7;NULL
15967;16764;ROJO CANDY - NEGRO;50:16.7;50:16.7;NULL
15968;16765;VERDE SHAMROCK;50:16.7;50:16.7;NULL
15969;16766;AZUL Y AMARILLO BRILLANTE;50:16.7;50:16.7;NULL
15970;16767;VERDE TEAL Y AMARILLO BRILLANTE;50:16.7;50:16.7;NULL
15971;16768;VERDE CALZONA Y AMARILLO BRILLANTE;50:16.7;50:16.7;NULL
15972;16769;VERDE TEAL Y AZUL MARINERO;50:16.7;50:16.7;NULL
15973;16770;BLANCO ARCO BICAPA ROJO PERLADO;50:16.7;50:16.7;NULL
15974;16771;VERDE AVENTURINA METALIZADO;50:16.7;50:16.7;NULL
15975;16772;AZUL GENTIANO METALIZADO;50:16.7;50:16.7;NULL
15976;16773;PLATA NIQUEL Y NEGRO;50:16.7;50:16.7;NULL
15977;16774;BLANCO GLACIAL (V) Y NEGRO;50:16.7;50:16.7;NULL
15978;16775;VERDE TURQUEZA Y MARFIL;50:16.7;50:16.7;NULL
15979;16776;PLATA URBAN NEGRO;50:16.8;50:16.8;NULL
15980;16777;NEGRO TORMENTA METALIZADO Y DORADO PERLADO;50:16.8;50:16.8;NULL
15981;16778;SOLAR BLUE/DOVE GRAY;50:16.8;50:16.8;NULL
15982;16779;ROJO BURDEOS YNEGRO;50:16.8;50:16.8;NULL
15983;16780;ROJO PERLADO Y GRIS;50:16.8;50:16.8;NULL
15984;16781;VERDE TEAL Y GRIS QUIMERA;50:16.8;50:16.8;NULL
15985;16782;GRIS AMATISTA Y MORADO METALICO;50:16.8;50:16.8;NULL
15986;16783;PLATA METALICO Y AZUL CLOISONN;50:16.8;50:16.8;NULL
15987;16784;NARANJA Y VERDE TURQUEZA;50:16.8;50:16.8;NULL
15988;16785;AZUL VELERO AZUL OBSCURO;50:16.8;50:16.8;NULL
15989;16786;NEGRO GRIS NARANJA;50:16.8;50:16.8;NULL
15990;16787;AZUL TURBO;50:16.8;50:16.8;NULL
15991;16788;PLATA ROCIO;50:16.8;50:16.8;NULL
15992;16789;AZUL BALTICO METALICO;50:16.9;50:16.9;NULL
15993;16790;ROJA/SUZUKI;50:16.9;50:16.9;NULL
15994;16791;ROJO LLAMA Y BLANCO;50:16.9;50:16.9;NULL
15995;16792;BLANCO VERDE TURQUEZA GRIS;50:16.9;50:16.9;NULL
15996;16793;VERDE AMAZONA Y GRIS PLATONIQUE;50:16.9;50:16.9;NULL
15997;16794;GRIS OSCURO GRIS PLATA;50:16.9;50:16.9;NULL
15998;16795;BLANCO, VERDE, AZUL, AMARILLO;50:16.9;50:16.9;NULL
15999;16796;VERDE TREBOL;50:16.9;50:16.9;NULL
16000;16797;MOCA ESCARCHA;50:16.9;50:16.9;NULL
16001;16798;BLANCO SOLIDO CELESTE;50:16.9;50:16.9;NULL
16002;16799;ROJO JOYA Y DORADO;50:16.9;50:16.9;NULL
16003;16800;VERDE GRIS Y NEGRO;50:16.9;50:16.9;NULL
16004;16801;VERDE CIPRES METALICO;50:16.9;50:16.9;NULL
16005;16802;AZUL PULSAR;50:16.9;50:16.9;NULL
16006;16803;AZUL AMARILLO BRILLANTE Y GRIS;50:16.9;50:16.9;NULL
16007;16804;VERDE CALZONA AMARILLO BRILLANTE Y GRIS;50:16.9;50:16.9;NULL
16008;16805;VERDE TEAL AMARILLO BRILLANTE Y GRIS;50:16.9;50:16.9;NULL
16009;16806;AZUL ROJIZO MET;50:16.9;50:16.9;NULL
16010;16807;VIOLETA VERDE PERLADA AMARILLO AZUL BLANCO GRIS;50:16.9;50:16.9;NULL
16011;16808;CAMEO BEIGE;50:17.0;50:17.0;NULL
16012;16809;AZUL OSCURO M;50:17.0;50:17.0;NULL
16013;16810;ROJO VELVET NEGRO;50:17.0;50:17.0;NULL
16014;16811;GRIS MARATEA;50:17.0;50:17.0;NULL
16015;16812;BLANCO NIEBLA AZUL;50:17.0;50:17.0;NULL
16016;16813;BLANCO GRIS NEGRO ROJO Y AZUL;50:17.0;50:17.0;NULL
16017;16814;CAFE BLANCO FRANJA AMARILLA;50:17.0;50:17.0;NULL
16018;16815;AZUL PERLADO VERDE LIMON;50:17.0;50:17.0;NULL
16019;16816;BLEU AZURETE;50:17.0;50:17.0;NULL
16020;16817;ORO ROJO CANDY;50:17.0;50:17.0;NULL
16021;16818;AMARILLO ZAPOTE Y BLANCO;50:17.1;50:17.1;NULL
16022;16819;NEGRO Y BLANCO;50:17.1;50:17.1;NULL
16023;16820;VERMELHO CINZA;50:17.1;50:17.1;NULL
16024;16821;NEGRA PLATA;50:17.1;50:17.1;NULL
16025;16822;MORADO PERLADO NEGRO;50:17.1;50:17.1;NULL
16026;16823;PLATA ROCIO METALIZADO;50:17.1;50:17.1;NULL
16027;16824;ROJO KENWORTH;50:17.1;50:17.1;NULL
16028;16825;ROJO HOJA OTOÑO;50:17.1;50:17.1;NULL
16029;16826;VERDE Y FRANJA MARFIL;50:17.1;50:17.1;NULL
16030;16827;AZUL PERLADO DAYTONA BLUE;50:17.1;50:17.1;NULL
16031;16828;ROJO BRAHAMA;50:17.1;50:17.1;NULL
16032;16829;GRAND TOUR LIVERY;50:17.1;50:17.1;NULL
16033;16830;BLANCO ROJO TOREADOR;50:17.1;50:17.1;NULL
16034;16831;NARANJA QUEMA Y CAFE MONTURA;50:17.1;50:17.1;NULL
16035;16832;BLANCO Y VERDE KELLY METALIZADO;50:17.1;50:17.1;NULL
16036;16833;AZUL IMPERIAL METALIZADO Y BLANCO;50:17.2;50:17.2;NULL
16037;16834;PLATA POLAR METALIZADO - NEGRO;50:17.2;50:17.2;NULL
16038;16835;PLATA VERDE AMARILLO ROJO BLANCO AZUL;50:17.2;50:17.2;NULL
16039;16836;VERDE AUTUMN METALLIC;50:17.2;50:17.2;NULL
16040;16837;VIOLETA-BEIGE;50:17.2;50:17.2;NULL
16041;16838;AZUL GRABBER;50:17.2;50:17.2;NULL
16042;16839;VERDE Y BEIGE;50:17.2;50:17.2;NULL
16043;16840;GRIS MODA;50:17.2;50:17.2;NULL
16044;16841;NEGRO EBONY CON LINEAS BLANCAS;50:17.2;50:17.2;NULL
16045;16842;BLANCO ARCOBICAPA Y VINOTINTO;50:17.2;50:17.2;NULL
16046;16843;AZUL CROMO SATIN;50:17.2;50:17.2;NULL
16047;16844;BLANCO MINERAL;50:17.2;50:17.2;NULL
16048;16845;CHAMPAÑA MATE;50:17.2;50:17.2;NULL
16049;16846;ROSA Y GRIS AMATISTA;50:17.2;50:17.2;NULL
16050;16847;ROJO, VINO TINTO, BLANCO;50:17.2;50:17.2;NULL
16051;16848;NARANJA - GRIS;50:17.3;50:17.3;NULL
16052;16849;DARK BRIGHT TEAL;50:17.3;50:17.3;NULL
16053;16850;BRICK RED EFFECT;50:17.3;50:17.3;NULL
16054;16851;CAFE MONTURA CON ORO METALICO;50:17.3;50:17.3;NULL
16055;16852;MORADO VERDE FUCSIA;50:17.3;50:17.3;NULL
16056;16853;GRIS CIELO METALIZADO;50:17.3;50:17.3;NULL
16057;16854;ROJO FUEGO BLANCO MARFIL;50:17.3;50:17.3;NULL
16058;16855;ROJO IMPERIAL/GRIS PLOMO METAL;50:17.3;50:17.3;NULL
16059;16856;G MANUFAKTUR MARRON CITRINA METALIZADO;50:17.3;50:17.3;NULL
16060;16857;CREMA Y BLANCO;50:17.3;50:17.3;NULL
16061;16858;ROJO LADRILLO Y GRIS;50:17.3;50:17.3;NULL
16062;16859;GRIS CARBON METALICO Y BLANCO;50:17.3;50:17.3;NULL
16063;16860;BLANCO Y GRIS CARBON;50:17.3;50:17.3;NULL
16064;16861;MOCHA BRILLANTE;50:17.4;50:17.4;NULL
16065;16862;ROJO VIPER Y PLATA METALICO;50:17.4;50:17.4;NULL
16066;16863;PERLA BEAUBOURG;50:17.4;50:17.4;NULL
16067;16864;SPRESSO;50:17.4;50:17.4;NULL
16068;16865;AZUL LAPIZ 3;50:17.4;50:17.4;NULL
16069;16866;ROJO LADRILLO METALICO;50:17.4;50:17.4;NULL
16070;16867;VERDE TEAL NEGRO METALICO;50:17.4;50:17.4;NULL
16071;16868;PLATA MERCURIO AZUL BRILLANTE;50:17.4;50:17.4;NULL
16072;16869;PLATA MERCURIO ROJO BAYA META;50:17.4;50:17.4;NULL
16073;16870;COPPER EFFECT;50:17.4;50:17.4;NULL
16074;16871;DEEP GARNET;50:17.4;50:17.4;NULL
16075;16872;FIREMIST EFFECT;50:17.4;50:17.4;NULL
16076;16873;GLAMOUR PLUM;50:17.4;50:17.4;NULL
16077;16874;GREEN EFFECT;50:17.4;50:17.4;NULL
16078;16875;LIGHT AMETHYST EFFECT;50:17.4;50:17.4;NULL
16079;16876;SPARKLE GRAY;50:17.5;50:17.5;NULL
16080;16877;EFECTO COBRE;50:17.5;50:17.5;NULL
16081;16878;GANATE OSCURO;50:17.5;50:17.5;NULL
16082;16879;CAFÉ CHISPA METÁLICO;50:17.5;50:17.5;NULL
16083;16880;CIRUELA GLAMOUR;50:17.5;50:17.5;NULL
16084;16881;EFECTO VERDE;50:17.5;50:17.5;NULL
16085;16882;GRIS CHISPA;50:17.5;50:17.5;NULL
16086;16883;SILICE TORNADO Y AZUL;50:17.5;50:17.5;NULL
16087;16884;VERDE Y AZUL;50:17.5;50:17.5;NULL
16088;16885;ROJO FURIA BITONO;50:17.5;50:17.5;NULL
16089;16886;BLANCO POLAR BITONO;50:17.5;50:17.5;NULL
16090;16887;ROJO IMPERIAL GRIS PLOMO METAL;50:17.5;50:17.5;NULL
16091;16888;GRIS ROCA MATE;50:17.5;50:17.5;NULL
16092;16889;GRIS ROCA Y NEGRO;50:17.5;50:17.5;NULL
16093;16890;VENTISCA PERLADA;50:17.5;50:17.5;NULL
16094;16891;ROJO GALAXIA;50:17.5;50:17.5;NULL
16095;16892;PLATA CLASICA METALIZADA/1F7;50:17.5;50:17.5;NULL
16096;16893;PLATA MERCURIO Y AZUL;50:17.5;50:17.5;NULL
16097;16894;CAFE MOCA ESCARCHADO;50:17.5;50:17.5;NULL
16098;16895;AMARILLO AZUL Y ROJO;50:17.5;50:17.5;NULL
16099;16896;NARANJA PT;50:17.6;50:17.6;NULL
16100;16897;PLATA MEDIANOCHE METALIZADO;50:17.6;50:17.6;NULL
16101;16898;SATIN BLACK GREY;50:17.6;50:17.6;NULL
16102;16899;GRIS CASSIOPE + GRIS ESTRELLA;50:17.6;50:17.6;NULL
16103;16900;BLANCO NIEBLA Y NEGRO;50:17.6;50:17.6;NULL
16104;16901;AZUL LAVA Y PLATA;50:17.6;50:17.6;NULL
16105;16902;GRIS DAYTONA PERLADO;50:17.6;50:17.6;NULL
16106;16903;BEIGE Y NEGRO MATE;50:17.6;50:17.6;NULL
16107;16904;GRIS SPARKLE;50:17.6;50:17.6;NULL
16108;16905;BLANCO NIEBLA VERDE;50:17.6;50:17.6;NULL
16109;16906;BLANCO GLACIAL NEGRO;50:17.6;50:17.6;NULL
16110;16907;G MANUFAKTUR GRIS MONZA MAGNO;50:17.6;50:17.6;NULL
16111;16908; BLANCO Y AZUL CLOISONNE;50:17.6;50:17.6;NULL
16112;16909;VIOLETA PLATA;50:17.6;50:17.6;NULL
16113;16910;GRIS CLARO GRIS METALIZADO VERDE PERLADO METALIZADO;50:17.6;50:17.6;NULL
16114;16911;BLANCO CALIDO;50:17.7;50:17.7;NULL
16115;16912;NEGRO Y ROJO VINO;50:17.7;50:17.7;NULL
16116;16913;METALIZADO ORO ROSA;50:17.7;50:17.7;NULL
16117;16914;PLATA MORADO NARANJA BLANCO DORADO;50:17.7;50:17.7;NULL
16118;16915;NEGRO AZUL PERLA;50:17.7;50:17.7;NULL
16119;16916;AZUL, GRIS OCASO Y GRIS PLATA ESCUNA;50:17.7;50:17.7;NULL
16120;16917;ROJO POLIESTER;50:17.7;50:17.7;NULL
16121;16918;MORADO ROSSO;50:17.7;50:17.7;NULL
16122;16919;HABANO Y BLANCO;50:17.7;50:17.7;NULL
16123;16920;BLANCO ROJO VELVET;50:17.7;50:17.7;NULL
16124;16921;NARANJA ROSADO;50:17.7;50:17.7;NULL
16125;16922;AMARILLO PANTONE;50:17.7;50:17.7;NULL
16126;16923;RIS ESTRELLA - NEGRO NACARADO;50:17.7;50:17.7;NULL
16127;16924;SUPER ROJO, NEGRO;50:17.7;50:17.7;NULL
16128;16925;BLANCO BRONCE METALICO;50:17.7;50:17.7;NULL
16129;16926;CINZA TITANIUM METALICO;50:17.7;50:17.7;NULL
16130;16927;BLANCO PERLADO TECHO NEGRO;50:17.8;50:17.8;NULL
16131;16928;GRIS TECHO NEGRO;50:17.8;50:17.8;NULL
16132;16929;AZUL CORCEGA Y AMARILLO;50:17.8;50:17.8;NULL
16133;16930;NARANJA CON BLANCO Y NEGRO;50:17.8;50:17.8;NULL
16134;16931;AZUL SIGMA MET;50:17.8;50:17.8;NULL
16135;16932;ROJO SOUL RED MET;50:17.8;50:17.8;NULL
16136;16933;ROJO VILBOA;50:17.8;50:17.8;NULL
16137;16934;HOJA SECA SICODELICO;50:17.8;50:17.8;NULL
16138;16935;AZUL  MONARCA METALICO;50:17.8;50:17.8;NULL
16139;16936;GRIS ESTRELLA- NEGRO NACARADO;50:17.8;50:17.8;NULL
16140;16937;PALE BLUE AZUL;50:17.8;50:17.8;NULL
16141;16938;VERDE PINU;50:17.8;50:17.8;NULL
16142;16939;BLANCO GEADA VERDE;50:17.8;50:17.8;NULL
16143;16940;AZUL SNAPPER;50:17.8;50:17.8;NULL
16144;16941;IRIDIUM SILVER METALICO;50:17.8;50:17.8;NULL
16145;16942;VERDE MENTA MORADO NEGRO;50:17.9;50:17.9;NULL
16146;16943;BRONCE GONDWANA STONE;50:17.9;50:17.9;NULL
16147;16944;VERDE PANGEA;50:17.9;50:17.9;NULL
16148;16945;AZUL TASMAN;50:17.9;50:17.9;NULL
16149;16946;MORADO AZUL GRIS;50:17.9;50:17.9;NULL
16150;16947;GRIS ESTRELLA - NEGRO NACARADO;50:17.9;50:17.9;NULL
16151;16948;VERDE CLARO Y GRIS METALICO;50:17.9;50:17.9;NULL
16152;16949;NARANJA FUSION;50:17.9;50:17.9;NULL
16153;16950;AZUL VERTIGO;50:17.9;50:17.9;NULL
16154;16951;CAFE MOCA METALICO AMBAR DORADO;50:17.9;50:17.9;NULL
16155;16952;SABLE EFECTO;50:17.9;50:17.9;NULL
16156;16953;ROJO VIPER GRIS METALICO;50:17.9;50:17.9;NULL
16157;16954;NEGRO MULTIEFECTO;50:17.9;50:17.9;NULL
16158;16955;BLANCO VIOLETA Y AZUL AGUAMARINA;50:17.9;50:17.9;NULL
16159;16956;PLATA METALICO  AZUL CLOISONN;50:17.9;50:17.9;NULL
16160;16957;TURQUEZA LAVANDA;50:17.9;50:17.9;NULL
16161;16958;TURQUESA MEDIO MICA;50:17.9;50:17.9;NULL
16162;16959;VIOLETA MATE;50:17.9;50:17.9;NULL
16163;16960;VERDE JADE Y PLATEADO METALICO;50:18.0;50:18.0;NULL
16164;16961;VINOTINTO Y NEGRO;50:18.0;50:18.0;NULL
16165;16962;VERDE METALICO HIGHLAND;50:18.0;50:18.0;NULL
16166;16963;GRIS GRANITO PERLECENTE Y NEGRO;50:18.0;50:18.0;NULL
16167;16964;NEGRO/G. OSCURO;50:18.0;50:18.0;NULL
16168;16965;BEIGE METALICA;50:18.0;50:18.0;NULL
16169;16966;BLANCO BANQUISE Y NEGRO;50:18.0;50:18.0;NULL
16170;16967;BLANCO GRIS PERLADO;50:18.0;50:18.0;NULL
16171;16968;NARDO GREY;50:18.0;50:18.0;NULL
16172;16969;AZUL MONARCA AZUL CLARO METALICO;50:18.0;50:18.0;NULL
16173;16970;ORO COSECHA ROJO SEMINOLE;50:18.0;50:18.0;NULL
16174;16971;BLANCO ROJO CORAL;50:18.0;50:18.0;NULL
16175;16972;G MANUFAKTUR GRIS INDIO METALIZADO;50:18.0;50:18.0;NULL
16176;16973;AZUL Y FRANJA ROJA;50:18.0;50:18.0;NULL
16177;16974;AZUL DYNO PERLA;50:18.1;50:18.1;NULL
16178;16975;HABANO COSECHA;50:18.1;50:18.1;NULL
16179;16976;VERDE Y NEGRO MATE;50:18.1;50:18.1;NULL
16180;16977;PLATA SABLE Y NEGRO;50:18.1;50:18.1;NULL
16181;16978;GRIS SATIN Y NEGRO;50:18.1;50:18.1;NULL
16182;16979;ROJO AÑEJO Y NEGRO;50:18.1;50:18.1;NULL
16183;16980;BLANCO ALPINO CON NEGRO;50:18.1;50:18.1;NULL
16184;16981;NARDO GRAY;50:18.1;50:18.1;NULL
16185;16982;VERDE IRLANDES VERDE LIMON;50:18.1;50:18.1;NULL
16186;16983;SONIC SILVER;50:18.1;50:18.1;NULL
16187;16984;WINTER WHITE;50:18.1;50:18.1;NULL
16188;16985;ROJO Y NEGRO PERLADO;50:18.1;50:18.1;NULL
16189;16986;NEGRO MATE MULTICOLOR;50:18.2;50:18.2;NULL
16190;16987;BEIGE MARROQUI CON AZUL;50:18.2;50:18.2;NULL
16191;16988;GRIS KEMORA;50:18.2;50:18.2;NULL
16192;16989;BLANCO NARANJA METALIZADO;50:18.2;50:18.2;NULL
16193;16990;AZUL CANDY NEGRO;50:18.2;50:18.2;NULL
16194;16991;MORADO, AZUL Y NEGRO;50:18.2;50:18.2;NULL
16195;16992;AZUL UNIQUE PERLADO;50:18.2;50:18.2;NULL
16196;16993;AZUL AMATISTA Y VIOLETA;50:18.2;50:18.2;NULL
16197;16994;NEGRO CÓSMICO PERLADO- ROJO;50:18.2;50:18.2;NULL
16198;16995;GRIS ESTRELLA CON NEGRO NACAR;50:18.2;50:18.2;NULL
16199;16996;ROJO VULCANO METALIZADO CON NEGRO;50:18.2;50:18.2;NULL
16200;16997;GRIS POLARIS;50:18.2;50:18.2;NULL
16201;16998;GRIS METALICO ROJO VIPER;50:18.2;50:18.2;NULL
16202;16999;AZUL CREPUSCULO VERDE;50:18.2;50:18.2;NULL
16203;17000;ROSSO SCUDERIA;50:18.2;50:18.2;NULL
16204;17001;GRIS ICEBE METAL;50:18.3;50:18.3;NULL
16205;17002;AZUL ROYAL METALICO;50:18.3;50:18.3;NULL
16206;17003;BLANCO MAHLER Y AZUL;50:18.3;50:18.3;NULL
16207;17004;AZUL ABYSS PEARL;50:18.3;50:18.3;NULL
16208;17005;GRIS  TUNGSTEN METALLIC;50:18.3;50:18.3;NULL
16209;17006;GRIS MAGNETITE  METALLIC;50:18.3;50:18.3;NULL
16210;17007;BLANCO Y ROJO PERLADO;50:18.3;50:18.3;NULL
16211;17008;ROJO VELVET FRANJAS BLANCAS Y DORADAS;50:18.4;50:18.4;NULL
16212;17009;NEGRO GRIS DORADO Y BLANCO;50:18.4;50:18.4;NULL
16213;17010;NARANJA Y CAFE ORO;50:18.4;50:18.4;NULL
16214;17011;CANDY NARANJA Y NEGRO;50:18.4;50:18.4;NULL
16215;17012;BLANCO GRIS AMARILLO;50:18.4;50:18.4;NULL
16216;17013;BLACK WITH GOLD GRAPHICS;50:18.4;50:18.4;NULL
16217;17014;AMARILLO GRIS CARBON;50:18.4;50:18.4;NULL
16218;17015;ROJO PAVOTS BLANCO;50:18.4;50:18.4;NULL
16219;17016;BLANC GLACIER MAT;50:18.4;50:18.4;NULL
16220;17017;NARANJA TECHO NEGRO;50:18.4;50:18.4;NULL
16221;17018;VERDE/NEGRO/BEIGE;50:18.4;50:18.4;NULL
16222;17019;CREMA Y ROJO;50:18.4;50:18.4;NULL
16223;17020;DEEP BROWN;50:18.4;50:18.4;NULL
16224;17021;ORO AZTECA METALICO;50:18.4;50:18.4;NULL
16225;17022;AZUL NEGRO CARBONO;50:18.4;50:18.4;NULL
16226;17023;RVE CONCEPT;50:18.4;50:18.4;NULL
16227;17024;DARK STEALTH - NEGRO LUCIDO;50:18.4;50:18.4;NULL
16228;17025;DIAMOND BLACK - ARGENTO VIVO;50:18.5;50:18.5;NULL
16229;17026;ROJO MONTANA PLATEADO;50:18.5;50:18.5;NULL
16230;17027;AZUL MARLIN NEGRO;50:18.5;50:18.5;NULL
16231;17028;VERDE TURQUESA PERLADO Y NEGRO;50:18.5;50:18.5;NULL
16232;17029;VERDE OSCURO METALI;50:18.5;50:18.5;NULL
16233;17030;NEGRO A;50:18.5;50:18.5;NULL
16234;17031;NARANJA NEGRO VERDE;50:18.5;50:18.5;NULL
16235;17032;ROJO VINOTINTO BLANCO;50:18.5;50:18.5;NULL
16236;17033;VIOLETA Y ROJO BRONCE;50:18.5;50:18.5;NULL
16237;17034;GRIS ASFALTO ROJO;50:18.5;50:18.5;NULL
16238;17035;WHITE AND GREY;50:18.5;50:18.5;NULL
16239;17036;ROJO NEGRO METALIZADO;50:18.5;50:18.5;NULL
16240;17037;VERDE PRIMAVERA ROJO;50:18.5;50:18.5;NULL
16241;17038;VERDE AGUA METALICO AZUL CONCORD;50:18.5;50:18.5;NULL
16242;17039;COSTA AZUL PERLADA/8V5;50:18.5;50:18.5;NULL
16243;17040;LONG BEACH;50:18.6;50:18.6;NULL
16244;17041;PLATA CERAMICO;50:18.6;50:18.6;NULL
16245;17042;AZUL BALTICO PERLADO;50:18.6;50:18.6;NULL
16246;17043;AZUL IMPULSO;50:18.6;50:18.6;NULL
16247;17044;BRONZIT BEIGE;50:18.6;50:18.6;NULL
16248;17045;BEIGE MET;50:18.6;50:18.6;NULL
16249;17046;VERDE PITÓN;50:18.6;50:18.6;NULL
16250;17047;EFECTO UVA;50:18.6;50:18.6;NULL
16251;17048;BLANCO CUARZO;50:18.6;50:18.6;NULL
16252;17049;SUPERBLANCO 2 Y NEGRO;50:18.6;50:18.6;NULL
16253;17050;GRIS/AZUL;50:18.6;50:18.6;NULL
16254;17051;AZUL VISCAYA;50:18.6;50:18.6;NULL
16255;17052;GRIS ANTRACITAS MATE;50:18.6;50:18.6;NULL
16256;17053;GRIS BLANCO MORADO;50:18.6;50:18.6;NULL
16257;17054;AZUL GALAXIA METALIZADAS;50:18.7;50:18.7;NULL
16258;17055;TORNASOL MORADO AZUL Y DORADO;50:18.7;50:18.7;NULL
16259;17056;AMARIL.NACIENDO;50:18.7;50:18.7;NULL
16260;17057;BLANCO AZUL RACING METALIZADO NEGRO SAFIRO;50:18.7;50:18.7;NULL
16261;17058;ALUMINUM;50:18.7;50:18.7;NULL
16262;17059;VERDE CEDRO METALIZADO;50:18.7;50:18.7;NULL
16263;17060;PRETO VESUVIO;50:18.7;50:18.7;NULL
16264;17061;TORNASOL;50:18.7;50:18.7;NULL
16265;17062;CASIOPPE;50:18.7;50:18.7;NULL
16266;17063;PLATA CHISPA METALIZADO;50:18.7;50:18.7;NULL
16267;17064;AZUL MARINO/GRIS PLOMO METALIZ;50:18.7;50:18.7;NULL
16268;17065;ROJO Y PLATEADO;50:18.7;50:18.7;NULL
16269;17066;BLANCO BEIGE CAMUFLADO;50:18.7;50:18.7;NULL
16270;17067;LILA NEGRO GRIS;50:18.7;50:18.7;NULL
16271;17068;BLANCO-AZUL-AMARILLO LIMON;50:18.7;50:18.7;NULL
16272;17069;ROJO MISTICO Y NEGRO CARBONO;50:18.7;50:18.7;NULL
16273;17070;NARANJA BLANCO NEGRO ROJO;50:18.8;50:18.8;NULL
16274;17071;PLATA NIQUEL/GRIS PLOMO METALI;50:18.8;50:18.8;NULL
16275;17072;BLANCO PERLADO MULTICOLOR;50:18.8;50:18.8;NULL
16276;17073;GRIS CELENITA METALIZADO;50:18.8;50:18.8;NULL
16277;17074;AZUL DAITONA;50:18.8;50:18.8;NULL
16278;17075;BLANCO SIRIO ROJO FLAMA;50:18.8;50:18.8;NULL
16279;17076;EFECTO LUZ DE LUNA;50:18.8;50:18.8;NULL
16280;17077;GRIS NUBE METALICO;50:18.8;50:18.8;NULL
16281;17078;ARENA - NEGRO - ROJO CAN AM;50:18.8;50:18.8;NULL
16282;17079;AZUL OCTANO;50:18.8;50:18.8;NULL
16283;17080;GRIS TITAN CASIOPE;50:18.8;50:18.8;NULL
16284;17081;PLATA HIGHTECH METALIZADO;50:18.8;50:18.8;NULL
16285;17082;DARK ROSEWOOD;50:18.8;50:18.8;NULL
16286;17083;NARANJADO - CAMALEON - AMARILLO NEON;50:18.9;50:18.9;NULL
16287;17084;ROJO LUCIDO;50:18.9;50:18.9;NULL
16288;17085;BLANCO PERLADO, NEGRO Y NARANJA;50:18.9;50:18.9;NULL
16289;17086;NEGRO PERLADO Y PLATEADO;50:18.9;50:18.9;NULL
16290;17087;ROJO LADRILLO Y CHAMPAGNE;50:18.9;50:18.9;NULL
16291;17088;AMARILLO FLUORESCENTE Y NEGRO;50:18.9;50:18.9;NULL
16292;17089;SUPER BLANCO Y NEGRO;50:18.9;50:18.9;NULL
16293;17090;GRIS PLATA NEGRO NUBOLOSA;50:18.9;50:18.9;NULL
16294;17091;NARDO GREWN Y NEGRO;50:18.9;50:18.9;NULL
16295;17092;AMARILLO NEGRO EBONY;50:18.9;50:18.9;NULL
16296;17093;AZUL CASPIAN METALIZADO;50:18.9;50:18.9;NULL
16297;17094;AZUL MOOREA NEGRO;50:18.9;50:18.9;NULL
16298;17095;NEGRO PERLADO ESMERALDA;50:18.9;50:18.9;NULL
16299;17096;ROJO ELIXIR NEGRO;50:18.9;50:18.9;NULL
16300;17097;AMARILLO VERDE TEAL;50:19.0;50:19.0;NULL
16301;17098;GRIS TITANIO;50:19.0;50:19.0;NULL
16302;17099;GRIS ATACAMA;50:19.0;50:19.0;NULL
16303;17100;NEGRO ROJO VERDE BLANCO;50:19.0;50:19.0;NULL
16304;17101;NEGRO ARRABBIATA;50:19.0;50:19.0;NULL
16305;17102;GRIS DEPORTIVO;50:19.0;50:19.0;NULL
16306;17103;BLANCO AZUL CHAMPAÑA;50:19.0;50:19.0;NULL
16307;17104;AZUL MERCURY;50:19.0;50:19.0;NULL
16308;17105;VERDE Y VERDE VIPER METALICO;50:19.0;50:19.0;NULL
16309;17106;AMARILLO BRILLANTE CLARO;50:19.0;50:19.0;NULL
16310;17107;ROJO, VERDE, MARFIL BLANCO;50:19.0;50:19.0;NULL
16311;17108;AZUL CLOISONN PLATA METALICO;50:19.0;50:19.0;NULL
16312;17109;BLANCO, PURPURA, AMATISTA;50:19.0;50:19.0;NULL
16313;17110;AZUL PERFORMANCE;50:19.0;50:19.0;NULL
16314;17111;NEGRO/PLATEADO;50:19.0;50:19.0;NULL
16315;17112;ROJO FUEGO Y BLANCO;50:19.0;50:19.0;NULL
16316;17113;ROJO SARONNO;50:19.0;50:19.0;NULL
16317;17114;ROJO HENNA;50:19.1;50:19.1;NULL
16318;17115;AZUL BARRANCA METALICO;50:19.1;50:19.1;NULL
16319;17116;CAFÉ OBSCURO;50:19.1;50:19.1;NULL
16320;17117;BLANCO PURPURA AMATISTA;50:19.1;50:19.1;NULL
16321;17118;PLATA PLATINA D 69;50:19.1;50:19.1;NULL
16322;17119;GRIS PLATA Y AZUL CON LOGOTIPOS COMERCIALES DE LA MARCA RED BULL AMARILLO Y ROJO;50:19.1;50:19.1;NULL
16323;17120;NEGRO NACARADO Y ROJO FERRARI;50:19.1;50:19.1;NULL
16324;17121;BLANCO ARCO BICAPA - AZUL - AMARILLO LIMON;50:19.1;50:19.1;NULL
16325;17122;VINO POLICROMADO;50:19.1;50:19.1;NULL
16326;17123;ROJO VELVELT;50:19.1;50:19.1;NULL
16327;17124;VERDE AVENTURINE METALICO;50:19.1;50:19.1;NULL
16328;17125;RACING RED;50:19.2;50:19.2;NULL
16329;17126;ROJO APACHE;50:19.2;50:19.2;NULL
16330;17127;METALLIC BLUE;50:19.2;50:19.2;NULL
16331;17128;GLOSSY WHITE;50:19.2;50:19.2;NULL
16332;17129;TOP FROST;50:19.2;50:19.2;NULL
16333;17130;T-GREY;50:19.2;50:19.2;NULL
16334;17131;AZUL ODÉON NEGRO;50:19.2;50:19.2;NULL
16335;17132;ROJO CLUNY NEGRO;50:19.2;50:19.2;NULL
16336;17133;BLANCO ÉTOILE NEGRO;50:19.2;50:19.2;NULL
16337;17134;PLATA DE CROMO METALIZADO /HY0;50:19.2;50:19.2;NULL
16338;17135;PLATASEDA METALICO *AZUL;50:19.2;50:19.2;NULL
16339;17136;GRIS AMARILLO Y CAFÉ;50:19.2;50:19.2;NULL
16340;17137;AZUL AZUL GRIS;50:19.2;50:19.2;NULL
16341;17138;BLANCO TAFFETA Y NEGRO;50:19.3;50:19.3;NULL
16342;17139;GRIS PERLA/GRIS MET;50:19.3;50:19.3;NULL
16343;17140;AZUL NEGRO ROJO Y GRIS;50:19.3;50:19.3;NULL
16344;17141;BLANCO/G.OSCURO;50:19.3;50:19.3;NULL
16345;17142;AZUL REAL METALIZADO;50:19.3;50:19.3;NULL
16346;17143;PLATA AZUL NEGRO;50:19.3;50:19.3;NULL
16347;17144;BLANCO ARCO BICAPA AZUL;50:19.3;50:19.3;NULL
16348;17145;NEGRO METALIZADO GRIS;50:19.3;50:19.3;NULL
16349;17146;GRIS GUIJARRO;50:19.3;50:19.3;NULL
16350;17147;GRIS ABEDUL;50:19.3;50:19.3;NULL
16351;17148;NEGRO-MORA-AZUL (BLUE);50:19.3;50:19.3;NULL
16352;17149;NEGRO MATE ROJO APACHE;50:19.3;50:19.3;NULL
16353;17150;NEGRO MATE GRIS CARBONO;50:19.3;50:19.3;NULL
16354;17151;BLANCO ONYX PERLADO;50:19.3;50:19.3;NULL
16355;17152;BEIGE DAKAR METALICO;50:19.4;50:19.4;NULL
16356;17153;PLATA METALIZADO AZUL METALIZADO NEGRO METALIZADO;50:19.4;50:19.4;NULL
16357;17154;PERLA VIOLETA Y NEGRO;50:19.4;50:19.4;NULL
16358;17155;CHAMPAGNE METALIZADO;50:19.4;50:19.4;NULL
16359;17156;NEGRO TORMENTA METALIZADO GRIS;50:19.4;50:19.4;NULL
16360;17157;NEGRO NINJA UNIV;50:19.4;50:19.4;NULL
16361;17158;AZUL LUCERO METALIZADO;50:19.4;50:19.4;NULL
16362;17159;PLATA NEGRO METALIZADO;50:19.4;50:19.4;NULL
16363;17160;EFECTO ORO;50:19.4;50:19.4;NULL
16364;17161;EFECTO AZUL CAÑÓN;50:19.4;50:19.4;NULL
16365;17162;EFECTO ORO COSECHA;50:19.4;50:19.4;NULL
16366;17163;VIOLETA PURPURA Y VIOLETA;50:19.4;50:19.4;NULL
16367;17164;GRIS ARROW PERLADO;50:19.4;50:19.4;NULL
16368;17165;GRIS SAPHFIRE METALIZADO;50:19.4;50:19.4;NULL
16369;17166;GRIS NOCHE METALIZADO;50:19.4;50:19.4;NULL
16370;17167;VERDE MENTA/BLANCO;50:19.4;50:19.4;NULL
16371;17168;AZUL DOS TONOS  Y GRIS;50:19.4;50:19.4;NULL
16372;17169;NEGRO OPALO METALIZADO;50:19.5;50:19.5;NULL
16373;17170;LADRILLO Y GRIS;50:19.5;50:19.5;NULL
16374;17171;PLATA BRONCE METALIZADO;50:19.5;50:19.5;NULL
16375;17172;NEGRO SABLE METALICO;50:19.5;50:19.5;NULL
16376;17173;VERDE METALIZADO BLANCO ROJO AZUL;50:19.5;50:19.5;NULL
16377;17174;BEIGE ARENA NEGRO;50:19.5;50:19.5;NULL
16378;17175;GRIS SPACE METALIZADO Y NEGRO;50:19.5;50:19.5;NULL
16379;17176;NARANJA – DORADO - ROJO;50:19.5;50:19.5;NULL
16380;17177;ARENA – NEGRO – ROJO CAN AM;50:19.5;50:19.5;NULL
16381;17178;CHAMPAÑA NEGRO MATE;50:19.5;50:19.5;NULL
16382;17179;BLANCO PERLADO AZUL;50:19.5;50:19.5;NULL
16383;17180;BLANCO PERLADO VERDE;50:19.5;50:19.5;NULL
16384;17181;AMARILLO, ROJO, MARRON,GRIS,BLANCO;50:19.5;50:19.5;NULL
16385;17182;ROJO NARANJA BLANCO NEGRO;50:19.5;50:19.5;NULL
16386;17183;PLATA TUNGSTENO METALICO-NEGRO;50:19.5;50:19.5;NULL
16387;17184;BLANCO OLIMPO;50:19.5;50:19.5;NULL
16388;17185;ZAFIRO;50:19.5;50:19.5;NULL
16389;17186;GRIS AZULOSO OSCURO METAL;50:19.5;50:19.5;NULL
16390;17187;PLATA SIRIUS METALICO ROJO NEGRO;50:19.5;50:19.5;NULL
16391;17188;AMARILLO PLASMA PEARL;50:19.5;50:19.5;NULL
16392;17189;AZUL LAGOON PEARL;50:19.5;50:19.5;NULL
16393;17190;ORO TOLEDANO Y FRANJAS ROJAS TRES TONOS;50:19.5;50:19.5;NULL
16394;17191;PLATA METALIZADO BRILLANTE;50:19.5;50:19.5;NULL
16395;17192;BLANCO CERAMICA/YAC;50:19.6;50:19.6;NULL
16396;17193;NEGRO NACARADO Y NARANJA;50:19.6;50:19.6;NULL
16397;17194;NEGRO ROJO AZUL;50:19.6;50:19.6;NULL
16398;17195;NEGRO NARANJA MORADO AZUL;50:19.6;50:19.6;NULL
16399;17196;AZUL ZAFIRO/PLATA METALICO;50:19.6;50:19.6;NULL
16400;17197;ROJO FLAMA GRIS;50:19.6;50:19.6;NULL
16401;17198;AZUL ABYSSE METALICO;50:19.6;50:19.6;NULL
16402;17199;LADRILLO PLATA;50:19.6;50:19.6;NULL
16403;17200;GRIS CON RAYAS ROJAS;50:19.6;50:19.6;NULL
16404;17201;TURQUESA AZUL PLATA;50:19.6;50:19.6;NULL
16405;17202;ROJO MANDARIN Y FRANJAS AZULES;50:19.6;50:19.6;NULL
16406;17203;BLANCO VERDE Y PLATA;50:19.6;50:19.6;NULL
16407;17204;VERDE NATURAL ROJO;50:19.6;50:19.6;NULL
16408;17205;GRIS MAGMA;50:19.6;50:19.6;NULL
16409;17206;NARANJA PLATEADO Y VIOLETA;50:19.6;50:19.6;NULL
16410;17207;BLANCO-NEGRO-GRIS-DORADO;50:19.6;50:19.6;NULL
16411;17208;BLANCO TRICAPA NEGRO TITAN;55:37.0;55:37.0;NULL
16412;17209;VERDE PLATA GRIS;55:37.0;55:37.0;NULL
16413;17210;CREMA TOLEANO;55:37.0;55:37.0;NULL
16414;17211;DARK GREY METALLIC;55:37.0;55:37.0;NULL
16415;17212;BROWN GREY METALLIC;55:37.0;55:37.0;NULL
16416;17213;GRIS METROPOLITANO Y NEGRO;55:37.0;55:37.0;NULL
16417;17214;EFECTO UVA Y GRIS;55:37.0;55:37.0;NULL
16418;17215;AMARILLO CON FRANJA ROJA;55:37.0;55:37.0;NULL
16419;17216;ORO & ROJO;55:37.0;55:37.0;NULL
16420;17217;PLATA & AZUL;55:37.0;55:37.0;NULL
16421;17218;ESMERALDA ROJO UVA;55:37.1;55:37.1;NULL
16422;17219;GRIS METALICO AZUL CLOISONNE;55:37.1;55:37.1;NULL
16423;17220;PLATA-TECHO NEGRO;55:37.1;55:37.1;NULL
16424;17221;BLANCO ESTELAR;55:37.1;55:37.1;NULL
16425;17222;GRIS MERCURIO NEGRO;55:37.1;55:37.1;NULL
16426;17223;VINO TINTO Y NIQUEL;55:37.1;55:37.1;NULL
16427;17224;PLATA NARANJA Y VERDE;55:37.1;55:37.1;NULL
16428;17225;ROJO METALIZADO NEGRO DORADO CHAMPAÑA;55:37.5;55:37.5;NULL
16429;17226;AMARILLO NEGRO BICAPA;55:37.6;55:37.6;NULL
16430;17227;AZUL NEPTUNO ROJO;55:37.6;55:37.6;NULL
16431;17228;GRIS CHAMPAGNE;55:37.6;55:37.6;NULL
16432;17229;TORNA SOL AZUL,MORADO  NEGRO;55:37.7;55:37.7;NULL
16433;17230;BLANCO AZUL AZUL;55:37.7;55:37.7;NULL
16434;17231;GRIS NANDO;55:37.7;55:37.7;NULL
16435;17232;AMARILLO ROSA CENIZA;55:37.7;55:37.7;NULL
16436;17233;DORADO ROJO AZUL;55:37.7;55:37.7;NULL
16437;17234;VERDE HELECHO CAFÉ MONTURA;55:37.7;55:37.7;NULL
16438;17235;AZUL CONTINENTAL AZUL OBSCURO;55:37.7;55:37.7;NULL
16439;17236;EFECTO LILA EFECTO PURPURA;55:37.7;55:37.7;NULL
16440;17237;EFECTO GRIS AZUL CLOISONNE;55:37.7;55:37.7;NULL
16441;17238;NEGRO MATE FUSCIA;55:37.8;55:37.8;NULL
16442;17239;AZUL MEDITERRANEO Y AZUL BAHIA;55:37.8;55:37.8;NULL
16443;17240;GRIS PIEDRA GRIS SPARKLE;55:37.9;55:37.9;NULL
16444;17241;GRIS AMATISTA CIRUELA GLAMOUR;55:37.9;55:37.9;NULL
16445;17242;NARANJA SAMOA;55:37.9;55:37.9;NULL
16446;17243;ROJO MANDARIN NEGRO;55:37.9;55:37.9;NULL
16447;17244;GRIS HIELO METALIZADO;55:37.9;55:37.9;NULL
16448;17245;DUCATI RED;55:37.9;55:37.9;NULL
16449;17246;NEGRO VESUBIO;55:37.9;55:37.9;NULL
16450;17247;VERDE MATIZ;55:38.0;55:38.0;NULL
16451;17248;AZUL CELEBES;55:38.0;55:38.0;NULL
16452;17249;BLANCO-CALMA AMARILLO;55:38.0;55:38.0;NULL
16453;17250;NEGRO SVO;55:38.0;55:38.0;NULL
16454;17251;BLANCO TURQUESA AZUL;55:38.0;55:38.0;NULL
16455;17252;BLANCO GRIS DORADO;55:38.0;55:38.0;NULL
16456;17253;GRIS GRIS ROJO;55:38.0;55:38.0;NULL
16457;17254;BLANCO NIEBLA VERDE LIMON;55:38.0;55:38.0;NULL
16458;17255;ROJO DRAGON NEGRO;55:38.1;55:38.1;NULL
16459;17256;NARANJA CANDY-GRIS;55:38.1;55:38.1;NULL
16460;17257;PLATEADO NEGRO DORADO;55:38.1;55:38.1;NULL
16461;17258;METALIZADO GRIS CENDRE;55:38.1;55:38.1;NULL
16462;17259;V/TINTOYNIQUEL;55:38.1;55:38.1;NULL
16463;17260;GRIS HIGHLAND;55:38.1;55:38.1;NULL
16464;17261;GRAPHIT;55:38.1;55:38.1;NULL
16465;17262;NEGRO NEBULOSA ROJO VOLCANO;55:38.1;55:38.1;NULL
16466;17263;NEGRO NEBULOSA METALIC BLUE;55:38.1;55:38.1;NULL
16467;17264;NEGRO NEBULOSA GRIS CARBONO;55:38.2;55:38.2;NULL
16468;17265;MOUNTAIN GREY;55:38.2;55:38.2;NULL
16469;17266;ARENA GOBI;55:38.2;55:38.2;NULL
16470;17267;ARENA - NEGRO- ROJO CAN AM;55:38.2;55:38.2;NULL
16471;17268;AZUL FJAS GRIS Y ROJA;55:38.2;55:38.2;NULL
16472;17269;GOBI;55:38.2;55:38.2;NULL
16473;17270;VERDE COPTAL;55:38.2;55:38.2;NULL
16474;17271;OROCOSECHA AMBAR DORADO;55:38.2;55:38.2;NULL
16475;17272;GRIS PIEDRA AMBAR DORADO;55:38.2;55:38.2;NULL
16476;17273;PLATA METALICO AZUL INTENSO;55:38.2;55:38.2;NULL
16477;17274;AZUL TIBIO;55:38.2;55:38.2;NULL
16478;17275;NEBULOSA NEGRO MATE;55:38.2;55:38.2;NULL
16479;17276;ROJO VULCANO Y FIBRA DE CARBONO NEGRO;55:38.3;55:38.3;NULL
16480;17277;AMARILLO  GRIS SPARKLE;55:38.3;55:38.3;NULL
16481;17278;GRIS METALICO  VERDE;55:38.3;55:38.3;NULL
16482;17279;PANTERA ROSA  MORADO LAVANDA;55:38.3;55:38.3;NULL
16483;17280;ORO COSECHA   ROJO KENWORTH;55:38.3;55:38.3;NULL
16484;17281;ROJO ESCARLATA CON FRANJA NEGRA;55:38.3;55:38.3;NULL
16485;17282;CONISTON GREEN;55:38.4;55:38.4;NULL
16486;17283;PLATA HAKUBA;55:38.4;55:38.4;NULL
16487;17284;NEBULOSA GRIS;55:38.4;55:38.4;NULL
16488;17285;GRIS CARBON PERLADO;55:38.5;55:38.5;NULL
16489;17286;NEGRO METALLICO;55:38.5;55:38.5;NULL
16490;17287;ROJO CALIFORNIA Y BLANCO;55:38.5;55:38.5;NULL
16491;17288;AMARILLO BEIS Y GRIS CON FRANJAS ROJAS Y AZUL;55:38.5;55:38.5;NULL
16492;17289;GRIS VELBET;55:38.5;55:38.5;NULL
16493;17290;PLATA SONIC SILVER;55:38.5;55:38.5;NULL
16494;17291;NEGRO, NARANJA Y BEIGE;55:38.5;55:38.5;NULL
16495;17292;VERDE ISLA CAIMAN METALIZADO;55:38.5;55:38.5;NULL
16496;17293;GRIS MAGNETICO METALIZADO NEGRO;55:38.5;55:38.5;NULL
16497;17294;HABANO Y MOSTAZA;55:38.5;55:38.5;NULL
16498;17295;LILA  MORADO METALICO;55:38.5;55:38.5;NULL
16499;17296;VERDE HELECHO METALICO CAFÉ VONTURA OBSCURO METALICO;55:38.6;55:38.6;NULL
16500;17297;AZUL CONTINENTAL CLARO METALICO AZUL OBSCURO METALICO;55:38.6;55:38.6;NULL
16501;17298;GRIS METALIZADO DORADO NEGRO Y BLANCO;55:38.6;55:38.6;NULL
16502;17299;VERDE GRAFITO/BEIGE;55:38.6;55:38.6;NULL
16503;17300;BLANCO NARANJA PREMIUN;55:38.6;55:38.6;NULL
16504;17301;VINO CEREZA;55:38.6;55:38.6;NULL
16505;17302;BLANCO OLIMPICO Y MORADO;55:38.6;55:38.6;NULL
16506;17303;AZUL PERLADO Y BLANCO;55:38.6;55:38.6;NULL
16507;17304;GRIS UNITED METALICO;55:38.6;55:38.6;NULL
16508;17305;ROJO VULCANO METALIZADO Y NEGRO;55:38.6;55:38.6;NULL
16509;17306;COBRE Y BLANCO;55:38.6;55:38.6;NULL
16510;17307;AZUL VERDADERO METALIZADO/B14;55:38.6;55:38.6;NULL
16511;17308;GRIS ACERO SABLE;55:38.6;55:38.6;NULL
16512;17309;BLANCO AMARILLO ROJO NEGRO;55:38.6;55:38.6;NULL
16513;17310;PLATA ESCUNA GRIS OCASO;55:38.7;55:38.7;NULL
16514;17311;BICOLOR;55:38.7;55:38.7;NULL
16515;17312;BLANCO PRIMER GRIS;55:38.7;55:38.7;NULL
16516;17313;AZUL CLARO TECHO NEGRO;55:38.7;55:38.7;NULL
16517;17314;BLANCO GELATO;55:38.7;55:38.7;NULL
16518;17315;GRIS PLATA DORADO BLANCO Y  NEGRO;55:38.7;55:38.7;NULL
16519;17316;NEGRO SABLE Y ROJO FUEGO;55:38.7;55:38.7;NULL
16520;17317;VERDE POLAR Y PLATA METALICO;55:38.7;55:38.7;NULL
16521;17318;BLANCO PURO (SOLIDO);55:38.7;55:38.7;NULL
16522;17319;VERDE HELECHO METALICO CAFÉ MONTURA OBSCURO METALICO;55:38.7;55:38.7;NULL
16523;17320;NEGRO Y MARFIL;55:38.7;55:38.7;NULL
16524;17321;GRIS INTERMETALICO;55:38.7;55:38.7;NULL
16525;17322;GRIS GRANITO PERLESCENTE Y BLANCO;55:38.8;55:38.8;NULL
16526;17323;VERDE MISTICO METALIZADO;55:38.8;55:38.8;NULL
16527;17324;GRIS PLATINO METALICO Y NEGRO;55:38.8;55:38.8;NULL
16528;17325;GRIS METALICO AZUL CLOISONNE OBSCURO METALICO;55:38.8;55:38.8;NULL
16529;17326;AZUL PATRIOT;55:38.8;55:38.8;NULL
16530;17327;AMARILLO PLATA GRIS;55:38.8;55:38.8;NULL
16531;17328;BLANCO VIOLETA VIOLETA;55:38.8;55:38.8;NULL
16532;17329;NARANJA BLANCO CAFE;55:38.8;55:38.8;NULL
16533;17330;NARANJA BLANCO GRIS;55:38.8;55:38.8;NULL
16534;17331;AMARILLO BRILLANTE VERDE PRIMAVERA;55:38.8;55:38.8;NULL
16535;17332;GRIS AMATISTA CIRUELA GLAMO;55:38.8;55:38.8;NULL
16536;17333;MOCHA FROST GRIS SPARKLE;55:38.8;55:38.8;NULL
16537;17334;METALICO GRIS PIEDRA;55:38.8;55:38.8;NULL
16538;17335;MORADO METALICO GRIS PIEDRA;55:38.8;55:38.8;NULL
16540;17337;ORO COSECHA ORO METALICO;55:38.8;55:38.8;NULL
16541;17338;VERDE TEAL GRIS METALICO;55:38.8;55:38.8;NULL
16542;17339;CRYSTAL GRAY;55:38.8;55:38.8;NULL
16543;17340;NEGRO AZUL AMARILLO NEON;55:38.8;55:38.8;NULL
16544;17341;BLANCO NEVADO METALIZADO / NEGRO;55:38.9;55:38.9;NULL
16545;17342;ROJO PUNZO Y NEGRO;55:38.9;55:38.9;NULL
16546;17343;AZUL BLANCO NARANJA ROJO VERDE;55:38.9;55:38.9;NULL
16547;17344;CRYSTAL GREY;55:38.9;55:38.9;NULL
16548;17345;AZUL NEBULOSO METALICO;55:38.9;55:38.9;NULL
16549;17346;ZAPOTE GRIS NEGRO;55:38.9;55:38.9;NULL
16550;17347;VERDE PHANTON;55:38.9;55:38.9;NULL
16551;17348;METAL BRILLANTE;55:38.9;55:38.9;NULL
16552;17349;NEW SILVER;55:38.9;55:38.9;NULL
16553;17350;AVIATOR GREY;55:38.9;55:38.9;NULL
16554;17351;PLATA METÁLICO & AZUL MEDIANOCHE;55:38.9;55:38.9;NULL
16555;17352;ROJO CRISTAL TRICAPA;55:38.9;55:38.9;NULL
16556;17353;ROJO PERLADO TECHO NEGRO;55:38.9;55:38.9;NULL
16557;17354;ORO COSECHA ROJO;55:38.9;55:38.9;NULL
16558;17355;VERDE TEAL NEGRO;55:38.9;55:38.9;NULL
16559;17356;PLATA METALICO VERDE VIPER;55:38.9;55:38.9;NULL
16560;17357;AZUL BARRANCA PLATA METALICO;55:38.9;55:38.9;NULL
16561;17358;BLANCO AZUL TWILIGHT;55:38.9;55:38.9;NULL
16562;17359;ORO COSECHA GRIS SPARKLE;55:39.0;55:39.0;NULL
16563;17360;ORO COSECHA ROJO CORAL;55:39.0;55:39.0;NULL
16564;17361;AZUL CONTINENTAL AZUL MONARCA;55:39.0;55:39.0;NULL
16565;17362;PLATA AZUL MONARCA;55:39.0;55:39.0;NULL
16566;17363;PLATA AZUL MEDIANOCHE;55:39.0;55:39.0;NULL
16567;17364;DORADO OBSCURO;55:39.0;55:39.0;NULL
16568;17365;GRAY METALLIC SILVER;55:39.0;55:39.0;NULL
16569;17366;AZUL CHAMPANA Y BLANCO;55:39.0;55:39.0;NULL
16570;17367;BLANCO MORADO GRIS;55:39.0;55:39.0;NULL
16571;17368;ROSA CENIZA OBSCURO;55:39.0;55:39.0;NULL
16572;17369;TURQUESA GRIS;55:39.0;55:39.0;NULL
16573;17370;BLANCO ROJO MISTICO;55:39.0;55:39.0;NULL
16574;17371;ROJO UVA METALICO;55:39.0;55:39.0;NULL
16575;17372;MORADO ROAM GRIS AMATISTA;55:39.0;55:39.0;NULL
16576;17373;ROJO CORAL MET MOCHA FROST PR;55:39.1;55:39.1;NULL
16577;17374;CIRUELA GLAMO;55:39.1;55:39.1;NULL
16578;17375;AZUL MARINERO METALICO;55:39.1;55:39.1;NULL
16579;17376;NARANJA EFECTO COBRE;55:39.1;55:39.1;NULL
16580;17377;CREMA METALICO GRIS SPARKLE;55:39.1;55:39.1;NULL
16581;17378;GRIS METALICO ROJO FUEGO;55:39.1;55:39.1;NULL
16582;17379;BLANCO  ROJO KENWORTH;55:39.1;55:39.1;NULL
16583;17380;BLANCO ROJO KENWORTH;55:39.1;55:39.1;NULL
16584;17381;AZUL CLOISONNE OBSCURO;55:39.1;55:39.1;NULL
16585;17382;MATTE ULTRAMARINE VIOLET;55:39.1;55:39.1;NULL
16586;17383;GRIS ORSAY NEGRO;55:39.1;55:39.1;NULL
16587;17384;ROJO CORAL METALIZADO;55:39.1;55:39.1;NULL
16588;17385;ROJO DIAMANTE TINTA;55:39.1;55:39.1;NULL
16589;17386;BLANCO VAINILLA Y MORADO;55:39.2;55:39.2;NULL
16590;17387;CAFÉ OBSCURO METALICO;55:39.2;55:39.2;NULL
16591;17388;ROSA CENIZA OBSCURO METALICO;55:39.2;55:39.2;NULL
16592;17389;BLANCO PURO Y NEGRO;55:39.2;55:39.2;NULL
16593;17390;BLANCO MORADO METALICO;55:39.2;55:39.2;NULL
16594;17391;PLATA AZUL CONCORD;55:39.2;55:39.2;NULL
16595;17392;PLATA METALICO AZUL METALICO;55:39.2;55:39.2;NULL
16596;17393;VERDE NEGRO METALICO;55:39.2;55:39.2;NULL
16597;17394;NARANJA Y PLATEADO Y NEGRO;55:39.2;55:39.2;NULL
16598;17395;BURGUNDY (ROJO TINTO BOGONA CON NEGRO);55:39.2;55:39.2;NULL
16599;17396;PLATA METALICO ROJO FRAMBUESA;55:39.3;55:39.3;NULL
16600;17397;PLATA POLIETI Y VERDE TEAL;55:39.3;55:39.3;NULL
16601;17398;ROJO FUEGO, NEGRO BICAPA;55:39.3;55:39.3;NULL
16602;17399;MACHINE GREY;55:39.3;55:39.3;NULL
16603;17400;GRIS MICA PREDAWN/1H1;55:39.3;55:39.3;NULL
16604;17401;NARANJA SPEED AMARILLO;55:39.3;55:39.3;NULL
16605;17402;CREMA VERDE TEAL;55:39.3;55:39.3;NULL
16606;17403;GRIS CUMULUS ROJO;55:39.3;55:39.3;NULL
16607;17404;VERDE GRIS METALICO;55:39.3;55:39.3;NULL
16608;17405;ROJO BLANCO PERLADO;55:39.3;55:39.3;NULL
16609;17406;ROJO EMPERADOR;55:39.3;55:39.3;NULL
16610;17407;AZUL JAZZ-NEGRO;55:39.3;55:39.3;NULL
16611;17408;AZUL NEGRO AMARILLO;55:39.3;55:39.3;NULL
16612;17409;GRIS ORSAY -NEGRO;55:39.3;55:39.3;NULL
16613;17410;BLANCO ORIX METALIZADO;55:39.4;55:39.4;NULL
16614;17411;VERDE CAMUFLADO METALIZADO;55:39.4;55:39.4;NULL
16615;17412;ALABASTER SILVER METALIZADO;55:39.4;55:39.4;NULL
16616;17413;PLATA MICA Y NEGRO;55:39.4;55:39.4;NULL
16617;17414;PLATA BRILLANTE Y NEGRO;55:39.4;55:39.4;NULL
16618;17415;GRIS OSCURO MICA METALIC;55:39.4;55:39.4;NULL
16619;17416;GRIS Y BLANCO MARFIL;55:39.4;55:39.4;NULL
16620;17417;NEGRO PLATA METALICO;55:39.4;55:39.4;NULL
16621;17418;PLATA ALABASTER NEGRO;55:39.4;55:39.4;NULL
16622;17419;NEGRO AZUL HUMO;55:39.4;55:39.4;NULL
16623;17420;MORADO METALICO VERDE;55:39.4;55:39.4;NULL
16624;17421;GRIS CARBON AZUL SURF;55:39.4;55:39.4;NULL
16625;17422;CREMA VERDE TEAL BR;55:39.4;55:39.4;NULL
16626;17423;GRIS GRAFITO M;55:39.4;55:39.4;NULL
16627;17424;BLANCO SIRIO AZUL OSCURO;55:39.4;55:39.4;NULL
16628;17425;VERDE TEAL AZUL;55:39.4;55:39.4;NULL
16629;17426;VERDE TEAL BRILLANTE;55:39.4;55:39.4;NULL
16630;17427;ROJO HOJA OTON;55:39.5;55:39.5;NULL
16631;17428;AMARILLO OCRE METALIZADO;55:39.5;55:39.5;NULL
16632;17429;NEGRO Y ROJO UVA;55:39.5;55:39.5;NULL
16633;17430;BRONCE BRILLIANT METALLIC;55:39.5;55:39.5;NULL
16634;17431;NEGRO Y VERDE LIMON;55:39.5;55:39.5;NULL
16635;17432;GRIS METALIZADO PLATA METALIZADA;55:39.5;55:39.5;NULL
16636;17433;AMARILLO GRIS SPARKLE;55:39.5;55:39.5;NULL
16637;17434;VERDE TURQUESA Y BLANCO;55:39.5;55:39.5;NULL
16638;17435;VERDE TEAL Y BEIGE;55:39.5;55:39.5;NULL
16639;17436;MORADO METALICO Y BEIGE;55:39.5;55:39.5;NULL
16640;17437;CAFE MONTURA OBSCURO;55:39.5;55:39.5;NULL
16641;17438;VERDE VERDE OBSCURO;55:39.5;55:39.5;NULL
16642;17439;LILA MORADO METALICO;55:39.5;55:39.5;NULL
16643;17440;MORADO ROAM;55:39.5;55:39.5;NULL
16644;17441;GRIS CUMULUS ROJO MEDIO;55:39.5;55:39.5;NULL
16645;17442;GRIS SPARKLE DORADO;55:39.6;55:39.6;NULL
16646;17443;PLATA METALICO VERDE CLARO METALICO;55:39.6;55:39.6;NULL
16647;17444;ORO LAS VEGAS NARANJA QUEMADO;55:39.6;55:39.6;NULL
16648;17445;PLATA METALICO VERDE ESMERALDA;55:39.6;55:39.6;NULL
16649;17446;VERDE OBSCURO;55:39.6;55:39.6;NULL
16650;17447;ROJO PERLADO BICAPA;55:39.6;55:39.6;NULL
16651;17448;MARRON GRISACEO MICA NEGRO;55:39.6;55:39.6;NULL
16652;17449;ROJO MATTE;55:39.7;55:39.7;NULL
16653;17450;MARRON GRISACEO MICA METALICO NEGRO;55:39.7;55:39.7;NULL
16654;17451;GRIS SINGAPUR METALIZADO MATE;55:39.7;55:39.7;NULL
16655;17452;ALUMINIO LENTICULAR;55:39.7;55:39.7;NULL
16656;17453;LADRILLO METALICO;55:39.7;55:39.7;NULL
16657;17454;BLANCO AZUL NEGRO GRIS;55:39.8;55:39.8;NULL
16658;17455;GRIS PIEDRA-GRIS SPARKLE;55:39.8;55:39.8;NULL
16659;17456;ROJO PEPERONCINO;55:39.8;55:39.8;NULL
16660;17457;CAFE OBSCURO METALICO;55:39.8;55:39.8;NULL
16661;17458;CREMA VERDE TEAL BRILLANTE OBSCURO METALICO;55:39.8;55:39.8;NULL
16662;17459;ROJO VINO ROXANE;55:39.8;55:39.8;NULL
16663;17460;MARRON Y NIQUEL;55:39.8;55:39.8;NULL
16664;17461;BOLD GOLD;55:39.8;55:39.8;NULL
16665;17462;CAFÉ MOCCA METALICO CAFÉ OBSCURO;55:39.8;55:39.8;NULL
16666;17463;ORO NARANJA;55:39.8;55:39.8;NULL
16667;17464;ORQUIDEA DE LA MAÑANA CIRUELA GLAMOUR;55:39.8;55:39.8;NULL
16668;17465;VERDE SUMATRA;55:39.8;55:39.8;NULL
16669;17466;AZUL TWILIGHT;55:39.9;55:39.9;NULL
16670;17467;ROJO PERLADO TRICAPA;55:39.9;55:39.9;NULL
16671;17468;AZUL ESCARLATA - NEGRO MATE;55:39.9;55:39.9;NULL
16672;17469;AZUL Y BLANCO - NEGRO MATE;55:39.9;55:39.9;NULL
16673;17470;ROJO Y BLANCO - NEGRO BRILLANTE;55:39.9;55:39.9;NULL
16674;17471;GRIS GALACTICO METALICO/PLATA;55:39.9;55:39.9;NULL
16675;17472;NEGRO OBSIDIAN/KH3;55:39.9;55:39.9;NULL
16676;17473;VERDE / VERDE OSCURO;55:39.9;55:39.9;NULL
16677;17474;PLATA METALICO AZUL MEDIANOCHE;55:39.9;55:39.9;NULL
16678;17475;EFECTO COBRE Y BEIGE;55:39.9;55:39.9;NULL
16679;17476;AZUL PLASMA;55:39.9;55:39.9;NULL
16680;17477;ROJO LAVA;55:39.9;55:39.9;NULL
16681;17478;AMARILLO NEON-NEGRO;55:39.9;55:39.9;NULL
16682;17479;AZUL CLOISONNE OBSCURO METALICO;55:39.9;55:39.9;NULL
16683;17480;VIOLETA OSCURO METALIZADO VIOLETA CLARO METALIZADO BREZO METÁLICO;55:39.9;55:39.9;NULL
16684;17481;ATOMIC SILVER;55:39.9;55:39.9;NULL
16685;17482;RUBIN METALICO;55:39.9;55:39.9;NULL
16686;17483;SUPER BLANCO, AZUL METALIZADO;55:39.9;55:39.9;NULL
16687;17484;ORO COSECHA METALICO ROJO KENWORTH RADIANTE;55:40.0;55:40.0;NULL
16688;17485;ROJO MANZANA ORO COSECHA METALICO;55:40.0;55:40.0;NULL
16689;17486;PLATA TURQUESA;55:40.0;55:40.0;NULL
16690;17487;ROJO VERMELLON GRIS METALIZADO FRIO ROJO;55:40.0;55:40.0;NULL
16691;17488;PLATA  AZUL BLANCO ROJO VERDE;55:40.0;55:40.0;NULL
16692;17489;PANTERA ROSA ROSA CENIZA OBSCURO;55:40.0;55:40.0;NULL
16693;17490;AZUL TROPICAL ROJO VIPER;55:40.0;55:40.0;NULL
16694;17491;VERDE VIPER;55:40.0;55:40.0;NULL
16695;17492;VIOLETA OSCURO METALIZADO BREZO METÁLICO VIOLETA CLARO METALIZADO;55:40.0;55:40.0;NULL
16696;17493;CAFE MOCA METALICO ORO AZTECA METALICO;55:40.0;55:40.0;NULL
16697;17494;NARANJA QUEMADO CAFE MONTURA;55:40.0;55:40.0;NULL
16698;17495;AZUL ANTRHANCITA;55:40.0;55:40.0;NULL
16699;17496;GRIS ESPACIAL METALIZADO;55:40.1;55:40.1;NULL
16700;17497;BLANCO GEADA - ROJO;55:40.1;55:40.1;NULL
16702;17499;TITANIUM GRAY & BLACK;55:40.1;55:40.1;NULL
16703;17500;WHITE SILK;55:40.1;55:40.1;NULL
16704;17501;AMARILLO NEON - NEGRO;55:40.1;55:40.1;NULL
16705;17502;ROJO VULCANO NEGRO;55:40.1;55:40.1;NULL
16706;17503;VERDE DISTRITO METALIZADO;55:40.1;55:40.1;NULL
16707;17504;GRIS VERDE NEGRO;55:40.1;55:40.1;NULL
16708;17505;AZUL PLATA DORADO;55:40.2;55:40.2;NULL
16709;17506;BRONCE LANTAU;55:40.2;55:40.2;NULL
16710;17507;VERDE GRIS NEGRO;55:40.2;55:40.2;NULL
16711;17508;AZUL OSCURO ZAFIRO METALIZADO;55:40.2;55:40.2;NULL
16712;17509;BLANCO PERLADO CAMALEON;55:40.2;55:40.2;NULL
16713;17510;GRIS MICA OSCURO METALIZADO;55:40.2;55:40.2;NULL
16714;17511;NEGRO CON CAFÉ;55:40.2;55:40.2;NULL
16715;17512;VERDE TROPICO Y NEGRO;55:40.2;55:40.2;NULL
16716;17513;ROJO RADIANTE/3L5;55:40.2;55:40.2;NULL
16717;17514;AZUL TINTA Y NEGRO;55:40.2;55:40.2;NULL
16718;17515;BRONCE GRIS;55:40.2;55:40.2;NULL
16719;17516;GRIS AZUL NEGRO;55:40.2;55:40.2;NULL
16720;17517;BLANCO INVIERNO;55:40.3;55:40.3;NULL
16721;17518;NEGRO CUSTOM;55:40.3;55:40.3;NULL
16722;17519;ROJO SPORT-PLATA;55:40.3;55:40.3;NULL
16723;17520;NEGRO ABSTRACTO;55:40.3;55:40.3;NULL
16724;17521;NEGRO PERLADO-PLATA;55:40.3;55:40.3;NULL
16725;17522;NARANJA Y CAFÉ;55:40.3;55:40.3;NULL
16726;17523;NARANJA GRIS DORADO;55:40.3;55:40.3;NULL
16727;17524;GRIS OSCURO, BEIGE Y NARANJA CAM AM;55:40.3;55:40.3;NULL
16728;17525;BLANO,NEGRO,AZUL Y DORADO;55:40.3;55:40.3;NULL
16729;17526;BLANCO, AMARILLO, VERDE Y NEGRO;55:40.4;55:40.4;NULL
16730;17527;VERDE VENENO  Y MORADO;55:40.4;55:40.4;NULL
16731;17528;BLANCO,NEGRO,AZUL Y DORADO;55:40.4;55:40.4;NULL
16732;17529;NARANJA Y CAFE;55:40.4;55:40.4;NULL
16733;17530;GRIS ESTRELLA ROJO Y NEGRO;55:40.4;55:40.4;NULL
16734;17531;ROJO FRAMBUESA METALICO;55:40.4;55:40.4;NULL
16735;17532;NARANJA QUEMADO CAFE MONTURA OBSCURO METALICO;55:40.4;55:40.4;NULL
16736;17533;LUNAR ROCK;55:40.4;55:40.4;NULL
16737;17534;VERDE LIMÓN NEGRO;55:40.5;55:40.5;NULL
16739;17536;AMARILLO FOSFORECENTE NEGRO;55:40.5;55:40.5;NULL
16740;17537;GRIS OSCURO PLANO;55:40.5;55:40.5;NULL
16741;17538;PLATA MERCURIO AZUL CLOISONN;55:40.5;55:40.5;NULL
16742;17539;NEGRO NEBULOSA ROJO APACHE;55:40.5;55:40.5;NULL
16743;17540;NEGRO NEBULOSA AZUL MATE;55:40.5;55:40.5;NULL
16744;17541;NEGRO NEBULOSA TOP FROST;55:40.5;55:40.5;NULL
16745;17542;NEGRO MATE NARANJA VOLCANO;55:40.5;55:40.5;NULL
16746;17543;NEGRO MATE VERDE NEON;55:40.5;55:40.5;NULL
16747;17544;NEGRO MATE AZUL MATE;55:40.5;55:40.5;NULL
16748;17545;NARANJA SPOT METALIZADO;55:40.5;55:40.5;NULL
16749;17546;VINO TINTO SONOMA;55:40.5;55:40.5;NULL
16750;17547;PANTERA ROSA ROSA CENIZA;55:40.5;55:40.5;NULL
16751;17548;GRIS SPARKLE NARANJA QUEMADO;55:40.5;55:40.5;NULL
16752;17549;PLATA METALICO GRIS CUMULUS;55:40.5;55:40.5;NULL
16753;17550;AZUL BRILLANTE BLANCO;55:40.5;55:40.5;NULL
16754;17551;BLANCO PERLA GLACIAL;55:40.5;55:40.5;NULL
16755;17552;MANHATTAN GREEN;55:40.5;55:40.5;NULL
16756;17553;GRIS CARBON METALICO ROJO VIPER;55:40.6;55:40.6;NULL
16757;17554;GRIS PERLA Y NEGRO;55:40.6;55:40.6;NULL
16758;17555;ROJO APACHE NEGRO NEBULOSA;55:40.6;55:40.6;NULL
16759;17556;AZUL MATE NEGRO NEBULOSA;55:40.6;55:40.6;NULL
16760;17557;TOP FROST NEGRO NEBULOSA;55:40.6;55:40.6;NULL
16761;17558;AZUL BAHAMA METALICO;55:40.6;55:40.6;NULL
16762;17559;AMARILLO BRILLANTE AZUL TWILIGHT;55:40.6;55:40.6;NULL
16763;17560;ORO COSECHA METALICO VERDE TEAL BRILLANTE;55:40.6;55:40.6;NULL
16764;17561;PLATA METALICO AMARILLO CLARO;55:40.6;55:40.6;NULL
16765;17562;PLATA METALICO ROJO CORAL METALICO;55:40.6;55:40.6;NULL
16766;17563;GRIS CALIENTE;55:40.6;55:40.6;NULL
16767;17564;UVA CANDY;55:40.6;55:40.6;NULL
16768;17565;ROJO BARBERA METALIZADO;55:40.6;55:40.6;NULL
16769;17566;BLANCO NEGRO MORADO;55:40.6;55:40.6;NULL
16770;17567;BLANCO NIEBLA ROJO;55:40.7;55:40.7;NULL
16771;17568;RIVIERA BLUE;55:40.7;55:40.7;NULL
16772;17569;VERDE TEAL BRILLANTE OBSCURO METALICO;55:40.7;55:40.7;NULL
16773;17570;LIVREA SPORT;55:40.7;55:40.7;NULL
16774;17571;VERDE OSCURO PLATEADO;55:40.7;55:40.7;NULL
16775;17572;ORO COSECHA METALICO AMBAR DORADO;55:40.7;55:40.7;NULL
16776;17573;PAU GRANITE;55:40.7;55:40.7;NULL
16777;17574;SAHARA METALICO;55:40.7;55:40.7;NULL
16778;17575;PLATA LIQUIDA METALIZADA;55:40.7;55:40.7;NULL
16779;17576;LADRILLO Y CAOBA;55:40.7;55:40.7;NULL
16780;17577;GRIS COMET Y OCASO CON NARANJA;55:40.7;55:40.7;NULL
16781;17578;BLANCO NEVADA METALIZADO NEGRO;55:40.7;55:40.7;NULL
16782;17579;BEIGE MARRUECOS Y NEGRO;55:40.7;55:40.7;NULL
16783;17580;GRIS CARBON ROJO VIPER;55:40.7;55:40.7;NULL
16784;17581;AMARILLO Y VERDE;55:40.7;55:40.7;NULL
16785;17582;PLATA SIRIUS NEGRO;55:40.7;55:40.7;NULL
16786;17583;GRIGIO SILVERSTONE;55:40.8;55:40.8;NULL
16787;17584;AMARILLO VIOLETA Y NEGRO;55:40.8;55:40.8;NULL
16788;17585;NARANJA ABSTRACTO;55:40.8;55:40.8;NULL
16789;17586;VERDE RUSTICO;55:40.8;55:40.8;NULL
16790;17587;EMINENT-WHITE PEARL;55:40.8;55:40.8;NULL
16791;17588;NARANJA AZUL BLANCO;55:40.8;55:40.8;NULL
16792;17589;GRIS OCASO Y BLANCO;55:40.8;55:40.8;NULL
16793;17590;ROJO COLORADO NEGRO;55:40.8;55:40.8;NULL
16794;17591;GRIS PERLA Y BLANCO PERLA;55:40.8;55:40.8;NULL
16795;17592;ROJO PATAGONIA DESIGNO METALIZADO;55:40.8;55:40.8;NULL
16796;17593;BLANCO GLACIAL - LILA;55:40.8;55:40.8;NULL
16797;17594;BLANCO Y AMARILLO FIESTA;55:40.8;55:40.8;NULL
16798;17595;BLANCO NIEBLA Y AMARILLO;55:40.8;55:40.8;NULL
16799;17596;ACERO SATINADO METALIZADO;55:40.9;55:40.9;NULL
16800;17597;GRIS SPARKLE NARANJA;55:40.9;55:40.9;NULL
16801;17598;GREEN MET;55:40.9;55:40.9;NULL
16802;17599;ROJO T AVOT;55:40.9;55:40.9;NULL
16803;17600;NEGRO Y VERDE MATE;55:40.9;55:40.9;NULL
16804;17601;NEGRO BECKETTS PERLADO/RB5;55:40.9;55:40.9;NULL
16805;17602;NEGRO VERDE MATE;55:40.9;55:40.9;NULL
16806;17603;BLANCO VERDE REAL;55:40.9;55:40.9;NULL
16807;17604;DESIGNO METALIZADO ROJO PATAGONIA;55:40.9;55:40.9;NULL
16808;17605;GRIS-CAFE-COBRE;55:40.9;55:40.9;NULL
16809;17606;VERDE TEAL AZUL CLOISONN;55:40.9;55:40.9;NULL
16810;17607;GRIS PIEDRA GRIS GRAFITO;55:40.9;55:40.9;NULL
16811;17608;MARRON MEDIO;55:41.0;55:41.0;NULL
16812;17609;PLATA METALICO ROJO SEMINOLE;55:41.0;55:41.0;NULL
16813;17610;AZUL TROPICAL METALICO ROJO VIPER;55:41.0;55:41.0;NULL
16814;17611;GRIS BRILLANTE NARANJA;55:41.0;55:41.0;NULL
16815;17612;VERDE OLIVA Y BEIGE METALIZADO;55:41.0;55:41.0;NULL
16816;17613;AZUL BLANCO ROJO VERDE NEGRO;55:41.0;55:41.0;NULL
16817;17614;AZUL PETROLEO Y BEIGE;55:41.0;55:41.0;NULL
16818;17615;NEGRO Y BLANCO ARCO BICAPA;55:41.0;55:41.0;NULL
16819;17616;VERDE SEQUOIA METALIZADO;55:41.0;55:41.0;NULL
16820;17617;ESTRATO PERLA VERDE;55:41.0;55:41.0;NULL
16821;17618;PLATA PIRITA METALIZADO;55:41.0;55:41.0;NULL
16822;17619;ROJO KENWORTH CAFÉ MOCA METALICO;55:41.0;55:41.0;NULL
16823;17620;AZUL BLANCO Y VERDE;55:41.0;55:41.0;NULL
16824;17621;VINOTINTO CAFE Y DORADO;55:41.0;55:41.0;NULL
16825;17622;DARK BLUE;55:41.0;55:41.0;NULL
16826;17623;ROJO PLATA METALICO;55:41.0;55:41.0;NULL
16827;17624;GRIS Y HABANO;55:41.0;55:41.0;NULL
16828;17625;AZUL BRILLANTE METALICO/BLANCO;55:41.1;55:41.1;NULL
16829;17626;BLANCO CON FRANJAS AMARILLA;55:41.1;55:41.1;NULL
16830;17627;GRIS RATA;55:41.1;55:41.1;NULL
16831;17628;AMARILLO BRILLANTE AMBAR DORADO;55:41.1;55:41.1;NULL
16832;17629;MORADO UVA GRIS;55:41.1;55:41.1;NULL
16833;17630;GRIS OLIVA Y NARANJA;55:41.1;55:41.1;NULL
16834;17631;AZUL AGUAMARINA AZUL;55:41.1;55:41.1;NULL
16835;17632;AZUL SURF GRIS SPARKLE;55:41.1;55:41.1;NULL
16836;17633;BLANCO AZUL CAÑON;55:41.1;55:41.1;NULL
16837;17634;PLATA METALICO NARANJA QUEMADO;55:41.1;55:41.1;NULL
16838;17635;VERDE DORADO METALICO;55:41.1;55:41.1;NULL
16839;17636;BLANCO PURO Y AZUL;55:41.2;55:41.2;NULL
16840;17637;ROJO DINAMO Y BLANCO;55:41.2;55:41.2;NULL
16841;17638;BLANCO AMARILLO GRIS Y MARRON;55:41.2;55:41.2;NULL
16842;17639;VERDE ROJO NEGRO Y BLANCO;55:41.2;55:41.2;NULL
16843;17640;NARANJADO FLORECENTE Y NEGRO;55:41.2;55:41.2;NULL
16845;17642;BLANCO NARANJA DORADO;55:41.2;55:41.2;NULL
16846;17643;AZUL PU5 COBALT COAST BLUE MET;55:41.2;55:41.2;NULL
16847;17644;DUNA ARENOSA;55:41.2;55:41.2;NULL
16848;17645;PANTERA ROSA PERLADO ROSA CENIZA OBSCURO METALICO;55:41.2;55:41.2;NULL
16849;17646;PLATA PURPURA;55:41.2;55:41.2;NULL
16850;17647;LADRILLO TECHO NEGRO;55:41.2;55:41.2;NULL
16851;17648;AZUL METALIZADO Y ALUMINIO CHAMPAÑA;55:41.2;55:41.2;NULL
16852;17649;VERDE SIERRA METALIZADA;55:41.2;55:41.2;NULL
16853;17650;ESMERALDA NEGRO ROJO FUEGO RADIANTE;55:41.2;55:41.2;NULL
16854;17651;BLANCO ORYX METALIZADO;55:41.2;55:41.2;NULL
16855;17652;MATTE GRAY;55:41.3;55:41.3;NULL
16856;17653;NEGRO ABSOLUTO;55:41.3;55:41.3;NULL
16857;17654;PLATA Y GRIS;55:41.3;55:41.3;NULL
16858;17655;GRIS PLATA MATE NEGRO NEBULOSA;55:41.3;55:41.3;NULL
16859;17656;AZUL BUCKINGHAM METALICO;55:41.3;55:41.3;NULL
16860;17657;ORO CONVOY ARENA PERSA;55:41.3;55:41.3;NULL
16861;17658;PLATA AZULOSO MET;55:41.3;55:41.3;NULL
16862;17659;ROJO Y FRANJA BLANCA;55:41.3;55:41.3;NULL
16863;17660;AZUL Y MADERA;55:41.3;55:41.3;NULL
16864;17661;MORADO CAFE;55:41.3;55:41.3;NULL
16865;17662;AZUL CORCEGA Y AZUL REY;55:41.3;55:41.3;NULL
16866;17663;VERDE TEAL AZUL SURF;55:41.4;55:41.4;NULL
16867;17664;NEGRO MATE VERDE;55:41.4;55:41.4;NULL
16868;17665;CAMALEON AZUL VIOLETA;55:41.4;55:41.4;NULL
16869;17666;BLANCO ARCO MORADO;55:41.4;55:41.4;NULL
16870;17667;GRIS MATE NEGRO;55:41.4;55:41.4;NULL
16871;17668;GRIGIO TITANIO MET;55:41.4;55:41.4;NULL
16872;17669;ROJO PERLADO Y GRIS PERLADO CON FRANJAS BLANCAS,GRIS PERLADO Y DORADAS;55:41.4;55:41.4;NULL
16873;17670;GRIS SAVILLE METALIZADO;55:41.4;55:41.4;NULL
16874;17671;ROJO DEGRADE;55:41.4;55:41.4;NULL
16875;17672;GRIS BONATTI GREY METALLIC;55:41.4;55:41.4;NULL
16876;17673;GRIS ESTRELLA METALIZADO;55:41.4;55:41.4;NULL
16877;17674;ROJO CON FRANJAS AZULES TRES TONOS;55:41.4;55:41.4;NULL
16878;17675;ROJO ESCARLATA GRIS PIEDRA;55:41.5;55:41.5;NULL
16879;17676;VERDE CON NEGRO;55:41.5;55:41.5;NULL
16880;17677;BLANCO AZUL BARRANCA METALICO;55:41.5;55:41.5;NULL
16881;17678;ORO COSECHA ROJO VIPER;55:41.5;55:41.5;NULL
16882;17679;GRIS ELECTRICO METALICO;55:41.5;55:41.5;NULL
16883;17680;BLANCO GRIS PURPURA;55:41.5;55:41.5;NULL
16884;17681;VERDE INDAIA;55:41.5;55:41.5;NULL
16885;17682;BLANCO NIEBLA/ VINOTINTO;55:41.5;55:41.5;NULL
16886;17683;AZUL PARIA Y PLATEADO METALICO;55:41.5;55:41.5;NULL
16887;17684;CREMA AMBAR DORADO;55:41.5;55:41.5;NULL
16888;17685;CREMA MARRON CLARO;55:41.5;55:41.5;NULL
16889;17686;AZUL COBALTO NEGRO NEBULOSA;55:41.5;55:41.5;NULL
16890;17687;VINOTINTO-GRIS-NEGRO;55:41.5;55:41.5;NULL
16891;17688;PLATA CIELO METALIZADO;55:41.5;55:41.5;NULL
16892;17689;NARANJA MULTICOLOR;55:41.5;55:41.5;NULL
16893;17690;BLANCO NIEBLA MORADO;55:41.5;55:41.5;NULL
16894;17691;BLANCO-NEGRO- COBRIZO;55:41.5;55:41.5;NULL
16895;17692;AZUL REGENT;55:41.5;55:41.5;NULL
16896;17693;GRIS NUBE METALICO VERDE TEAL BRILLANTE;55:41.5;55:41.5;NULL
16897;17694;CAFE SATURNO;55:41.5;55:41.5;NULL
16898;17695;VINO TINTO PERLADO;55:41.5;55:41.5;NULL
16899;17696;PLATA TITAN Y NEGRO;55:41.5;55:41.5;NULL
16900;17697;BEIGE CAM;55:41.5;55:41.5;NULL
16901;17698;GRIS GRAFITO - ROJO;55:41.5;55:41.5;NULL
16902;17699;GRIS - AMARILLO FLUORESCENTE;55:41.6;55:41.6;NULL
16903;17700;GRIS PERLADO MATE;55:41.6;55:41.6;NULL
16904;17701;AZUL EFECTO AZUL SOBERANO;55:41.6;55:41.6;NULL
16905;17702;GRIS GRANITO ROJO;55:41.6;55:41.6;NULL
16906;17703;BLANCO – ROJO BRAHAMA;55:41.6;55:41.6;NULL
16907;17704;ROJO METALICO PLATA POLIETILENO;55:41.6;55:41.6;NULL
16908;17705;ORO SINU Y BRONCE APOLO;55:41.6;55:41.6;NULL
16909;17706;AZUL ESPAÑOL CROMADO;55:41.6;55:41.6;NULL
16910;17707;ROJO ALMADINO;57:15.7;57:15.7;NULL
16911;17708;AZUL PERLADO Y NEGRO TITAN;57:15.7;57:15.7;NULL
16912;17709;VERDE CLASICO MET.;57:15.7;57:15.7;NULL
16913;17710;CUARZO PLATINO;57:15.7;57:15.7;NULL
16914;17711;NEGRO CRISTAL METALIZADO;57:15.7;57:15.7;NULL
16915;17712;AZUL CLARO Y AZUL OSCURO;57:15.7;57:15.7;NULL
16916;17713;GRIS PLANET;57:15.7;57:15.7;NULL
16917;17714;GRIS NUBE METALICO GRIS CARBON METALICO;57:15.7;57:15.7;NULL
16918;17715;GRIS-FER METAL Y ROJO;57:15.7;57:15.7;NULL
16919;17716;PLATA BRILLO METALICO;57:15.7;57:15.7;NULL
16920;17717;PLATA METALICO ROJO;57:15.7;57:15.7;NULL
16921;17718;ORO ARAGON;57:15.7;57:15.7;NULL
16922;17719;CAFÉ MOCA METALICO;57:15.7;57:15.7;NULL
16924;17721;AZUL BLUE AEGEAN;57:15.8;57:15.8;NULL
16925;17722;BLUE MAURITIUS;57:15.8;57:15.8;NULL
16926;17723;GRIS OSCURO FROZEN MATE;57:15.8;57:15.8;NULL
16927;17724;NEGRO FROZEN MATE;57:15.8;57:15.8;NULL
16928;17725;AZUL SATINADO;57:15.8;57:15.8;NULL
16929;17726;ARAGON GOLD;57:15.8;57:15.8;NULL
16930;17727;COBRE METALICO OSCURO;57:15.8;57:15.8;NULL
16931;17728;AZUL LAGUNA METALIZADO;57:15.8;57:15.8;NULL
16932;17729;VINO TINTO Y GRIS METALICO;57:15.8;57:15.8;NULL
16933;17730;GRIS / 1H1;57:15.8;57:15.8;NULL
16934;17731;GRIS MEDIO METALICO Y BEIGE;57:15.8;57:15.8;NULL
16935;17732;PLATA ARIANE;57:15.8;57:15.8;NULL
16936;17733;PLATA ALABASTRO METALIZADO;57:15.8;57:15.8;NULL
16937;17734;CIELO PLATA METALIZADO/1D6;57:15.8;57:15.8;NULL
16938;17735;BEIGE MOJAVE / NEGRO PROFUNDO;57:15.8;57:15.8;NULL
16939;17736;BLANCO AMARILLO VERDE NEGRO;57:15.9;57:15.9;NULL
16940;17737;BLANCO ROJO BAYA METALICO;57:15.9;57:15.9;NULL
16941;17738;VERDE MILITAR BRILLANTE;57:15.9;57:15.9;NULL
16942;17739;ARENA DAKAR;57:15.9;57:15.9;NULL
16943;17740;VERDE IRLANDES NEGRO METALICO;57:15.9;57:15.9;NULL
16944;17741;CORAL CUMULUS;57:15.9;57:15.9;NULL
16945;17742;GRIS ESTAÑO Y NEGRO;57:15.9;57:15.9;NULL
16946;17743;GRIS OSCURO PLATINO;57:15.9;57:15.9;NULL
16947;17744;BLANCO LUNA MULTICOLOR;57:15.9;57:15.9;NULL
16948;17745;GRIS CORDOBÉS;57:15.9;57:15.9;NULL
16949;17746;AMARILLO BRILLANTE VERDE;57:15.9;57:15.9;NULL
16950;17747;AMARILLO SOLE;57:15.9;57:15.9;NULL
16951;17748;GRIS TORMENTA BRILLANTE;57:15.9;57:15.9;NULL
16952;17749;DELPHIN METALICO;57:15.9;57:15.9;NULL
16953;17750;VERDE ACUARELA BLANCO;57:15.9;57:15.9;NULL
16954;17751;MARRON NEGRO PERLADO;57:16.0;57:16.0;NULL
16955;17752;ROJO CON BLANCO;57:16.0;57:16.0;NULL
16956;17753;GRIS ANTRACITA METALIZADO;57:16.0;57:16.0;NULL
16957;17754;AZUL BILLAR;57:16.0;57:16.0;NULL
16958;17755;VINOTINTO Y BLANCO;57:16.0;57:16.0;NULL
16959;17756;NEGRO MATE ACTIVE;57:16.0;57:16.0;NULL
16960;17757;NEGRO ACTIVE;57:16.0;57:16.0;NULL
16961;17758;ROJO NEGRO ACTIVE;57:16.0;57:16.0;NULL
16962;17759;AZUL IMPERIAL/ A89;57:16.0;57:16.0;NULL
16963;17760;PLATA METALICO MORADO METALICO;57:16.0;57:16.0;NULL
16964;17761;NARANJA MICA;57:16.0;57:16.0;NULL
16965;17762;GRIS ISLANDIA METALICO;57:16.0;57:16.0;NULL
16966;17763;VERDE AMA;57:16.1;57:16.1;NULL
16967;17764;GRIS PIEDRA PINTURA METALIZADA;57:16.1;57:16.1;NULL
16968;17765;GRIS MONTMARTRE NEGRO;57:16.1;57:16.1;NULL
16969;17766;BEIGE TRAVERTIN Y NEGRO PERLADO METALIZADO;57:16.1;57:16.1;NULL
16970;17767;NEGRO MATE NARANJA GRIS;57:16.1;57:16.1;NULL
16971;17768;AZUL CAPRI Y NEGRO;57:16.1;57:16.1;NULL
16972;17769;ROJO CHERRY CON NEGRO;57:16.1;57:16.1;NULL
16973;17770;BLANCO PERLA BEIGE MARRON;57:16.1;57:16.1;NULL
16974;17771;VERDE CYPRESS Y NEGRO;57:16.1;57:16.1;NULL
16975;17772;AMARILLO AZUL FUCSIA;57:16.1;57:16.1;NULL
16976;17773;GRIS MEDIO METAL;57:16.1;57:16.1;NULL
16977;17774;BLANCO PERLADO, ROJO Y NEGRO;57:16.2;57:16.2;NULL
16978;17775;NEGRO NEBULOSA AZUL ANTARTIDA;57:16.2;57:16.2;NULL
16979;17776;CANDY ROJO NEGRO;57:16.2;57:16.2;NULL
16980;17777;NEGRO BUDWEISER;57:16.2;57:16.2;NULL
16981;17778;VERDE HELECHO METAL;57:16.2;57:16.2;NULL
16982;17779;AZUL BARRANCA METAL;57:16.2;57:16.2;NULL
16983;17780;ROJO PLANO CD;57:16.2;57:16.2;NULL
16984;17781;ROJO BILLAR Y NEGRO;57:16.2;57:16.2;NULL
16985;17782;CAFE MOCA METALIZADO;57:16.3;57:16.3;NULL
16986;17783;MORADO METALICO PLATA METALICO;57:16.3;57:16.3;NULL
16987;17784;PLATA METALICO AMARILLO BRILLANTE;57:16.3;57:16.3;NULL
16988;17785;PLATA METALICO MORADO ROAM;57:16.3;57:16.3;NULL
16989;17786;BLU ABU DHABI;57:16.3;57:16.3;NULL
16990;17787;PLATA Y AZUL;57:16.3;57:16.3;NULL
16991;17788;AZUL MARINERO BLANCO;57:16.4;57:16.4;NULL
16992;17789;GRIS CARBON METALICO Y AMARILLO;57:16.4;57:16.4;NULL
16993;17790;AZUL CARUAI;57:16.4;57:16.4;NULL
16994;17791;AZUL MULTITONO NEGRO;57:16.4;57:16.4;NULL
16995;17792;DORADO NEGRO MORADO AMARILLO;57:16.4;57:16.4;NULL
16996;17793;BIANCO CERVINO;57:16.5;57:16.5;NULL
16997;17794;VERDE ARRECIFE Y ROJO;57:16.5;57:16.5;NULL
16998;17795;PLATA BRILLO METALICO ROJO VIPER;57:16.5;57:16.5;NULL
16999;17796;VERDE NAVIDEÑO;57:16.5;57:16.5;NULL
17000;17797;GRIS CHARCOAL;57:16.5;57:16.5;NULL
17001;17798;ROJO MERLOT TECHO NEGRO;57:16.5;57:16.5;NULL
17002;17799;ROSADO SANDIA NEGRO MATE;57:16.5;57:16.5;NULL
17003;17800;BLANCO MARFIL ROJO Y VERDE;57:16.5;57:16.5;NULL
17004;17801;VERDE GRIS VERDE;57:16.5;57:16.5;NULL
17005;17802;ROJO JAPONES;57:16.6;57:16.6;NULL
17006;17803;GRIS PLATA Y AZUL BRILLANTE;57:16.6;57:16.6;NULL
17007;17804;ROJO ROSA CROMADO MATE;57:16.6;57:16.6;NULL
17008;17805;ROJO RADIANTE Y NEGRO;57:16.6;57:16.6;NULL
17009;17806;AMARILLO BRILLANTE Y NEGRO BRILLANTE;57:16.6;57:16.6;NULL
17010;17807;NARANJA-NEGRO-GRIS-BLANCO;57:16.6;57:16.6;NULL
17011;17808;VERDE CASCADE SILICA;57:16.6;57:16.6;NULL
17012;17809;ORO COSECHA NARANJA SPEED;57:16.6;57:16.6;NULL
17013;17810;PLATA METALICO AZUL CLOISONNE;57:16.6;57:16.6;NULL
17014;17811;VERDE VIPER METALICO;57:16.6;57:16.6;NULL
17015;17812;ROJO FUEGO RADIANTE;57:16.6;57:16.6;NULL
17016;17813;AZUL CONTINENTAL;57:16.6;57:16.6;NULL
17017;17814;AZUL ANIL METALICO;57:16.7;57:16.7;NULL
17018;17815;PLATA POLIETILENO METALICO;57:16.7;57:16.7;NULL
17019;17816;GRIS CIBERNÉTICO METALIZADO;57:16.7;57:16.7;NULL
17020;17817;NEGRO FANTASMA PERLADO;57:16.7;57:16.7;NULL
17021;17818;GRIS GALÁCTICO METALIZADO;57:16.7;57:16.7;NULL
17022;17819;ROJO PULSO PERLADO;57:16.7;57:16.7;NULL
17023;17820;GRIS CIBERNÉTICO METALIZADO - TECHO NEGRO;57:16.7;57:16.7;NULL
17024;17821;GRIS GALÁCTICO METALIZADO - TECHO NEGRO;57:16.7;57:16.7;NULL
17025;17822;BLANCO ATLAS - TECHO NEGRO;57:16.8;57:16.8;NULL
17026;17823;AZUL SURFY METALIZADO - TECHO NEGRO;57:16.8;57:16.8;NULL
17027;17824;ROJO PULSO PERLADO - TECHO NEGRO;57:16.8;57:16.8;NULL
17028;17825;BLANCO CREMA PERLADO;57:16.8;57:16.8;NULL
17029;17826;NEGRO ABISMO PERLADO;57:16.8;57:16.8;NULL
17030;17827;CREMA Y VERDE LECHUGA;57:16.8;57:16.8;NULL
17031;17828;AZUL CIELO Y MARFIL;57:16.8;57:16.8;NULL
17032;17829;CALYPSOROT METALLIC;57:16.8;57:16.8;NULL
17033;17830;BLANCO GEADA – AMARILLO;57:16.8;57:16.8;NULL
17034;17831;AZUL CON FRANJA GRIS, PINTURA METALIZADA;57:16.8;57:16.8;NULL
17035;17832;ARENA HANDSAVERS;57:16.8;57:16.8;NULL
17036;17833;AZUL HANDSAVERS;57:16.8;57:16.8;NULL
17037;17834;NEGRO HANDSAVERS;57:16.8;57:16.8;NULL
17038;17835;AMETHY CAFE OSCURO;57:16.8;57:16.8;NULL
17039;17836;GRIS KIKE Y AZUL;57:16.8;57:16.8;NULL
17040;17837;GRIS METALICO Y BLANCO;57:16.8;57:16.8;NULL
17041;17838;GRIS CARBON METALICO BEIGE;57:16.9;57:16.9;NULL
17042;17839;BRICK RED EFFECT BEIGE;57:16.9;57:16.9;NULL
17043;17840;ROJO Y GRIS METALIZADO;57:16.9;57:16.9;NULL
17044;17841;AZUL BLANCO HANDSAVERS;57:16.9;57:16.9;NULL
17045;17842;BLANCO NEGRO HANDSAVERS;57:16.9;57:16.9;NULL
17046;17843;NEGRO VERDE HANDSAVERS;57:16.9;57:16.9;NULL
17047;17844;BLANCO AZUL OCEANO;57:16.9;57:16.9;NULL
17048;17845;ROJO AMBAR Y BLANCO;57:16.9;57:16.9;NULL
17049;17846;AZUL OBSCURO M;57:16.9;57:16.9;NULL
17050;17847;PANTERA ROSA VERDE;57:16.9;57:16.9;NULL
17051;17848;BLACK YELLOW GREY;57:16.9;57:16.9;NULL
17052;17849;ROJO VELVET Y GRIS TITAN;57:16.9;57:16.9;NULL
17053;17850;GRAFITO CARBONIZADO;57:16.9;57:16.9;NULL
17054;17851;AZUL MARINO/GRIS PLOMO METALIZADO;57:16.9;57:16.9;NULL
17055;17852;VERDE METALIZADO NEGRO;57:17.0;57:17.0;NULL
17056;17853;VERDE PERLADO METALICO;57:17.0;57:17.0;NULL
17057;17854;AZUL ARLEQUIN;57:17.0;57:17.0;NULL
17058;17855;ROJO VIOLETA PERLADO METALIZADO;57:17.0;57:17.0;NULL
17059;17856;AZUL SOBERANO METALIZADO;57:17.0;57:17.0;NULL
17060;17857;VERDE OSCURO Y VERDE CLARO;57:17.0;57:17.0;NULL
17061;17858;MARFIL Y NARANJA;57:17.0;57:17.0;NULL
17062;17859;GRANITE CRYSTAL METALLIC;57:17.0;57:17.0;NULL
17063;17860;AMARILLO Y DORADO;57:17.0;57:17.0;NULL
17064;17861;RIOJA RED MICATALLIC BAHAMA BEIGE;57:17.0;57:17.0;NULL
17065;17862;AZUL Y PLATEADO METALICO;57:17.0;57:17.0;NULL
17066;17863;AZUL CESIO;57:17.0;57:17.0;NULL
17067;17864;SONIC BLUE;57:17.0;57:17.0;NULL
17068;17865;SILVER NARANJA;57:17.0;57:17.0;NULL
17069;17866;AZUL TURQUESA AZUL CLOISONN;57:17.0;57:17.0;NULL
17070;17867;PLATA METALICO VERDE METALICO;57:17.0;57:17.0;NULL
17071;17868;MORADO ROSA CENIZA;57:17.1;57:17.1;NULL
17072;17869;AZUL INTENSO OBSCURO;57:17.1;57:17.1;NULL
17073;17870;CAFE ROBLE CLARO METALICO;57:17.1;57:17.1;NULL
17074;17871;CAFÉ CHISPA METALICO;57:17.1;57:17.1;NULL
17075;17872;CREMA AZUL METALICO;57:17.1;57:17.1;NULL
17076;17873;PLATA METALICO ROSA CENIZA OBSCURO;57:17.1;57:17.1;NULL
17077;17874;CREMA ROJO CORAL;57:17.1;57:17.1;NULL
17078;17875;PLATA METALICO VERDE OBSCURO;57:17.1;57:17.1;NULL
17079;17876;POLIORO Y HABANO;57:17.1;57:17.1;NULL
17080;17877;NEGRO AMARILLO STRATO PERLA;57:17.1;57:17.1;NULL
17081;17878;GRIS AMATISTA ROJO BAYA;57:17.1;57:17.1;NULL
17082;17879;MOCHA FROST NARANJA QUEMA;57:17.2;57:17.2;NULL
17083;17880;NEGRO CEBRA;57:17.2;57:17.2;NULL
17084;17881;AZUL MARINERO PLATA;57:17.2;57:17.2;NULL
17085;17882;VERDE TEAL ESMERALDA NEGRO;57:17.2;57:17.2;NULL
17086;17883;AMARILLO Y CROMO;57:17.2;57:17.2;NULL
17087;17884;BLANCO LIPIZAN Y NEGRO;57:17.2;57:17.2;NULL
17088;17885;ALPINO LLUVIA;57:17.2;57:17.2;NULL
17089;17886;VERDE EMERAUDE PLATA LA GUARDIA;57:17.2;57:17.2;NULL
17090;17887;VERDE GRISOSO METALICO;57:17.2;57:17.2;NULL
17091;17888;GRIS GRAY;57:17.2;57:17.2;NULL
17092;17889;ROJO AMARILLO VERDE Y NEGRO;57:17.2;57:17.2;NULL
17093;17890;HARLEQUIN;57:17.2;57:17.2;NULL
17094;17891;BLANCO PERLA METALIZADO TECHO NEGRO;57:17.2;57:17.2;NULL
17095;17892;AZUL OBSCURO METALICO;57:17.3;57:17.3;NULL
17096;17893;ROJO BILLAR;57:17.3;57:17.3;NULL
17097;17894;PLATA METÁLICO Y GRIS PIEDRA;57:17.3;57:17.3;NULL
17098;17895;ROJO ALMANDINA METALIZADO;57:17.3;57:17.3;NULL
17099;17896;BLANCO Y ROJO PERLA;57:17.3;57:17.3;NULL
17100;17897;CREMA Y ROJO UVA METALICO;57:17.3;57:17.3;NULL
17101;17898;AZUL - AMARILLO - NARANJADO - NEGRO - VERDE - ROJO;57:17.3;57:17.3;NULL
17102;17899;AMARILLO Y NEGRO NEBULOSA;57:17.3;57:17.3;NULL
17103;17900;CREMA METALICO NARANJA SPEED;57:17.3;57:17.3;NULL
17104;17901;ROJO Y BEIGE;57:17.3;57:17.3;NULL
17105;17902;BLANCO MICA MIST;57:17.3;57:17.3;NULL
17106;17903;VERDE AZULOSO METALIZADO;57:17.3;57:17.3;NULL
17107;17904;GRIS BRETAÑA - NEGRO;57:17.3;57:17.3;NULL
17108;17905;NEGRO Y ROSADO;57:17.3;57:17.3;NULL
17109;17906;ORO COSECHA CAFÉ SATURNO;57:17.3;57:17.3;NULL
17110;17907;NEGRO ROJO DORADO;57:17.3;57:17.3;NULL
17111;17908;VERDE GRIS ROJO;57:17.3;57:17.3;NULL
17112;17909;BLANCO ROSA CENIZA;57:17.4;57:17.4;NULL
17113;17910;MOCHA MICA MIST;57:17.4;57:17.4;NULL
17114;17911;GRIS PLATA Y AZUL;57:17.4;57:17.4;NULL
17115;17912;GRIS METALICO NARANJA;57:17.4;57:17.4;NULL
17116;17913;AZUL RACE METALIZADO Y NEGRO;57:17.4;57:17.4;NULL
17117;17914;VERDE SAN REMO METALIZADO;57:17.4;57:17.4;NULL
17118;17915;BLANCO – COMBINADO CON GRIS;57:17.4;57:17.4;NULL
17119;17916;ACERO MAXIMO METALIZADO/PAR;57:17.4;57:17.4;NULL
17121;17918;BLACK SILVER;57:17.4;57:17.4;NULL
17122;17919;BEIGE CHAMPANG;57:17.4;57:17.4;NULL
17123;17920;VERDE ANDINO NEGRO BRILLANTE;57:17.4;57:17.4;NULL
17124;17921;BLANCO MAGENTA NEGRO;57:17.4;57:17.4;NULL
17126;17923;BLANCO SIRIO VERDE METALICO;57:17.4;57:17.4;NULL
17127;17924;PANTERA ROSA ROJO UVA;57:17.5;57:17.5;NULL
17128;17925;VIOLETA VIOLETA PLATA;57:17.5;57:17.5;NULL
17129;17926;GRIS TIEMPO;57:17.5;57:17.5;NULL
17130;17927;NEGRO DELAN;57:17.5;57:17.5;NULL
17131;17928;AMARILLO ELITE;57:17.5;57:17.5;NULL
17132;17929;AZUL MET;57:17.5;57:17.5;NULL
17133;17930;R PLATA METALICO VERDE TEAL;57:17.5;57:17.5;NULL
17134;17931;PLATA METALICO VERDE TEAL;57:17.5;57:17.5;NULL
17135;17932;PLATA AMARILLO NARANJA;57:17.5;57:17.5;NULL
17136;17933;BLANCO HUESO PERLA;57:17.5;57:17.5;NULL
17137;17934;AZUL OCEANO PINT. METALIZADA;57:17.5;57:17.5;NULL
17138;17935;AZUL FRANJAS AZUL Y BLANCO;57:17.5;57:17.5;NULL
17139;17936;ROJO PERLADO Y GRIS PLATA;57:17.5;57:17.5;NULL
17140;17937;NIQUEL - NEGRO Y BLANCO;57:17.5;57:17.5;NULL
17141;17938;ROJO GRIS NEGRO VERDE AZUL;57:17.6;57:17.6;NULL
17142;17939;BLANCO NEGRO AZUL GRIS ROJO;57:17.6;57:17.6;NULL
17143;17940;BLANCO MORADO AZUL NEGRO NARANJADO DORADO;57:17.6;57:17.6;NULL
17144;17941;ROJO JAPAN Y NEGRO;57:17.6;57:17.6;NULL
17145;17942;TAHITIAN GREEN PRL. MTE 5H40;57:17.6;57:17.6;NULL
17146;17943;EFECTO MOONLIGHT;57:17.6;57:17.6;NULL
17147;17944;STREET GREY;57:17.6;57:17.6;NULL
17148;17945;BEIGE METALIZADO Y ROJO MISTICO;57:17.6;57:17.6;NULL
17149;17946;BLANCO PERLA Y ROSA CENIZA;57:17.6;57:17.6;NULL
17150;17947;NEGRO Y GRIS METALICO;57:17.6;57:17.6;NULL
17151;17948;BLANCO ROJO RADIANTE;57:17.6;57:17.6;NULL
17152;17949;NEGRO, BLANCO, AGUA MARINA;57:17.6;57:17.6;NULL
17153;17950;ROSADO VIOLETA;57:17.6;57:17.6;NULL
17154;17951;NEGRO BRILLANTE PERLADO/PXR;57:17.7;57:17.7;NULL
17155;17952;GRIS PIEDRA - NARANJA PERLADO;57:17.7;57:17.7;NULL
17156;17953;PLATA BRILLO Y VIOLETA;57:17.7;57:17.7;NULL
17157;17954;NEGRO METALICO Y AZUL;57:17.7;57:17.7;NULL
17158;17955;GRIS AMATISTA Y ROJO;57:17.7;57:17.7;NULL
17159;17956;NARANJA FIZZ;57:17.7;57:17.7;NULL
17160;17957;VERDE NATURAL NEGRO;57:17.7;57:17.7;NULL
17161;17958;ROJO ELITE;57:17.7;57:17.7;NULL
17162;17959;GRIS CENDRE -NEGRO;57:17.7;57:17.7;NULL
17163;17960;ROJO RUBI / GRIS PLOMO METALIZAD;57:17.7;57:17.7;NULL
17164;17961;BEIGE SIAM METALIZADO;57:17.7;57:17.7;NULL
17165;17962;GRIS PIEDRA – NARANJA;57:17.7;57:17.7;NULL
17166;17963;BEIGE CARRERA Y BLANCO;57:17.7;57:17.7;NULL
17167;17964;GRIS COLA DE RATON;57:17.7;57:17.7;NULL
17168;17965;DARK RICH SPARKLE GRAY;57:17.7;57:17.7;NULL
17169;17966;PANTERA ROSA;57:17.7;57:17.7;NULL
17170;17967;GRIS PIEDRA POMEZ;57:17.8;57:17.8;NULL
17171;17968;PLATA CELESTE METALIZADO;57:17.8;57:17.8;NULL
17172;17969;CIBER GRIS METALIZADO;57:17.8;57:17.8;NULL
17173;17970;CIBER GRIS TECHO NEGRO;57:17.8;57:17.8;NULL
17174;17971;GRIS ASTRAL TECHO NEGRO;57:17.8;57:17.8;NULL
17175;17972;BLANCO ATLAS TECHONEGRO;57:17.8;57:17.8;NULL
17176;17973;AZUL SURFY TECHO NEGRO;57:17.8;57:17.8;NULL
17177;17974;ROJO PULSO TECHO NEGRO;57:17.8;57:17.8;NULL
17178;17975;AZUL INTENSO PERLADO;57:17.8;57:17.8;NULL
17179;17976;GRIS COSMICO PERLADO;57:17.8;57:17.8;NULL
17180;17977;NARANJA VOLCAN PERLADO;57:17.8;57:17.8;NULL
17181;17978;BLANCO VERDE Y ROJO;57:17.8;57:17.8;NULL
17182;17979;BLANCO POLAR T.NEGRO;57:17.8;57:17.8;NULL
17183;17980;AZUL INTENSO TECHONEGRO;57:17.9;57:17.9;NULL
17184;17981;PLATA CICLON TECHONEGRO;57:17.9;57:17.9;NULL
17185;17982;GRIS COSMICO TECHONEGRO;57:17.9;57:17.9;NULL
17186;17983;NARANJA VOLCAN T.NEGRO;57:17.9;57:17.9;NULL
17187;17984;ROJO PASION TECHO NEGRO;57:17.9;57:17.9;NULL
17188;17985;PLATA NIQUEL VINO TINTO;57:17.9;57:17.9;NULL
17189;17986;NEGRO BLANCO Y TORNASOL;57:17.9;57:17.9;NULL
17190;17987;ROJO SCARLET Y NEGRO;57:17.9;57:17.9;NULL
17191;17988;NARANJA NEGRO BLANCO AZUL;57:17.9;57:17.9;NULL
17192;17989;GRIS CYAN;57:17.9;57:17.9;NULL
17193;17990;BEIGE DUNA NEGRO;57:17.9;57:17.9;NULL
17194;17991;GRIS METALIZADO MULTITONO NEGRO;57:17.9;57:17.9;NULL
17195;17992;PLATA CELESTE METALIZADO -CELESTIAL SILVER METALLIC;57:17.9;57:17.9;NULL
17196;17993;PLATA MINERAL;57:17.9;57:17.9;NULL
17197;17994;AZUL IRON NEGRO;57:17.9;57:17.9;NULL
17198;17995;ROJO VELVET – GRIS GREY;57:17.9;57:17.9;NULL
17199;17996;BLANCO AMARILLO AZUL GRIS;57:17.9;57:17.9;NULL
17200;17997;GRIS COMETA Y BLANCO ARTICA;57:17.9;57:17.9;NULL
17201;17998;NEGRO Y AMARILLO;57:18.0;57:18.0;NULL
17202;17999;BLANCO PERLA METALIZADO NEGRO;57:18.0;57:18.0;NULL
17203;18000;PLATA CICLON METALIZADO;57:18.0;57:18.0;NULL
17204;18001;DARING RED;57:18.0;57:18.0;NULL
17205;18002;DARK ALUMINUM MATT;57:18.0;57:18.0;NULL
17206;18003;AZUL Y PLATA POLAR;57:18.0;57:18.0;NULL
17207;18004;AZUL ATOLON METALIZADO;57:18.0;57:18.0;NULL
17208;18005;NEGRO Y AZUL TITANIUM;57:18.0;57:18.0;NULL
17209;18006;AZUL ASFALTO METALIZADO;57:18.0;57:18.0;NULL
17210;18007;GRIS MAGNETICO MATE;57:18.0;57:18.0;NULL
17211;18008;AZUL PETROLEO MATE;57:18.0;57:18.0;NULL
17212;18009;GRIS GRAFENO METALIZADO;57:18.0;57:18.0;NULL
17213;18010;VINO TINTO Y NEGRO;57:18.0;57:18.0;NULL
17214;18011;DESIGNO AZUL BRILLANTE MAGNO;57:18.0;57:18.0;NULL
17215;18012;GRIS MATE ROJO METALIZADO;57:18.1;57:18.1;NULL
17216;18013;VERDE HELECHO VERDE NAVIDEN;57:18.1;57:18.1;NULL
17217;18014;NEGRO ROJIZO PLATA METALICO;57:18.1;57:18.1;NULL
17218;18015;AZUL BAHAMA GRIS NUBE;57:18.1;57:18.1;NULL
17219;18016;GARNET;57:18.1;57:18.1;NULL
17220;18017;ORO COSECHA VERDE HELECHO;57:18.1;57:18.1;NULL
17221;18018;VERDE VERDE METALICO;57:18.1;57:18.1;NULL
17222;18019;PLATA BRILLO GRIS CARBON;57:18.1;57:18.1;NULL
17223;18020;BLANCO CANDY Y NEGRO;57:18.1;57:18.1;NULL
17224;18021;PLATA ESCUNA AZUL;57:18.1;57:18.1;NULL
17225;18022;BEIGE ALPINA;57:18.1;57:18.1;NULL
17226;18023;AZUL INTENSO OBSCURO METALLICO;57:18.1;57:18.1;NULL
17227;18024;MORADO LAVANDA METALICO;57:18.2;57:18.2;NULL
17228;18025;ZIRCON ARENA;57:18.2;57:18.2;NULL
17229;18026;GRIS CON NEGRO PIANO;57:18.2;57:18.2;NULL
17230;18027;ROJO Y DORADO;57:18.2;57:18.2;NULL
17231;18028;SATIN APPLE GREEN;57:18.2;57:18.2;NULL
17232;18029;AZUL TECHO NEGRO;57:18.2;57:18.2;NULL
17233;18030;NEGRO-VERDE MARINO;57:18.2;57:18.2;NULL
17234;18031;AZUL VERDE ROJO NARANJA AMARILLO;57:18.2;57:18.2;NULL
17235;18032;GRIS CUMULUS;57:18.2;57:18.2;NULL
17236;18033;HABANO CREMA Y MARRON INDIGO;57:18.2;57:18.2;NULL
17237;18034;AZUL COBALTO PERLADO;57:18.2;57:18.2;NULL
17238;18035;MARRON ROCA NEGRO;57:18.2;57:18.2;NULL
17239;18036;BEIGE DUNE NEGRO;57:18.3;57:18.3;NULL
17240;18037;NEGRO, BLANCO, DORADO;57:18.3;57:18.3;NULL
17241;18038;AZUL ESPECTRA METALIZADAS;57:18.3;57:18.3;NULL
17242;18039;ROJO MISTICO PLATA BRILLANTE;57:18.3;57:18.3;NULL
17243;18040;GRIS NOBLE Y VERDE;57:18.3;57:18.3;NULL
17244;18041;VERDE TURQUEZA Y GRIS;57:18.3;57:18.3;NULL
17245;18042;DORADO ACIDO;57:18.3;57:18.3;NULL
17246;18043;CORRYS GREY MET;57:18.3;57:18.3;NULL
17247;18044;CORONADO SAND;57:18.3;57:18.3;NULL
17248;18045;COSMOSBLAU;57:18.3;57:18.3;NULL
17249;18046;BLANCO OSTUNI;57:18.3;57:18.3;NULL
17250;18047;STONE BLANCO;57:18.4;57:18.4;NULL
17251;18048;CAFÉ ARENA;57:18.4;57:18.4;NULL
17252;18049;CAFÉ ARENA NEGRO NEBULOSA;57:18.4;57:18.4;NULL
17253;18050;JAUNE SIRIUS;57:18.4;57:18.4;NULL
17254;18051;COLOR A CREAR AZUL ISLA BAFFIN;57:18.4;57:18.4;NULL
17255;18052;AZUL ISLA BAFFIN;57:18.4;57:18.4;NULL
17256;18053;PLATA METALICO AZUL CONCORD;57:18.4;57:18.4;NULL
17257;18054;ORO COSECHA VERDE OBSCURO;57:18.4;57:18.4;NULL
17258;18055;BLANCO RALLY;57:18.4;57:18.4;NULL
17259;18056;HUNTER GREEN MICA;57:18.4;57:18.4;NULL
17260;18057;ORO ROSA SATINADO;57:18.4;57:18.4;NULL
17261;18058;BEIGE CARRARA Y GRIS GALAPAGO;57:18.4;57:18.4;NULL
17262;18059;ROJO, GRIS OSCURO METALIZADO Y DORADO;57:18.5;57:18.5;NULL
17263;18060;DARING RED;57:18.5;57:18.5;NULL
17264;18061;BEIGE ANGORA-NEGRO;57:18.5;57:18.5;NULL
17265;18062;PLATEADO GRISACEO AZUL METALICO;57:18.5;57:18.5;NULL
17266;18063;BEIGE Y AZUL;57:18.5;57:18.5;NULL
17267;18064;GIALLO OCRA;57:18.5;57:18.5;NULL
17268;18065;CITY REBEL;57:18.5;57:18.5;NULL
17269;18066;PLATA SUPERNOVA METALIZADO;57:18.5;57:18.5;NULL
17270;18067;SYNERGY GREEN;57:18.5;57:18.5;NULL
17271;18068;MORADO LILA MAGENTA;57:18.5;57:18.5;NULL
17272;18069;BLANCO BANQUISE METALICO NEGRO;57:18.5;57:18.5;NULL
17273;18070;BLANCO ARCO BICAPA Y AZUL TURQUESA;57:18.5;57:18.5;NULL
17274;18071;MARRON (CAFE METALICO);57:18.5;57:18.5;NULL
17275;18072;VIOLETA DAYTONA;57:18.5;57:18.5;NULL
17276;18073;ANARANJADO, NEGRO Y BEIGE;57:18.5;57:18.5;NULL
17277;18074;PLATEADO ROMANICO METALIZADO;57:18.5;57:18.5;NULL
17278;18075;AZUL CLARO DE LUNA METALICO;57:18.5;57:18.5;NULL
17279;18076;NARANJA INKA;57:18.5;57:18.5;NULL
17280;18077;BLANCO AZUL ESMERALDA;57:18.5;57:18.5;NULL
17281;18078;PLATA POLIETI;57:18.5;57:18.5;NULL
17282;18079;FUSCIA NEGRO BLANCO;57:18.5;57:18.5;NULL
17283;18080;ROJO DESIRE METALIZADO NEGRO;57:18.5;57:18.5;NULL
17284;18081;AZUL PLASMA MET;57:18.6;57:18.6;NULL
17285;18082;AZUL ATLAS;57:18.6;57:18.6;NULL
17286;18083;BLANCO AZUL VERDE Y ROJO;57:18.6;57:18.6;NULL
17287;18084;AZUL PETROLEO NEGRO MATE;57:18.6;57:18.6;NULL
17288;18085;GRIS GRAFITO NEGRO MATE;57:18.6;57:18.6;NULL
17289;18086;AZUL NIZA NEGRO MATE;57:18.6;57:18.6;NULL
17290;18087;GRIS PLATA MATE NEGRO MATE;57:18.6;57:18.6;NULL
17291;18088;BLANCO CERAMIC;57:18.6;57:18.6;NULL
17292;18089;NARANJA INTENSO;57:18.6;57:18.6;NULL
17293;18090;BEIGE CENDRE NEGRO;57:18.6;57:18.6;NULL
17294;18091;VERDE OLIVA PLATA TRIGO;57:18.6;57:18.6;NULL
17295;18092;BLANCO CIRUELA GLAMOUR;57:18.6;57:18.6;NULL
17296;18093;GRIS METALICO AZUL TROPICAL;57:18.7;57:18.7;NULL
17297;18094;BLANCO ARCO BICARPA Y ROJO VELVET;57:18.7;57:18.7;NULL
17298;18095;AZUL VIOLETA Y NEGRO;57:18.7;57:18.7;NULL
17299;18096;MACHINE GRAY METALLIC;57:18.7;57:18.7;NULL
17300;18097;ROJO VIBORA;57:18.7;57:18.7;NULL
17301;18098;ROJO LACADO PERLADO;57:18.7;57:18.7;NULL
17302;18099;PLATA POLIETILENO;57:18.7;57:18.7;NULL
17303;18100;MANUFAKTUR GRIS MONTAÑA MAGNO;57:18.7;57:18.7;NULL
17304;18101;CAFÉ ARENA NEGRO MATE;57:18.7;57:18.7;NULL
17305;18102;AZUL PETROLEO NEGRO NEBULOSA;57:18.7;57:18.7;NULL
17306;18103;PAPAYA METALIZADO;57:18.7;57:18.7;NULL
17307;18104;AZUL DENIM T.BLANCO;57:18.7;57:18.7;NULL
17308;18105;NEGRO FANTASMA T.BLANCO;57:18.7;57:18.7;NULL
17309;18106;ROJO NEGRO PERLADO;57:18.7;57:18.7;NULL
17310;18107;NEGRO-LIMA;57:18.7;57:18.7;NULL
17311;18108;BLANCO ALPIN NEGRO NINJA;57:18.7;57:18.7;NULL
17312;18109;PLATA ESCUNA Y AZUL;57:18.7;57:18.7;NULL
17313;18110;GRIS OSCURO SATINADO;57:18.7;57:18.7;NULL
17314;18111;AZUL METALIZADO MULTITONO NEGRO;57:18.8;57:18.8;NULL
17315;18112;GRIS QUIMERA ROJO FUEGO;57:18.8;57:18.8;NULL
17316;18113;CAFÉ MOCA;57:18.8;57:18.8;NULL
17317;18114;AZUL OSCURO VERDE ESMERALDA;57:18.8;57:18.8;NULL
17318;18115;BLANCO VERDE VIPER;57:18.8;57:18.8;NULL
17319;18116;PURPURA HAZE METALICO;57:18.8;57:18.8;NULL
17320;18117;GRIS GRAFITO PERLADO;57:18.8;57:18.8;NULL
17321;18118;VERDE MONTAÑA METALICO;57:18.8;57:18.8;NULL
17322;18119;PLATEADO ZYNITH;57:18.8;57:18.8;NULL
17323;18120;VERDE VIPER METALIZADO;57:18.9;57:18.9;NULL
17324;18121;BLANCO ETOILE NEGRO;57:18.9;57:18.9;NULL
17325;18122;GRIS MAGNETICO METALIZADO BLANCO;57:18.9;57:18.9;NULL
17326;18123;ROJO PLATINO;57:18.9;57:18.9;NULL
17327;18124;KAKHI METALIZADO;57:18.9;57:18.9;NULL
17328;18125;GRIS OCASO Y AZUL ESPECIAL;57:18.9;57:18.9;NULL
17329;18126;NEGRO ESMERALDA PERLADO;57:18.9;57:18.9;NULL
17330;18127;GRIS CERAMICO;57:18.9;57:18.9;NULL
17331;18128;AMBER EFECTO PERLADO;57:18.9;57:18.9;NULL
17332;18129;GRIS NIKA METALIZADO;57:18.9;57:18.9;NULL
17333;18130;BLANCO ROSADO FUCSIA;57:18.9;57:18.9;NULL
17334;18131;AZUL CASPIO;57:18.9;57:18.9;NULL
17335;18132;GRIS KEMORA METALIZADO;57:18.9;57:18.9;NULL
17336;18133;BLANCO CON FRANJAS VERDE Y CAFE;57:18.9;57:18.9;NULL
17337;18134;AMARILLO ACIDO Y NEGRO;57:18.9;57:18.9;NULL
17338;18135;LADRILLO GRIS NARANJA;57:18.9;57:18.9;NULL
17339;18136;GRIS SONICO;57:19.0;57:19.0;NULL
17340;18137;AZUL NIZA NEGRO NEBULOSA;57:19.0;57:19.0;NULL
17341;18138;GRIS CARBON ROJO;57:19.0;57:19.0;NULL
17342;18139;PLATA PINTURA METALICA;57:19.0;57:19.0;NULL
17343;18140;AZUL CASPIO;57:19.0;57:19.0;NULL
17344;18141;ROJO MICA METALIZADO;57:19.0;57:19.0;NULL
17345;18142;ROJO SAFARI;57:19.0;57:19.0;NULL
17346;18143;PLATA TORNASOL Y NEGRO;57:19.0;57:19.0;NULL
17347;18144;MORADO ROAM Y GRIS PLATA;57:19.0;57:19.0;NULL
17348;18145;ROJO BORDEAUX Y MARFIL;57:19.0;57:19.0;NULL
17349;18146;NEGRO MATE V2;57:19.0;57:19.0;NULL
17350;18147;ROJO NIQUEL BLANCO Y MORADO;57:19.0;57:19.0;NULL
17351;18148;AZUL LAGOS;57:19.0;57:19.0;NULL
17352;18149;GRIS SOMBRIO;57:19.0;57:19.0;NULL
17353;18150;NEGRO DEMIN;57:19.1;57:19.1;NULL
17354;18151;ZAPOTE Y NEGRO - AZUL;57:19.1;57:19.1;NULL
17355;18152;ROJO ESCARLATA GRIS NARDO;57:19.1;57:19.1;NULL
17356;18153;ROJO ESCARLATA NEGRO MATE;57:19.1;57:19.1;NULL
17357;18154;GRIS HUMO NEGRO MATE;57:19.1;57:19.1;NULL
17358;18155;VERDE ARMY NEGRO MATE;57:19.1;57:19.1;NULL
17359;18156;AZUL SUZUKI;57:19.1;57:19.1;NULL
17360;18157;BLANCO ORIAL;57:19.1;57:19.1;NULL
17361;18158;IRIDIO PLATAMETALIZADO /C775;57:19.1;57:19.1;NULL
17362;18159;GRIS CASIOPEE NEGRO;57:19.1;57:19.1;NULL
17363;18160;CREMA Y GUAYABA;57:19.1;57:19.1;NULL
17364;18161;GRIS ROJO PLATA;57:19.1;57:19.1;NULL
17365;18162;PLATA MEDIA NOCHE METALIZADO;57:19.2;57:19.2;NULL
17366;18163;MANUFAKTUR blanco diamante bright;57:19.2;57:19.2;NULL
17367;18164;VERDE TEAL PLATA METALICO;57:19.2;57:19.2;NULL
17368;18165;ORO COSECHA NARANJA METALICO;57:19.2;57:19.2;NULL
17369;18166;GRIS AMATISTA MORADO METALICO;57:19.2;57:19.2;NULL
17370;18167;ROJO KENWORTH GRIS PIEDRA;57:19.2;57:19.2;NULL
17371;18168;AMARILLO BRILL CAFÉ ONIX;57:19.2;57:19.2;NULL
17372;18169;VERDE HELECHO VERDE KELLY;57:19.2;57:19.2;NULL
17373;18170;AZUL BARRANCA BLANCO;57:19.2;57:19.2;NULL
17374;18171;CIRUELA GLAMOUR AZUL;57:19.2;57:19.2;NULL
17375;18172;AZUL Y BEIGE;57:19.2;57:19.2;NULL
17376;18173;AMARILLO Y PERLADO;57:19.2;57:19.2;NULL
17377;18174;GRIS CAÑON;57:19.2;57:19.2;NULL
17378;18175;AZUL ARRECIFE Y NEGRO;57:19.3;57:19.3;NULL
17379;18176;GRIS METALICO Y NEGRO;57:19.3;57:19.3;NULL
17380;18177;GRIS PLATINA, NEGRO PERLADO Y ROJO PERLADO;57:19.3;57:19.3;NULL
17381;18178;OCRE SEDONA;57:19.3;57:19.3;NULL
17382;18179;AZUL AMALFI;57:19.3;57:19.3;NULL
17383;18180;AZUL AZZURRO;57:19.3;57:19.3;NULL
17384;18181;AZUL AZZURRO NEGRO;57:19.3;57:19.3;NULL
17385;18182;AZUL AZZURRO NEGRO MATE;57:19.3;57:19.3;NULL
17386;18183;AZUL AZZURRO NEGRO NEBULOSA;57:19.3;57:19.3;NULL
17387;18184;URBAN KHAKI;57:19.3;57:19.3;NULL
17388;18185;ROCA LUNAR;57:19.3;57:19.3;NULL
17389;18186;GRIS CENIZA MULTICOLOR;57:19.3;57:19.3;NULL
17390;18187;CAMALEON VENUS MULTICOLORES ROJO-NEGRO-MORADO-VERDE-AMARILLO;57:19.3;57:19.3;NULL
17391;18188;GRIS CHARENTE;57:19.3;57:19.3;NULL
17392;18189;Dorado Batumi;57:19.3;57:19.3;NULL
17393;18190;GRIS SILVERSTONE - NEGRO VULCANO;57:19.3;57:19.3;NULL
17394;18191;ROJO MONTE CARLO - NEGRO VULCANO;57:19.4;57:19.4;NULL
17395;18192;BLANCO ALASKA - NEGRO VULCANO;57:19.4;57:19.4;NULL
17396;18193;GRIS STRATO - NEGRO VULCANO;57:19.4;57:19.4;NULL
17397;18194;AZUL AMALFI - NEGRO VULCANO;57:19.4;57:19.4;NULL
17398;18195;PLATA BARI - NEGRO VULCANO;57:19.4;57:19.4;NULL
17399;18196;NEGRO VULCANO - GRIS STRATO;57:19.4;57:19.4;NULL
17400;18197;GRIS CLARO PLANO;57:19.4;57:19.4;NULL
17401;18198;PLATINO LIQUIDO METALIZADO / K23;57:19.4;57:19.4;NULL
17402;18199;ROJO PICANTE Y NEGRO;57:19.4;57:19.4;NULL
17403;18200;GRIS MERENGO;57:19.4;57:19.4;NULL
17404;18201;ROJO BARCELONA MET;57:19.4;57:19.4;NULL
17405;18202;PLATA METALICO AZUL MARINERO;57:19.4;57:19.4;NULL
17406;18203;GRIS PIEDRA AZUL;57:19.4;57:19.4;NULL
17407;18204;AZUL ELECTRICO GRIS GRAFITO;58:18.2;58:18.2;NULL
17408;18205;GRIS SELENITA METALIZADO;58:18.2;58:18.2;NULL
17409;18206;AZUL LUNAR METALIZADO Y NEGRO;58:18.2;58:18.2;NULL
17410;18207;VERDE AGUAMARINA AZUL;58:18.2;58:18.2;NULL
17411;18208;AZUL FREEDOM;58:18.3;58:18.3;NULL
17412;18209;PLATA VERDE TEAL;58:18.3;58:18.3;NULL
17413;18210;GRIS AMATISTA PANTERA ROSA;58:18.3;58:18.3;NULL
17414;18211;AMBAR DORADO ORO COSECHA;58:18.3;58:18.3;NULL
17415;18212;ROJO CORAL NEGRO ESMERALDA;58:18.3;58:18.3;NULL
17416;18213;VERDE DORADO AZUL MARINERO;58:18.3;58:18.3;NULL
17417;18214;AMARILLO BRILL ROJO;58:18.3;58:18.3;NULL
17418;18215;GRIS CUMULUS MORADO METALICO;58:18.3;58:18.3;NULL
17419;18216;ORO COSECHA CIRUELA GLAMOUR;58:18.3;58:18.3;NULL
17420;18217;VERDE TEAL ORO COSECHA;58:18.4;58:18.4;NULL
17421;18218;CHOCOLATE OSCURO;58:18.4;58:18.4;NULL
17422;18219;DORADO, GRIS RATÓN Y NEGRO DE HOLOGRAMAS;58:18.4;58:18.4;NULL
17423;18220;GRIS METALIZADO EFECTO ROJO FULGOR DE FUEGO;58:18.4;58:18.4;NULL
17424;18221;DEPP BLACK;58:18.4;58:18.4;NULL
17425;18222;NARANJA MARFIL FJA AZUL;58:18.4;58:18.4;NULL
17426;18223;GRIS SILVERSTONE – NEGRO VULCANO;58:18.4;58:18.4;NULL
17427;18224;TRIPLE NEGRO - NARANJA;58:18.4;58:18.4;NULL
17428;18225;VERDE ACIDO NEGRO;58:18.4;58:18.4;NULL
17429;18226;PLATAHIELO/G. OSCURO;58:18.4;58:18.4;NULL
17430;18227;ROJO SEMINOLE BEIGE PERLADO;58:18.4;58:18.4;NULL
17431;18228;VERDE SELVA METALIZADO Y BLANCO;58:18.4;58:18.4;NULL
17432;18229;PLATA NIQUEL Y ROJO;58:18.4;58:18.4;NULL
17433;18230;NARANJA Y HABANO;58:18.4;58:18.4;NULL
17434;18231;GRIS MATE BEIGE;58:18.4;58:18.4;NULL
17435;18232;AZUL CARAMELO METALIZADO;58:18.4;58:18.4;NULL
17436;18233;BLANCO NEGRO ROJO AMARILLO;58:18.4;58:18.4;NULL
17437;18234;GALAXIA Y GRIS XERUS;58:18.4;58:18.4;NULL
17438;18235;GRIS PLATINO Y GRIS PLATA;58:18.5;58:18.5;NULL
17439;18236;VERDE PERLESCENTE;58:18.5;58:18.5;NULL
17440;18237;VERDE YUCA NEGRO;58:18.5;58:18.5;NULL
17441;18238;PLATA BEIGE MARRON;58:18.5;58:18.5;NULL
17442;18239;NEGRO ARRECIFE;58:18.5;58:18.5;NULL
17443;18240;VIOLETA VIOLETA;58:18.5;58:18.5;NULL
17444;18241;BRONZE YELLOW;58:18.5;58:18.5;NULL
17445;18242;BLANCO AZUL FANTASÍA;58:18.5;58:18.5;NULL
17446;18243;GRIS CERAMICO TECHO NEGRO;58:18.5;58:18.5;NULL
17447;18244;AZUL PALIDO AZUL TWILIGHT;58:18.5;58:18.5;NULL
17448;18245;GRIS PIEDRA VERDE TEAL;58:18.5;58:18.5;NULL
17449;18246;VERDE ESCARCHADO VERDE METALICO;58:18.5;58:18.5;NULL
17450;18247;GRIS NUBE ROSA CENIZA;58:18.5;58:18.5;NULL
17451;18248;GRIS CUMULUS MORADO ROAM;58:18.5;58:18.5;NULL
17452;18249;NARANJA QUEMA CREMA;58:18.5;58:18.5;NULL
17453;18250;BLANCO VERDE PRIMAVERA;58:18.5;58:18.5;NULL
17454;18251;GRIS AMATISTA ROJO CORAL METALICO;58:18.5;58:18.5;NULL
17455;18252;NEGRO ROJO VIPER;58:18.5;58:18.5;NULL
17456;18253;NEGRO ROJO GRIS AMARILLO;58:18.6;58:18.6;NULL
17457;18254;AZUL LE MANS;58:18.6;58:18.6;NULL
17458;18255;CAFE Y BLANCO;58:18.6;58:18.6;NULL
17459;18256;VERDE FARESIN;58:18.6;58:18.6;NULL
17460;18257;VERDE Y DORADO;58:18.6;58:18.6;NULL
17461;18258;DELPHIN BEIGE;58:18.6;58:18.6;NULL
17462;18259;VERDE MICA METALIZADO;58:18.6;58:18.6;NULL
17463;18260;MARRON NIQUEL Y ROJO;58:18.6;58:18.6;NULL
17464;18261;AZUL PLASMA METALIZADO;58:18.6;58:18.6;NULL
17465;18262;BLANCO CON BEIGE;58:18.6;58:18.6;NULL
17466;18263;BLANCO LUNA ROJO;58:18.6;58:18.6;NULL
17467;18264;PLATA TITAN METALIZADO / GRIS;58:18.6;58:18.6;NULL
17468;18265;BLANCA AZUL;58:18.6;58:18.6;NULL
17469;18266;VERDE NEGRO AMARILLO Y VIOLETA;58:18.6;58:18.6;NULL
17470;18267;PLATA BRILLANTA;58:18.7;58:18.7;NULL
17471;18268;NARANJA SOLAR PEARL;58:18.7;58:18.7;NULL
17472;18269;DESIGNO OLIV DB 225;58:18.7;58:18.7;NULL
17473;18270;AMARILLO BLANCO NEGRO;58:18.7;58:18.7;NULL
17474;18271;PLATA AMARILLO BLANCO NEGRO;58:18.7;58:18.7;NULL
17475;18272;AMARILLO NARANJA QUEMADO;58:18.7;58:18.7;NULL
17476;18273;NEGRO CON PERLA DORADA Y DORADO BRILLANTE;58:18.7;58:18.7;NULL
17477;18274;GRIGIO EVOLUZIONE;58:18.7;58:18.7;NULL
17478;18275;VIOLETA MATE AGUA MARINA FUCSIA;58:18.7;58:18.7;NULL
17479;18276;PLATA BRILLO GRIS METALICO;58:18.7;58:18.7;NULL
17480;18277;AZUL CLARO METALICO AZUL SURF;58:18.7;58:18.7;NULL
17481;18278;AZUL ACAPULCO ROJO CORAL METALICO;58:18.7;58:18.7;NULL
17482;18279;PLATA MERCURIO ROJO CORAL METALICO;58:18.7;58:18.7;NULL
17483;18280;AZUL CLARO METALICO AZUL BAHAMA METALICO;58:18.7;58:18.7;NULL
17484;18281;PLATA METALICO VERDE VIPER METALICO;58:18.7;58:18.7;NULL
17485;18282;GRIS CUMULUS ROJO FRAMBUESA;58:18.7;58:18.7;NULL
17486;18283;NARANJA QUEMADO CREMA;58:18.8;58:18.8;NULL
17487;18284;LILA PERLADO;58:18.8;58:18.8;NULL
17488;18285;ROJO CEREZA DOS TONOS;58:18.8;58:18.8;NULL
17489;18286;VERDE MINERAL;58:18.8;58:18.8;NULL
17490;18287;VERDE LADRILLO AZUL;58:18.8;58:18.8;NULL
17491;18288;AZUL TWILIGHT BLANCO;58:18.8;58:18.8;NULL
17492;18289;G MANUFAKTUR NEGRO NOCHE MAGNO;58:18.8;58:18.8;NULL
17493;18290;NEGRO DORADO MATE;58:18.8;58:18.8;NULL
17494;18291;GRIS LIMA MATE;58:18.8;58:18.8;NULL
17495;18292;BLANCO Y NARANJA BRONCE PERLADO;58:18.8;58:18.8;NULL
17496;18293;VIOLETA GRIS;58:18.8;58:18.8;NULL
17497;18294;AZUL AZUL ROJO;58:18.8;58:18.8;NULL
17498;18295;AMATISTA VIOLETA VIOLETA;58:18.8;58:18.8;NULL
17499;18296;GRIS AMARILLO PLATA;58:18.8;58:18.8;NULL
17500;18297;VIOLETA PURPURA VIOLETA;58:18.8;58:18.8;NULL
17501;18298;VERDE NARANJA Y CREMA;58:18.8;58:18.8;NULL
17502;18299;ROJO IMPERIAL Y GRIS;58:18.9;58:18.9;NULL
17503;18300;MATTE SANDS METALLIC;58:18.9;58:18.9;NULL
17504;18301;NARANJA FROZEN MATE;58:18.9;58:18.9;NULL
17505;18302;VERDE ESCARCHA ,VERDE METALICO;58:18.9;58:18.9;NULL
17506;18303;ROJO SAFARI Y NEGRO;58:18.9;58:18.9;NULL
17507;18304;ROJO MISTICO GRIS;58:18.9;58:18.9;NULL
17508;18305;BLANCO NACAR – AZUL MORREA;58:18.9;58:18.9;NULL
17509;18306;GRIS CUARZO Y NEGRO;58:18.9;58:18.9;NULL
17510;18307;GRIS AMATISTA Y ROJO METALICO;58:18.9;58:18.9;NULL
17511;18308;GRIS AMATISTA Y ROJO UVA METALICO;58:18.9;58:18.9;NULL
17512;18309;ROJO BAYA AZUL Y GRIS;58:18.9;58:18.9;NULL
17513;18310;BLANCO CEBRES Y ROSA SENIZA;58:18.9;58:18.9;NULL
17514;18311;VERDE AMAZONICO NEGRO;58:19.0;58:19.0;NULL
17515;18312;AZUL TURQUEZA METALIZADO;58:19.0;58:19.0;NULL
17516;18313;CREMA ROSA CENIZA;58:19.0;58:19.0;NULL
17517;18314;ARENOSO PLAYA METALIZADO/4T8;58:19.0;58:19.0;NULL
17518;18315;BLANCO ALASKA NEGRO;58:19.0;58:19.0;NULL
17519;18316;GRIS SILVERSTONE NEGRO;58:19.0;58:19.0;NULL
17520;18317;AZUL AMALFI NEGRO;58:19.0;58:19.0;NULL
17521;18318;ROJO MONTE CARLO NEGRO;58:19.0;58:19.0;NULL
17522;18319;GRIS STRATO NEGRO;58:19.0;58:19.0;NULL
17523;18320;NEGRO VULCANO GRIS;58:19.0;58:19.0;NULL
17524;18321;PLATA BARI NEGRO;58:19.0;58:19.0;NULL
17525;18322;BLANCO, VINOTINTO, AZUL Y GRIS;58:19.0;58:19.0;NULL
17526;18323;AZUL BABY NEGRO;58:19.0;58:19.0;NULL
17527;18324;PERLA DE LAVA FUNDIDA;58:19.0;58:19.0;NULL
17528;18325;ROJO METALIZADO Y BEIGE;58:19.1;58:19.1;NULL
17529;18326;AZUL TROPICAL METALICO;58:19.1;58:19.1;NULL
17530;18327;TORNASOL METALIZADO NEGRO;58:19.1;58:19.1;NULL
17531;18328;VIOLETA VERDE AZUL;58:19.1;58:19.1;NULL
17532;18329;NEGRO AZUL CLARO;58:19.1;58:19.1;NULL
17533;18330;NEGRO AZUL OSCURO;58:19.1;58:19.1;NULL
17534;18331;AZUL OBSCURO;58:19.1;58:19.1;NULL
17535;18332;BLANCO GRANIZO Y NEGRO;58:19.2;58:19.2;NULL
17536;18333;AMARILLO VIOLETA AZUL;58:19.2;58:19.2;NULL
17537;18334;AZUL ISLA;58:19.2;58:19.2;NULL
17538;18335;GRIS MACHINE GRAY;58:19.2;58:19.2;NULL
17539;18336;AZUL ZAFIRO METALIZADO GRIS;58:19.2;58:19.2;NULL
17540;18337;BLANCO CRISTAL PERLADO;58:19.2;58:19.2;NULL
17541;18338;BLANCO ARCO BICAPA Y AMARILLO ORO;58:19.2;58:19.2;NULL
17542;18339;BLANCO HIELO PERLADO Y NEGRO BRILLANTE;58:19.2;58:19.2;NULL
17543;18340;BLANCO CONCORD;58:19.2;58:19.2;NULL
17544;18341;HRC BLANCO, ROJO Y AZUL;58:19.2;58:19.2;NULL
17545;18342;PLATA MULTICOLOR;58:19.2;58:19.2;NULL
17546;18343;GRIS OCASO AMARILLENTO;58:19.2;58:19.2;NULL
17547;18344;AVERDE KELLY;58:19.2;58:19.2;NULL
17548;18345;AZUL ISLA BAFFIN AZUL MEDIANOCHE;58:19.2;58:19.2;NULL
17549;18346;CAFE ALPACA;58:19.2;58:19.2;NULL
17550;18347;NEGRO PROFUNDO METALIZADO;58:19.2;58:19.2;NULL
17551;18348;AZUL SURFY;58:19.2;58:19.2;NULL
17552;18349;AZUL AGUA MARINA VERDE AMARILLO BLANCO;58:19.2;58:19.2;NULL
17553;18350;BLANCO FROZEN METALIZADO;58:19.3;58:19.3;NULL
17554;18351;G MANUFAKTUR BLANCO OPALITA BRIGHT;58:19.3;58:19.3;NULL
17555;18352;AZUL COSMIC PEARL;58:19.3;58:19.3;NULL
17556;18353;ROJO DESTELLO-BLANCO;58:19.3;58:19.3;NULL
17557;18354;VERDE, CREMA, FRANJA ROJA;58:19.3;58:19.3;NULL
17558;18355;GRIS TITANIO FLASH;58:19.3;58:19.3;NULL
17559;18356;BLANCO CERAMICO, NEGRO Y PLATA;58:19.3;58:19.3;NULL
17560;18357;NEGRO FUGAZ Y PLATA;58:19.3;58:19.3;NULL
17561;18358;ZIRCON ARENA, NEGRO Y PLATA;58:19.3;58:19.3;NULL
17562;18359;ROJO DIAMANTE, NEGRO Y PLATA;58:19.3;58:19.3;NULL
17563;18360;GRIS NEGRO VINOTINTO;58:19.3;58:19.3;NULL
17564;18361;BLANCO NEVADA MARRON;58:19.3;58:19.3;NULL
17565;18362;MONARCH ORANGE;58:19.3;58:19.3;NULL
17566;18363;MATT KHAKI;58:19.4;58:19.4;NULL
17567;18364;MATT STORM GREY;58:19.4;58:19.4;NULL
17568;18365;MATT IRONSTONE;58:19.4;58:19.4;NULL
17569;18366;SAPPHIRE BLACK;58:19.4;58:19.4;NULL
17570;18367;MATT JET BLACK;58:19.4;58:19.4;NULL
17571;18368;MATT SILVER ICE;58:19.4;58:19.4;NULL
17572;18369;CARNIVAL RED;58:19.4;58:19.4;NULL
17573;18370;RED HOPPER STORM GREY;58:19.4;58:19.4;NULL
17574;18371;KOROSI RED;58:19.4;58:19.4;NULL
17575;18372;RED HOPPER;58:19.4;58:19.4;NULL
17576;18373;RED HOPPER / STORM GREY;58:19.5;58:19.5;NULL
17577;18374;URBAN GREY;58:19.5;58:19.5;NULL
17578;18375;SNOWDONIA WHITE;58:19.5;58:19.5;NULL
17579;18376;BLANCO-ROJO-AZUL;58:19.5;58:19.5;NULL
17580;18377;NEGRO CON ROJO;58:19.5;58:19.5;NULL
17581;18378;AZUL MONARCA METALICO;58:19.5;58:19.5;NULL
17582;18379;AMARILLO BRIL;58:19.5;58:19.5;NULL
17583;18380;BLANCO MULTITONO ROJO;58:19.5;58:19.5;NULL
17584;18381;NEGRO METALIZADO MULTITONO ROJO;58:19.5;58:19.5;NULL
17585;18382;GRIS MULTI EFECTO;58:19.5;58:19.5;NULL
17586;18383;AZUL Y CROMO;58:19.5;58:19.5;NULL
17587;18384;NEGRO ROJO MATE;58:19.5;58:19.5;NULL
17588;18385;NEGRO AZUL MATE;58:19.5;58:19.5;NULL
17589;18386;ROJO MÍSTICO ESTELAR;58:19.5;58:19.5;NULL
17590;18387;GIS XEDRO;58:19.5;58:19.5;NULL
17591;18388;ROJO TRICAPA;58:19.6;58:19.6;NULL
17592;18389;GRIS XEDRO;58:19.6;58:19.6;NULL
17593;18390;C3N-STORM BAY METLLIC;58:19.6;58:19.6;NULL
17594;18391;VERDE HELECHO METALICO;58:19.6;58:19.6;NULL
17595;18392;SILVER ICE/DIABLO RED;58:19.6;58:19.6;NULL
17596;18393;MATT KHAKI / MATT IRONSTONE;58:19.6;58:19.6;NULL
17597;18394;MATT STORM GREY / MATT SILVER ICE;58:19.6;58:19.6;NULL
17598;18395;CARNIVAL RED / FUSION WHITE;58:19.6;58:19.6;NULL
17599;18396;MATT KHAKI GREEN/MATT JET BLACK;58:19.6;58:19.6;NULL
17600;18397;LUCERNE BLUE / FUSION WHITE;58:19.6;58:19.6;NULL
17601;18398;MATT JET BLACK/MATT SILVER ICE;58:19.6;58:19.6;NULL
17602;18399;CRYSTAL WHITE/ STORM GREY;58:19.7;58:19.7;NULL
17603;18400;ALUMINIO GRANO MEDIO, AZUL PRUCIA Y LILA;58:19.7;58:19.7;NULL
17604;18401;AZUL SHARK;58:19.7;58:19.7;NULL
17605;18402;AMBER WHISKEY;58:19.7;58:19.7;NULL
17606;18403;VERDE AMAZÓNICO;58:19.7;58:19.7;NULL
17607;18404;ROJO TIZIANO Y NEGRO;58:19.7;58:19.7;NULL
17608;18405;VERDE SINERGY;58:19.7;58:19.7;NULL
17609;18406;EXCELSIOR BLUE;58:19.7;58:19.7;NULL
17610;18407;AZUL CLARO ILLE;58:19.7;58:19.7;NULL
17611;18408;AZUL OXFORD BLANCO;58:19.7;58:19.7;NULL
17612;18409;VERDE CLARO Y NEGRO;58:19.7;58:19.7;NULL
17613;18410;BLANCO TROCADERO NEGRO;58:19.7;58:19.7;NULL
17614;18411;BLANCO POLAR Y GRIS PLUTON;58:19.8;58:19.8;NULL
17615;18412;VERDE CON FRANJA DORADA;58:19.8;58:19.8;NULL
17616;18413;GRIS CALIFORNIA;58:19.8;58:19.8;NULL
17617;18414;GRIS CALIFORNIA NEGRO NEBULOSA;58:19.8;58:19.8;NULL
17618;18415;AZUL, ROJO Y FJA AMARILLA;58:19.8;58:19.8;NULL
17619;18416;NARANJA OXIDO METALIZADO;58:19.8;58:19.8;NULL
17620;18417;MAGNESIO METALIZADO MATE;58:19.8;58:19.8;NULL
17621;18418;GRIS METALICO BLANCO;58:19.8;58:19.8;NULL
17622;18419;DORADO METALICO NEGRO;58:19.8;58:19.8;NULL
17623;18420;PLATA METALICO NEGRO;58:19.8;58:19.8;NULL
17624;18421;AZUL NEGRO PLATA;58:19.8;58:19.8;NULL
17625;18422;NEGRO PLATA AZUL;58:19.8;58:19.8;NULL
17626;18423;PINK METALIZADO;58:19.8;58:19.8;NULL
17627;18424;ROJO ALBORADA;58:19.8;58:19.8;NULL
17628;18425;TECHNO VIOLET;58:19.8;58:19.8;NULL
17629;18426;VERDE NARANJA OCRE;58:19.8;58:19.8;NULL
17630;18427;AMARILLO HIGH VELOCITY;58:19.9;58:19.9;NULL
17631;18428;TIFFANY BLUE Y NEGRO;58:19.9;58:19.9;NULL
17632;18429;GRIS MATE BEIGE AMARILLO;58:19.9;58:19.9;NULL
17633;18430;VERDE MATE NEGRO;58:19.9;58:19.9;NULL
17634;18431;VERDE JUNGLA PERLADO;58:19.9;58:19.9;NULL
17635;18432;ZIRCON ARENA Y NEGRO;58:19.9;58:19.9;NULL
17636;18433;BLANCO ORNAGE CANDY;58:19.9;58:19.9;NULL
17637;18434;PLATA MISTICA METALIZADA;58:19.9;58:19.9;NULL
17638;18435;ROJO NANTERRE;58:19.9;58:19.9;NULL
17639;18436;ROJO NANTERRE NEGRO;58:19.9;58:19.9;NULL
17640;18437;GRIS EIFFEL;58:19.9;58:19.9;NULL
17641;18438;GRIS EIFFEL NEGRO;58:19.9;58:19.9;NULL
17642;18439;AZUL BERCY;58:19.9;58:19.9;NULL
17643;18440;PERLA BEAUBOURG NEGRO;58:19.9;58:19.9;NULL
17644;18441;AZUL ECLIPSE;58:20.0;58:20.0;NULL
17645;18442;AZUL ECLIPSE NEGRO;58:20.0;58:20.0;NULL
17646;18443;AZUL MOOREA BLANCO;58:20.0;58:20.0;NULL
17647;18444;GRIS MASTIN;58:20.0;58:20.0;NULL
17648;18445;AZUL STARLIGH;58:20.0;58:20.0;NULL
17649;18446;ORQUIDEA DE LA MAÑANA;58:20.0;58:20.0;NULL
17650;18447;AZUL SURFING;58:20.0;58:20.0;NULL
17651;18448;BLANCO SKIING;58:20.0;58:20.0;NULL
17652;18449;GRIS CLIMBING;58:20.0;58:20.0;NULL
17653;18450;ROJO RUNNING;58:20.0;58:20.0;NULL
17654;18451;GRAPHITE/ BAJA ORANGE;58:20.0;58:20.0;NULL
17655;18452;GRAPHITE/ CASPIAN BLUE;58:20.0;58:20.0;NULL
17656;18453;GRAPHITE/ DIABLO RED;58:20.0;58:20.0;NULL
17657;18454;GRAPHITE/ SAPPHIRE BLACK;58:20.1;58:20.1;NULL
17658;18455;KOROSI RED/ GRAPHITE;58:20.1;58:20.1;NULL
17659;18456;LUCERNE BLUE/ SAPPHIRE BLACK;58:20.1;58:20.1;NULL
17660;18457;SANDSTORM;58:20.1;58:20.1;NULL
17661;18458;SAPPHIRE BLACK/ MATT SAPPHIRE BLACK;58:20.1;58:20.1;NULL
17662;18459;NEGRO Y VERDE PERLADO;58:20.1;58:20.1;NULL
17663;18460;NARANJA PERLADO Y NEGRO BRILLANTE;58:20.1;58:20.1;NULL
17664;18461;GRIS AZUL SE;58:20.1;58:20.1;NULL
17665;18462;BLANCO ORANGE CANDY;58:20.1;58:20.1;NULL
17666;18463;CREMA COBRE;58:20.2;58:20.2;NULL
17667;18464;GRIS AUSTRAL;58:20.2;58:20.2;NULL
17668;18465;ROJO Y PLATA CROMATI;58:20.2;58:20.2;NULL
17669;18466;GRIS TELESTIO Y NEGRO;58:20.2;58:20.2;NULL
17670;18467;NARANJA EFECTO PERLADO;58:20.2;58:20.2;NULL
17671;18468;VERDE NEGRO DORADO;58:20.2;58:20.2;NULL
17672;18469;NEGRO Y AZUL MAGENTA;58:20.2;58:20.2;NULL
17673;18470;CARBON BLACK;58:20.2;58:20.2;NULL
17674;18471;COBALT BLUE / IRONSTONE;58:20.2;58:20.2;NULL
17675;18472;MERIDEN / TANGERINE;58:20.2;58:20.2;NULL
17676;18473;ROJO VINO PERLADO-NEGRO;58:20.2;58:20.2;NULL
17677;18474;AZUL, NEGRO Y ROJO;58:20.2;58:20.2;NULL
17678;18475;AMARILLO GOLD NEGRO;58:20.2;58:20.2;NULL
17679;18476;VERDE Y MANDARINO;58:20.2;58:20.2;NULL
17680;18477;ULTRA MARINE;58:20.2;58:20.2;NULL
17681;18478;VINOTINTO, BLANCO Y DORADO;58:20.3;58:20.3;NULL
17682;18479;NEGRO - VERDE - GRIS;58:20.3;58:20.3;NULL
17683;18480;GRIS BRILLO;58:20.3;58:20.3;NULL
17684;18481;BLANCO SIRIO METALICO;58:20.3;58:20.3;NULL
17685;18482;ROJO HUICHIN METALICO;58:20.3;58:20.3;NULL
17686;18483;AZUL CONTINENT CLARO;58:20.3;58:20.3;NULL
17687;18484;ORO OTOÑAL METALICO;58:20.3;58:20.3;NULL
17688;18485;GRIS CATALIZADOR;58:20.3;58:20.3;NULL
17689;18486;GRIS MINERAL - BRONCEADO DEL DESIERTO;58:20.3;58:20.3;NULL
17690;18487;BLANCO Y AZUL REY;58:20.3;58:20.3;NULL
17691;18488;GRIS LAGO WANAKA;58:20.3;58:20.3;NULL
17692;18489;GREEN HELL MAGNO;58:20.3;58:20.3;NULL
17693;18490;NEGRO Y NIQUEL;58:20.3;58:20.3;NULL
17694;18491;BLANCO VERDE KAWASAKI;58:20.3;58:20.3;NULL
17695;18492;GRIS ASTRAL METALIZADO NEGRO;58:20.4;58:20.4;NULL
17696;18493;BLANCO, AMARILLO, MARRON, GRIS;58:20.4;58:20.4;NULL
17697;18494;NEGRO MATE CAFÉ ARENA;58:20.4;58:20.4;NULL
17698;18495;NEGRO NEBULOSA GRIS PLATA;58:20.4;58:20.4;NULL
17699;18496;CASHMERE METALICO;58:20.4;58:20.4;NULL
17700;18497;ORO AZTECA GRIS PLATA NARANJA;58:20.4;58:20.4;NULL
17701;18498;ROJO DORADO Y CAFE;58:20.4;58:20.4;NULL
17702;18499;MANDARINA Y PLATEADO;58:20.4;58:20.4;NULL
17703;18500;NEGRO MATE-AMARILLO LIMÓN;58:20.4;58:20.4;NULL
17704;18501;ARAGON ORO;58:20.5;58:20.5;NULL
17705;18502;LILAC EFFECT;58:20.5;58:20.5;NULL
17706;18503;CAFÉ ROBLE CLARO;58:20.5;58:20.5;NULL
17707;18504;MAGENTA, MORADO, NEGRO Y BLANCO;58:20.5;58:20.5;NULL
17708;18505;PLATA - ROJO  - NEGRO;58:20.5;58:20.5;NULL
17709;18506;GRIS BRETAÑA GRIS CLARO;58:20.5;58:20.5;NULL
17710;18507;MATT BAJA ORANGE;58:20.5;58:20.5;NULL
17711;18508;COMPETITION GREEN / SILVER ICE;58:20.5;58:20.5;NULL
17712;18509;CORDOVAN RED / SILVER ICE;58:20.5;58:20.5;NULL
17713;18510;IRONSTONE;58:20.5;58:20.5;NULL
17714;18511;MATT SILVER ICE / MATT ALUMINUM SILVER;58:20.5;58:20.5;NULL
17715;18512;BLANCO HIELO- NEGRO;58:20.5;58:20.5;NULL
17716;18513;BLANCO INGLES;58:20.5;58:20.5;NULL
17717;18514;VERDE KYALAMI;58:20.5;58:20.5;NULL
17718;18515;VERDE POLAR METALICO;58:20.5;58:20.5;NULL
17719;18516;AZUL CONTINENTAL CLARO;58:20.5;58:20.5;NULL
17720;18517;GOLDEN GREEN;58:20.5;58:20.5;NULL
17721;18518;MORA AZUL METALIZADO;58:20.6;58:20.6;NULL
17722;18519;NARANJA NEGRO GRIS DOS TONOS;58:20.6;58:20.6;NULL
17723;18520;ROJO METALIZADO Y NEGRO;58:20.6;58:20.6;NULL
17724;18521;VERDE HELECHO CLARO;58:20.6;58:20.6;NULL
17725;18522;ROJO MATE NEGRO;58:20.6;58:20.6;NULL
17726;18523;GRIS MORADO Y FUCSIA;58:20.6;58:20.6;NULL
17727;18524;MANUFAKTUR ROJO JACINTO METALIZADO;58:20.6;58:20.6;NULL
17728;18525;ROJO CLUN NEGRO;58:20.6;58:20.6;NULL
17729;18526;BLANCO PERLA Y AZUL NEPTUNO;58:20.6;58:20.6;NULL
17730;18527;CAMUFLAJE AMARILLO;58:20.6;58:20.6;NULL
17731;18528;BLANCO AZUL DIAMANTE;58:20.6;58:20.6;NULL
17732;18529;GRIS LIMA;58:20.6;58:20.6;NULL
17733;18530;AZUL MOOREA;58:20.6;58:20.6;NULL
17734;18531;ARANCIO BOREALIS;58:20.6;58:20.6;NULL
17735;18532;SUEÑO TURQUESA;58:20.6;58:20.6;NULL
17736;18533;AZUL VELERO METALICO;58:20.7;58:20.7;NULL
17737;18534;AZUL OCASO METALIZADO;58:20.7;58:20.7;NULL
17738;18535;BLANCO SOLIDO NEGRO;58:20.7;58:20.7;NULL
17739;18536;GREEN AVOCADO (VERDE AGUACATE);58:20.7;58:20.7;NULL
17740;18537;G MANUFAKTUR GRIS CLÁSICO ESTÁNDAR;58:20.7;58:20.7;NULL
17741;18538;ORO ROSADO METALIZADAS;58:20.7;58:20.7;NULL
17742;18539;BEIGE NEGRO MATE;58:20.7;58:20.7;NULL
17743;18540;BLANCO AZUL CELELESTE;58:20.7;58:20.7;NULL
17744;18541;BLANCO AZUL CELESTE;58:20.7;58:20.7;NULL
17745;18542;PLATA SIERRA NEGRO;58:20.7;58:20.7;NULL
17746;18543;PERLA Y FRANJAS ROJAS;58:20.7;58:20.7;NULL
17747;18544;BEIGE CLARO METALIZADO Y NEGRO;58:20.7;58:20.7;NULL
17748;18545;AZUL COBALTO NEGRO INTENSO;58:20.7;58:20.7;NULL
17749;18546;THRILLING BLACK AND SATURN GREY;58:20.7;58:20.7;NULL
17750;18547;ROJO NEGRO GRIS PERLADO;58:20.8;58:20.8;NULL
17751;18548;GRIS NARDO NEGRO MATE;58:20.8;58:20.8;NULL
17752;18549;GRIS NARDO NEGRO NEBULOSA;58:20.8;58:20.8;NULL
17753;18550;NEGRO MATE GRIS PIEDRA;58:20.8;58:20.8;NULL
17754;18551;ROJO FLAMA Y PLATA;58:20.8;58:20.8;NULL
17755;18552;AZUL INTENSO OBSCURO METALICO;58:20.8;58:20.8;NULL
17756;18553;ESMERALDA NEGRA;58:20.8;58:20.8;NULL
17757;18554;VERDE HELECHO CLARO;58:20.8;58:20.8;NULL
17758;18555;MORADO BLANCO AMARILLO;58:20.8;58:20.8;NULL
17759;18556;GRIS DAYTONA METALIZADO;58:20.8;58:20.8;NULL
17760;18557;ORO TOLEDANO Y CAFE;58:20.8;58:20.8;NULL
17761;18558;ROJO Y PLATA;58:20.8;58:20.8;NULL
17762;18559;NEGRO MATE NARANJA;58:20.8;58:20.8;NULL
17763;18560;GRIS PIEDRA BRILLANTE;58:20.9;58:20.9;NULL
17764;18561;GRIS PLATA TIBURON;58:20.9;58:20.9;NULL
17765;18562;AZUL RAPID;58:20.9;58:20.9;NULL
17766;18563;GRIS OSCURO METALICO CON BEIGE;58:20.9;58:20.9;NULL
17767;18564;ROJO ALESIA;58:20.9;58:20.9;NULL
17768;18565;ROJO ALESIA NEGRO;58:20.9;58:20.9;NULL
17769;18566;PLATA LA GUARDIA METALICO;58:20.9;58:20.9;NULL
17770;18567;GRIS LIQUEN;58:20.9;58:20.9;NULL
17771;18568;BLANCO ÓPALO;58:20.9;58:20.9;NULL
17772;18569;GRIS DIAMOND;58:20.9;58:20.9;NULL
17773;18570;VERDE PERLA MATE;58:20.9;58:20.9;NULL
17774;18571;CARRARAWEISS;58:20.9;58:20.9;NULL
17775;18572;GRIS EIGER MATE;58:20.9;58:20.9;NULL
17776;18573;VERDE BELGRAVIA;58:20.9;58:20.9;NULL
17777;18574;VERDE ESMERALDA Y VERDE LIMA;58:20.9;58:20.9;NULL
17778;18575;TITANIO LIQUIDO - ROJO CAN AM;58:20.9;58:20.9;NULL
17779;18576;NEGRO MATE NEGRO NEBULOSA;58:21.0;58:21.0;NULL
17780;18577;AZUL ELECTRICO NEGRO NEBULOSA;58:21.0;58:21.0;NULL
17781;18578;RTC VERDE;58:21.0;58:21.0;NULL
17782;18579;G MANUFAKTUR OLIVA METALIZADO;58:21.0;58:21.0;NULL
17783;18580;ROJO LAST EDITION;58:21.0;58:21.0;NULL
17784;18581;VERDE BOSQUE METALIZADO;58:21.0;58:21.0;NULL
17785;18582;EOLO MOTORS;58:21.0;58:21.0;NULL
17786;18583;BLANCO Y AZUL PETROLEO;58:21.0;58:21.0;NULL
17787;18584;NEGRO MACK;58:21.0;58:21.0;NULL
17788;18585;NARANJA SPEED;58:21.0;58:21.0;NULL
17789;18586;VERDE LIMA Y NEGRO;58:21.0;58:21.0;NULL
17790;18587;PLATA GALAXIA Y AZUL POLICROMADO;58:21.0;58:21.0;NULL
17791;18588;EXTRATO PERLA, ROJO Y AMARILLO;58:21.0;58:21.0;NULL
17792;18589;DIAMANTSCHWARZ;58:21.0;58:21.0;NULL
17793;18590;MARRON MEDIO METALICO;58:21.0;58:21.0;NULL
17794;18591;GRIS QUIMERA METALICO;58:21.0;58:21.0;NULL
17795;18592;NEGRO LIMA;58:21.0;58:21.0;NULL
17796;18593;NEGRO ROJIZO METALICO;58:21.1;58:21.1;NULL
17797;18594;STORM GREEN;58:21.1;58:21.1;NULL
17798;18595;GRIS MATE METALIZADO ROJO;58:21.1;58:21.1;NULL
17799;18596;NEGRO (CAVIAR);58:21.1;58:21.1;NULL
17800;18597;M. G. WHITE;58:21.1;58:21.1;NULL
17801;18598;ROCKY MOUNTAIN;58:21.1;58:21.1;NULL
17802;18599;ROJO AZUL BLANCO NEGRO;58:21.1;58:21.1;NULL
17803;18600;ALBINA;58:21.1;58:21.1;NULL
17804;18601;VERDE OLIVA Y MARFIL;58:21.1;58:21.1;NULL
17805;18602;CHAMPAÑA OSCURO Y CLARO;58:21.1;58:21.1;NULL
17806;18603;VERDE NEON NEGRO NEBULOSA;58:21.2;58:21.2;NULL
17807;18604;MERIDEN BLUE/TANGERINE;58:21.2;58:21.2;NULL
14383;15147;GRIS/ROJA;38:50.0;38:50.0;NULL
17808;18605;AZUL RAYO METALIZADO;58:21.2;58:21.2;NULL
17809;18606;SALMÓN Y NEGRO;58:21.2;58:21.2;NULL
17810;18607;ROJO LADRILLO Y CREMA;58:21.2;58:21.2;NULL
17811;18608;NEGRO ESPACIO;58:21.2;58:21.2;NULL
17812;18609;AZUL GRABBER CLARO;58:21.2;58:21.2;NULL
17813;18610;EXTRACTO PERLA;58:21.2;58:21.2;NULL
17814;18611;AZUL OSCURO METALIZADO Y AZUL CLARO;58:21.2;58:21.2;NULL
17815;18612;ROJO CABERNET NEGRO;58:21.2;58:21.2;NULL
17816;18613;VERDE GRIS BLANCO NEGRO;58:21.2;58:21.2;NULL
17817;18614;BURDEAUX;58:21.2;58:21.2;NULL
17818;18615;PLATA CHAMPAÑA TECHO NEGRO;58:21.3;58:21.3;NULL
17819;18616;NEGRO NEBULOSA ROJO ESCARLATA;58:21.3;58:21.3;NULL
17820;18617;CARNIVAL RED / SAPPHIRE BLACK;58:21.3;58:21.3;NULL
17821;18618;AMARILLO METALIZADO NEGRO;58:21.3;58:21.3;NULL
17822;18619;VERDE METALICO MULTITONO BLANCO;58:21.4;58:21.4;NULL
17823;18620;NEGRO NEBULOSA GRIS GRAFITO;58:21.4;58:21.4;NULL
17824;18621;BLANCO GRIS GALAPAGO;58:21.4;58:21.4;NULL
17825;18622;PLATA WAR;58:21.4;58:21.4;NULL
17826;18623;VERDE GEA;58:21.4;58:21.4;NULL
17827;18624;PLATEADO ALABASTRO METALIZADO;58:21.4;58:21.4;NULL
17828;18625;ROJO VERONA Y MARFIL;58:21.4;58:21.4;NULL
17829;18626;PIZARRA METALIZADA;58:21.5;58:21.5;NULL
17830;18627;CEREZA PERLA OSCURA;58:21.5;58:21.5;NULL
17831;18628;PANTERA ROSA PERLADO;58:21.5;58:21.5;NULL
17832;18629;NEGRO AZUL MATE NEGRO MATE;58:21.5;58:21.5;NULL
17833;18630;VERDE HIJAU;58:21.5;58:21.5;NULL
17834;18631;AMARILLO Y MARFIL;58:21.5;58:21.5;NULL
17835;18632;VERDE PANTONE 376C;58:21.5;58:21.5;NULL
17836;18633;BLANCO NIEBLA - AZUL PERLADO;58:21.6;58:21.6;NULL
17837;18634;PLATEADA;58:21.6;58:21.6;NULL
17838;18635;ROJO PABON;58:21.6;58:21.6;NULL
17839;18636;CHROME / JET BLACK;58:21.6;58:21.6;NULL
17840;18637;CHROME / MERIDEN BLUE;58:21.6;58:21.6;NULL
17841;18638;NEGRO CRISTAL CON EFECTO;58:21.6;58:21.6;NULL
17842;18639;MAGENTA PERLADO;58:21.6;58:21.6;NULL
17843;18640;AEGEAN BLUE / FUSION WHITE;58:21.6;58:21.6;NULL
17844;18641;CARNIVAL RED / JET BLACK;58:21.6;58:21.6;NULL
17845;18642;NARANJA VIVID;58:21.6;58:21.6;NULL
17846;18643;METALICO GAMUZA OSCURO;58:21.6;58:21.6;NULL
17847;18644;VERDE GIOLA;58:21.6;58:21.6;NULL
17848;18645;CAFE MOCA METALICO CORAL RED;58:21.6;58:21.6;NULL
17849;18646;NEGRO CENIZO;58:21.7;58:21.7;NULL
17850;18647;AZUL GLO METALIZADO;58:21.7;58:21.7;NULL
17851;18648;AZUL CONSTELLATION;58:21.7;58:21.7;NULL
17852;18649;ROJO MICA NEGRO;58:21.7;58:21.7;NULL
17853;18650;BROOKLYN GRAY;58:21.7;58:21.7;NULL
17854;18651;ROJO ELECTRICO METALICO;58:21.7;58:21.7;NULL
17855;18652;CAFE MOCA METALICO Y AZUL;58:21.7;58:21.7;NULL
17856;18653;ESMERALD METALLIC ELITE EY;58:21.7;58:21.7;NULL
17857;18654;VERDE SALVIA METALICO MULTITONO BLANCO;58:21.7;58:21.7;NULL
17858;18655;VERDE SALVIA METALICO MULTITONO BLANCO;58:21.7;58:21.7;NULL
17859;18656;AZUL CONSTELACION BRILLANTE;58:21.7;58:21.7;NULL
17860;18657;BLANCO NIEBLA NARANJA;58:21.7;58:21.7;NULL
17861;18658;AZUL MATE - BEIGE;58:21.7;58:21.7;NULL
17862;18659;EMERALD METALLIC ELITE EY;58:21.7;58:21.7;NULL
17863;18660;PLATIN BRONZE METALIZADO;58:21.7;58:21.7;NULL
17864;18661;NEGRO Y AZUL TURQUESA;58:21.8;58:21.8;NULL
17865;18662;AMARILLO SAHARA NEGRO;58:21.8;58:21.8;NULL
17866;18663;PLATEADO CALIDO OPAL METALICO;58:21.8;58:21.8;NULL
17867;18664;MARRON MATE;58:21.8;58:21.8;NULL
17868;18665;AZUL TURQUESA VERDE;58:21.8;58:21.8;NULL
17869;18666;P. BLUE;58:21.8;58:21.8;NULL
17870;18667;MARRON METALICO GUARANJA;58:21.8;58:21.8;NULL
17871;18668;VINO TINTO METALIZADO;58:21.8;58:21.8;NULL
17872;18669;PLATA PREMIUM NARANJA;58:21.8;58:21.8;NULL
17873;18670;SMOKE SILVER METALIZADO;58:21.8;58:21.8;NULL
17874;18671;BLANCO MORADO Y NARANJA;58:21.8;58:21.8;NULL
17875;18672;GRIS - AMARILLO NEON;58:21.8;58:21.8;NULL
17876;18673;CAFE ORO METALIZADO;58:21.8;58:21.8;NULL
17877;18674;VERDE DENIM;58:21.8;58:21.8;NULL
17878;18675;PLATA AZULOSO METAL;58:21.9;58:21.9;NULL
17879;18676;ROJO VERDE TURQUESA;58:21.9;58:21.9;NULL
17880;18677;NEGRO Y MORADO;58:21.9;58:21.9;NULL
17881;18678;CHROME DIABLO RED;58:21.9;58:21.9;NULL
17882;18679;BONNINT METALICO;58:21.9;58:21.9;NULL
17883;18680;AZUL ESPECIAL Y AZUL INTERMEDIO;58:21.9;58:21.9;NULL
17884;18681;GRIS, ROJO Y AZUL CELESTE;58:21.9;58:21.9;NULL
17885;18682;BLANCO PLATINUM;58:21.9;58:21.9;NULL
17886;18683;Daring Matt Red;58:21.9;58:21.9;NULL
17887;18684;Aluminium Matt Dark;58:21.9;58:21.9;NULL
17888;18685;Oxigen Matt White;58:21.9;58:21.9;NULL
17889;18686;ROJO BURDEAUX PERLECENTE;58:21.9;58:21.9;NULL
17890;18687;BLANCO SCOTIA - NEGRO;58:21.9;58:21.9;NULL
17891;18688;GRIS AMATISTA CLARO;58:21.9;58:21.9;NULL
17892;18689;Oxygen Matt white;58:21.9;58:21.9;NULL
17893;18690;NEGRO BLANCO NIEVE PERLADO;58:21.9;58:21.9;NULL
17894;18691;PLATA SILVER PLATEADO METALIZADO;58:21.9;58:21.9;NULL
17895;18692;VERDE DESTINACION;58:21.9;58:21.9;NULL
17896;18693;VERDE RETROGRADO;58:22.0;58:22.0;NULL
17897;18694;NEGRO GRIS FRANJAS ROJAS;58:22.0;58:22.0;NULL
17898;18695;NARANJA BRILLANTE PERLADO;58:22.0;58:22.0;NULL
17899;18696;BLANCO GRIS TURQUESA;58:22.0;58:22.0;NULL
17900;18697;ALUMINIUM MATT DARK;58:22.0;58:22.0;NULL
17901;18698;GRAPHITE / JET BLACK;58:22.0;58:22.0;NULL
17902;18699;COMPETITION GREEN / IRONSTONE;58:22.0;58:22.0;NULL
17903;18700;COSMIC YELLOW / GRAPHITE;58:22.0;58:22.0;NULL
17904;18701;MATT IRONSTONE / MATT STORM GREY;58:22.0;58:22.0;NULL
17905;18702;CARNIVAL RED / STORM GREY;59:19.4;59:19.4;NULL
17906;18703;JET BLACK / SILVER ICE;59:19.4;59:19.4;NULL
17907;18704;CARNIVAL RED / PHANTOM BLACK;59:19.4;59:19.4;NULL
17908;18705;COMPETITION GREEN / PHANTOM BLACK;59:19.4;59:19.4;NULL
17909;18706;MATT SANDSTORM / MATT JET BLACK;59:19.4;59:19.4;NULL
17910;18707;CHROME / BROOKLANDS GREEN;59:19.4;59:19.4;NULL
17911;18708;GRAPHITE / MATT GRAPHITE;59:19.4;59:19.4;NULL
17912;18709;JET BLACK / FUSION WHITE;59:19.4;59:19.4;NULL
17913;18710;CORDOVAN RED;59:19.4;59:19.4;NULL
17914;18711;PACIFIC BLUE / SILVER ICE;59:19.5;59:19.5;NULL
17915;18712;JET BLACK / ASH GRAY;59:19.5;59:19.5;NULL
17916;18713;JET BLACK / TRIUMPH RACING YELLOW;59:19.5;59:19.5;NULL
17917;18714;JET BLACK / GRAPHITE;59:19.5;59:19.5;NULL
17918;18715;SNOWDONIA WHITE / JET BLACK;59:19.5;59:19.5;NULL
17919;18716;MATT SANDSTORM;59:19.5;59:19.5;NULL
17920;18717;SAPPHIRE BLACK / CARNIVAL RED / SILVER ICE;59:19.5;59:19.5;NULL
17921;18718;COSMIC YELLOW;59:19.5;59:19.5;NULL
17922;18719;TRIUMPH RACING YELLOW;59:19.5;59:19.5;NULL
17923;18720;MATT PHANTOM BLACK / MATT GRAPHITE;59:19.5;59:19.5;NULL
17924;18721;DIABLO RED / PHANTOM BLACK;59:19.5;59:19.5;NULL
17925;18722;CRYSTAL WHITE / PHANTOM BLACK;59:19.5;59:19.5;NULL
17926;18723;PHANTOM BLACK / STORM GREY;59:19.5;59:19.5;NULL
17927;18724;BAJA ORANGE / PHANTOM BLACK;59:19.5;59:19.5;NULL
17928;18725;ASH GREY;59:19.5;59:19.5;NULL
17929;18726;GRAPHITE/INTENSE ORANGE;59:19.5;59:19.5;NULL
17930;18727;MATT KHAKI GREEN / MATT PHANTOM BLACK;59:19.5;59:19.5;NULL
17931;18728;CARBON BLACK / SAPPHIRE BLACK;59:19.5;59:19.5;NULL
17932;18729;SNOWDONIA WHITE / SAPPHIRE BLACK;59:19.5;59:19.5;NULL
17933;18730;SATIN GRANITE;59:19.5;59:19.5;NULL
17934;18731;GRIS ORFOT;59:19.5;59:19.5;NULL
17935;18732;SUBLIME GREEN EFFECT;59:19.6;59:19.6;NULL
17936;18733;AZUL SODALITA METALIZADA;59:19.6;59:19.6;NULL
17937;18734;MANUFAKTUR GRIS SELENITA MANGO;59:19.6;59:19.6;NULL
17938;18735;AZUL CLOISONNE OBSME;59:19.6;59:19.6;NULL
17939;18736;AZUL CLOISONNE OBSMET;59:19.6;59:19.6;NULL
17940;18737;CAFE GALACTICO;59:19.6;59:19.6;NULL
17941;18738;BLANCO Y ROJO RUBI PERLADO;59:19.6;59:19.6;NULL
17942;18739;AZUL ASCARI METALIZADO;59:19.6;59:19.6;NULL
17943;18740;COLOR BLANCO Y ROJO RUBI PERLADO;59:19.6;59:19.6;NULL
17944;18741;BLANCO AMBAR DORADO METALIZADO;59:19.6;59:19.6;NULL
17945;18742;NARANJA QUEMA;59:19.6;59:19.6;NULL
17946;18743;PURPURA DORADO  MAGENTA;59:19.6;59:19.6;NULL
17947;18744;GRIS Y PLATA;59:19.6;59:19.6;NULL
17948;18745;VERDE BICHE Y NEGRO;59:19.7;59:19.7;NULL
17949;18746;PISTACHO;59:19.7;59:19.7;NULL
17950;18747;BLANCO GRIS ROJO Y AZUL;59:19.7;59:19.7;NULL
17951;18748;MARFIL Y GRIS ROSA;59:19.7;59:19.7;NULL
17952;18749;AZUL PERSAN Y NEGRO;59:19.7;59:19.7;NULL
17953;18750;VERDE BICAPA;59:19.7;59:19.7;NULL
17954;18751;GRIS UMBRAL NEGRO;59:19.7;59:19.7;NULL
17955;18752;AZUL OFFSHORE METALLIC;59:19.7;59:19.7;NULL
17956;18753;AZUL SAPPHIRE PEARL;59:19.7;59:19.7;NULL
17957;18754;ROJO SUN BLAZE PEARL;59:19.7;59:19.7;NULL
17958;18755;AZUL OASIS;59:19.7;59:19.7;NULL
17959;18756;ROJO ATRACTIVO Y NEGRO;59:19.8;59:19.8;NULL
17960;18757;ETHEREAL PLATA SATINADO;59:19.8;59:19.8;NULL
17961;18758;GRIS ASFALTO UG MATE;59:19.8;59:19.8;NULL
17962;18759;AZUL AZALEA;59:19.8;59:19.8;NULL
17963;18760;SILVER ICE/CRANBERRY RED;59:19.8;59:19.8;NULL
17964;18761;AZUL ZENITH;59:19.8;59:19.8;NULL
17965;18762;FUSIA;59:19.8;59:19.8;NULL
17966;18763;BROOKLIN GRAY;59:19.8;59:19.8;NULL
17967;18764;PLATEADO METAL GRIS;59:19.8;59:19.8;NULL
17968;18765;ROJO IMOLA METALIZADO;59:19.8;59:19.8;NULL
17969;18766;PLATA AZUL BLANCO ROJO AMARILLO VERDE;59:19.8;59:19.8;NULL
17970;18767;ROJO MACK;59:19.8;59:19.8;NULL
17971;18768;VERDE CLARO PERLADO;59:19.9;59:19.9;NULL
17972;18769;AZUL NOCTURNO NEGRO;59:19.9;59:19.9;NULL
17973;18770;DEEP CERULEA;59:19.9;59:19.9;NULL
17974;18771;GRIS MEDIA NOCHE GRIS PLATA;59:19.9;59:19.9;NULL
17975;18772;GRIS CACTUS;59:19.9;59:19.9;NULL
17976;18773;DEEP CERULEAN;59:19.9;59:19.9;NULL
17977;18774;VERDE AGUAMARINA Y NEGRO;59:19.9;59:19.9;NULL
17978;18775;ORO LUNAR;59:19.9;59:19.9;NULL
17979;18776;GRIS CIBERNETICO T. NEGRO;59:19.9;59:19.9;NULL
17980;18777;GRIS ECOLOGICO T. NEGRO;59:19.9;59:19.9;NULL
17981;18778;ROJO PASION T. NEGRO;59:19.9;59:19.9;NULL
17982;18779;VERDE MIRAJE T. NEGRO;59:19.9;59:19.9;NULL
17983;18780;BLANCO ATLAS T. NEGRO;59:19.9;59:19.9;NULL
17984;18781;GRIS MICA METALIZADO;59:19.9;59:19.9;NULL
17985;18782;MANUFAKTUR ROJO PATAGONIA METALIZADO;59:19.9;59:19.9;NULL
17986;18783;NEGRO MATE GRIS PLATA;59:19.9;59:19.9;NULL
17987;18784;AZUL REY CON FRANJAS ROJAS BLANCAS;59:19.9;59:19.9;NULL
17988;18785;VIOLA DINO;59:20.0;59:20.0;NULL
17989;18786;BITONO NEGRO - PLATA PREMIUN;59:20.0;59:20.0;NULL
17990;18787;GRIS SPORT METALIZADO;59:20.0;59:20.0;NULL
17991;18788;VERDE ELITE;59:20.0;59:20.0;NULL
17992;18789;VIOLETA ELITE;59:20.0;59:20.0;NULL
17994;18791;MARFIL GRIS OSCURO MICA;59:20.0;59:20.0;NULL
17995;18792;NARANJADO AMARILLO Y NEGRO;59:20.0;59:20.0;NULL
17996;18793;ROJO FERRARI Y NEGRO;59:20.0;59:20.0;NULL
17997;18794;URBAN GRAY;59:20.1;59:20.1;NULL
17998;18795;NEGRA GRIS;59:20.1;59:20.1;NULL
17999;18796;ROJO DIAMANTE NEGRO BLANCO;59:20.1;59:20.1;NULL
18000;18797;NEGRO BLANCO DORADO ROJO Y GRIS;59:20.1;59:20.1;NULL
18001;18798;GRIS ECO PERLADO;59:20.1;59:20.1;NULL
18002;18799;EFECTO LAVANDA;59:20.1;59:20.1;NULL
18003;18800;AZUL NAVAJ METAL;59:20.2;59:20.2;NULL
18004;18801;BLANCO NEGRO VERDE ROJO;59:20.2;59:20.2;NULL
18005;18802;BLANCO AGUAMARINA CELESTE ROJO;59:20.2;59:20.2;NULL
18006;18803;NEGRO BEIGE MORADO;59:20.2;59:20.2;NULL
18007;18804;EFECTO ORO Y ROJO PUNTA DIAMANTE;59:20.2;59:20.2;NULL
18008;18805;BEIGE VERSAILLES METALICO;59:20.2;59:20.2;NULL
18009;18806;NEGRO AMARILLO GRIS BLANCO;59:20.2;59:20.2;NULL
18010;18807;PLATEADO METALIZADO Y BLANCO;59:20.2;59:20.2;NULL
18011;18808;GRIS CASSIOPEE + GRIS ESTRELLA;59:20.2;59:20.2;NULL
18012;18809;GRIS NARDO Y NEGRO PIANO;59:20.2;59:20.2;NULL
18013;18810;NARDO GREY BLACK;59:20.2;59:20.2;NULL
18014;18811;SATIN GREY;59:20.2;59:20.2;NULL
18015;18812;GRIS ARGENT METALIZADO;59:20.2;59:20.2;NULL
18016;18813;VERDE BRITISH – SATINADO;59:20.2;59:20.2;NULL
18017;18814;BLANCO GEADA ROJO MISTICO;59:20.3;59:20.3;NULL
18018;18815;BLANCO HUESO Y AZUL;59:20.3;59:20.3;NULL
18019;18816;COBRE RUBI METALIZADO;59:20.3;59:20.3;NULL
18020;18817;PLATA TIBURON;59:20.3;59:20.3;NULL
18021;18818;ROJO CREMA NARANJA VINOTINTO;59:20.3;59:20.3;NULL
18022;18819;ROJO ARTESANAL;59:20.3;59:20.3;NULL
18023;18820;BLANCO RHODIUM;59:20.3;59:20.3;NULL
18024;18821;GRIS CATALIZADOR - AMARILLO NEON;59:20.3;59:20.3;NULL
18025;18822;DORADO SUNSET SATINADO;59:20.3;59:20.3;NULL
18026;18823;GRIS CEMENTO;59:20.3;59:20.3;NULL
18027;18824;TITANIO URBANO METALIZADO/YR578M;59:20.3;59:20.3;NULL
18028;18825;NEGRO AMARILLO GRIS BLANCO;59:20.3;59:20.3;NULL
18029;18826;ROJO VULCAIN;59:20.3;59:20.3;NULL
18030;18827;NEGRO MATE DORADO BRILLANTE;59:20.3;59:20.3;NULL
18031;18828;NEGRO CIRUELA GLAMOUR;59:20.4;59:20.4;NULL
18032;18829;CIRUELA GLAMOUR CON FRANJAS BEIGE;59:20.4;59:20.4;NULL
18033;18830;ROJO OSCURO MICA/PLATA CLARO METALICO;59:20.4;59:20.4;NULL
18034;18831;AZUL MIAMI NEGRO SAPPHIRE;59:20.4;59:20.4;NULL
18035;18832;VERDE METALICO GRIS;59:20.4;59:20.4;NULL
18036;18833;GRIS FROZEN BROOKLYN METALIZADO MATE;59:20.4;59:20.4;NULL
18037;18834;ROJO SONEIRA METALIZADO;59:20.4;59:20.4;NULL
18038;18835;NEGRO VERDE AZUL MORADO;59:20.4;59:20.4;NULL
18039;18836;AZUL TRICOLOR;59:20.4;59:20.4;NULL
18040;18837;ARENA DEL DESIERTO - NEGRO CARBON;59:20.4;59:20.4;NULL
18041;18838;ROJO TERCIOPELO PERLADO/PRV;59:20.4;59:20.4;NULL
18042;18839;NEGRO OBSIDIANA / KH3;59:20.4;59:20.4;NULL
18043;18840;AZUL PATRIOTA PERLADO/PB7-AZUL;59:20.5;59:20.5;NULL
18044;18841;PLATA LA VANDA;59:20.5;59:20.5;NULL
18045;18842;GRIS CARBON Y NEGRO;59:20.5;59:20.5;NULL
18046;18843;NARANJA METALICO Y NEGRO;59:20.5;59:20.5;NULL
18047;18844;PLATA PURO Y NEGRO;59:20.5;59:20.5;NULL
18048;18845;AZUL GLACIAR Y NEGRO;59:20.5;59:20.5;NULL
18049;18846;GRIS ACERO Y NEGRO;59:20.5;59:20.5;NULL
18050;18847;VERDE MILITAR Y NEGRO;59:20.5;59:20.5;NULL
18051;18848;BLANCO HIELO Y NEGRO;59:20.5;59:20.5;NULL
18052;18849;EFECTO AZUL TIBIO;59:20.5;59:20.5;NULL
18053;18850;AZUL ABSOLUT;59:20.5;59:20.5;NULL
18054;18851;GRIS PLATA POLIESTER;59:20.5;59:20.5;NULL
18055;18852;AZUL TURQUEZA Y AZUL CIELO;59:20.5;59:20.5;NULL
18056;18853;BLANCO NEVADO Y NEGRO MATE;59:20.5;59:20.5;NULL
18057;18854;BLANCO ARTICO ROJO ALMAGRO;59:20.5;59:20.5;NULL
18058;18855;BLANCO ROJO ALMAGRO;59:20.5;59:20.5;NULL
18059;18856;PLATA PREMIUM Y GRIS;59:20.6;59:20.6;NULL
18060;18857;TITANIU URBANO METALIZADO/YR578M;59:20.6;59:20.6;NULL
18061;18858;ORO ARAGON OSCURO;59:20.6;59:20.6;NULL
18062;18859;GRIS HIELO Y NEGRO;59:20.6;59:20.6;NULL
18063;18860;BLANCO GALAXIA ROJO ALMAGRO;59:20.6;59:20.6;NULL
18064;18861;MID NIGHT PURPLE;59:20.6;59:20.6;NULL
18065;18862;ROJO Y CHAMPAÑA CREMA;59:20.6;59:20.6;NULL
18066;18863;BEIGE MILITAR;59:20.6;59:20.6;NULL
18067;18864;NEGRO AZUL BLANCO GRIS;59:20.6;59:20.6;NULL
18068;18865;BROOKLANDS GREENS;59:20.6;59:20.6;NULL
18069;18866;BLANCO, GRIS Y AGUAMARINA;59:20.6;59:20.6;NULL
18070;18867;BEIGE - ROJO -GRIS;59:20.6;59:20.6;NULL
18071;18868;AZUL ROJO FRANJA AMARILLA;59:20.6;59:20.6;NULL
18072;18869;ROJO CANDY Y GRIS PERLA;59:20.7;59:20.7;NULL
18073;18870;VIOLETA Y AZUL;59:20.7;59:20.7;NULL
18074;18871;NEGRO, ROJO CON NEGRO, PURPURA CON NEGRO, AZUL CON NEGRO, PLATIADO CON NEGRO;59:20.7;59:20.7;NULL
18075;18872;POLIESTER NEGRO DIAMANTE;59:20.7;59:20.7;NULL
18076;18873;ROJO SEMINOLE METALIZADO;59:20.7;59:20.7;NULL
18077;18874;ROJO VIOLETA METALIZADO;59:20.7;59:20.7;NULL
18078;18875;BEIGE CARRARA, ROJO Y BLANCO;59:20.7;59:20.7;NULL
18079;18876;ROJO ANIVERSARIO;59:20.7;59:20.7;NULL
18080;18877;AZUL CLOISONE;59:20.7;59:20.7;NULL
18081;18878;PLATEADO HIGHTECH METALIZADO;59:20.7;59:20.7;NULL
18082;18879;GRIS GALACTICO NEGRO;59:20.7;59:20.7;NULL
18083;18880;GRIS METALIZADO MAGNETICO;59:20.7;59:20.7;NULL
18084;18881;MANUFAKTUR GRIS SELENITA MAGNO;59:20.7;59:20.7;NULL
18085;18882;PEPPER GREY;59:20.7;59:20.7;NULL
18086;18883;NOIR ONYX METALIZADO;59:20.7;59:20.7;NULL
18087;18884;ROJO NEGRO Y BLANCO;59:20.8;59:20.8;NULL
18088;18885;BLANCO SAL Y AZUL;59:20.8;59:20.8;NULL
18089;18886;ROJO SEVILLA/ PLATA METALICO;59:20.8;59:20.8;NULL
18090;18887;G MANUFAKTUR AZUL MARINO METALIZADO;59:20.8;59:20.8;NULL
18091;18888;VERDE NARDO - NEGRO;59:20.8;59:20.8;NULL
18092;18889;CIRUELA GLAMOUR CON LINEAS BEIGE;59:20.8;59:20.8;NULL
18093;18890;GRIS LUMINOSO MATTE;59:20.8;59:20.8;NULL
18094;18891;BEIGE PLATINUM Y NEGRO;59:20.8;59:20.8;NULL
18095;18892;GRIS ATLANTIS;59:20.8;59:20.8;NULL
18096;18893;VERDE COURTYARD;59:20.8;59:20.8;NULL
18097;18894;GRIS ROSEMARY;59:20.8;59:20.8;NULL
18098;18895;NEGRO LIMA MATE;59:20.8;59:20.8;NULL
18099;18896;BLANCO - VERDE SELVA Y VERDE JARDÍN;59:20.8;59:20.8;NULL
18100;18897;VINOTINTO Y DORADO;59:20.9;59:20.9;NULL
18101;18898;VERDE DOS TONOS Y AMARILLO;59:20.9;59:20.9;NULL
18102;18899;THRILLING BLACK;59:20.9;59:20.9;NULL
18103;18900;ROSSO GP 19 DARK STEALTH;59:20.9;59:20.9;NULL
18104;18901;NEBULA BLUE;59:20.9;59:20.9;NULL
18105;18902;R LIVERY;59:20.9;59:20.9;NULL
18106;18903;NEGRO CIRUELA GLAMOUR CON LINEAS BEIGE;59:20.9;59:20.9;NULL
18107;18904;AZUL AGUAMARINA GRIS;59:20.9;59:20.9;NULL
18108;18905;VERDE OLIVA Y TERRACOTA;59:20.9;59:20.9;NULL
18109;18906;G MANUFAKTUR AZUL CLÁSICO ESTÁNDAR;59:20.9;59:20.9;NULL
18110;18907;ROJO HOJA;59:20.9;59:20.9;NULL
18111;18908;BLANCO Y SALMON;59:20.9;59:20.9;NULL
18112;18909;NEGRO - AZUL TORNASOL;59:20.9;59:20.9;NULL
18113;18910;AZUL MULTICOLOR;59:20.9;59:20.9;NULL
18114;18911;GREY NERO;59:21.0;59:21.0;NULL
18115;18912;AZUL DISCOVER BJJ;59:21.0;59:21.0;NULL
18116;18913;GRIS ARROIOS;59:21.0;59:21.0;NULL
18117;18914;PLATA PREMIUM Y GRIS OSCURO MATE;59:21.0;59:21.0;NULL
18118;18915;G MANUFAKTUR OLIVO OSCURO MAGNO;59:21.0;59:21.0;NULL
18119;18916;ROJO SATINADO;59:21.0;59:21.0;NULL
18120;18917;METAL PULIDO METALIZADO;59:21.0;59:21.0;NULL
18121;18918;ROJO RAL;59:21.0;59:21.0;NULL
18122;18919;AZUL NEGRO V2;59:21.0;59:21.0;NULL
18123;18920;PURSUIT CAMO;59:21.0;59:21.0;NULL
18124;18921;HIPERMETALIZADO Y NEGRO;59:21.0;59:21.0;NULL
18125;18922;BLANCO NIEVE PERLADO / MACHINE GRAY;59:21.0;59:21.0;NULL
18126;18923;PLATA HIGHTECH;59:21.0;59:21.0;NULL
18127;18924;VERDE NARDO Y NEGRO;59:21.0;59:21.0;NULL
18128;18925;NARANJA TERRA;59:21.0;59:21.0;NULL
18129;18926;CIRUELA GLAMOUR EFECTO LAVANDA;59:21.0;59:21.0;NULL
18130;18927;GRIS AZULOSO Y MARFIL;59:21.1;59:21.1;NULL
18131;18928;AZUL ESMERALDA METALICO;59:21.1;59:21.1;NULL
18132;18929;NEGRO NEBULOSA GRIS NARDO;59:21.1;59:21.1;NULL
18133;18930;VERDE ARMY NEGRO NEBULOSA;59:21.1;59:21.1;NULL
18134;18931;GRIS NEGRO AZUL NARANJA;59:21.1;59:21.1;NULL
18135;18932;AZUL CONTINENTAL Y BEIGE METALIZADO;59:21.1;59:21.1;NULL
18136;18933;PLATA PREMIUM Y GRIS OSCURO;59:21.1;59:21.1;NULL
18137;18934;ROJO FRIJOL;59:21.1;59:21.1;NULL
18138;18935;BLANCO- FUCSIA;59:21.1;59:21.1;NULL
18139;18936;GRIS LOBO;59:21.1;59:21.1;NULL
18140;18937;AMARILLO PITON METALIZADO;59:21.1;59:21.1;NULL
18141;18938;BEIGE VICUÑA METALIZADO;59:21.2;59:21.2;NULL
18142;18939;AZUL WAITOMO METALIZADO;59:21.2;59:21.2;NULL
18143;18940;AZUL ISLANDIA CON NEGRO Y GRIS;59:21.2;59:21.2;NULL
18144;18941;GRIS TIBIO;59:21.2;59:21.2;NULL
18145;18942;ROJO FRESA NEGRO;59:21.2;59:21.2;NULL
18146;18943;AZUL OBSIDIANAPERLADO / B588P;59:21.2;59:21.2;NULL
18147;18944;GRIS PLOMO Y FUCSIA;59:21.2;59:21.2;NULL
18148;18945;BLANCO-AZUL-NARANJA-VERDE;59:21.2;59:21.2;NULL
18149;18946;ROJO DIAMANTE Y NEGRO BRILLANTE;59:21.2;59:21.2;NULL
18150;18947;NEGRO AMARILLO Y GRIS;59:21.3;59:21.3;NULL
18151;18948;BLANCO NEGRO Y MORADO;59:21.3;59:21.3;NULL
18152;18949;BLANCO PURO Y NARANJA ATACAMA;59:21.3;59:21.3;NULL
18153;18950;MORADO METALICO-GRIS;59:21.3;59:21.3;NULL
18154;18951;NEGRO GRIS PERLA;59:21.3;59:21.3;NULL
18155;18952;GRIS CLARO Y ROJO;59:21.3;59:21.3;NULL
18156;18953;BLANCO Y NEGRO BRILLANTE;59:21.4;59:21.4;NULL
18157;18954;BLANCO GLACIAL - ROJO - AMARILLO - NEGRO - GRIS;59:21.4;59:21.4;NULL
18158;18955;BLANCO Y ROJO FERRARI;59:21.4;59:21.4;NULL
18159;18956;CHOCOLATE HOT NEGRO METALIZADO BLANCO;59:21.4;59:21.4;NULL
18160;18957;ROJO PELICANO NEGRO;59:21.4;59:21.4;NULL
18161;18958;CAFE  BEIGE METALIZADO;59:21.4;59:21.4;NULL
18162;18959;AZUL  ALGARVE METALIZADO;59:21.4;59:21.4;NULL
18163;18960;ICE CREAM BLUE;59:21.4;59:21.4;NULL
18164;18961;BLANCO Y UVA EFECTO;59:21.4;59:21.4;NULL
18165;18962;VERDE OLIVA METAL;59:21.4;59:21.4;NULL
18166;18963;CAFE HELLE FLASH;59:21.4;59:21.4;NULL
18167;18964;NEGRO Y DORADO;59:21.4;59:21.4;NULL
18168;18965;AZUL GRIS OCASO PLATA;59:21.5;59:21.5;NULL
18169;18966;GRIS VELVET;59:21.5;59:21.5;NULL
18170;18967;FRANJAS ROJA, VERDE Y AZUL;59:21.5;59:21.5;NULL
18171;18968;ROJO LEGION;59:21.5;59:21.5;NULL
18172;18969;BLANCO Y VINO LILA;59:21.5;59:21.5;NULL
18173;18970;BLANCO GEADA Y ROJO;59:21.5;59:21.5;NULL
18174;18971;GRIS PLATINIUM – TECHO NEGRO;59:21.5;59:21.5;NULL
18175;18972;BLANCO LISBON;59:21.5;59:21.5;NULL
18176;18973;BLANCO CON FRANJAS ROJA, VERDE Y AZUL;59:21.5;59:21.5;NULL
18177;18974;VERDE MIRAJE;59:21.5;59:21.5;NULL
18178;18975;AZUL AGUAMARINA NEGRO;59:21.5;59:21.5;NULL
18179;18976;VERDE TURQUEZA, VERDE ESMERALDA Y GRIS;59:21.5;59:21.5;NULL
18180;18977;AZUL BAHAMAS METALICO;59:21.5;59:21.5;NULL
18181;18978;NEW BEIGE;59:21.6;59:21.6;NULL
18182;18979;ROJO TANGERNE;59:21.6;59:21.6;NULL
18183;18980;BLANCO METALIZADO NEGRO;59:21.6;59:21.6;NULL
18184;18981;BLANCO Y PURPLE EFFECT;59:21.6;59:21.6;NULL
18185;18982;NEGRO AZUL AMARILLO;59:21.6;59:21.6;NULL
18186;18983;GRIS RUSH;59:21.6;59:21.6;NULL
18187;18984;ROJO SEMINOLE METALICO;59:21.6;59:21.6;NULL
1089;1117;ARENA BIV;28:55.4;28:55.4;NULL
1754;1802;GRIS AZUL;31:45.9;31:45.9;NULL
2723;2813;SAHARA;30:52.7;30:52.7;NULL
4641;4822;BLANCO GRAFITO;39:12.3;39:12.3;NULL
5911;6153;HABANO ORO;50:21.8;50:21.8;NULL
5941;6183;LACA BLANCO ARTICO SOLIDO;50:22.1;50:22.1;NULL
6975;7263;ROJO ISIS;15:20.9;15:20.9;NULL
9445;9767;AZUL CAOBA;19:59.5;19:59.5;NULL
9483;9805;AZUL METALIZADO TURQUESA;23:25.2;23:25.2;NULL
9685;10007;BERBELLON;23:27.2;23:27.2;NULL
10079;10406;DORADO AZUL;24:15.6;24:15.6;NULL
10917;11357;BLANCO CREAM;26:12.6;26:12.6;NULL
12114;12614;AZUL MONARCA;28:51.6;28:51.6;NULL
12415;13171;AZUL MARTINICA;28:53.5;28:53.5;NULL
12628;13385;NEGRO ROJA;29:49.6;29:49.6;NULL
13308;14067;GRIS OSMIO;30:58.6;30:58.6;NULL
13403;14164;WARN SILVER;30:59.6;30:59.6;NULL
14101;14864;CHAPAN;38:47.9;38:47.9;NULL
14583;15348;NARANJA SUNSHINE;40:12.3;40:12.3;NULL
15695;16491;AZUL HADA;48:52.5;48:52.5;NULL
16539;17336;NEGRO ROJIZO;55:38.8;55:38.8;NULL
16923;17720;CAFE OBSCURO;57:15.8;57:15.8;NULL
17120;17917;GRIS NERDO;57:17.4;57:17.4;NULL
1;1;VERDE ACEITUNA;26:55.2;26:55.2;NULL
2;2;VERDE ACERO;26:55.2;26:55.2;NULL
3;3;VERDE ACUARELA;26:55.2;26:55.2;NULL
4;4;AMARILLO;26:55.2;26:55.2;NULL
5;5;AZUL;26:55.2;26:55.2;NULL
6;6;AMARILLO DAKAR;26:55.2;26:55.2;NULL
7;7;BEIGE;26:55.2;26:55.2;NULL
8;8;BLANCO;26:55.3;26:55.3;NULL
9;9;VERDE ACUARIUS;26:55.3;26:55.3;NULL
10;10;BLANCO BRUMA;26:55.3;26:55.3;NULL
11;11;CAFE;26:55.3;26:55.3;NULL
12;12;CAFE BEIGE;26:55.3;26:55.3;NULL
13;13;AZUL CARIBE;26:55.3;26:55.3;NULL
14;14;CARMELITO PLATEADO METALIZADO;26:55.3;26:55.3;NULL
15;15;CHAMPANA;26:55.4;26:55.4;NULL
16;16;AZUL CIELO;26:55.4;26:55.4;NULL
17;17;AZUL CLARO;26:55.4;26:55.4;NULL
18;18;ROJO CLASICO;26:55.4;26:55.4;NULL
19;19;CAFE MARRON;26:55.4;26:55.4;NULL
20;20;CREMA;26:55.4;26:55.4;NULL
21;21;AMBAR METALIZADO;26:55.4;26:55.4;NULL
22;22;BLANCO METALIZADO;26:55.5;26:55.5;NULL
23;23;ARENA PLATA;26:55.5;26:55.5;NULL
24;24;DORADO;26:55.5;26:55.5;NULL
25;25;ARMADA;26:55.5;26:55.5;NULL
26;26;AZUL FANTASMA;26:55.5;26:55.5;NULL
27;27;ROJO FUEGO;26:55.5;26:55.5;NULL
28;28;GRIS;26:55.5;26:55.5;NULL
29;30;ASPEN SILVER;26:55.5;26:55.5;NULL
30;32;AZUL IMPERIAL;26:55.5;26:55.5;NULL
31;33;VERDE JADE;26:55.5;26:55.5;NULL
32;34;VERDE ALAMO;26:55.5;26:55.5;NULL
33;35;ASTRO PLATA;26:55.5;26:55.5;NULL
34;36;ROUGE MANDARINE;26:55.5;26:55.5;NULL
35;37;MARFIL;26:55.6;26:55.6;NULL
36;38;VERDE MENTA;26:55.6;26:55.6;NULL
37;39;ATLANTIS BLUE;26:55.6;26:55.6;NULL
38;40;MORADO CORDOBES;26:55.6;26:55.6;NULL
39;41;MOSTAZA;26:55.6;26:55.6;NULL
40;42;ANARANJADO;26:55.6;26:55.6;NULL
41;43;NEGRO;26:55.6;26:55.6;NULL
42;44;ORO;26:55.6;26:55.6;NULL
43;45;AZUL OSCURO;26:55.6;26:55.6;NULL
51;53;ROJO;26:55.7;26:55.7;NULL
18188;18985;AZUL BAVARO MIC;59:21.6;59:21.6;NULL
18189;18986;PLATA PURO, NEGRO Y AZUL ELECTRICO;59:21.6;59:21.6;NULL
18190;18987;NEGRA ROJA;59:21.6;59:21.6;NULL
18191;18988;BLANCO NIEBLA - AZUL TORNASOL;59:21.6;59:21.6;NULL
18192;18989;GRIS GALAPAGO Y AZUL;59:21.6;59:21.6;NULL
18193;18990;CIRUELA GLAMUR Y LILA;59:21.6;59:21.6;NULL
18194;18991;ROJO MICA Y NEGRO;59:21.6;59:21.6;NULL
18195;18992;GRIS MONTAÑA;59:21.6;59:21.6;NULL
18196;18993;AZUL SODALITA;59:21.7;59:21.7;NULL
18197;18994;AZUL MACAO METALIZADO;59:21.7;59:21.7;NULL
18198;18995;ROJO FLASH Y BLANCO;59:21.7;59:21.7;NULL
18199;18996;GRIS TIBIO / BLANCO;59:21.7;59:21.7;NULL
18200;18997;ROJO SATINO;59:21.7;59:21.7;NULL
18201;18998;CREMA ZAPOTE GRIS;59:21.7;59:21.7;NULL
18202;18999;NEGRO Y AZUL CELESTE METALIZADO;59:21.7;59:21.7;NULL
18203;19000;VIOLETA Y NEGRO;59:21.7;59:21.7;NULL
18204;19001;BLANCO BRILLANTE FROZEN METALIZADO;59:21.7;59:21.7;NULL
18205;19002;GRIS GALACTICO METALICO Y NEGRO;59:21.7;59:21.7;NULL
18206;19003;GRIS LLUVIA;59:21.7;59:21.7;NULL
18207;19004;BRONCE Y NEGRO;59:21.7;59:21.7;NULL
18208;19005;BLANCO ARCO IRIS Y AZUL UNIVERSO;59:21.7;59:21.7;NULL
18209;19006;AZUL INTENSO T.NEGRO;59:21.7;59:21.7;NULL
18210;19007;AZUL DENIM T.NEGRO;59:21.7;59:21.7;NULL
18211;19008;PLATA CROMO T.NEGRO;59:21.7;59:21.7;NULL
18212;19009;AZUL METAL T.NEGRO;59:21.7;59:21.7;NULL
18213;19010;PERLA AZUL FANTASIA;59:21.7;59:21.7;NULL
18214;19011;PLATA TIBURON Y NEGRO;59:21.8;59:21.8;NULL
18215;19012;GRIS DRAGO;59:21.8;59:21.8;NULL
18216;19013;GRIS DRAGO Y NEGRO;59:21.8;59:21.8;NULL
18217;19014;GRIS AÉREO;59:21.8;59:21.8;NULL
18218;19015;BOYSENBERRY BLACK;59:21.8;59:21.8;NULL
18219;19016;RUBY STAR NEO;59:21.8;59:21.8;NULL
18220;19017;GRIS SPARKLE / BLANCO;59:21.8;59:21.8;NULL
18221;19018;NEGRO MATE BRILLANTE;59:21.8;59:21.8;NULL
18222;19019;ROJO AZUL DORADO;59:21.8;59:21.8;NULL
18223;19020;AZUL ZURF;59:21.8;59:21.8;NULL
36473;19021;PLATEADO MORADO AGUAMARINA;05:39.1;05:39.1;NULL
36474;19022;ICE CAP (BLANCO);05:39.1;05:39.1;NULL
36475;19023;ROJO GTO;05:39.1;05:39.1;NULL
36476;19024;BLANCO NIEBLA DORADO;05:39.1;05:39.1;NULL
36477;19025;AZUL SATINADO NEGRO;05:39.1;05:39.1;NULL
36478;19026;VINILO DORADO CAMALEON;05:39.1;05:39.1;NULL
36479;19027;GRIS BRANDS HATCH METALIZADO;05:39.1;05:39.1;NULL
36480;19028;AZUL, GRIS, NEGRO Y BLANCO;05:39.1;05:39.1;NULL
36481;19029;MARRON ESPUMOSO METALIZADO;05:39.1;05:39.1;NULL
36482;19030;BLANCO ROCIO;05:39.1;05:39.1;NULL
36483;19031;BLANCO DOLOMITA PERLADO;05:39.1;05:39.1;NULL
36484;19032;NEGRO ONIX MICA;05:39.1;05:39.1;NULL
36485;19033;GRIS OBSIDIANA MICA;05:39.1;05:39.1;NULL
36486;19034;GRIS ISLAY MICA;05:39.1;05:39.1;NULL
36487;19035;ROJO ESPINELA MICA;05:39.1;05:39.1;NULL
36488;19036;AZUL BIARRITZ METALICO;05:39.1;05:39.1;NULL
36489;19037;NARANJA VALENCIA METALICO;05:39.1;05:39.1;NULL
36490;19038;VERDE AURORA GRIS NEGRO;05:39.1;05:39.1;NULL
36491;19039;GRIS SATINADO METALICO;05:39.1;05:39.1;NULL
36492;19040;ROJO CHERRY BLANCO;05:39.1;05:39.1;NULL
36493;19041;MATT STAR WHITE;05:39.1;05:39.1;NULL
36494;19042;LANCO Y BERBELLON;05:39.1;05:39.1;NULL
36495;19043;BLANCO Y BERBELLON;05:39.1;05:39.1;NULL
36496;19044;ROJO FLASIL;05:39.1;05:39.1;NULL
36497;19045;BLANCO PERLA UETALIZADO Y NEGRO;05:39.1;05:39.1;NULL
36498;19046;GRIS RAFALE;05:39.1;05:39.1;NULL
36499;19047;MORADO Y NEGRO;05:39.1;05:39.1;NULL
36500;19048;BLANCO PERLA METALIZADO Y NEGRO;05:39.1;05:39.1;NULL
36501;19049;CAFÉ BEIGE METALIZADO;05:39.1;05:39.1;NULL
36502;19050;AZUL ALPIN Y NEGRO;05:39.1;05:39.1;NULL
36503;19051;VERDE LIMON GRICOAT;05:39.1;05:39.1;NULL
36504;19052;PLATA PREMIUM Y NEGRO;05:39.1;05:39.1;NULL
36505;19053;NEGRO AZUL TIFFANY;05:39.1;05:39.1;NULL
36506;19054;BLANCO CON LINEAS AZULES;05:39.1;05:39.1;NULL
36507;19055;AZUL VOLTAIK;05:39.1;05:39.1;NULL
36508;19056;VERDE MATCHA;05:39.1;05:39.1;NULL
36509;19057;PLATA TECHO NEGRO;05:39.1;05:39.1;NULL
36510;19058;MARRON MEDIA NOCHE;05:39.1;05:39.1;NULL
36511;19059;CELESTIAL SILVER METALLIC;05:39.1;05:39.1;NULL
36512;19060;AZUL MATE NEGRO;05:39.1;05:39.1;NULL
36513;19061;GRIS PLATINO ROJO BLANCO NEGRO;05:39.1;05:39.1;NULL
36514;19062;GRIS COMET Y NEGRO;05:39.1;05:39.1;NULL
36515;19063;GAUNT GRY MTLIC;05:39.1;05:39.1;NULL
36516;19064;BRONCE PROFUNDO;05:39.1;05:39.1;NULL
36517;19065;AZUL NEGRO TORNASOL;05:39.1;05:39.1;NULL
36518;19066;GRIS PIEDRA Y MORADO;05:39.1;05:39.1;NULL
36519;19067;NEGRO AZUL BLANCO MORADO;05:39.1;05:39.1;NULL
36520;19068;NARANJA VERDE ROJO CREMA;05:39.1;05:39.1;NULL
36521;19069;POLIESTER ROJO MISTICO;05:39.1;05:39.1;NULL
36522;19070;CHOCOLATE ICED, ROJO Y GRIS;05:39.1;05:39.1;NULL
36523;19071;GRIS COMET MULTICOLOR;05:39.1;05:39.1;NULL
36524;19072;GRIS GALAPAGO PLATA BRILLANTE Y NEGRO;05:39.1;05:39.1;NULL
36525;19073;NEGRO EBONY CON RAYAS GRIS TENORITA Y LINEA AZUL GP;05:39.1;05:39.1;NULL
36526;19074;FUCSIA- MORADO TORNASOL;05:39.1;05:39.1;NULL
36527;19075;VERDE CLÁSICO, BLANCO Y NEGRO;05:39.1;05:39.1;NULL
36528;19076;VERDE CREMA FRANJA ROJA;05:39.1;05:39.1;NULL
36529;19077;SILVER NEGRO NARANJA;05:39.1;05:39.1;NULL
36530;19078;METALIZADO AZUL RECIFE-NEGRO;05:39.1;05:39.1;NULL
36531;19079;FUCSIA Y NEGRO;05:39.1;05:39.1;NULL
36532;19080;AZUL OSCURO MEDIA NOCHE;05:39.1;05:39.1;NULL
36533;19081;NEGRO Y GRIS ACERO SATINADO;05:39.1;05:39.1;NULL
36534;19082;ROJO FUSION CON NEGRO;05:39.1;05:39.1;NULL
36535;19083;GRIS ANDES;05:39.1;05:39.1;NULL
36536;19084;BLANCO DOVER;05:39.1;05:39.1;NULL
36537;19085;NEGRO PEBBLE;05:39.1;05:39.1;NULL
36538;19086;PLATA MEDALLA;05:39.1;05:39.1;NULL
36539;19087;SAGE GREEN;05:39.1;05:39.1;NULL
36540;19088;ORANGE RUST;05:39.1;05:39.1;NULL
36541;19089;NARANJA MORADO NEGRO;05:39.1;05:39.1;NULL
36542;19090;NEGRO MORADO Y PLATEADO;05:39.1;05:39.1;NULL
36543;19091;BLANCO- ROJO;05:39.1;05:39.1;NULL
36544;19092;GRIS TORNASOL;05:39.1;05:39.1;NULL
36545;19093;AZUL ALGARVE METALIZADO;05:39.1;05:39.1;NULL
36546;19094;GRIS VOLCANICO;05:39.1;05:39.1;NULL
36547;19095;BLANCO, ROSADO, NEGRO;05:39.1;05:39.1;NULL
36548;19096;MORADO MAGENTA;05:39.1;05:39.1;NULL
36549;19097;CEREZA CREMA Y GRIS;05:39.1;05:39.1;NULL
36550;19098;GRIS OSCURO METALICO Y AMARILLO DORADO;05:39.1;05:39.1;NULL
36551;19099;NEGRO DIAMANTE PERLADO;05:39.1;05:39.1;NULL
36552;19100;ROJO VINO Y NEGRO;05:39.1;05:39.1;NULL
36553;19101;GRIS PLATA MATE Y NEGRO;05:39.1;05:39.1;NULL
36554;19102;AZUL TIFFANY, NEGRO, DORADO;05:39.1;05:39.1;NULL
36555;19103;OUTLANDER 500 2WD;05:39.1;05:39.1;NULL
36556;19104;BLANCO - ROJO LEGION;05:39.1;05:39.1;NULL
36557;19105;NEGRO CARBON - AMARILLO NEON;05:39.1;05:39.1;NULL
36558;19106;PLATA - AMARILLO NEON;05:39.1;05:39.1;NULL
36559;19107;PLATA - ROJO LEGION;05:39.1;05:39.1;NULL
36560;19108;AMARILLO VERDE MILITAR BLANCO;05:39.1;05:39.1;NULL
36561;19109;GRIS NARDO BOREAL;05:39.1;05:39.1;NULL
36562;19110;PLATA MOJAVE;05:39.1;05:39.1;NULL
36563;19111;ROJA CON BLANCO;05:39.1;05:39.1;NULL
36564;19112;NEGRO NEBULOSA, VERDE NEON, ZAPOTE NEON Y BLANCO PERLADO;05:39.1;05:39.1;NULL
36565;19113;AZUL CLARO TIDE;05:39.1;05:39.1;NULL
36566;19114;WIND CHILL PEARL;05:39.1;05:39.1;NULL
36567;19115;GRIS ARTENSE NEGRO;05:39.1;05:39.1;NULL
36568;19116;GRIS SELLENIUM NEGRO;05:39.1;05:39.1;NULL
36569;19117;BLANCO OKENITA NEGRO;05:39.1;05:39.1;NULL
36570;19118;AZUL VERTIGO NEGRO;05:39.1;05:39.1;NULL
36571;19119;AZUL OPALO- TECHO NEGRO;05:39.1;05:39.1;NULL
36572;19120;AZUL COBALTO - TECHO NEGRO;05:39.1;05:39.1;NULL
36573;19121;GRIS AEREO;05:39.1;05:39.1;NULL
36574;19122;AMARILLO NEÓN;05:39.1;05:39.1;NULL
36575;19123;GRIS MAJESTUOSO;05:39.1;05:39.1;NULL
36576;19124;NARANJA VULCANO;05:39.1;05:39.1;NULL
36577;19125;SUNSET RED;05:39.1;05:39.1;NULL
36578;19126;BLANCO PERLADO TECHO ROJO PERLADO;05:39.1;05:39.1;NULL
36579;19127;BRONCE CAJOU;05:39.1;05:39.1;NULL
36580;19128;ROJO MILANO Y NEGRO;05:39.1;05:39.1;NULL
36581;19129;VERDE AGUA MARINA NEGRO  Y BEIS;05:39.1;05:39.1;NULL
36582;19130;PLATA CHAMPAÑA NEGRO;05:39.1;05:39.1;NULL
36583;19131;GRIS XERUS Y VERDE INGLES;05:39.1;05:39.1;NULL
36584;19132;VERDE FIDJI PT;05:39.1;05:39.1;NULL
36585;19133;ROJO PASI;05:39.1;05:39.1;NULL
36586;19134;ROJO PASION T.NEGRO;05:39.1;05:39.1;NULL
36587;19135;NEGRO MEDIA NOCHE METALIZADO;05:39.1;05:39.1;NULL
36588;19136;ROJO NEGRO AMARILLO VERDE;05:39.1;05:39.1;NULL
36589;19137;AZUL NEGRO Y ARENA;05:39.1;05:39.1;NULL
36590;19138;NEGRO-CIAN;05:39.1;05:39.1;NULL
36591;19139;NEGRO OBSIDIANA / ROJO RUBELITA;05:39.1;05:39.1;NULL
36592;19140;BLANCO PERLADO- TECHO ROJO;05:39.1;05:39.1;NULL
36593;19141;LUXOR BEIGE METALICO;05:39.1;05:39.1;NULL
36594;19142;CUARZO PLATINO Y NEGRO;05:39.1;05:39.1;NULL
36595;19143;AZUL METÁLICO Y NEGRO;05:39.1;05:39.1;NULL
36596;19144;GRIS AÉREO Y NEGRO;05:39.1;05:39.1;NULL
36597;19145;BLANCO OKENITA;05:39.1;05:39.1;NULL
36598;19146;GRIS SELLENIUM;05:39.1;05:39.1;NULL
36599;19147;GRIS BLANCO AMARILLO;05:39.1;05:39.1;NULL
36600;19148;ROJO CAMBERRA BLANCO;05:39.1;05:39.1;NULL
36601;19149;NEGRO GRIS FUCSIA MORADO;05:39.1;05:39.1;NULL
36602;19150;ROJO PERLA NEGRO;05:39.1;05:39.1;NULL
36603;19151;GRIS FRISSON NEGRO;05:39.1;05:39.1;NULL
36604;19152;PHANTOM GRAY;05:39.1;05:39.1;NULL
36605;19153;VANILLA BULE;05:39.1;05:39.1;NULL
36606;19154;CARBON CRYSTAL BLACK AND WHITE;05:39.1;05:39.1;NULL
36607;19155;CARBON CRYSTAL BLACK AND RED;05:39.1;05:39.1;NULL
36608;19156;RHINE BLUE;05:39.1;05:39.1;NULL
36609;19157;GRIS NEGRO PLATA;05:39.1;05:39.1;NULL
36610;19158;GRIS AZUL PERLADO;05:39.1;05:39.1;NULL
36611;19159;ALBA GRIS URBANO;05:39.1;05:39.1;NULL
36612;19160;LIVERY;05:39.1;05:39.1;NULL
36613;19161;BLANCO MINERALWEISS;05:39.1;05:39.1;NULL
36614;19162;MATTE SILVER QUARTZ;05:39.1;05:39.1;NULL
36615;19163;AZUL CLARO TECHO AMARILLO;05:39.1;05:39.1;NULL
36616;19164;BLANCO ORIGINAL;05:39.1;05:39.1;NULL
36617;19165;AZUL COBALTO TECHO NEGRO;05:39.1;05:39.1;NULL
36618;19166;PLATA PREMIUM NEGRO MATE;05:39.1;05:39.1;NULL
36619;19167;SUPREME RED;05:39.1;05:39.1;NULL
36620;19168;BLANCO LUNA METALIZADO Y TECHO NEGRO;05:39.1;05:39.1;NULL
36621;19169;ROJO DESTELLO NEGRO;05:39.1;05:39.1;NULL
36622;19170;PLATA IRIDIO METALIZADO Y NEGRO;05:39.1;05:39.1;NULL
36623;19171;VERDE ACCESORIOS NEGRO Y GRIS;05:39.1;05:39.1;NULL
36624;19172;VERDE CRISTAL VERDE OSCURO GRIS Y AMARILLO;05:39.1;05:39.1;NULL
36625;19173;CYAN;05:39.1;05:39.1;NULL
36626;19174;VERDE OSCURO BLANCO SOLIDO;05:39.1;05:39.1;NULL
36627;19175;PLATA CHAMPAÑA- TECHO NEGRO;05:39.1;05:39.1;NULL
36628;19176;GRIS DIAMON NEGRO;05:39.1;05:39.1;NULL
36629;19177;PHANTOM ORANGE / SILVER ORANGE;05:39.1;05:39.1;NULL
36630;19178;ROJO CAMBERRA-BLANCO;05:39.1;05:39.1;NULL
36631;19179;BLANCO PERLA Y AMARILLO FLUORESCENTE;05:39.1;05:39.1;NULL
36632;19180;VERDE Y CROMADO;05:39.1;05:39.1;NULL
36633;19181;AZUL AMARILLO GRIS BLANCO ROJO;05:39.1;05:39.1;NULL
36634;19182;AZUL COSM;05:39.1;05:39.1;NULL
36635;19183;VERDE CRI;05:39.1;05:39.1;NULL
36636;19184;GRIS METAL Y NEGRO;05:39.1;05:39.1;NULL
36637;19185;VINO TINTO MITICO;05:39.1;05:39.1;NULL
36638;19186;COYOTE TAN;05:39.1;05:39.1;NULL
36639;19187;AZUL CLOSOIAL;05:39.1;05:39.1;NULL
36640;19188;BLU TOUR DE FRANCE;05:39.1;05:39.1;NULL
36641;19189;GRIS LAVA MATE;05:39.1;05:39.1;NULL
36642;19190;ROJO CHAMPAÑA Y GRIS RATON PERLADO;05:39.1;05:39.1;NULL
36643;19191;AMARILLO SALVAJE;05:39.1;05:39.1;NULL
36644;19192;VERDE ESCARCHADO;05:39.1;05:39.1;NULL
36645;19193;NEGRO METALIZADO MATE;05:39.1;05:39.1;NULL
36646;19194;AZUL NEGRO V2 SE;05:39.1;05:39.1;NULL
36647;19195;NEGRO MATE V2 SE;05:39.1;05:39.1;NULL
36648;19196;VERDE NEGRO SE;05:39.1;05:39.1;NULL
36649;19197;MILITARY GREEN MATTE;05:39.1;05:39.1;NULL
36650;19198;ROJO CHILE;05:39.1;05:39.1;NULL
36651;19199;VINO TINTO MÍSTICO;05:39.1;05:39.1;NULL
36652;19200;GRIS PIEDRA DE LUNA - NEGRO NINJA;05:39.1;05:39.1;NULL
36653;19201;VERDE CLARO METALICO Y NEGRO;05:39.1;05:39.1;NULL
36654;19202;CHAMELEON CANDY PURPLE;05:39.1;05:39.1;NULL
36655;19203;NARANJA FIZZY;05:39.1;05:39.1;NULL
36656;19204;COSMO BLUE MET;05:39.1;05:39.1;NULL
36657;19205;GRIS PLATA ESTELAR;05:39.1;05:39.1;NULL
36658;19206;SAGEBRUSH GREEN;05:39.1;05:39.1;NULL
36659;19207;BLANCO GRIS Y FUCSIA NEGRO;05:39.1;05:39.1;NULL
36660;19208;SATURN GREY / GP 18;05:39.1;05:39.1;NULL
36661;19209;NEGRO-NEGRO MATE-GRIS;05:39.1;05:39.1;NULL
36662;19210;BLANCO AZUL AGUA MARINA Y MORADO;05:39.1;05:39.1;NULL
36663;19211;GRIS VERDE FLUORECENTE;05:39.1;05:39.1;NULL
36664;19212;ROJO VERVEL;05:39.1;05:39.1;NULL
36665;19213;ROJO FLARE;05:39.1;05:39.1;NULL
36666;19214;ROJO ESMERALDA Y  BEIGE CARRARA;05:39.1;05:39.1;NULL
36667;19215;NARANJA ENERGY;05:39.1;05:39.1;NULL
36668;19216;AZUL GTO;05:39.1;05:39.1;NULL
36669;19217;GRAPHITE RED;05:39.1;05:39.1;NULL
36670;19218;GRIS RAFALE NEGRO;05:39.1;05:39.1;NULL
36671;19219;GRIS AUSTRAL NEGRO;05:39.1;05:39.1;NULL
36672;19220;ROJO PERLADO Y NEGRO;05:39.1;05:39.1;NULL
36673;19221;NEGRO Y ORO ROSA;05:39.1;05:39.1;NULL
36674;19222;AZUL ESPECIA PERLADO;05:39.1;05:39.1;NULL
36675;19223;VINOTINTO CAMALEON;05:39.1;05:39.1;NULL
36676;19224;AZUL OPALO NEGRO;05:39.1;05:39.1;NULL
36677;19225;NEGRO VIVIDO DELUXE;05:39.1;05:39.1;NULL
36678;19226;AZUL TRIBECA;05:39.1;05:39.1;NULL
36679;19227;AZUL VARESINE;05:39.1;05:39.1;NULL
36680;19228;POLIESTER AZUL IMPERIAL;05:39.1;05:39.1;NULL
36681;19229;PERLA MULTIEFECTO BLANCO;05:39.1;05:39.1;NULL
36682;19230;BLANCO NIEBLA Y AZUL CHAMPAÑA;05:39.1;05:39.1;NULL
36683;19231;PLATA SABLE PRIMER GRIS;05:39.1;05:39.1;NULL
36684;19232;ROJO PASSION GRIS ALBORADA;05:39.1;05:39.1;NULL
36685;19233;AMARILLO NEGRO PERLADO;05:39.1;05:39.1;NULL
36686;19234;AMARILLO, BLANCO, NARANJA, ROJO Y VERDE;05:39.1;05:39.1;NULL
36687;19235;GRIS AEREO Y NEGRO;05:39.1;05:39.1;NULL
36688;19236;GRIS PLATA TIBURON-NEGRO;05:39.1;05:39.1;NULL
36988;19536;AZUL HB;05:39.1;05:39.1;NULL
36689;19237;BLANCO, LILA, MORADO;05:39.1;05:39.1;NULL
36690;19238;AVALANCHE GRAY;05:39.1;05:39.1;NULL
36691;19239;PLATA CELESTIAL METALIZADO Y NEGRO;05:39.1;05:39.1;NULL
36692;19240;ARENA DEL DESIERTO - NEGRO;05:39.1;05:39.1;NULL
36693;19241;NEGRO AMARILLO BLANCO  ROJO;05:39.1;05:39.1;NULL
36694;19242;AZUL LISB;05:39.1;05:39.1;NULL
36695;19243;NEGRO ROJO BLANCO MORADO;05:39.1;05:39.1;NULL
36696;19244;BLANCO NIEBLA VINOTINTO;05:39.1;05:39.1;NULL
36697;19245;MAGNETIC GRIS;05:39.1;05:39.1;NULL
36698;19246;SATURN GREY/GP 18;05:39.1;05:39.1;NULL
36699;19247;GRIS AMATISTA - BLANCO;05:39.1;05:39.1;NULL
36700;19248;GRIS SKYSCRAPER NEGRO;05:39.1;05:39.1;NULL
36701;19249;CHAMPAÑA Y GRIS OSCURO;05:39.1;05:39.1;NULL
36702;19250;NARANJA ENERGY NEGRO;05:39.1;05:39.1;NULL
36703;19251;BLANCO Y AMBAR;05:39.1;05:39.1;NULL
36704;19252;BEIGE CAPOTA CARMELITA;05:39.1;05:39.1;NULL
36705;19253;NARANJA METALICO YAMABUKI;05:39.1;05:39.1;NULL
36706;19254;NEGRO, VERDE MENTA, GRIS BLANCO;05:39.1;05:39.1;NULL
36707;19255;SAPOTE;05:39.1;05:39.1;NULL
36708;19256;NEGRO MATE-GRIS-NEGRO;05:39.1;05:39.1;NULL
36709;19257;NEGRO MATE-AZUL-NEGRO;05:39.1;05:39.1;NULL
36710;19258;PHANTOM GREEN/SILVER GREEN;05:39.1;05:39.1;NULL
36711;19259;GHOST GREY;05:39.1;05:39.1;NULL
36712;19260;OXFORD GREY;05:39.1;05:39.1;NULL
36713;19261;PLATA PREMIUM TECHO NEGRO;05:39.1;05:39.1;NULL
36714;19262;NEGRO MATE CON ROJO MISTICO;05:39.1;05:39.1;NULL
36715;19263;ROJO - PLATA;05:39.1;05:39.1;NULL
36716;19264;ROJO PROGRESIVO METALIZADO;05:39.1;05:39.1;NULL
36717;19265;ROJO RALLY Y NEGRO;05:39.1;05:39.1;NULL
36718;19266;GRIS AZULADO Y NEGRO;05:39.1;05:39.1;NULL
36719;19267;BLANCO NEVADO PERLADO;05:39.1;05:39.1;NULL
36720;19268;DORADO VERDE ROJO JADE;05:39.1;05:39.1;NULL
36721;19269;NEGRO NARANJA ROSADO;05:39.1;05:39.1;NULL
36722;19270;BLANCO BANCHISA NEGRO;05:39.1;05:39.1;NULL
36723;19271;CMMTAN329;05:39.1;05:39.1;NULL
36724;19272;AZUL CELESTE Y NEGROMATE;05:39.1;05:39.1;NULL
36725;19273;NEGRO AMARILLO - DORADO;05:39.1;05:39.1;NULL
36726;19274;AZUL DENTRICULAR;05:39.1;05:39.1;NULL
36727;19275;PLATA PURO Y NEGRO JET;05:39.1;05:39.1;NULL
36728;19276;VERDE MORICHE PERLADO - NEGRO;05:39.1;05:39.1;NULL
36729;19277;DORADO AZUL GRIS;05:39.1;05:39.1;NULL
36730;19278;ROJO FERRARI GRIS PETROLEO;05:39.1;05:39.1;NULL
36731;19279;BRUN VISION;05:39.1;05:39.1;NULL
36732;19280;MOCA;05:39.1;05:39.1;NULL
36733;19281;GRIS NUBLADO;05:39.1;05:39.1;NULL
36734;19282;AZUL CUARZO;05:39.1;05:39.1;NULL
36735;19283;AZUL CUARZO NEGRO NEBULOSA;05:39.1;05:39.1;NULL
36736;19284;AZUL ESPECTRA;05:39.1;05:39.1;NULL
36737;19285;GRIS NEGRO BLANCO NARANJA;05:39.1;05:39.1;NULL
36738;19286;AMARILLO MOSS;05:39.1;05:39.1;NULL
36739;19287;GRIS NEGRO NARANJA SE;05:39.1;05:39.1;NULL
36740;19288;GRIS CYAN SE;05:39.1;05:39.1;NULL
36741;19289;MILITARY TAN;05:39.1;05:39.1;NULL
36742;19290;BLANCO – MORADO- AZUL;05:39.1;05:39.1;NULL
36743;19291;GRIS NEUILLY – DS;05:39.1;05:39.1;NULL
36744;19292;GRIS NEUILLY;05:39.1;05:39.1;NULL
36745;19293;CAFE ONYX;05:39.1;05:39.1;NULL
36746;19294;BLANCO HUESO Y GRIS PLOMO;05:39.1;05:39.1;NULL
36747;19295;ROJO NEGRO Y DORADO;05:39.1;05:39.1;NULL
36748;19296;GRIS METROPOLITANO NARANJA;05:39.1;05:39.1;NULL
36749;19297;TRICOLORE;05:39.1;05:39.1;NULL
36750;19298;GRIS PIEDRA VERDE;05:39.1;05:39.1;NULL
36751;19299;BLANCO NEGRO GRIS Y ROJO;05:39.1;05:39.1;NULL
36752;19300;NEGRO SOMBRA Y NEGRO;05:39.1;05:39.1;NULL
36753;19301;BRITISH RACING GREEN;05:39.1;05:39.1;NULL
36754;19302;NEGRO, ROJO, AMARILLO Y BLANCO;05:39.1;05:39.1;NULL
36755;19303;BLANCO GRIS VERDE AMARILLO;05:39.1;05:39.1;NULL
36756;19304;ROJO, DORADO, AZUL Y GRIS;05:39.1;05:39.1;NULL
36757;19305;PLATEADO CON FRANJA GRIS;05:39.1;05:39.1;NULL
36758;19306;ROJO DIAMANTE NEGRO;05:39.1;05:39.1;NULL
36759;19307;NEGRO AZUL ELECTRICO;05:39.1;05:39.1;NULL
36760;19308;SPECIAL LIVERY;05:39.1;05:39.1;NULL
36761;19309;MORADO CREPUSCULO;05:39.1;05:39.1;NULL
36762;19310;MARRON Y GRIS;05:39.1;05:39.1;NULL
36763;19311;MORADO TORNASOL;05:39.1;05:39.1;NULL
36764;19312;GRIS CHAMPAGNE Y NEGRO;05:39.1;05:39.1;NULL
36765;19313;AMARILLO INDUSTRIAL;05:39.1;05:39.1;NULL
36766;19314;ROJO FUCSIA Y BEIGE;05:39.1;05:39.1;NULL
36767;19315;BLANCO CARAMELO;05:39.1;05:39.1;NULL
36768;19316;PARDO OCRE;05:39.1;05:39.1;NULL
36769;19317;AZUL NOCHE CON GRIS;05:39.1;05:39.1;NULL
36770;19318;ROJO FRANJA VERDE Y AMARILLO;05:39.1;05:39.1;NULL
36771;19319;BEIGE Y CAFE OSCURO;05:39.1;05:39.1;NULL
36772;19320;ROJO Y GRIS 2 TONOS;05:39.1;05:39.1;NULL
36773;19321;NEGRO NEBULOSA CAFE ARENA;05:39.1;05:39.1;NULL
36774;19322;AZUL ANTARTIDA NEGRO NEBULOSA;05:39.1;05:39.1;NULL
36775;19323;AZUL ATLAS Y NEGRO;05:39.1;05:39.1;NULL
36776;19324;ARENA Y NEGRO;05:39.1;05:39.1;NULL
36777;19325;BLANCO DIGITAL;05:39.1;05:39.1;NULL
36778;19326;BLANCO CAFE Y PLATA;05:39.1;05:39.1;NULL
36779;19327;NARANJA NEGRO MORADO;05:39.1;05:39.1;NULL
36780;19328;ICE;05:39.1;05:39.1;NULL
36781;19329;AZUL, NEGRO, BLANCO, AVENA;05:39.1;05:39.1;NULL
36782;19330;NEGRO ANARANJADO;05:39.1;05:39.1;NULL
36783;19331;ROSADO MAGENTA;05:39.1;05:39.1;NULL
36784;19332;NEGRO BRILLANTE ROJO;05:39.1;05:39.1;NULL
36785;19333;ASH GREY / INTENSE ORANGE;05:39.1;05:39.1;NULL
36786;19334;BLANCO GALAXIA Y AZUL PERLADO;05:39.1;05:39.1;NULL
36787;19335;VERDE ROCA LUNAR;05:39.1;05:39.1;NULL
36788;19336;AZUL NOGARO;05:39.1;05:39.1;NULL
36789;19337;VERDE GRIS PLATEADO;05:39.1;05:39.1;NULL
36790;19338;NARANJA CREMA FR/ AZUL;05:39.1;05:39.1;NULL
36791;19339;NEGRO METALIZADO MULTITONO AZUL;05:39.1;05:39.1;NULL
36792;19340;PLATA (SILVER) - TITANIC METALIZADO;05:39.1;05:39.1;NULL
36793;19341;VERDE PINE;05:39.1;05:39.1;NULL
36794;19342;GRIS CRYSTAL;05:39.1;05:39.1;NULL
36795;19343;AZUL SEA;05:39.1;05:39.1;NULL
36796;19344;AZUL, NEGRO, BLANCO, ARENA;05:39.1;05:39.1;NULL
36797;19345;CONCEPT2;05:39.1;05:39.1;NULL
36798;19346;GRIS PLATA ESCUNA, AMARILLO REY 741, GRIS CONNECT;05:39.1;05:39.1;NULL
36799;19347;BLANCO AVALANCHA/QM1;05:39.1;05:39.1;NULL
36800;19348;BLANCO NEGRO ROJO SE;05:39.1;05:39.1;NULL
36801;19349;RVE LIVERY;05:39.1;05:39.1;NULL
36802;19350;THRILLING BLACK AND STREET GREY;05:39.1;05:39.1;NULL
36803;19351;CONCEPT;05:39.1;05:39.1;NULL
36804;19352;AZUL MARINO / AZUL ARTICO;05:39.1;05:39.1;NULL
36805;19353;BLANCO GRIS Y VERDE AGUA MARINA;05:39.1;05:39.1;NULL
36806;19354;NEGRO-DARK CHERRY-PRISMATIC RED;05:39.1;05:39.1;NULL
36807;19355;AZUL CORCEGA NEGRO;05:39.1;05:39.1;NULL
36808;19356;NEGRO MATE LIMA;05:39.1;05:39.1;NULL
36809;19357;ROSADO Y BEIS;05:39.1;05:39.1;NULL
36810;19358;NEGRO DARK CHERRY PRISMATIC RED;05:39.1;05:39.1;NULL
36811;19359;AMARILLO MOSTAZA Y BEIGE;05:39.1;05:39.1;NULL
36812;19360;NITRO RACER;05:39.1;05:39.1;NULL
36813;19361;STREET RACER BLACK;05:39.1;05:39.1;NULL
36814;19362;PLATA ROSE METALIZADO;05:39.1;05:39.1;NULL
36815;19363;VERDE NEBULOSA;05:39.1;05:39.1;NULL
36816;19364;ROJO Y GRIS PERLADO;05:39.1;05:39.1;NULL
36817;19365;GRIS OSCURO-GRIS CLARO;05:39.1;05:39.1;NULL
36818;19366;PLATA SEDA METALICO ROJO;05:39.1;05:39.1;NULL
36819;19367;DESERT;05:39.1;05:39.1;NULL
36820;19368;GRANITO CRISTAL;05:39.1;05:39.1;NULL
36821;19369;AZUL AZALEA ROJO;05:39.1;05:39.1;NULL
36822;19370;VERDE PERLADO TECHO NEGRO;05:39.1;05:39.1;NULL
36823;19371;BLANCO NACARADO Y NEGRO;05:39.1;05:39.1;NULL
36824;19372;NEGRO - VERDE Y AZUL;05:39.1;05:39.1;NULL
36825;19373;ROJO AZUL BLANCO Y GRIS;05:39.1;05:39.1;NULL
36826;19374;BLANCO SKIING NEGRO;05:39.1;05:39.1;NULL
36827;19375;NR GREEN;05:39.1;05:39.1;NULL
36828;19376;SR BLACK;05:39.1;05:39.1;NULL
36829;19377;NARANJA BOREAL;05:39.1;05:39.1;NULL
36830;19378;AZUL SPORT METALIZADO;05:39.1;05:39.1;NULL
36831;19379;GRIS PIEDRA NEGRO BLANCO;05:39.1;05:39.1;NULL
36832;19380;VERDE VERONES;05:39.1;05:39.1;NULL
36833;19381;PLATA SABLE NEGRO SATIN;05:39.1;05:39.1;NULL
36834;19382;GRIS ASTRAL NEGRO;05:39.1;05:39.1;NULL
36835;19383;CASPIAN BLUE / STORM GREY;05:39.1;05:39.1;NULL
36836;19384;MATT KHAKI GREEN / FUSION WHITE;05:39.1;05:39.1;NULL
36837;19385;PHANTOM BLACK / SILVER ICE;05:39.1;05:39.1;NULL
36838;19386;CAMU;05:39.1;05:39.1;NULL
36839;19387;VERDE MILKY;05:39.1;05:39.1;NULL
36840;19388;CIAN OSCURO MALAQUITA;05:39.1;05:39.1;NULL
36841;19389;AZUL CIELO Y PLATA BRILLANTE;05:39.1;05:39.1;NULL
36842;19390;MONTPELLIER VINOTINTO METALICO;05:39.1;05:39.1;NULL
36843;19391;BLANCO ESQUÍ;05:39.1;05:39.1;NULL
36844;19392;AZUL METALIZADA;05:39.1;05:39.1;NULL
36845;19393;VERDE CROMO LIMON;05:39.1;05:39.1;NULL
36846;19394;SAPPHIRE GREEN / SILVER GREEN;05:39.1;05:39.1;NULL
36847;19395;GRIS DUSK;05:39.1;05:39.1;NULL
36848;19396;BLANCO CLOUD;05:39.1;05:39.1;NULL
36849;19397;OSCURO ROCK;05:39.1;05:39.1;NULL
36850;19398;AZUL MARFIL Y FRANJA ROJA;05:39.1;05:39.1;NULL
36851;19399;SARGE GREEN;05:39.1;05:39.1;NULL
36852;19400;BLANCO CRISTAL Y VERDE POLICROMADO;05:39.1;05:39.1;NULL
36853;19401;BLANCO RHODIUM -NEGRO;05:39.1;05:39.1;NULL
36854;19402;PINK DARK METALLIC;05:39.1;05:39.1;NULL
36855;19403;DORADO SAKHIR METALIZADO;05:39.1;05:39.1;NULL
36856;19404;ROJO CHILI METALIZADO;05:39.1;05:39.1;NULL
36857;19405;PLATA SATELITE METALIZADO;05:39.1;05:39.1;NULL
36858;19406;GRIS PLATA TIBURÓN;05:39.1;05:39.1;NULL
36859;19407;GRIS PLATA TIBURÓN Y NEGRO MATE;05:39.1;05:39.1;NULL
36860;19408;BLANCO NEVADO/NEGRO;05:39.1;05:39.1;NULL
36861;19409;ROSADO Y MORADO;05:39.1;05:39.1;NULL
36862;19410;GRIS CASSIOPEE NEGRO;05:39.1;05:39.1;NULL
36863;19411;BLANCO UNIVERSAL NEGRO;05:39.1;05:39.1;NULL
36864;19412;AZUL ZANZIBAR NEGRO;05:39.1;05:39.1;NULL
36865;19413;AZUL ZANZIBAR;05:39.1;05:39.1;NULL
36866;19414;GRIS MATE – GRIS;05:39.1;05:39.1;NULL
36867;19415;GRIS CLARO AZUL;05:39.1;05:39.1;NULL
36868;19416;NEGRO PERLADO - AZUL PERLADO;05:39.1;05:39.1;NULL
36869;19417;NEGRO PERLADO CRISTALIZADO;05:39.1;05:39.1;NULL
36870;19418;LITMUS GOLD GREEN;05:39.1;05:39.1;NULL
36871;19419;AMARILLO ESTELAR PERLADO;05:39.1;05:39.1;NULL
36872;19420;MAGENTA PERLADO Y BLANCO;05:39.1;05:39.1;NULL
36873;19421;GRIS BORASCO;05:39.1;05:39.1;NULL
36874;19422;NEGRO BLANCO BRILLANTE;05:39.1;05:39.1;NULL
36875;19423;NEGRO MATE - OCRE;05:39.1;05:39.1;NULL
36876;19424;AZUL – OCRE – NEGRO;05:39.1;05:39.1;NULL
36877;19425;AZUL VAINILLA;05:39.1;05:39.1;NULL
36878;19426;ELECTRIC BLUE;05:39.1;05:39.1;NULL
36879;19427;BLANCO CAFÉ DORADO Y PLATEADO;05:39.1;05:39.1;NULL
36880;19428;ROJO ORIENTAL BLANCO ARENA;05:39.1;05:39.1;NULL
36881;19429;NARANJA ARENA;05:39.1;05:39.1;NULL
36882;19430;AZUL FLOP NEGRO;05:39.1;05:39.1;NULL
36883;19431;GRIS MORADO Y BLANCO;05:39.1;05:39.1;NULL
36884;19432;SAPPHIRE PURPLE/SILVER PURPLE;05:39.1;05:39.1;NULL
36885;19433;NEGRO NEBULOSA Y ROJO METALIZADO;05:39.1;05:39.1;NULL
36886;19434;ROSSO DINO;05:39.1;05:39.1;NULL
36887;19435;GRAYSTONE CRUDO PLANO METALICO;05:39.1;05:39.1;NULL
36888;19436;BLANCO DOVER - NEGRO;05:39.1;05:39.1;NULL
36889;19437;ROJO DIAMANTE - NEGRO;05:39.1;05:39.1;NULL
36890;19438;NARANJA FIZZY - NEGRO;05:39.1;05:39.1;NULL
36891;19439;PLATA MEDALLA - NEGRO;05:39.1;05:39.1;NULL
36892;19440;GRIS ANDES - NEGRO;05:39.1;05:39.1;NULL
36893;19441;NEGRO NARANJA AEROGRAFIADO;05:39.1;05:39.1;NULL
36894;19442;AZUL CLARO AZUL OSCURO METÁLICO;05:39.1;05:39.1;NULL
36895;19443;BLANCO TORNASOL;05:39.1;05:39.1;NULL
36896;19444;PLATA PREMIUM BLANCO;05:39.1;05:39.1;NULL
36897;19445;BROOKLYN BLACK;05:39.1;05:39.1;NULL
36898;19446;BEIGE ARENA METALICO Y NEGRO;05:39.1;05:39.1;NULL
36899;19447;GRIS VAPOR, NEGRO;05:39.1;05:39.1;NULL
36900;19448;FRANGA AZUL A FRANGA CAFE;05:39.1;05:39.1;NULL
36901;19449;NEBULA GRIS;05:39.1;05:39.1;NULL
36902;19450;GRIS CLARO - TECHO NEGRO;05:39.1;05:39.1;NULL
36903;19451;BLANCO FRIO;05:39.1;05:39.1;NULL
36904;19452;AZUL PERLADO BALTICO;05:39.1;05:39.1;NULL
36905;19453;PLATA CIBERNETICO;05:39.1;05:39.1;NULL
36906;19454;BRONCE TERRENAL;05:39.1;05:39.1;NULL
36907;19455;BICOLOR NEGRO MORADO;05:39.1;05:39.1;NULL
36908;19456;BLANCO PURO ROJO DIAMANTE;05:39.1;05:39.1;NULL
36909;19457;ROJO CORAL GRIS PLATA;05:39.1;05:39.1;NULL
36910;19458;VERDE AZUL MAGESTIC;05:39.1;05:39.1;NULL
36911;19459;STAINLESS STEEL;05:39.1;05:39.1;NULL
36912;19460;BLANCO SERENO;05:39.1;05:39.1;NULL
36913;19461;ROJO DEFINITIVO;05:39.1;05:39.1;NULL
36914;19462;NARANJA JUPITER;05:39.1;05:39.1;NULL
36915;19463;GRIS MAGNETO;05:39.1;05:39.1;NULL
36916;19464;ARENA GRIS;05:39.1;05:39.1;NULL
36917;19465;AZUL NIEBLA GRIS;05:39.1;05:39.1;NULL
36918;19466;MERCURY BLUE;05:39.1;05:39.1;NULL
36919;19467;PERLA OLOGRAFICA;05:39.1;05:39.1;NULL
36920;19468;ROCA LUNAR 2/QU;05:39.1;05:39.1;NULL
36921;19469;MATT KHAKI GREEN/PHANTOM BLACK;05:39.1;05:39.1;NULL
36922;19470;TURQUEZA AZUL;05:39.1;05:39.1;NULL
36923;19471;VERDE IRLANDÉS METÁLICO;05:39.1;05:39.1;NULL
36924;19472;GRIS (CLOUDBURST GREY);05:39.1;05:39.1;NULL
36925;19473;ANVIL;05:39.1;05:39.1;NULL
36926;19474;GREIGE LATTE;05:39.1;05:39.1;NULL
36927;19475;BRT BILLARD BLU;05:39.1;05:39.1;NULL
36928;19476;GRIS QUARTZ METALIZADO;05:39.1;05:39.1;NULL
36929;19477;NARANJA Y AMARILLO;05:39.1;05:39.1;NULL
36930;19478;GRIS - METAL - VIOLETA;05:39.1;05:39.1;NULL
36931;19479;GRIS GRIS NEGRO;05:39.1;05:39.1;NULL
36932;19480;ROJO EMPERADOR Y NEGRO;05:39.1;05:39.1;NULL
36933;19481;ROJOBARCELONA METALIZADO;05:39.1;05:39.1;NULL
36934;19482;ROULETTE GREEN;05:39.1;05:39.1;NULL
36935;19483;BAJA ORANGE;05:39.1;05:39.1;NULL
36936;19484;MAT PHA/MAT CRY;05:39.1;05:39.1;NULL
36937;19485;GRIS NIEBLA / NEGRO;05:39.1;05:39.1;NULL
36938;19486;BLANCO NEVADO / NEGRO;05:39.1;05:39.1;NULL
36939;19487;GRIS ASFALTO BRILLANTE;05:39.1;05:39.1;NULL
36940;19488;SATIN ROSADO METALIZADO;05:39.1;05:39.1;NULL
36941;19489;ROJO MIXTICO;05:39.1;05:39.1;NULL
36942;19490;PLATA GRIS BLANCO NEGRO;05:39.1;05:39.1;NULL
36943;19491;GRIS GALAPAGO PERLA ROJA;05:39.1;05:39.1;NULL
36944;19492;PLATA GLACIAR Y NEGRO;05:39.1;05:39.1;NULL
36945;19493;ROJO/NEGRO;05:39.1;05:39.1;NULL
36946;19494;VERDE FIJDI;05:39.1;05:39.1;NULL
36947;19495;GRIS BROOKLYN;05:39.1;05:39.1;NULL
36948;19496;GRIS NARDO, NEGRO Y PERLA VIOLETA;05:39.1;05:39.1;NULL
36949;19497;BLANCO /NEGRO;05:39.1;05:39.1;NULL
36950;19498;ROJO DORADO GRIS NEGRO;05:39.1;05:39.1;NULL
36951;19499;CLIMBING ASH;05:39.1;05:39.1;NULL
36952;19500;AZUL BLANCO GRIS NEGRO;05:39.1;05:39.1;NULL
36953;19501;VERDE GRISACEO AEGEAN;05:39.1;05:39.1;NULL
36954;19502;BLANCO CRISTAL Y AZUL METALIZADO;05:39.1;05:39.1;NULL
36955;19503;ROJO MANZANA CARAMELO;05:39.1;05:39.1;NULL
36956;19504;ROJO KENWORTH RADIANTE;05:39.1;05:39.1;NULL
36957;19505;AZUL CLARO TIDE Y BLANCO;05:39.1;05:39.1;NULL
36958;19506;VERDE FLAMANTE;05:39.1;05:39.1;NULL
36959;19507;PLATA NIEVE METALIZADO;05:39.1;05:39.1;NULL
36960;19508;NEGRO TITANIO;05:39.1;05:39.1;NULL
36961;19509;ROSADO SATINADO NEGRO GRIS;05:39.1;05:39.1;NULL
36962;19510;ROJO GRIS BLANCO NEGRO;05:39.1;05:39.1;NULL
36963;19511;AZUL GRIS BLANCO NEGRO;05:39.1;05:39.1;NULL
36964;19512;CAVIAR SADDLE TAN;05:39.1;05:39.1;NULL
36965;19513;BLANCO OPALITA BRIGHT;05:39.1;05:39.1;NULL
36966;19514;GRIS GRAFITO MAGNO;05:39.1;05:39.1;NULL
36967;19515;PERSIAN GOLD METALIC;05:39.1;05:39.1;NULL
36968;19516;BLANCO NEBULOSA;05:39.1;05:39.1;NULL
36969;19517;BRONCE DORADO METÁLICO;05:39.1;05:39.1;NULL
36970;19518;AZUL ZAFIRO NEGRO;05:39.1;05:39.1;NULL
36971;19519;ROJO Y GRIS RATON;05:39.1;05:39.1;NULL
36972;19520;ROJO GRIS BLANCO NEGRO;05:39.1;05:39.1;NULL
36973;19521;PASTEL BLUE;05:39.1;05:39.1;NULL
36974;19522;GRIS MATE, AZUL, NEGRO Y PLATEADO;05:39.1;05:39.1;NULL
36975;19523;GRIS ROCA LUNAR;05:39.1;05:39.1;NULL
36976;19524;AZUL SALT LAKE;05:39.1;05:39.1;NULL
36977;19525;PLATA SUPERSTAR;05:39.1;05:39.1;NULL
36978;19526;NEGRO ELEGAN;05:39.1;05:39.1;NULL
36979;19527;GRIS MOONLIGHT;05:39.1;05:39.1;NULL
36980;19528;BLANCO SNOWY;05:39.1;05:39.1;NULL
36981;19529;BLANCO CAMALEON CON ROJO;05:39.1;05:39.1;NULL
36982;19530;GRIS INCOGNITO;05:39.1;05:39.1;NULL
36983;19531;BLANCO NACAR VINOTINTO;05:39.1;05:39.1;NULL
36984;19532;NEGRO NEBULOSA MORADO;05:39.1;05:39.1;NULL
36985;19533;GRIS POLICROMADO BLANCO;05:39.1;05:39.1;NULL
36986;19534;CLOUDBURST GREY;05:39.1;05:39.1;NULL
36987;19535;AZUL HD;05:39.1;05:39.1;NULL
36989;19537;AZUL HR / NEGRO SOL;05:39.1;05:39.1;NULL
36990;19538;AZUL SWAROVSKI;05:39.1;05:39.1;NULL
36991;19539;BLANCO 9F;05:39.1;05:39.1;NULL
36992;19540;BLANCO HAMILTON;05:39.1;05:39.1;NULL
36993;19541;BLANCO HAMILTON / NEGRO SOL;05:39.1;05:39.1;NULL
36994;19542;GRIS KU;05:39.1;05:39.1;NULL
36995;19543;GRIS KV;05:39.1;05:39.1;NULL
36996;19544;GRIS AYERS;05:39.1;05:39.1;NULL
36997;19545;NARANJA 27;05:39.1;05:39.1;NULL
36998;19546;NEGRO N1;05:39.1;05:39.1;NULL
36999;19547;NEGRO SOL;05:39.1;05:39.1;NULL
37000;19548;PLATA TITANEO;05:39.1;05:39.1;NULL
37001;19549;ROJO G7;05:39.1;05:39.1;NULL
37002;19550;ROJO MARTE / NEGRO SOL;05:39.1;05:39.1;NULL
37003;19551;VERDE LB;05:39.1;05:39.1;NULL
37004;19552;VERDE L5 / NEGRO SOL;05:39.1;05:39.1;NULL
37005;19553;ROJO MARTE / NEGRO SOL;05:39.1;05:39.1;NULL
37006;19554;VERDE OAK METALIZADO NEO;05:39.1;05:39.1;NULL
37007;19555;AMARILLO CARTAGENA;05:39.1;05:39.1;NULL
37008;19556;MAXIMUM STEEL METALLIC;05:39.1;05:39.1;NULL
37009;19557;AMARILLO NEON Y NEGRO BRILLANTE;05:39.1;05:39.1;NULL
37010;19558;GRIS STING;05:39.1;05:39.1;NULL
37011;19559;NEGRO OBSIDIANA Y GRIS GRAFITO;05:39.1;05:39.1;NULL
37012;19560;BLANCO GALAXIA Y VERDE AGUA MARINA;05:39.1;05:39.1;NULL
37013;19561;VERDE NEGRO BEIGE;05:39.1;05:39.1;NULL
37014;19562;COLOR DEL CUERPO CENIZA;05:39.1;05:39.1;NULL
37015;19563;VERDE AMAZONICO;05:39.1;05:39.1;NULL
37016;19564;AZUL COBALTO TECHO GRIS;05:39.1;05:39.1;NULL
37017;19565;SALMON DESTELLANTE;05:39.1;05:39.1;NULL
37018;19566;ROJO TOMATE Y NEGRO;05:39.1;05:39.1;NULL
37019;19567;VINOTINTO PERLADO Y DORADO PERLADO;05:39.1;05:39.1;NULL
37020;19568;ROJO - NEGRO - GRIS;05:39.1;05:39.1;NULL
37021;19569;AZUL VERDE NEGRO;05:39.1;05:39.1;NULL
37022;19570;GRIS VANADIUM METALIZADO;05:39.1;05:39.1;NULL
37023;19571;VERDE STAR LAKE;05:39.1;05:39.1;NULL
37024;19572;AMARILLO Y AMARILLO CON NEGRO;05:39.1;05:39.1;NULL
37025;19573;ROJO BERMEJO METALICO;05:39.1;05:39.1;NULL
37026;19574;VERDE SATIN NEGRO;05:39.1;05:39.1;NULL
37027;19575;NEGRA MATE;05:39.1;05:39.1;NULL
37028;19576;BLANCA MATE;05:39.1;05:39.1;NULL
37029;19577;CAVIAR;05:39.1;05:39.1;NULL
37030;19578;GRIS PERLA NARANJA;05:39.1;05:39.1;NULL
37031;19579;BLANCO AZUL TORNASOL;05:39.1;05:39.1;NULL
37032;19580;GRIS TECHO ROJO;05:39.1;05:39.1;NULL
37033;19581;CAFE PECANO;05:39.1;05:39.1;NULL
37034;19582;AZUL ACERO TECHO NEGRO;05:39.1;05:39.1;NULL
37035;19583;AMARILLO TOSCANO TECHO NEGRO;05:39.1;05:39.1;NULL
37036;19584;SONORA ORO PERLADO;05:39.1;05:39.1;NULL
37037;19585;AZUL MAGNETICO TECHO NEGRO;05:39.1;05:39.1;NULL
37038;19586;AZUL ISLANDIA Y GRIS PLATA;05:39.1;05:39.1;NULL
37039;19587;INCOGNITO;05:39.1;05:39.1;NULL
37040;19588;PURPURA SATIN;05:39.1;05:39.1;NULL
37041;19589;VERDE TURQUESA GRIS PIEDRA;05:39.1;05:39.1;NULL
37042;19590;AZUL FORZA;05:39.1;05:39.1;NULL
37043;19591;ARENA CAMUFLADO;05:39.1;05:39.1;NULL
37044;19592;ROJO MATIZ;05:39.1;05:39.1;NULL
37045;19593;AZUL VAINILLA TECHO NEGRO;05:39.1;05:39.1;NULL
37046;19594;BRONCE MAROC;05:39.1;05:39.1;NULL
37047;19595;CAVIAR (NEGRO);05:39.1;05:39.1;NULL
37048;19596;ROSA CROMADO;05:39.1;05:39.1;NULL
37049;19597;CORDOVAN OSCURO METTALIZADO/PUV;05:39.1;05:39.1;NULL
37050;19598;VERDE TURQUESA GRIS CARBONO;05:39.1;05:39.1;NULL
37051;19599;ROJO NEGRO BRILLANTE;05:39.1;05:39.1;NULL
37052;19600;BLACK RAVEN;05:39.1;05:39.1;NULL
37053;19601;GRIS NARDO PERLADO Y MORADO;05:39.1;05:39.1;NULL
37054;19602;ALL BLACK;05:39.1;05:39.1;NULL
37055;19603;GRIS EFECTO;05:39.1;05:39.1;NULL
37056;19604;GRIS MATE PLATA;05:39.1;05:39.1;NULL
37057;19605;BLANCO AGUA MARINA;05:39.1;05:39.1;NULL
37058;19606;VERDE COMPASS;05:39.1;05:39.1;NULL
37059;19607;AZUL - NARANJA;05:39.1;05:39.1;NULL
37060;19608;ROJO CHILLI NEGRO;05:39.1;05:39.1;NULL
37061;19609;NEGRO, AZUL CELESTE Y ROJO CEREZA;05:39.1;05:39.1;NULL
37062;19610;MORADO CANDY NEGRO Y BLANCO;05:39.1;05:39.1;NULL
37063;19611;BLACK (NEGRO);05:39.1;05:39.1;NULL
37064;19612;BLANCO DOLOMITA PERLADO VERDE;05:39.1;05:39.1;NULL
37065;19613;AZUL GEMINI METALIZADO;05:39.1;05:39.1;NULL
37066;19614;AZUL BABY;05:39.1;05:39.1;NULL
37067;19615;NEGRO PLATEADO GRIS OSCURO GRIS CLARO AMARILLO;05:39.1;05:39.1;NULL
37068;19616;SUMMER GREEN;05:39.1;05:39.1;NULL
37069;19617;AZUL INGARO;05:39.1;05:39.1;NULL
37070;19618;ORO BRONCE  METALIZADO;05:39.1;05:39.1;NULL
37071;19619;AMARILLO - AZUL - NEGRO;05:39.1;05:39.1;NULL
37072;19620;ROJO MAZDA;05:39.1;05:39.1;NULL
37073;19621;BLANCO MORADO UVA;05:39.1;05:39.1;NULL
37074;19622;VERDE GUARUJA;05:39.1;05:39.1;NULL
37075;19623;NEGRO PIANO;05:39.1;05:39.1;NULL
37076;19624;AZUL FIORD;05:39.1;05:39.1;NULL
37077;19625;AZUL TIFANY;05:39.1;05:39.1;NULL
37078;19626;AZUL METALICO NEGRO;05:39.1;05:39.1;NULL
37079;19627;GRAY (GRIS);05:39.1;05:39.1;NULL
37080;19628;BLANCO (WHITE);05:39.1;05:39.1;NULL
37081;19629;AMARILLO DUNA;05:39.1;05:39.1;NULL
37082;19630;ROJO ESTOCOLMO;05:39.1;05:39.1;NULL
37083;19631;ROJO ATARDECER TECHO NEGRO;05:39.1;05:39.1;NULL
37084;19632;AZUL OBSESSION;05:39.1;05:39.1;NULL
37085;19633;WHITE (BLANCO);05:39.1;05:39.1;NULL
37086;19634;GRIS GRAPHENE;05:39.1;05:39.1;NULL
37087;19635;MOSTAZA Y NEGRO;05:39.1;05:39.1;NULL
37088;19636;VERDE NEGRO POLIESTER;05:39.1;05:39.1;NULL
37089;19637;VERDE LIMON OLIVA;05:39.1;05:39.1;NULL
37090;19638;NEGRO SATIN;05:39.1;05:39.1;NULL
37091;19639;BEIGE ARENISCA;05:39.1;05:39.1;NULL
37092;19640;VERDE MATE - NEGRO - OCRE;05:39.1;05:39.1;NULL
37093;19641;NEGRO-VERDE METALIZADO ESMERALDA-BLANCO;05:39.1;05:39.1;NULL
37094;19642;GRIS PLATA NEGRO ROJO;05:39.1;05:39.1;NULL
37095;19643;NEGRO BLANCO Y ROJO AZUL GRIS;05:39.1;05:39.1;NULL
37096;19644;CAMALEON PERLA AZUL VIOLETA;05:39.1;05:39.1;NULL
37097;19645;MORADO NEGRO FUCSIA;05:39.1;05:39.1;NULL
37098;19646;GRIS GALAPAGO NEGRO;05:39.1;05:39.1;NULL
37099;19647;BEIGE SAND;05:39.1;05:39.1;NULL
37100;19648;AZUL DAYBREAK PEARL;05:39.1;05:39.1;NULL
37126;12859;BLANCO Y ROSADO;54:09.7;54:09.7;NULL
37127;19649;VERDE CIAN;54:09.7;54:09.7;NULL
37128;19650;BLANCO DORADO COBRE;54:09.7;54:09.7;NULL
37129;19651;BLANCO - NEGRO - ROJO;54:09.7;54:09.7;NULL
37130;19652;GRIS - NEGRO - ROJO;54:09.7;54:09.7;NULL
37131;19653;NEGRO - ROJO - MORADO;54:09.7;54:09.7;NULL
37132;19654;GRIS W METALIZADO;54:09.7;54:09.7;NULL
37133;19655;AZUL CUARZO GRIS NEGRO;54:09.7;54:09.7;NULL
37134;19656;BEIGE - AMARILLO;54:09.7;54:09.7;NULL
37135;19657;DORADO NEGRO GRIS;54:09.7;54:09.7;NULL
37136;19658;BEIGE NEGRO AMARILLO;54:09.7;54:09.7;NULL
37137;19659;AZUL FIORD METALIZADO;54:09.7;54:09.7;NULL
37138;19660;BEIGE - VERDE;54:09.7;54:09.7;NULL
37139;19661;BEIGE - CAFE;54:09.7;54:09.7;NULL
37140;19662;AZUL HR;54:09.7;54:09.7;NULL
37141;19663;VERDE - FUCSIA;54:09.7;54:09.7;NULL
37142;19664;GRIS - NEGRO - VERDE;54:09.7;54:09.7;NULL
37143;19665;VERDE L5 - BLANCO HAMILTON;54:09.7;54:09.7;NULL
37144;19666;GRIS TORNASOL - NEGRO - ROJO;54:09.7;54:09.7;NULL
37145;19667;MORADO NEGRO Y VERDE;54:09.7;54:09.7;NULL
37146;19668;GRIS MICA PERLADO;54:09.7;54:09.7;NULL
37147;19669;COSMIC GREY;54:09.7;54:09.7;NULL
37148;19670;BEIGE CENDRE NEGRO ROJO;54:09.7;54:09.7;NULL
37149;19671;NEBULA WHITE;54:09.7;54:09.7;NULL
37150;19672;BLANCO – ROJO;54:09.7;54:09.7;NULL
37151;19673;GRIS - BLANCO;54:09.7;54:09.7;NULL
37152;19674;CREMA CON LINEA AZUL Y NEGRO;54:09.7;54:09.7;NULL
37153;19675;AZUL MARINO DORADO;54:09.7;54:09.7;NULL
37154;19676;GRIS CLARO (PLATA);54:09.7;54:09.7;NULL
37155;19677;BENTLEY;54:09.7;54:09.7;NULL
37156;19678;THRILLING BLACK - DARK STEALTH;54:09.7;54:09.7;NULL
37157;19679;AURORA BRILLANTE;54:09.7;54:09.7;NULL
37158;19680;BLANCO GALAXIA- GRIS;54:09.7;54:09.7;NULL
37159;19681;GRIS - AZUL - NEGRO;54:09.7;54:09.7;NULL
37160;19682;GLOSSY RACING RED;54:09.7;54:09.7;NULL
37161;19683;VERDE MANZANA Y NEGRO BERLIN;54:09.7;54:09.7;NULL
37162;19684;NARANJA AMBAR;54:09.7;54:09.7;NULL
37163;19685;GRIS GRAFITO AMARILLO;54:09.7;54:09.7;NULL
37164;19686;ROJO NARANJA ASIENTO NEGRO GRIS;54:09.7;54:09.7;NULL
37165;19687;AZUL BURBUJA Y BLANCO;54:09.7;54:09.7;NULL
37166;19688;AZUL CELESTE OSCURO Y BLANCO;54:09.7;54:09.7;NULL
37167;19689;VERDE MATCHA Y BLANCO;54:09.7;54:09.7;NULL
37168;19690;ROSA MELOCOTÓN Y BLANCO;54:09.7;54:09.7;NULL
37169;19691;BLANCO PERLA Y DORADO;54:09.7;54:09.7;NULL
37170;19692;PLATA DARK METALIZADO;54:09.7;54:09.7;NULL
37171;19693;NEGRO PERLADO - AZUL TURQUESA;54:09.7;54:09.7;NULL
37172;19694;NEGRO MATE LILA;54:09.7;54:09.7;NULL
37173;19695;VERDE ACID;54:09.7;54:09.7;NULL
37174;19696;AZUL MARINO - ROJO LEGION;54:09.7;54:09.7;NULL
37175;19697;GRIS - NARANJA;54:09.7;54:09.7;NULL
37176;19698;NARANJA  NEGRO Y GRIS;54:09.7;54:09.7;NULL
37177;19699;AZUL OXIGENO;54:09.7;54:09.7;NULL
37178;19700;RVE CONCEPT2;54:09.7;54:09.7;NULL
37179;19701;GRIS OSMIO METALICO/714;54:09.7;54:09.7;NULL
37180;19702;AZUL PERLADO-MORADO-DORADO;54:09.7;54:09.7;NULL
37181;19703;VERDE FUCSIA;54:09.7;54:09.7;NULL
37182;19704;PLATEADO Y BLANCO;54:09.7;54:09.7;NULL
37183;19705;VERDE AURORA;54:09.7;54:09.7;NULL
37184;19706;NEGRO MATE – ROJO MATE;54:09.7;54:09.7;NULL
37185;19707;PLATA DARK METALIZADO;54:09.7;54:09.7;NULL
37186;19708;AZUL OCEANO METALICO;54:09.7;54:09.7;NULL
37187;19709;BLANCO RAL 9003;54:09.7;54:09.7;NULL
37188;19710;ARCTIC WHITE;54:09.7;54:09.7;NULL
37189;19711;ROSADO, AZUL, AMARILLO Y NEGRO;54:09.7;54:09.7;NULL
37190;19712;ROJO FLUORECENTE BRILLANTE NEGRO;54:09.7;54:09.7;NULL
37191;19713;GRIS PLATA - GRIS RATON;54:09.7;54:09.7;NULL
37192;19714;GRIS RATON RAL724;54:09.7;54:09.7;NULL
37193;19715;VERDE LIMA, NEGRO Y BLANCO;54:09.7;54:09.7;NULL
37194;19716;UVA PERLADO;54:09.7;54:09.7;NULL
37195;19717;WHISKEY FIRE;54:09.7;54:09.7;NULL
37196;19718;CAMALEON VERDE AZUL;54:09.7;54:09.7;NULL
37197;19719;ROJO CANDY PERLADO;54:09.7;54:09.7;NULL
37198;19720;VERDE AGUAMARINA PERLADO;54:09.7;54:09.7;NULL
37199;19721;VERDE AURORA BLANCO Y NEGRO;54:09.7;54:09.7;NULL
37200;19722;NEGRO MATE GRIS CASIOPEA;54:09.7;54:09.7;NULL
37201;19723;AZUL DEEP CRYSTAL;54:09.7;54:09.7;NULL
37202;19724;NEGRO CYAN;54:09.7;54:09.7;NULL
37203;19725;PALOMINO BEIGE;54:09.7;54:09.7;NULL
37204;19726;ROJO ROJO;54:09.7;54:09.7;NULL
37205;19727;BLANCO GRIS GRIS;54:09.7;54:09.7;NULL
37206;19728;BITONO;54:09.7;54:09.7;NULL
37207;19729;BLUE REFLEX 42B-IXELL;54:09.7;54:09.7;NULL
37208;19730;AMARILLO BAHAMA;54:09.7;54:09.7;NULL
37209;19731;GRIS ROJO SE;54:09.7;54:09.7;NULL
37210;19732;AZUL HÍPER;54:09.7;54:09.7;NULL
37211;19733;COBALT BLUE / SAPPHIRE BLACK;54:09.7;54:09.7;NULL
37212;19734;COSMIC YELLOW / SAPPHIRE BLACK;54:09.7;54:09.7;NULL
37213;19735;MATT GRAPHITE / MATT BAJA ORANGE;54:09.7;54:09.7;NULL
37214;19736;CRYSTAL WHITE / CRANBERRY RED;54:09.7;54:09.7;NULL
37215;19737;DIABLO RED / SAPPHIRE BLACK;54:09.7;54:09.7;NULL
37216;19738;JET BLACK / PURE WHITE;54:09.7;54:09.7;NULL
37217;19739;ROJO MISTICO- NEGRO - DORADO;54:09.7;54:09.7;NULL
37218;19740;AMARILLO AZUL ROJO NEGRO PLATEADO BLANCO;54:09.7;54:09.7;NULL
37219;19741;GRIS ALIMINIUM;54:09.7;54:09.7;NULL
37220;19742;NEGRO BLANCO VINOTINTO GRIS;54:09.7;54:09.7;NULL
37221;19743;AMARILLO SABANA;54:09.7;54:09.7;NULL
37222;19744;NEGRO MATE - ROJO BLANCO;54:09.7;54:09.7;NULL
37223;19745;GRIS CASIOPEA;54:09.7;54:09.7;NULL
37224;19746;AZUL ABSOLUTO Y GRIS;54:09.7;54:09.7;NULL
37225;19747;COOL SILVER GRIS;54:09.7;54:09.7;NULL
37226;19748;ROJO NACARADO PERLADO;54:09.7;54:09.7;NULL
37227;19749;NEGRO FIBRA DE CARBONO;54:09.7;54:09.7;NULL
37228;19750;BLANCO, ROJO Y NEGRO;54:09.7;54:09.7;NULL
37229;19751;NEGRO, VERDE, GRIS, NARANJA, BLANCO, MORADO, AMARILLO , AZUL, ROJO;54:09.7;54:09.7;NULL
37230;19752;ROJO BLANCO MORADO;54:09.7;54:09.7;NULL
37231;19753;GRIS MATE OSCURO;54:09.7;54:09.7;NULL
37232;19754;AZUL VELOCIDAD Y NEGRO;54:09.7;54:09.7;NULL
37233;19755;NARANJA MONARCA MATELIZADO;54:09.7;54:09.7;NULL
37234;19756;GRIS Y AZUL CARAMELO;54:09.7;54:09.7;NULL
37235;19757;NEGRO MATE PLATEADO;54:09.7;54:09.7;NULL
37236;19758;NEGRO PERLADO MORADO;54:09.7;54:09.7;NULL
37237;19759;NARANJA MONARCA METALIZADO;54:09.7;54:09.7;NULL
37238;19760;PROVENZA;54:09.7;54:09.7;NULL
37239;19761;BLANCO BICAPA NEGRO;54:09.7;54:09.7;NULL
37240;19762;BLANCO YORK - NEGRO;54:09.7;54:09.7;NULL
37241;19763;PLATA - NEGRO;54:09.7;54:09.7;NULL
37242;19764;ROJO FLARE - NEGRO;54:09.7;54:09.7;NULL
37243;19765;VERDE 4Y;54:09.7;54:09.7;NULL
37244;19766;GRIS C3;54:09.7;54:09.7;NULL
37245;19767;MORADO PERLADO - GRIS;54:09.7;54:09.7;NULL
37246;19768;PLATA BRILLANTE MORADO;54:09.7;54:09.7;NULL
37247;19769;MARRON CARAMELO;54:09.7;54:09.7;NULL
37248;19770;AZUL-VERDE-NARANJА;54:09.7;54:09.7;NULL
37249;19771;ROJO CARDENAL Y GRIS GRAFITO;54:09.7;54:09.7;NULL
37250;19772;BLANCO AZUL MISTICO;54:09.7;54:09.7;NULL
37251;19773;MORADO NEGRO TORNASOL;54:09.7;54:09.7;NULL
37252;19774;VERDE CUARZO;54:09.7;54:09.7;NULL
37253;19775;BEIGE PALACE;54:09.7;54:09.7;NULL
37254;19776;SUPER BLANCO GRIS;54:09.7;54:09.7;NULL
37255;19777;AZUL BAHIA Y AZUL OSCURO;54:09.7;54:09.7;NULL
37256;19778;ROCA LUNAR Y NEGRO;54:09.7;54:09.7;NULL
37257;19779;GRIS METALICO-PLATA;54:09.7;54:09.7;NULL
37258;19780;AZUL SLATE;54:09.7;54:09.7;NULL
37259;19781;ARENA VERSION X;54:09.7;54:09.7;NULL
37260;19782;BLANCO HUMO / GRIS;54:09.7;54:09.7;NULL
37261;19783;GRIS TORNASOL AZUL PERLA;54:09.7;54:09.7;NULL
37262;19784;BLANCO MORAZUL;54:09.7;54:09.7;NULL
37263;19785;GRIS CAMO NEGRO;54:09.7;54:09.7;NULL
37264;19786;VERDE EVEREST NEGRO;54:09.7;54:09.7;NULL
37265;19787;VERDE GLACIAR NEGRO;54:09.7;54:09.7;NULL
37266;19788;VERDE ZIRCON NEGRO;54:09.7;54:09.7;NULL
37267;19789;ROJO INDIO Y NEGRO;54:09.7;54:09.7;NULL
37268;19790;PLATEADO Y ROSADO;54:09.7;54:09.7;NULL
37269;19791;MOCA Y NEGRO;54:09.7;54:09.7;NULL
37270;19792;NEGRO ROSADO CAMALEON FUCSIA;54:09.7;54:09.7;NULL
37271;19793;AZUL CANDY – AZUL SPECIAL;54:09.7;54:09.7;NULL
37272;19794;NEGRO, FUCSIA, ROSADO;54:09.7;54:09.7;NULL
37273;19795;MAGNETIC GREY (GRAY);54:09.7;54:09.7;NULL
37274;19796;VERDE BLANCO ROJO Y NEGRO;54:09.7;54:09.7;NULL
37275;19797;BEIGE PERLADO Y NEGRO;54:09.7;54:09.7;NULL
37276;19798;VERDE HIERBABUENA;54:09.7;54:09.7;NULL
37277;19799;MORADO MATE;54:09.7;54:09.7;NULL
37278;19800;ROJO MIXTICO NEGRO BRILLANTE;54:09.7;54:09.7;NULL
37279;19801;VERDE MARINO Y DORADO;54:09.7;54:09.7;NULL
37280;19802;RED WHITE;54:09.7;54:09.7;NULL
37281;19803;BLANCO YORK;54:09.7;54:09.7;NULL
37282;19804;AZUL AGUAMARINA MORADO NEGRO;54:09.7;54:09.7;NULL
37283;19805;BLANCO-BLANCO-ROJO;54:09.7;54:09.7;NULL
37284;19806;MANUFAKTUR GRIS ALPINO;54:09.7;54:09.7;NULL
37285;19807;VERDE TECHO NEGRO;54:09.7;54:09.7;NULL
37286;19808;VERDE GRISACEO;54:09.7;54:09.7;NULL
37287;19809;BLANCO PERLA METALIZADO CON NEGRO;54:09.7;54:09.7;NULL
37288;19810;GRIS EVOLUZIONE;54:09.7;54:09.7;NULL
37289;19811;NEGRO AZUL ROJO BLANCO GRIS MORADO;54:09.7;54:09.7;NULL
37290;19812;NEGRO BLANCO NIEBLA;54:09.7;54:09.7;NULL
37291;19813;PLATA CYBER;54:09.7;54:09.7;NULL
37292;19814;NEGRO META;54:09.7;54:09.7;NULL
37293;19815;AZUL QUANTUM;54:09.7;54:09.7;NULL
37294;19816;VERDE FUTURE;54:09.7;54:09.7;NULL
37295;19817;PLATA CYBER - NEGRO ECLIPSE;54:09.7;54:09.7;NULL
37296;19818;BLANCO DIGITAL - NEGRO ECLIPSE;54:09.7;54:09.7;NULL
37297;19819;AZUL QUANTUM - NEGRO ECLIPSE;54:09.7;54:09.7;NULL
37298;19820;NEGRO META - AMARILLO LUMEN;54:09.7;54:09.7;NULL
37299;19821;ROJO LASER - NEGRO ECLIPSE;54:09.7;54:09.7;NULL
37300;19822;VERDE FUTURE - NEGRO ECLIPSE;54:09.7;54:09.7;NULL
37301;19823;NEGRO META - ROJO RADIANT;54:09.7;54:09.7;NULL
37302;19824;GRIS ATOM MATTE;54:09.7;54:09.7;NULL
37303;19825;GRIS ATOM MATTE - ROJO RADIANT;54:09.7;54:09.7;NULL
37304;19826;PLATA CYBER - ROJO RADIANT;54:09.7;54:09.7;NULL
37305;19827;AMARILLO LUMEN - NEGRO ECLIPSE;54:09.7;54:09.7;NULL
37306;19828;NARANJA PHOTON;54:09.7;54:09.7;NULL
37307;19829;PLATA TITANIO – NEGRO;54:09.7;54:09.7;NULL
37308;19830;GRIS DIAMOND Y NEGRO;54:09.7;54:09.7;NULL
37309;19831;BLANCO AZUL CLARO;54:09.7;54:09.7;NULL
37310;19832;MORADO ELECTRICO SATINADO;54:09.7;54:09.7;NULL
37311;19833;GRIS BRILLANTE GRIS MATE;54:09.7;54:09.7;NULL
37312;19834;SAKURA PINK;54:09.7;54:09.7;NULL
37313;19835;DORADO SOMBRA Y NEGRO;54:09.7;54:09.7;NULL
37314;19836;ROSADO NEGRO FUCSIA;54:09.7;54:09.7;NULL
37315;19837;AZUL OBSESSION - NEGRO;54:09.7;54:09.7;NULL
37316;19838;GRIS NEGRO SP;54:09.7;54:09.7;NULL
37317;19839;GRIS OCASO, ROJO PERLADO, NEGRO;54:09.7;54:09.7;NULL
37318;19840;MAGENTA METALICO;54:09.7;54:09.7;NULL
37319;19841;CAFÉ IMPALA;54:09.7;54:09.7;NULL
37320;19842;AZUL TITANIO METALIZADO-NEGRO;54:09.7;54:09.7;NULL
37321;19843;GRIS NARDO MATE;54:09.7;54:09.7;NULL
37322;19844;NEGRO - FUCSIA - BLANCO;54:09.7;54:09.7;NULL
37323;19845;NEGRO FUCSIA BLANCO;54:09.7;54:09.7;NULL
37324;19846;GRIS LASER Y NEGRO;54:09.7;54:09.7;NULL
37325;19847;BLANCO - GRIS - ROJO;54:09.7;54:09.7;NULL
37326;19848;NEGRO - ROJO;54:09.7;54:09.7;NULL
37327;19849;AMARILLO - GRIS - NEGRO;54:09.7;54:09.7;NULL
37328;19850;BLANCO - ROJO - NEGRO;54:09.7;54:09.7;NULL
37329;19851;AZUL METEORO;54:09.7;54:09.7;NULL
37330;19852;GRIS ASTOR GREY;54:09.7;54:09.7;NULL
37331;19853;VERDE EVEREST;54:09.7;54:09.7;NULL
37332;19854;GRIS STONE;54:09.7;54:09.7;NULL
37333;19855;AZUL OCÉANO Y GRIS;54:09.7;54:09.7;NULL
37334;19856;MUD BATH;54:09.7;54:09.7;NULL
37335;19857;GRIS STRELLA;54:09.7;54:09.7;NULL
37336;19858;BLANCO AMARILLO MOSTAZA PERLADO;54:09.7;54:09.7;NULL
37337;19859;BLANCO ROJO CANDY;54:09.7;54:09.7;NULL
37338;19860;NEGRO NEBULOSA Y MORADO;54:09.7;54:09.7;NULL
37339;19861;BRONCE CENTURY MATE;54:09.7;54:09.7;NULL
37340;19862;PLATA HIGHTECH MAGNO;54:09.7;54:09.7;NULL
37341;19863;ROJO METALICO MATE;54:09.7;54:09.7;NULL
37342;19864;BEIGE / MARRON;54:09.7;54:09.7;NULL
37343;19865;AZUL COSMO / NEGRO;54:09.7;54:09.7;NULL
37344;19866;NEGRO (BLACK);54:09.7;54:09.7;NULL
37345;19867;AZUL METALICO - AZUL;54:09.7;54:09.7;NULL
37346;19868;GRIS CONCRETO;54:09.7;54:09.7;NULL
37347;19869;YIREN VERDE NEGRO;54:09.7;54:09.7;NULL
37348;19870;YIREN Y NEGRO;54:09.7;54:09.7;NULL
37349;19871;YIREN VERDE Y NEGRO;54:09.7;54:09.7;NULL
37350;19872;ROSA BRILLANTE NEGRO;54:09.7;54:09.7;NULL
37351;19873;BLANCO DAEWOO;54:09.7;54:09.7;NULL
37352;19874;PLATEADO Y NEGRO;54:09.7;54:09.7;NULL
37353;19875;AZUL OPALO - TECHO NEGRO;54:09.7;54:09.7;NULL
37354;19876;MORADO SATIN MATE -NEGRO;54:09.7;54:09.7;NULL
37355;19877;AZUL - AZUL METALICO;54:09.7;54:09.7;NULL
37356;19878;GRIS GALAXTICO;54:09.7;54:09.7;NULL
37357;19879;VERDE PANTONE 368;54:09.7;54:09.7;NULL
37358;19880;MORADO INTENSO;54:09.7;54:09.7;NULL
37359;19881;VERDE CITRUS;54:09.7;54:09.7;NULL
37360;19882;NEGRO CRISTAL MORADO;54:09.7;54:09.7;NULL
37361;19883;RIS MERCURIO VERDE;54:09.7;54:09.7;NULL
37362;19884;GRIS MERCURIO VERDE;54:09.7;54:09.7;NULL
37363;19885;NEGRO CRISTAL ROJO;54:09.7;54:09.7;NULL
37364;19886;AZUL GRISACEO METEORO;54:09.7;54:09.7;NULL
37365;19887;AZUL GRISACEO  METEORO;54:09.7;54:09.7;NULL
37366;19888;CENTURY GOLD;54:09.7;54:09.7;NULL
37367;19889;NEGRO GRIS ROSADO;54:09.7;54:09.7;NULL
37368;19890;NR VERDE;54:09.7;54:09.7;NULL
37369;19891;VIOLETA AZUL;54:09.7;54:09.7;NULL
37370;19892;GRISNARDO,CARBON,NEGROPIANO Y BLANCO;54:09.7;54:09.7;NULL
37371;19893;MICA ATARDECER;54:09.7;54:09.7;NULL
37372;19894;BLANCO DORADO BEIGE;54:09.7;54:09.7;NULL
37373;19895;TURQUESA PLATA VERDE;54:09.7;54:09.7;NULL
37374;19896;VERDE RACING BRITÁNICO;54:09.7;54:09.7;NULL
37375;19897;NARANJA MANDARIN BRILLANTE Y NEGRO;54:09.7;54:09.7;NULL
37376;19898;NEGRO-BLANCO PERLA METALIZADO;54:09.7;54:09.7;NULL
37377;19899;ROJO LIMPIO Y NEGRO;54:09.7;54:09.7;NULL
37378;19900;BLANCO CIBERNETICO;54:09.7;54:09.7;NULL
37379;19901;VIPER RED;54:09.7;54:09.7;NULL
37380;19902;GRIS RIVER ROCK PEARL;54:09.7;54:09.7;NULL
37381;19903;NEGRA/RJ;54:09.7;54:09.7;NULL
37382;19904;NEGRA/NJ;54:09.7;54:09.7;NULL
37383;19905;GRIS SLATE NEO;54:09.7;54:09.7;NULL
37384;19906;ROSADO PERLADO NEGRO;54:09.7;54:09.7;NULL
37385;19907;VERDE ESCARABAJO;54:09.7;54:09.7;NULL
37386;19908;CAMALEON PERLADO;54:09.7;54:09.7;NULL
37387;19909;NEGRO, GRIS, DORADO, VERDE REFLECTIVO;54:09.7;54:09.7;NULL
37388;19910;BLANCO CRISTAL ROJO ESCARLATA;54:09.7;54:09.7;NULL
37389;19911;GRIS GUN GREY METALLIC;54:09.7;54:09.7;NULL
37390;19912;GRIS MOMENTUM Y BLANCO;54:09.7;54:09.7;NULL
37391;19913;NEGRA AMARILLA;54:09.7;54:09.7;NULL
37392;19914;MORADO NEGRO GRIS;54:09.7;54:09.7;NULL
37393;19915;GRIS (GREY);54:09.7;54:09.7;NULL
37394;19916;VERDE NARANJA AMARILLO;54:09.7;54:09.7;NULL
37395;19917;FUCSIA Y PALO ROSA;54:09.7;54:09.7;NULL
37396;19918;CAMALEON PERLADO Y NEGRO MATE;54:09.7;54:09.7;NULL
37397;19919;NEGRO MORADO NARANJADO;54:09.7;54:09.7;NULL
37398;19920;AZUL TORNASOL AMARILLO;54:09.7;54:09.7;NULL
37399;19921;VERDE MARRON METALIZADO;54:09.7;54:09.7;NULL
37400;19922;BLANCO HIELO/614;54:09.7;54:09.7;NULL
37401;19923;AZUL TIFFANY Y BLANCO;54:09.7;54:09.7;NULL
37402;19924;GRIS MATE VERDE NEGRO;54:09.7;54:09.7;NULL
37403;19925;AZUL METALIZADO, AZUL OSCURO Y ROJO;54:09.7;54:09.7;NULL
37404;19926;AZUL ONIX MICA Y NEGRO;54:09.7;54:09.7;NULL
37405;19927;NEGRO AZUL TURQUESA;54:09.7;54:09.7;NULL
37406;19928;GRIS PLATA GRIS;54:09.7;54:09.7;NULL
37407;19929;ROJO JINX;54:09.7;54:09.7;NULL
37408;19930;AZUL MONTPELLIER BRILLANTE;54:09.7;54:09.7;NULL
37409;19931;AZUL RANCING METALIZADO;54:09.7;54:09.7;NULL
37410;19932;CASPIAN BLUE / SAPPHIRE BLACK;54:09.7;54:09.7;NULL
37411;19933;SAPPHIRE BLACK / ALUMINIUM SILVER;54:09.7;54:09.7;NULL
37412;19934;GRANITE / TRIUMPH RACING YELLOW;54:09.7;54:09.7;NULL
37413;19935;ROSA NEON;54:09.7;54:09.7;NULL
37414;19936;AZUL ESPECIAL PERLADO;54:09.7;54:09.7;NULL
37415;19937;GRIS AZOGUE;54:09.7;54:09.7;NULL
37416;19938;VERDE MUSGO CLARO;54:09.7;54:09.7;NULL
37417;19939;BLANCO PLATAMATE;54:09.7;54:09.7;NULL
37418;19940;ESMERALDA NEGRA METALICO;54:09.7;54:09.7;NULL
37419;19941;BLANCO ARKONA;54:09.7;54:09.7;NULL
37420;19942;NARANJA FANTASIA Y NEGRO;54:09.7;54:09.7;NULL
37421;19943;POLYMETAL GRAY Y NEGRO BRILLANTE;54:09.7;54:09.7;NULL
37422;19944;VIOLETA LEON;54:09.7;54:09.7;NULL
37423;19945;AZUL WR PEARL Y NEGRO BRILLANTE;54:09.7;54:09.7;NULL
37424;19946;VINOTINTO Y CREMA;54:09.7;54:09.7;NULL
37425;19947;MAN PROFIDRIVE AMARILLO;54:09.7;54:09.7;NULL
37426;19948;MAN AZUL SEÑALES;54:09.7;54:09.7;NULL
37427;19949;MAN ROJO TRAFICO;54:09.7;54:09.7;NULL
37428;19950;NEGRO MATE MORADO;54:09.7;54:09.7;NULL
37429;19951;ORO ROSA METALIZADO;54:09.7;54:09.7;NULL
37430;19952;ROJO DORADO YAMAHA AZUL REY;54:09.7;54:09.7;NULL
37431;19953;ORO ROSA NEGRO;54:09.7;54:09.7;NULL
37432;19954;BIANCO TRICOLORE THRILLING BLA;54:09.7;54:09.7;NULL
37433;19955;NERO WHITE;54:09.7;54:09.7;NULL
37434;19956;ROSA SAKURA;54:09.7;54:09.7;NULL
37435;19957;AZUL OLA;54:09.7;54:09.7;NULL
37436;19958;AZUL NEBULOSA;54:09.7;54:09.7;NULL
37437;19959;GRANITE / DIABLO RED;54:09.7;54:09.7;NULL
37438;19960;NEGRO CRISTAL GRIS;54:09.7;54:09.7;NULL
37439;19961;AZUL ARTICO METALIZADO;54:09.7;54:09.7;NULL
37440;19962;ROJO HIPERNOVA;54:09.7;54:09.7;NULL
37441;19963;GRIS COMANDO;54:09.7;54:09.7;NULL
37442;19964;VIOLETA AZUL TURQUEZA Y GRIS;54:09.7;54:09.7;NULL
37443;19965;MORADO BEIGE NEGRO BLANCO;54:09.7;54:09.7;NULL
37444;19966;GOTLAND GREEN;54:09.7;54:09.7;NULL
37445;19967;PLATA CLASICO METALIZADO / 1F7;54:09.7;54:09.7;NULL
37446;19968;NAFFCO;54:09.7;54:09.7;NULL
37447;19969;CYAN+BLANCO;54:09.7;54:09.7;NULL
37448;19970;GRIS NARDO PERLADO;54:09.7;54:09.7;NULL
37449;19971;AZUL ETERNO METALIZADO;54:09.7;54:09.7;NULL
37450;19972;GRIS NEBULA;54:09.7;54:09.7;NULL
37451;19973;TIME GRAY TIEMPO GRIS;54:09.7;54:09.7;NULL
37452;19974;PLATA AZUL BLANCO AMARILLO ROJO VERDE;54:09.7;54:09.7;NULL
37453;19975;CROMO USO;54:09.7;54:09.7;NULL
37454;19976;ROJO TINTILLO;54:09.7;54:09.7;NULL
37455;19977;VERDE MENTA VERDE AMAZONA;54:09.7;54:09.7;NULL
37456;19978;GRIS PERLADO VIOLETA FANTACIA;54:09.7;54:09.7;NULL
37457;19979;ROJO MITO MATE;54:09.7;54:09.7;NULL
37458;19980;GRIS PLATINO METALIZADO NEGRO;54:09.7;54:09.7;NULL
37459;19981;NATOOLIVE;54:09.7;54:09.7;NULL
37460;19982;DARK STEALTH YELLOW;54:09.7;54:09.7;NULL
37461;19983;NARANJA/GRIS;54:09.7;54:09.7;NULL
37462;19984;NEGRO NOCHE POLAR;54:09.7;54:09.7;NULL
37463;19985;NEGRO MATE AZUL Y BLANCO;54:09.7;54:09.7;NULL
37464;19986;ROJO HIPERNOVA NEGRO;54:09.7;54:09.7;NULL
37465;19987;AZUL AQUA METALIZADO NEGRO;54:09.7;54:09.7;NULL
37466;19988;AZUL ARTICO METALIZADO NEGRO;54:09.7;54:09.7;NULL
37467;19989;PLR250-23-BLACK;54:09.7;54:09.7;NULL
37468;19990;GRIS SUEVE-NEGRO;54:09.7;54:09.7;NULL
37469;19991;AZUL MARINO-BLANCO;54:09.7;54:09.7;NULL
37470;19992;NEGRO PERLA Y AZUL;54:09.7;54:09.7;NULL
37471;19993;PLATA MODERNO METALIZADO;54:09.7;54:09.7;NULL
37472;19994;GRIS HUMO NEGRO NEBULOSA;54:09.7;54:09.7;NULL
37473;19995;NEGRO NEBULOSA BLANCO CELESTIAL;54:09.7;54:09.7;NULL
37474;19996;IRON METAL;54:09.7;54:09.7;NULL
37475;19997;DANDY BLUE;54:09.7;54:09.7;NULL
37476;19998;GRAND WHITE;54:09.7;54:09.7;NULL
37477;19999;SPACE BLACK;54:09.7;54:09.7;NULL
37478;20000;ROYAL COPPER;54:09.7;54:09.7;NULL
37479;20001;ROJO BARCELONA;54:09.7;54:09.7;NULL
37480;20002;MARRON Y NEGRO;54:09.7;54:09.7;NULL
37481;20003;NEGRO MATE ROSA TORNASOL Y GRIS;54:09.7;54:09.7;NULL
37482;20004;GRIS NARDO AZUL PETROLEO;54:09.7;54:09.7;NULL
37483;20005;GRIS NUBE-NEGRO;54:09.7;54:09.7;NULL
37484;20006;AZUL TORMENTA-NEGRO;54:09.7;54:09.7;NULL
37485;20007;AZUL AQUA-BLANCO;54:09.7;54:09.7;NULL
37486;20008;BLANCO DESTELLO;54:09.7;54:09.7;NULL
37487;20009;NEGRO GALAXIA;54:09.7;54:09.7;NULL
37488;20010;BLANCO ROSADO NEGRO;54:09.7;54:09.7;NULL
37489;20011;ROJO ARDIENTE Y NEGRO;54:09.7;54:09.7;NULL
37490;20012;VERDE SOMBRA METALIZADO;54:09.7;54:09.7;NULL
37491;20013;DARK VOID METALIZADO;54:09.7;54:09.7;NULL
37492;20014;GRIS TIMANFAYA METALIZADO;54:09.7;54:09.7;NULL
37493;20015;NEGRO PERLADO VERDE FANTASIA;54:09.7;54:09.7;NULL
37494;20016;GRIS PERLA VIOLETA;54:09.7;54:09.7;NULL
37495;20017;AZUL SE;54:09.7;54:09.7;NULL
37496;20018;BLANCO GRIS SE;54:09.7;54:09.7;NULL
37497;20019;NEGRO GRIS SE;54:09.7;54:09.7;NULL
37498;20020;BLANCO PALLAS;54:09.7;54:09.7;NULL
37499;20021;ROSADO BLANCO NEGRO;54:09.7;54:09.7;NULL
37500;20022;VERDE NEGRO CREMA SUAVE;54:09.7;54:09.7;NULL
37501;20023;AZUL FITÓNICO METALIZADO;54:09.7;54:09.7;NULL
37502;20024;VERDE LIMON GRIS OSCURO;54:09.7;54:09.7;NULL
37503;20025;ROJO METALICO BLOOD MOON;54:09.7;54:09.7;NULL
37504;20026;NEGRO CELESTIAL;54:09.7;54:09.7;NULL
37505;20027;NEGRO CELESTIAL BLANCO CELESTIAL;54:09.7;54:09.7;NULL
37506;20028;NEGRO GRIS DORADO VERDE REFLECTIVO;54:09.7;54:09.7;NULL
37507;20029;GRIS ÁRABE;54:09.7;54:09.7;NULL
37508;20030;FUCSIA Y VERDE AGUAMARINA;54:09.7;54:09.7;NULL
37509;20031;PURPURA MATE;54:09.7;54:09.7;NULL
37510;20032;AZUL Y DORADO;54:09.7;54:09.7;NULL
37511;20033;MARBLE GREY;54:09.7;54:09.7;NULL
37512;20034;INDIAN RED;54:09.7;54:09.7;NULL
37513;20035;BLACK LAVA;54:09.7;54:09.7;NULL
37514;20036;ROJO TOSCANA;54:09.7;54:09.7;NULL
37515;20037;AZUL - ROJO - NEGRO;54:09.7;54:09.7;NULL
37516;20038;NEGRO - GRIS - AMARILLO;54:09.7;54:09.7;NULL
37517;20039;GRIS RATON OSCURO;54:09.7;54:09.7;NULL
37518;20040;ROJO RUBY NEGRO;54:09.7;54:09.7;NULL
37519;20041;AZUL OBSESSION NEGRO;54:09.7;54:09.7;NULL
37520;20042;PLATA CELESTIAL METALICA;54:09.7;54:09.7;NULL
37521;20043;NEGRO AGUAMARINA Y MORADO;54:09.7;54:09.7;NULL
37522;20044;BLANCO GALAXIA Y GRIS;54:09.7;54:09.7;NULL
37523;20045;AZUL SPECIAL;54:09.7;54:09.7;NULL
37524;20046;VERDE PISTACHO;54:09.7;54:09.7;NULL
37525;20047;VERDE VIPER METALICO BEIGE;54:09.7;54:09.7;NULL
37526;20048;GONDWANA STONE METALLIC;54:09.7;54:09.7;NULL
37527;20049;GRIS ESCALADA;54:09.7;54:09.7;NULL
37528;20050;ROJO CANDY BLANCO;54:09.7;54:09.7;NULL
37529;20051;VERDE MENTA BLANCO;54:09.7;54:09.7;NULL
37530;20052;VERDE PETROLEO NEGRO;54:09.7;54:09.7;NULL
37531;20053;NEGRO PERLA MORADA;54:09.7;54:09.7;NULL
37532;20054;MANUFAKTUR GRIS CLÁSICO ESTÁNDAR;54:09.7;54:09.7;NULL
37533;20055;PLATA AMANECER;54:09.7;54:09.7;NULL
37534;20056;BLANCO SOL CALIDO;54:09.7;54:09.7;NULL
37535;20057;MANUFAKTUR GRIS SILICIO;54:09.7;54:09.7;NULL
37536;20058;NEGRO OBSIDIANA/212;54:09.7;54:09.7;NULL
37537;20059;GRIS TITANIUM EFECTO CAMALEON;54:09.7;54:09.7;NULL
37538;20060;BLANCO PERLADO TECHO VERDE PERLADO;54:09.7;54:09.7;NULL
37539;20061;BLANCO AURORA NEGRO;54:09.7;54:09.7;NULL
37540;20062;GRIS NEGRO Y CARNAUVA;54:09.7;54:09.7;NULL
37541;20063;AMARILLO SAO PAULO;54:09.7;54:09.7;NULL
37542;20064;VERDE 41;54:09.7;54:09.7;NULL
37543;20065;AZUL TURQUESA Y NEGRO;54:09.7;54:09.7;NULL
37544;20066;BLANCO NEGRO SE;54:09.7;54:09.7;NULL
37545;20067;NEGRO SE;54:09.7;54:09.7;NULL
37546;20068;VERDE PETROLEO - NEGRO;54:09.7;54:09.7;NULL
37547;20069;ROJO PROGRESIVO METALICO;54:09.7;54:09.7;NULL
37548;20070;AZUL IRIDE;54:09.7;54:09.7;NULL
37549;20071;ROJO HABANA;54:09.7;54:09.7;NULL
37550;20072;AMARILLO ARABIA SAUDITA;54:09.7;54:09.7;NULL
37551;20073;NEGRO – AZUL – BLANCO – AMARILLO;54:09.7;54:09.7;NULL
37552;20074;BLANCO CRISTAL PERLADO / 34K;54:09.7;54:09.7;NULL
37553;20075;PLATA CIELO METALIZADA/1D6;54:09.7;54:09.7;NULL
37554;20076;BEIGE Y MARRON;54:09.7;54:09.7;NULL
37555;20077;NEGRO Y BEIGE;54:09.7;54:09.7;NULL
37556;20078;VERDE KIWI METALIZADO;54:09.7;54:09.7;NULL
37557;20079;AZUL AMANECER Y NEGRO;54:09.7;54:09.7;NULL
37558;20080;ROJO GLASEADO Y NEGRO;54:09.7;54:09.7;NULL
37559;20081;VERDE CAQUI Y NEGRO;54:09.7;54:09.7;NULL
37560;20082;BLANCO ARENA Y NEGRO;54:09.7;54:09.7;NULL
37561;20083;MORADO-NEGRO-PLATA;54:09.7;54:09.7;NULL
37562;20084;PURPURA CIELO;54:09.7;54:09.7;NULL
37563;20085;NEGRO OBSIDIAN;54:09.7;54:09.7;NULL
37564;20086;VERDE, CAFÉ Y DORADO;54:09.7;54:09.7;NULL
37565;20087;VERDE CASCADA METALIZADO;54:09.7;54:09.7;NULL
